0, 141.23825073242188
1, 141.24224853515625
2, 141.2462615966797
3, 141.25025939941406
4, 141.25425720214844
5, 141.2582550048828
6, 141.2622528076172
7, 141.26625061035156
8, 141.27024841308594
9, 141.27426147460938
10, 141.27825927734375
11, 141.28225708007812
12, 141.2862548828125
13, 141.29025268554688
14, 141.29425048828125
15, 141.29824829101562
16, 141.30226135253906
17, 141.30625915527344
18, 141.3102569580078
19, 141.3142547607422
20, 141.31825256347656
21, 141.32225036621094
22, 141.3262481689453
23, 141.33026123046875
24, 141.33425903320312
25, 141.3382568359375
26, 141.34225463867188
27, 141.34625244140625
28, 141.35025024414062
29, 141.354248046875
30, 141.35826110839844
31, 141.3622589111328
32, 141.3662567138672
33, 141.37025451660156
34, 141.37425231933594
35, 141.3782501220703
36, 141.3822479248047
37, 141.38626098632812
38, 141.3902587890625
39, 141.39425659179688
40, 141.39825439453125
41, 141.40225219726562
42, 141.40625
43, 141.41024780273438
44, 141.4142608642578
45, 141.4182586669922
46, 141.42225646972656
47, 141.42625427246094
48, 141.4302520751953
49, 141.4342498779297
50, 141.43824768066406
51, 141.4422607421875
52, 141.44625854492188
53, 141.45025634765625
54, 141.45425415039062
55, 141.458251953125
56, 141.46224975585938
57, 141.46624755859375
58, 141.4702606201172
59, 141.47425842285156
60, 141.47825622558594
61, 141.4822540283203
62, 141.4862518310547
63, 141.49024963378906
64, 141.49424743652344
65, 141.49826049804688
66, 141.50225830078125
67, 141.50625610351562
68, 141.51025390625
69, 141.51425170898438
70, 141.51824951171875
71, 141.5222625732422
72, 141.52626037597656
73, 141.53025817871094
74, 141.5342559814453
75, 141.5382537841797
76, 141.54225158691406
77, 141.54624938964844
78, 141.55026245117188
79, 141.55426025390625
80, 141.55825805664062
81, 141.562255859375
82, 141.56625366210938
83, 141.57025146484375
84, 141.57424926757812
85, 141.57826232910156
86, 141.58226013183594
87, 141.5862579345703
88, 141.5902557373047
89, 141.59425354003906
90, 141.59825134277344
91, 141.6022491455078
92, 141.60626220703125
93, 141.61026000976562
94, 141.6142578125
95, 141.61825561523438
96, 141.62225341796875
97, 141.62625122070312
98, 141.6302490234375
99, 141.63426208496094
100, 141.6382598876953
101, 141.6422576904297
102, 141.64625549316406
103, 141.65025329589844
104, 141.6542510986328
105, 141.6582489013672
106, 141.66226196289062
107, 141.666259765625
108, 141.67025756835938
109, 141.67425537109375
110, 141.67825317382812
111, 141.6822509765625
112, 141.68624877929688
113, 141.6902618408203
114, 141.6942596435547
115, 141.69825744628906
116, 141.70225524902344
117, 141.7062530517578
118, 141.7102508544922
119, 141.71424865722656
120, 141.71826171875
121, 141.72225952148438
122, 141.72625732421875
123, 141.73025512695312
124, 141.7342529296875
125, 141.73825073242188
126, 141.74224853515625
127, 141.7462615966797
128, 141.75025939941406
129, 141.75425720214844
130, 141.7582550048828
131, 141.7622528076172
132, 141.76625061035156
133, 141.77024841308594
134, 141.77426147460938
135, 141.77825927734375
136, 141.78225708007812
137, 141.7862548828125
138, 141.79025268554688
139, 141.79425048828125
140, 141.79824829101562
141, 141.80226135253906
142, 141.80625915527344
143, 141.8102569580078
144, 141.8142547607422
145, 141.81825256347656
146, 141.82225036621094
147, 141.8262481689453
148, 141.83026123046875
149, 141.83425903320312
150, 141.8382568359375
151, 141.84225463867188
152, 141.84625244140625
153, 141.85025024414062
154, 141.854248046875
155, 141.85826110839844
156, 141.8622589111328
157, 141.8662567138672
158, 141.87025451660156
159, 141.87425231933594
160, 141.8782501220703
161, 141.8822479248047
162, 141.88626098632812
163, 141.8902587890625
164, 141.89425659179688
165, 141.89825439453125
166, 141.90225219726562
167, 141.90625
168, 141.91024780273438
169, 141.9142608642578
170, 141.9182586669922
171, 141.92225646972656
172, 141.92625427246094
173, 141.9302520751953
174, 141.9342498779297
175, 141.93824768066406
176, 141.9422607421875
177, 141.94625854492188
178, 141.95025634765625
179, 141.95425415039062
180, 141.958251953125
181, 141.96224975585938
182, 141.96624755859375
183, 141.9702606201172
184, 141.97425842285156
185, 141.97825622558594
186, 141.9822540283203
187, 141.9862518310547
188, 141.99024963378906
189, 141.99424743652344
190, 141.99826049804688
191, 142.00225830078125
192, 142.00625610351562
193, 142.01025390625
194, 142.01425170898438
195, 142.01824951171875
196, 142.0222625732422
197, 142.02626037597656
198, 142.03025817871094
199, 142.0342559814453
200, 142.0382537841797
201, 142.04225158691406
202, 142.04624938964844
203, 142.05026245117188
204, 142.05426025390625
205, 142.05825805664062
206, 142.062255859375
207, 142.06625366210938
208, 142.07025146484375
209, 142.07424926757812
210, 142.07826232910156
211, 142.08226013183594
212, 142.0862579345703
213, 142.0902557373047
214, 142.09425354003906
215, 142.09825134277344
216, 142.1022491455078
217, 142.10626220703125
218, 142.11026000976562
219, 142.1142578125
220, 142.11825561523438
221, 142.12225341796875
222, 142.12625122070312
223, 142.1302490234375
224, 142.13426208496094
225, 142.1382598876953
226, 142.1422576904297
227, 142.14625549316406
228, 142.15025329589844
229, 142.1542510986328
230, 142.1582489013672
231, 142.16226196289062
232, 142.166259765625
233, 142.17025756835938
234, 142.17425537109375
235, 142.17825317382812
236, 142.1822509765625
237, 142.18624877929688
238, 142.1902618408203
239, 142.1942596435547
240, 142.19825744628906
241, 142.20225524902344
242, 142.2062530517578
243, 142.2102508544922
244, 142.21424865722656
245, 142.21826171875
246, 142.22225952148438
247, 142.22625732421875
248, 142.23025512695312
249, 142.2342529296875
250, 142.23825073242188
251, 142.24224853515625
252, 142.2462615966797
253, 142.25025939941406
254, 142.25425720214844
255, 142.2582550048828
256, 142.2622528076172
257, 142.26625061035156
258, 142.27024841308594
259, 142.27426147460938
260, 142.27825927734375
261, 142.28225708007812
262, 142.2862548828125
263, 142.29025268554688
264, 142.29425048828125
265, 142.29824829101562
266, 142.30226135253906
267, 142.30625915527344
268, 142.3102569580078
269, 142.3142547607422
270, 142.31825256347656
271, 142.32225036621094
272, 142.3262481689453
273, 142.33026123046875
274, 142.33425903320312
275, 142.3382568359375
276, 142.34225463867188
277, 142.34625244140625
278, 142.35025024414062
279, 142.354248046875
280, 142.35826110839844
281, 142.3622589111328
282, 142.3662567138672
283, 142.37025451660156
284, 142.37425231933594
285, 142.3782501220703
286, 142.3822479248047
287, 142.38626098632812
288, 142.3902587890625
289, 142.39425659179688
290, 142.39825439453125
291, 142.40225219726562
292, 142.40625
293, 142.41024780273438
294, 142.4142608642578
295, 142.4182586669922
296, 142.42225646972656
297, 142.42625427246094
298, 142.4302520751953
299, 142.4342498779297
300, 142.43824768066406
301, 142.4422607421875
302, 142.44625854492188
303, 142.45025634765625
304, 142.45425415039062
305, 142.458251953125
306, 142.46224975585938
307, 142.46624755859375
308, 142.4702606201172
309, 142.47425842285156
310, 142.47825622558594
311, 142.4822540283203
312, 142.4862518310547
313, 142.49024963378906
314, 142.49424743652344
315, 142.49826049804688
316, 142.50225830078125
317, 142.50625610351562
318, 142.51025390625
319, 142.51425170898438
320, 142.51824951171875
321, 142.5222625732422
322, 142.52626037597656
323, 142.53025817871094
324, 142.5342559814453
325, 142.5382537841797
326, 142.54225158691406
327, 142.54624938964844
328, 142.55026245117188
329, 142.55426025390625
330, 142.55825805664062
331, 142.562255859375
332, 142.56625366210938
333, 142.57025146484375
334, 142.57424926757812
335, 142.57826232910156
336, 142.58226013183594
337, 142.5862579345703
338, 142.5902557373047
339, 142.59425354003906
340, 142.59825134277344
341, 142.6022491455078
342, 142.60626220703125
343, 142.61026000976562
344, 142.6142578125
345, 142.61825561523438
346, 142.62225341796875
347, 142.62625122070312
348, 142.6302490234375
349, 142.63426208496094
350, 142.6382598876953
351, 142.6422576904297
352, 142.64625549316406
353, 142.65025329589844
354, 142.6542510986328
355, 142.6582489013672
356, 142.66226196289062
357, 142.666259765625
358, 142.67025756835938
359, 142.67425537109375
360, 142.67825317382812
361, 142.6822509765625
362, 142.68624877929688
363, 142.6902618408203
364, 142.6942596435547
365, 142.69825744628906
366, 142.70225524902344
367, 142.7062530517578
368, 142.7102508544922
369, 142.71424865722656
370, 142.71826171875
371, 142.72225952148438
372, 142.72625732421875
373, 142.73025512695312
374, 142.7342529296875
375, 142.73825073242188
376, 142.74224853515625
377, 142.7462615966797
378, 142.75025939941406
379, 142.75425720214844
380, 142.7582550048828
381, 142.7622528076172
382, 142.76625061035156
383, 142.77024841308594
384, 142.77426147460938
385, 142.77825927734375
386, 142.78225708007812
387, 142.7862548828125
388, 142.79025268554688
389, 142.79425048828125
390, 142.79824829101562
391, 142.80226135253906
392, 142.80625915527344
393, 142.8102569580078
394, 142.8142547607422
395, 142.81825256347656
396, 142.82225036621094
397, 142.8262481689453
398, 142.83026123046875
399, 142.83425903320312
400, 142.8382568359375
401, 142.84225463867188
402, 142.84625244140625
403, 142.85025024414062
404, 142.854248046875
405, 142.85826110839844
406, 142.8622589111328
407, 142.8662567138672
408, 142.87025451660156
409, 142.87425231933594
410, 142.8782501220703
411, 142.8822479248047
412, 142.88626098632812
413, 142.8902587890625
414, 142.89425659179688
415, 142.89825439453125
416, 142.90225219726562
417, 142.90625
418, 142.91024780273438
419, 142.9142608642578
420, 142.9182586669922
421, 142.92225646972656
422, 142.92625427246094
423, 142.9302520751953
424, 142.9342498779297
425, 142.93824768066406
426, 142.9422607421875
427, 142.94625854492188
428, 142.95025634765625
429, 142.95425415039062
430, 142.958251953125
431, 142.96224975585938
432, 142.96624755859375
433, 142.9702606201172
434, 142.97425842285156
435, 142.97825622558594
436, 142.9822540283203
437, 142.9862518310547
438, 142.99024963378906
439, 142.99424743652344
440, 142.99826049804688
441, 143.00225830078125
442, 143.00625610351562
443, 143.01025390625
444, 143.01425170898438
445, 143.01824951171875
446, 143.0222625732422
447, 143.02626037597656
448, 143.03025817871094
449, 143.0342559814453
450, 143.0382537841797
451, 143.04225158691406
452, 143.04624938964844
453, 143.05026245117188
454, 143.05426025390625
455, 143.05825805664062
456, 143.062255859375
457, 143.06625366210938
458, 143.07025146484375
459, 143.07424926757812
460, 143.07826232910156
461, 143.08226013183594
462, 143.0862579345703
463, 143.0902557373047
464, 143.09425354003906
465, 143.09825134277344
466, 143.1022491455078
467, 143.10626220703125
468, 143.11026000976562
469, 143.1142578125
470, 143.11825561523438
471, 143.12225341796875
472, 143.12625122070312
473, 143.1302490234375
474, 143.13426208496094
475, 143.1382598876953
476, 143.1422576904297
477, 143.14625549316406
478, 143.15025329589844
479, 143.1542510986328
480, 143.1582489013672
481, 143.16226196289062
482, 143.166259765625
483, 143.17025756835938
484, 143.17425537109375
485, 143.17825317382812
486, 143.1822509765625
487, 143.18624877929688
488, 143.1902618408203
489, 143.1942596435547
490, 143.19825744628906
491, 143.20225524902344
492, 143.2062530517578
493, 143.2102508544922
494, 143.21424865722656
495, 143.21826171875
496, 143.22225952148438
497, 143.22625732421875
498, 143.23025512695312
499, 143.2342529296875
500, 143.23825073242188
501, 143.24224853515625
502, 143.2462615966797
503, 143.25025939941406
504, 143.25425720214844
505, 143.2582550048828
506, 143.2622528076172
507, 143.26625061035156
508, 143.27024841308594
509, 143.27426147460938
510, 143.27825927734375
511, 143.28225708007812
512, 143.2862548828125
513, 143.29025268554688
514, 143.29425048828125
515, 143.29824829101562
516, 143.30226135253906
517, 143.30625915527344
518, 143.3102569580078
519, 143.3142547607422
520, 143.31825256347656
521, 143.32225036621094
522, 143.3262481689453
523, 143.33026123046875
524, 143.33425903320312
525, 143.3382568359375
526, 143.34225463867188
527, 143.34625244140625
528, 143.35025024414062
529, 143.354248046875
530, 143.35826110839844
531, 143.3622589111328
532, 143.3662567138672
533, 143.37025451660156
534, 143.37425231933594
535, 143.3782501220703
536, 143.3822479248047
537, 143.38626098632812
538, 143.3902587890625
539, 143.39425659179688
540, 143.39825439453125
541, 143.40225219726562
542, 143.40625
543, 143.41024780273438
544, 143.4142608642578
545, 143.4182586669922
546, 143.42225646972656
547, 143.42625427246094
548, 143.4302520751953
549, 143.4342498779297
550, 143.43824768066406
551, 143.4422607421875
552, 143.44625854492188
553, 143.45025634765625
554, 143.45425415039062
555, 143.458251953125
556, 143.46224975585938
557, 143.46624755859375
558, 143.4702606201172
559, 143.47425842285156
560, 143.47825622558594
561, 143.4822540283203
562, 143.4862518310547
563, 143.49024963378906
564, 143.49424743652344
565, 143.49826049804688
566, 143.50225830078125
567, 143.50625610351562
568, 143.51025390625
569, 143.51425170898438
570, 143.51824951171875
571, 143.5222625732422
572, 143.52626037597656
573, 143.53025817871094
574, 143.5342559814453
575, 143.5382537841797
576, 143.54225158691406
577, 143.54624938964844
578, 143.55026245117188
579, 143.55426025390625
580, 143.55825805664062
581, 143.562255859375
582, 143.56625366210938
583, 143.57025146484375
584, 143.57424926757812
585, 143.57826232910156
586, 143.58226013183594
587, 143.5862579345703
588, 143.5902557373047
589, 143.59425354003906
590, 143.59825134277344
591, 143.6022491455078
592, 143.60626220703125
593, 143.61026000976562
594, 143.6142578125
595, 143.61825561523438
596, 143.62225341796875
597, 143.62625122070312
598, 143.6302490234375
599, 143.63426208496094
600, 143.6382598876953
601, 143.6422576904297
602, 143.64625549316406
603, 143.65025329589844
604, 143.6542510986328
605, 143.6582489013672
606, 143.66226196289062
607, 143.666259765625
608, 143.67025756835938
609, 143.67425537109375
610, 143.67825317382812
611, 143.6822509765625
612, 143.68624877929688
613, 143.6902618408203
614, 143.6942596435547
615, 143.69825744628906
616, 143.70225524902344
617, 143.7062530517578
618, 143.7102508544922
619, 143.71424865722656
620, 143.71826171875
621, 143.72225952148438
622, 143.72625732421875
623, 143.73025512695312
624, 143.7342529296875
625, 143.73825073242188
626, 143.74224853515625
627, 143.7462615966797
628, 143.75025939941406
629, 143.75425720214844
630, 143.7582550048828
631, 143.7622528076172
632, 143.76625061035156
633, 143.77024841308594
634, 143.77426147460938
635, 143.77825927734375
636, 143.78225708007812
637, 143.7862548828125
638, 143.79025268554688
639, 143.79425048828125
640, 143.79824829101562
641, 143.80226135253906
642, 143.80625915527344
643, 143.8102569580078
644, 143.8142547607422
645, 143.81825256347656
646, 143.82225036621094
647, 143.8262481689453
648, 143.83026123046875
649, 143.83425903320312
650, 143.8382568359375
651, 143.84225463867188
652, 143.84625244140625
653, 143.85025024414062
654, 143.854248046875
655, 143.85826110839844
656, 143.8622589111328
657, 143.8662567138672
658, 143.87025451660156
659, 143.87425231933594
660, 143.8782501220703
661, 143.8822479248047
662, 143.88626098632812
663, 143.8902587890625
664, 143.89425659179688
665, 143.89825439453125
666, 143.90225219726562
667, 143.90625
668, 143.91024780273438
669, 143.9142608642578
670, 143.9182586669922
671, 143.92225646972656
672, 143.92625427246094
673, 143.9302520751953
674, 143.9342498779297
675, 143.93824768066406
676, 143.9422607421875
677, 143.94625854492188
678, 143.95025634765625
679, 143.95425415039062
680, 143.958251953125
681, 143.96224975585938
682, 143.96624755859375
683, 143.9702606201172
684, 143.97425842285156
685, 143.97825622558594
686, 143.9822540283203
687, 143.9862518310547
688, 143.99024963378906
689, 143.99424743652344
690, 143.99826049804688
691, 144.00225830078125
692, 144.00625610351562
693, 144.01025390625
694, 144.01425170898438
695, 144.01824951171875
696, 144.0222625732422
697, 144.02626037597656
698, 144.03025817871094
699, 144.0342559814453
700, 144.0382537841797
701, 144.04225158691406
702, 144.04624938964844
703, 144.05026245117188
704, 144.05426025390625
705, 144.05825805664062
706, 144.062255859375
707, 144.06625366210938
708, 144.07025146484375
709, 144.07424926757812
710, 144.07826232910156
711, 144.08226013183594
712, 144.0862579345703
713, 144.0902557373047
714, 144.09425354003906
715, 144.09825134277344
716, 144.1022491455078
717, 144.10626220703125
718, 144.11026000976562
719, 144.1142578125
720, 144.11825561523438
721, 144.12225341796875
722, 144.12625122070312
723, 144.1302490234375
724, 144.13426208496094
725, 144.1382598876953
726, 144.1422576904297
727, 144.14625549316406
728, 144.15025329589844
729, 144.1542510986328
730, 144.1582489013672
731, 144.16226196289062
732, 144.166259765625
733, 144.17025756835938
734, 144.17425537109375
735, 144.17825317382812
736, 144.1822509765625
737, 144.18624877929688
738, 144.1902618408203
739, 144.1942596435547
740, 144.19825744628906
741, 144.20225524902344
742, 144.2062530517578
743, 144.2102508544922
744, 144.21424865722656
745, 144.21826171875
746, 144.22225952148438
747, 144.22625732421875
748, 144.23025512695312
749, 144.2342529296875
750, 144.23825073242188
751, 144.24224853515625
752, 144.2462615966797
753, 144.25025939941406
754, 144.25425720214844
755, 144.2582550048828
756, 144.2622528076172
757, 144.26625061035156
758, 144.27024841308594
759, 144.27426147460938
760, 144.27825927734375
761, 144.28225708007812
762, 144.2862548828125
763, 144.29025268554688
764, 144.29425048828125
765, 144.29824829101562
766, 144.30226135253906
767, 144.30625915527344
768, 144.3102569580078
769, 144.3142547607422
770, 144.31825256347656
771, 144.32225036621094
772, 144.3262481689453
773, 144.33026123046875
774, 144.33425903320312
775, 144.3382568359375
776, 144.34225463867188
777, 144.34625244140625
778, 144.35025024414062
779, 144.354248046875
780, 144.35826110839844
781, 144.3622589111328
782, 144.3662567138672
783, 144.37025451660156
784, 144.37425231933594
785, 144.3782501220703
786, 144.3822479248047
787, 144.38626098632812
788, 144.3902587890625
789, 144.39425659179688
790, 144.39825439453125
791, 144.40225219726562
792, 144.40625
793, 144.41024780273438
794, 144.4142608642578
795, 144.4182586669922
796, 144.42225646972656
797, 144.42625427246094
798, 144.4302520751953
799, 144.4342498779297
800, 144.43824768066406
801, 144.4422607421875
802, 144.44625854492188
803, 144.45025634765625
804, 144.45425415039062
805, 144.458251953125
806, 144.46224975585938
807, 144.46624755859375
808, 144.4702606201172
809, 144.47425842285156
810, 144.47825622558594
811, 144.4822540283203
812, 144.4862518310547
813, 144.49024963378906
814, 144.49424743652344
815, 144.49826049804688
816, 144.50225830078125
817, 144.50625610351562
818, 144.51025390625
819, 144.51425170898438
820, 144.51824951171875
821, 144.5222625732422
822, 144.52626037597656
823, 144.53025817871094
824, 144.5342559814453
825, 144.5382537841797
826, 144.54225158691406
827, 144.54624938964844
828, 144.55026245117188
829, 144.55426025390625
830, 144.55825805664062
831, 144.562255859375
832, 144.56625366210938
833, 144.57025146484375
834, 144.57424926757812
835, 144.57826232910156
836, 144.58226013183594
837, 144.5862579345703
838, 144.5902557373047
839, 144.59425354003906
840, 144.59825134277344
841, 144.6022491455078
842, 144.60626220703125
843, 144.61026000976562
844, 144.6142578125
845, 144.61825561523438
846, 144.62225341796875
847, 144.62625122070312
848, 144.6302490234375
849, 144.63426208496094
850, 144.6382598876953
851, 144.6422576904297
852, 144.64625549316406
853, 144.65025329589844
854, 144.6542510986328
855, 144.6582489013672
856, 144.66226196289062
857, 144.666259765625
858, 144.67025756835938
859, 144.67425537109375
860, 144.67825317382812
861, 144.6822509765625
862, 144.68624877929688
863, 144.6902618408203
864, 144.6942596435547
865, 144.69825744628906
866, 144.70225524902344
867, 144.7062530517578
868, 144.7102508544922
869, 144.71424865722656
870, 144.71826171875
871, 144.72225952148438
872, 144.72625732421875
873, 144.73025512695312
874, 144.7342529296875
875, 144.73825073242188
876, 144.74224853515625
877, 144.7462615966797
878, 144.75025939941406
879, 144.75425720214844
880, 144.7582550048828
881, 144.7622528076172
882, 144.76625061035156
883, 144.77024841308594
884, 144.77426147460938
885, 144.77825927734375
886, 144.78225708007812
887, 144.7862548828125
888, 144.79025268554688
889, 144.79425048828125
890, 144.79824829101562
891, 144.80226135253906
892, 144.80625915527344
893, 144.8102569580078
894, 144.8142547607422
895, 144.81825256347656
896, 144.82225036621094
897, 144.8262481689453
898, 144.83026123046875
899, 144.83425903320312
900, 144.8382568359375
901, 144.84225463867188
902, 144.84625244140625
903, 144.85025024414062
904, 144.854248046875
905, 144.85826110839844
906, 144.8622589111328
907, 144.8662567138672
908, 144.87025451660156
909, 144.87425231933594
910, 144.8782501220703
911, 144.8822479248047
912, 144.88626098632812
913, 144.8902587890625
914, 144.89425659179688
915, 144.89825439453125
916, 144.90225219726562
917, 144.90625
918, 144.91024780273438
919, 144.9142608642578
920, 144.9182586669922
921, 144.92225646972656
922, 144.92625427246094
923, 144.9302520751953
924, 144.9342498779297
925, 144.93824768066406
926, 144.9422607421875
927, 144.94625854492188
928, 144.95025634765625
929, 144.95425415039062
930, 144.958251953125
931, 144.96224975585938
932, 144.96624755859375
933, 144.9702606201172
934, 144.97425842285156
935, 144.97825622558594
936, 144.9822540283203
937, 144.9862518310547
938, 144.99024963378906
939, 144.99424743652344
940, 144.99826049804688
941, 145.00225830078125
942, 145.00625610351562
943, 145.01025390625
944, 145.01425170898438
945, 145.01824951171875
946, 145.0222625732422
947, 145.02626037597656
948, 145.03025817871094
949, 145.0342559814453
950, 145.0382537841797
951, 145.04225158691406
952, 145.04624938964844
953, 145.05026245117188
954, 145.05426025390625
955, 145.05825805664062
956, 145.062255859375
957, 145.06625366210938
958, 145.07025146484375
959, 145.07424926757812
960, 145.07826232910156
961, 145.08226013183594
962, 145.0862579345703
963, 145.0902557373047
964, 145.09425354003906
965, 145.09825134277344
966, 145.1022491455078
967, 145.10626220703125
968, 145.11026000976562
969, 145.1142578125
970, 145.11825561523438
971, 145.12225341796875
972, 145.12625122070312
973, 145.1302490234375
974, 145.13426208496094
975, 145.1382598876953
976, 145.1422576904297
977, 145.14625549316406
978, 145.15025329589844
979, 145.1542510986328
980, 145.1582489013672
981, 145.16226196289062
982, 145.166259765625
983, 145.17025756835938
984, 145.17425537109375
985, 145.17825317382812
986, 145.1822509765625
987, 145.18624877929688
988, 145.1902618408203
989, 145.1942596435547
990, 145.19825744628906
991, 145.20225524902344
992, 145.2062530517578
993, 145.2102508544922
994, 145.21424865722656
995, 145.21826171875
996, 145.22225952148438
997, 145.22625732421875
998, 145.23025512695312
999, 145.2342529296875
1000, 145.23825073242188
1001, 145.24224853515625
1002, 145.2462615966797
1003, 145.25025939941406
1004, 145.25425720214844
1005, 145.2582550048828
1006, 145.2622528076172
1007, 145.26625061035156
1008, 145.27024841308594
1009, 145.27426147460938
1010, 145.27825927734375
1011, 145.28225708007812
1012, 145.2862548828125
1013, 145.29025268554688
1014, 145.29425048828125
1015, 145.29824829101562
1016, 145.30226135253906
1017, 145.30625915527344
1018, 145.3102569580078
1019, 145.3142547607422
1020, 145.31825256347656
1021, 145.32225036621094
1022, 145.3262481689453
1023, 145.33026123046875
1024, 145.33425903320312
1025, 145.3382568359375
1026, 145.34225463867188
1027, 145.34625244140625
1028, 145.35025024414062
1029, 145.354248046875
1030, 145.35826110839844
1031, 145.3622589111328
1032, 145.3662567138672
1033, 145.37025451660156
1034, 145.37425231933594
1035, 145.3782501220703
1036, 145.3822479248047
1037, 145.38626098632812
1038, 145.3902587890625
1039, 145.39425659179688
1040, 145.39825439453125
1041, 145.40225219726562
1042, 145.40625
1043, 145.41024780273438
1044, 145.4142608642578
1045, 145.4182586669922
1046, 145.42225646972656
1047, 145.42625427246094
1048, 145.4302520751953
1049, 145.4342498779297
1050, 145.43824768066406
1051, 145.4422607421875
1052, 145.44625854492188
1053, 145.45025634765625
1054, 145.45425415039062
1055, 145.458251953125
1056, 145.46224975585938
1057, 145.46624755859375
1058, 145.4702606201172
1059, 145.47425842285156
1060, 145.47825622558594
1061, 145.4822540283203
1062, 145.4862518310547
1063, 145.49024963378906
1064, 145.49424743652344
1065, 145.49826049804688
1066, 145.50225830078125
1067, 145.50625610351562
1068, 145.51025390625
1069, 145.51425170898438
1070, 145.51824951171875
1071, 145.5222625732422
1072, 145.52626037597656
1073, 145.53025817871094
1074, 145.5342559814453
1075, 145.5382537841797
1076, 145.54225158691406
1077, 145.54624938964844
1078, 145.55026245117188
1079, 145.55426025390625
1080, 145.55825805664062
1081, 145.562255859375
1082, 145.56625366210938
1083, 145.57025146484375
1084, 145.57424926757812
1085, 145.57826232910156
1086, 145.58226013183594
1087, 145.5862579345703
1088, 145.5902557373047
1089, 145.59425354003906
1090, 145.59825134277344
1091, 145.6022491455078
1092, 145.60626220703125
1093, 145.61026000976562
1094, 145.6142578125
1095, 145.61825561523438
1096, 145.62225341796875
1097, 145.62625122070312
1098, 145.6302490234375
1099, 145.63426208496094
1100, 145.6382598876953
1101, 145.6422576904297
1102, 145.64625549316406
1103, 145.65025329589844
1104, 145.6542510986328
1105, 145.6582489013672
1106, 145.66226196289062
1107, 145.666259765625
1108, 145.67025756835938
1109, 145.67425537109375
1110, 145.67825317382812
1111, 145.6822509765625
1112, 145.68624877929688
1113, 145.6902618408203
1114, 145.6942596435547
1115, 145.69825744628906
1116, 145.70225524902344
1117, 145.7062530517578
1118, 145.7102508544922
1119, 145.71424865722656
1120, 145.71826171875
1121, 145.72225952148438
1122, 145.72625732421875
1123, 145.73025512695312
1124, 145.7342529296875
1125, 145.73825073242188
1126, 145.74224853515625
1127, 145.7462615966797
1128, 145.75025939941406
1129, 145.75425720214844
1130, 145.7582550048828
1131, 145.7622528076172
1132, 145.76625061035156
1133, 145.77024841308594
1134, 145.77426147460938
1135, 145.77825927734375
1136, 145.78225708007812
1137, 145.7862548828125
1138, 145.79025268554688
1139, 145.79425048828125
1140, 145.79824829101562
1141, 145.80226135253906
1142, 145.80625915527344
1143, 145.8102569580078
1144, 145.8142547607422
1145, 145.81825256347656
1146, 145.82225036621094
1147, 145.8262481689453
1148, 145.83026123046875
1149, 145.83425903320312
1150, 145.8382568359375
1151, 145.84225463867188
1152, 145.84625244140625
1153, 145.85025024414062
1154, 145.854248046875
1155, 145.85826110839844
1156, 145.8622589111328
1157, 145.8662567138672
1158, 145.87025451660156
1159, 145.87425231933594
1160, 145.8782501220703
1161, 145.8822479248047
1162, 145.88626098632812
1163, 145.8902587890625
1164, 145.89425659179688
1165, 145.89825439453125
1166, 145.90225219726562
1167, 145.90625
1168, 145.91024780273438
1169, 145.9142608642578
1170, 145.9182586669922
1171, 145.92225646972656
1172, 145.92625427246094
1173, 145.9302520751953
1174, 145.9342498779297
1175, 145.93824768066406
1176, 145.9422607421875
1177, 145.94625854492188
1178, 145.95025634765625
1179, 145.95425415039062
1180, 145.958251953125
1181, 145.96224975585938
1182, 145.96624755859375
1183, 145.9702606201172
1184, 145.97425842285156
1185, 145.97825622558594
1186, 145.9822540283203
1187, 145.9862518310547
1188, 145.99024963378906
1189, 145.99424743652344
1190, 145.99826049804688
1191, 146.00225830078125
1192, 146.00625610351562
1193, 146.01025390625
1194, 146.01425170898438
1195, 146.01824951171875
1196, 146.0222625732422
1197, 146.02626037597656
1198, 146.03025817871094
1199, 146.0342559814453
1200, 146.0382537841797
1201, 146.04225158691406
1202, 146.04624938964844
1203, 146.05026245117188
1204, 146.05426025390625
1205, 146.05825805664062
1206, 146.062255859375
1207, 146.06625366210938
1208, 146.07025146484375
1209, 146.07424926757812
1210, 146.07826232910156
1211, 146.08226013183594
1212, 146.0862579345703
1213, 146.0902557373047
1214, 146.09425354003906
1215, 146.09825134277344
1216, 146.1022491455078
1217, 146.10626220703125
1218, 146.11026000976562
1219, 146.1142578125
1220, 146.11825561523438
1221, 146.12225341796875
1222, 146.12625122070312
1223, 146.1302490234375
1224, 146.13426208496094
1225, 146.1382598876953
1226, 146.1422576904297
1227, 146.14625549316406
1228, 146.15025329589844
1229, 146.1542510986328
1230, 146.1582489013672
1231, 146.16226196289062
1232, 146.166259765625
1233, 146.17025756835938
1234, 146.17425537109375
1235, 146.17825317382812
1236, 146.1822509765625
1237, 146.18624877929688
1238, 146.1902618408203
1239, 146.1942596435547
1240, 146.19825744628906
1241, 146.20225524902344
1242, 146.2062530517578
1243, 146.2102508544922
1244, 146.21424865722656
1245, 146.21826171875
1246, 146.22225952148438
1247, 146.22625732421875
1248, 146.23025512695312
1249, 146.2342529296875
1250, 146.23825073242188
1251, 146.24224853515625
1252, 146.2462615966797
1253, 146.25025939941406
1254, 146.25425720214844
1255, 146.2582550048828
1256, 146.2622528076172
1257, 146.26625061035156
1258, 146.27024841308594
1259, 146.27426147460938
1260, 146.27825927734375
1261, 146.28225708007812
1262, 146.2862548828125
1263, 146.29025268554688
1264, 146.29425048828125
1265, 146.29824829101562
1266, 146.30226135253906
1267, 146.30625915527344
1268, 146.3102569580078
1269, 146.3142547607422
1270, 146.31825256347656
1271, 146.32225036621094
1272, 146.3262481689453
1273, 146.33026123046875
1274, 146.33425903320312
1275, 146.3382568359375
1276, 146.34225463867188
1277, 146.34625244140625
1278, 146.35025024414062
1279, 146.354248046875
1280, 146.35826110839844
1281, 146.3622589111328
1282, 146.3662567138672
1283, 146.37025451660156
1284, 146.37425231933594
1285, 146.3782501220703
1286, 146.3822479248047
1287, 146.38626098632812
1288, 146.3902587890625
1289, 146.39425659179688
1290, 146.39825439453125
1291, 146.40225219726562
1292, 146.40625
1293, 146.41024780273438
1294, 146.4142608642578
1295, 146.4182586669922
1296, 146.42225646972656
1297, 146.42625427246094
1298, 146.4302520751953
1299, 146.4342498779297
1300, 146.43824768066406
1301, 146.4422607421875
1302, 146.44625854492188
1303, 146.45025634765625
1304, 146.45425415039062
1305, 146.458251953125
1306, 146.46224975585938
1307, 146.46624755859375
1308, 146.4702606201172
1309, 146.47425842285156
1310, 146.47825622558594
1311, 146.4822540283203
1312, 146.4862518310547
1313, 146.49024963378906
1314, 146.49424743652344
1315, 146.49826049804688
1316, 146.50225830078125
1317, 146.50625610351562
1318, 146.51025390625
1319, 146.51425170898438
1320, 146.51824951171875
1321, 146.5222625732422
1322, 146.52626037597656
1323, 146.53025817871094
1324, 146.5342559814453
1325, 146.5382537841797
1326, 146.54225158691406
1327, 146.54624938964844
1328, 146.55026245117188
1329, 146.55426025390625
1330, 146.55825805664062
1331, 146.562255859375
1332, 146.56625366210938
1333, 146.57025146484375
1334, 146.57424926757812
1335, 146.57826232910156
1336, 146.58226013183594
1337, 146.5862579345703
1338, 146.5902557373047
1339, 146.59425354003906
1340, 146.59825134277344
1341, 146.6022491455078
1342, 146.60626220703125
1343, 146.61026000976562
1344, 146.6142578125
1345, 146.61825561523438
1346, 146.62225341796875
1347, 146.62625122070312
1348, 146.6302490234375
1349, 146.63426208496094
1350, 146.6382598876953
1351, 146.6422576904297
1352, 146.64625549316406
1353, 146.65025329589844
1354, 146.6542510986328
1355, 146.6582489013672
1356, 146.66226196289062
1357, 146.666259765625
1358, 146.67025756835938
1359, 146.67425537109375
1360, 146.67825317382812
1361, 146.6822509765625
1362, 146.68624877929688
1363, 146.6902618408203
1364, 146.6942596435547
1365, 146.69825744628906
1366, 146.70225524902344
1367, 146.7062530517578
1368, 146.7102508544922
1369, 146.71424865722656
1370, 146.71826171875
1371, 146.72225952148438
1372, 146.72625732421875
1373, 146.73025512695312
1374, 146.7342529296875
1375, 146.73825073242188
1376, 146.74224853515625
1377, 146.7462615966797
1378, 146.75025939941406
1379, 146.75425720214844
1380, 146.7582550048828
1381, 146.7622528076172
1382, 146.76625061035156
1383, 146.77024841308594
1384, 146.77426147460938
1385, 146.77825927734375
1386, 146.78225708007812
1387, 146.7862548828125
1388, 146.79025268554688
1389, 146.79425048828125
1390, 146.79824829101562
1391, 146.80226135253906
1392, 146.80625915527344
1393, 146.8102569580078
1394, 146.8142547607422
1395, 146.81825256347656
1396, 146.82225036621094
1397, 146.8262481689453
1398, 146.83026123046875
1399, 146.83425903320312
1400, 146.8382568359375
1401, 146.84225463867188
1402, 146.84625244140625
1403, 146.85025024414062
1404, 146.854248046875
1405, 146.85826110839844
1406, 146.8622589111328
1407, 146.8662567138672
1408, 146.87025451660156
1409, 146.87425231933594
1410, 146.8782501220703
1411, 146.8822479248047
1412, 146.88626098632812
1413, 146.8902587890625
1414, 146.89425659179688
1415, 146.89825439453125
1416, 146.90225219726562
1417, 146.90625
1418, 146.91024780273438
1419, 146.9142608642578
1420, 146.9182586669922
1421, 146.92225646972656
1422, 146.92625427246094
1423, 146.9302520751953
1424, 146.9342498779297
1425, 146.93824768066406
1426, 146.9422607421875
1427, 146.94625854492188
1428, 146.95025634765625
1429, 146.95425415039062
1430, 146.958251953125
1431, 146.96224975585938
1432, 146.96624755859375
1433, 146.9702606201172
1434, 146.97425842285156
1435, 146.97825622558594
1436, 146.9822540283203
1437, 146.9862518310547
1438, 146.99024963378906
1439, 146.99424743652344
1440, 146.99826049804688
1441, 147.00225830078125
1442, 147.00625610351562
1443, 147.01025390625
1444, 147.01425170898438
1445, 147.01824951171875
1446, 147.0222625732422
1447, 147.02626037597656
1448, 147.03025817871094
1449, 147.0342559814453
1450, 147.0382537841797
1451, 147.04225158691406
1452, 147.04624938964844
1453, 147.05026245117188
1454, 147.05426025390625
1455, 147.05825805664062
1456, 147.062255859375
1457, 147.06625366210938
1458, 147.07025146484375
1459, 147.07424926757812
1460, 147.07826232910156
1461, 147.08226013183594
1462, 147.0862579345703
1463, 147.0902557373047
1464, 147.09425354003906
1465, 147.09825134277344
1466, 147.1022491455078
1467, 147.10626220703125
1468, 147.11026000976562
1469, 147.1142578125
1470, 147.11825561523438
1471, 147.12225341796875
1472, 147.12625122070312
1473, 147.1302490234375
1474, 147.13426208496094
1475, 147.1382598876953
1476, 147.1422576904297
1477, 147.14625549316406
1478, 147.15025329589844
1479, 147.1542510986328
1480, 147.1582489013672
1481, 147.16226196289062
1482, 147.166259765625
1483, 147.17025756835938
1484, 147.17425537109375
1485, 147.17825317382812
1486, 147.1822509765625
1487, 147.18624877929688
1488, 147.1902618408203
1489, 147.1942596435547
1490, 147.19825744628906
1491, 147.20225524902344
1492, 147.2062530517578
1493, 147.2102508544922
1494, 147.21424865722656
1495, 147.21826171875
1496, 147.22225952148438
1497, 147.22625732421875
1498, 147.23025512695312
1499, 147.2342529296875
1500, 147.23825073242188
1501, 147.24224853515625
1502, 147.2462615966797
1503, 147.25025939941406
1504, 147.25425720214844
1505, 147.2582550048828
1506, 147.2622528076172
1507, 147.26625061035156
1508, 147.27024841308594
1509, 147.27426147460938
1510, 147.27825927734375
1511, 147.28225708007812
1512, 147.2862548828125
1513, 147.29025268554688
1514, 147.29425048828125
1515, 147.29824829101562
1516, 147.30226135253906
1517, 147.30625915527344
1518, 147.3102569580078
1519, 147.3142547607422
1520, 147.31825256347656
1521, 147.32225036621094
1522, 147.3262481689453
1523, 147.33026123046875
1524, 147.33425903320312
1525, 147.3382568359375
1526, 147.34225463867188
1527, 147.34625244140625
1528, 147.35025024414062
1529, 147.354248046875
1530, 147.35826110839844
1531, 147.3622589111328
1532, 147.3662567138672
1533, 147.37025451660156
1534, 147.37425231933594
1535, 147.3782501220703
1536, 147.3822479248047
1537, 147.38626098632812
1538, 147.3902587890625
1539, 147.39425659179688
1540, 147.39825439453125
1541, 147.40225219726562
1542, 147.40625
1543, 147.41024780273438
1544, 147.4142608642578
1545, 147.4182586669922
1546, 147.42225646972656
1547, 147.42625427246094
1548, 147.4302520751953
1549, 147.4342498779297
1550, 147.43824768066406
1551, 147.4422607421875
1552, 147.44625854492188
1553, 147.45025634765625
1554, 147.45425415039062
1555, 147.458251953125
1556, 147.46224975585938
1557, 147.46624755859375
1558, 147.4702606201172
1559, 147.47425842285156
1560, 147.47825622558594
1561, 147.4822540283203
1562, 147.4862518310547
1563, 147.49024963378906
1564, 147.49424743652344
1565, 147.49826049804688
1566, 147.50225830078125
1567, 147.50625610351562
1568, 147.51025390625
1569, 147.51425170898438
1570, 147.51824951171875
1571, 147.5222625732422
1572, 147.52626037597656
1573, 147.53025817871094
1574, 147.5342559814453
1575, 147.5382537841797
1576, 147.54225158691406
1577, 147.54624938964844
1578, 147.55026245117188
1579, 147.55426025390625
1580, 147.55825805664062
1581, 147.562255859375
1582, 147.56625366210938
1583, 147.57025146484375
1584, 147.57424926757812
1585, 147.57826232910156
1586, 147.58226013183594
1587, 147.5862579345703
1588, 147.5902557373047
1589, 147.59425354003906
1590, 147.59825134277344
1591, 147.6022491455078
1592, 147.60626220703125
1593, 147.61026000976562
1594, 147.6142578125
1595, 147.61825561523438
1596, 147.62225341796875
1597, 147.62625122070312
1598, 147.6302490234375
1599, 147.63426208496094
1600, 147.6382598876953
1601, 147.6422576904297
1602, 147.64625549316406
1603, 147.65025329589844
1604, 147.6542510986328
1605, 147.6582489013672
1606, 147.66226196289062
1607, 147.666259765625
1608, 147.67025756835938
1609, 147.67425537109375
1610, 147.67825317382812
1611, 147.6822509765625
1612, 147.68624877929688
1613, 147.6902618408203
1614, 147.6942596435547
1615, 147.69825744628906
1616, 147.70225524902344
1617, 147.7062530517578
1618, 147.7102508544922
1619, 147.71424865722656
1620, 147.71826171875
1621, 147.72225952148438
1622, 147.72625732421875
1623, 147.73025512695312
1624, 147.7342529296875
1625, 147.73825073242188
1626, 147.74224853515625
1627, 147.7462615966797
1628, 147.75025939941406
1629, 147.75425720214844
1630, 147.7582550048828
1631, 147.7622528076172
1632, 147.76625061035156
1633, 147.77024841308594
1634, 147.77426147460938
1635, 147.77825927734375
1636, 147.78225708007812
1637, 147.7862548828125
1638, 147.79025268554688
1639, 147.79425048828125
1640, 147.79824829101562
1641, 147.80226135253906
1642, 147.80625915527344
1643, 147.8102569580078
1644, 147.8142547607422
1645, 147.81825256347656
1646, 147.82225036621094
1647, 147.8262481689453
1648, 147.83026123046875
1649, 147.83425903320312
1650, 147.8382568359375
1651, 147.84225463867188
1652, 147.84625244140625
1653, 147.85025024414062
1654, 147.854248046875
1655, 147.85826110839844
1656, 147.8622589111328
1657, 147.8662567138672
1658, 147.87025451660156
1659, 147.87425231933594
1660, 147.8782501220703
1661, 147.8822479248047
1662, 147.88626098632812
1663, 147.8902587890625
1664, 147.89425659179688
1665, 147.89825439453125
1666, 147.90225219726562
1667, 147.90625
1668, 147.91024780273438
1669, 147.9142608642578
1670, 147.9182586669922
1671, 147.92225646972656
1672, 147.92625427246094
1673, 147.9302520751953
1674, 147.9342498779297
1675, 147.93824768066406
1676, 147.9422607421875
1677, 147.94625854492188
1678, 147.95025634765625
1679, 147.95425415039062
1680, 147.958251953125
1681, 147.96224975585938
1682, 147.96624755859375
1683, 147.9702606201172
1684, 147.97425842285156
1685, 147.97825622558594
1686, 147.9822540283203
1687, 147.9862518310547
1688, 147.99024963378906
1689, 147.99424743652344
1690, 147.99826049804688
1691, 148.00225830078125
1692, 148.00625610351562
1693, 148.01025390625
1694, 148.01425170898438
1695, 148.01824951171875
1696, 148.0222625732422
1697, 148.02626037597656
1698, 148.03025817871094
1699, 148.0342559814453
1700, 148.0382537841797
1701, 148.04225158691406
1702, 148.04624938964844
1703, 148.05026245117188
1704, 148.05426025390625
1705, 148.05825805664062
1706, 148.062255859375
1707, 148.06625366210938
1708, 148.07025146484375
1709, 148.07424926757812
1710, 148.07826232910156
1711, 148.08226013183594
1712, 148.0862579345703
1713, 148.0902557373047
1714, 148.09425354003906
1715, 148.09825134277344
1716, 148.1022491455078
1717, 148.10626220703125
1718, 148.11026000976562
1719, 148.1142578125
1720, 148.11825561523438
1721, 148.12225341796875
1722, 148.12625122070312
1723, 148.1302490234375
1724, 148.13426208496094
1725, 148.1382598876953
1726, 148.1422576904297
1727, 148.14625549316406
1728, 148.15025329589844
1729, 148.1542510986328
1730, 148.1582489013672
1731, 148.16226196289062
1732, 148.166259765625
1733, 148.17025756835938
1734, 148.17425537109375
1735, 148.17825317382812
1736, 148.1822509765625
1737, 148.18624877929688
1738, 148.1902618408203
1739, 148.1942596435547
1740, 148.19825744628906
1741, 148.20225524902344
1742, 148.2062530517578
1743, 148.2102508544922
1744, 148.21424865722656
1745, 148.21826171875
1746, 148.22225952148438
1747, 148.22625732421875
1748, 148.23025512695312
1749, 148.2342529296875
1750, 148.23825073242188
1751, 148.24224853515625
1752, 148.2462615966797
1753, 148.25025939941406
1754, 148.25425720214844
1755, 148.2582550048828
1756, 148.2622528076172
1757, 148.26625061035156
1758, 148.27024841308594
1759, 148.27426147460938
1760, 148.27825927734375
1761, 148.28225708007812
1762, 148.2862548828125
1763, 148.29025268554688
1764, 148.29425048828125
1765, 148.29824829101562
1766, 148.30226135253906
1767, 148.30625915527344
1768, 148.3102569580078
1769, 148.3142547607422
1770, 148.31825256347656
1771, 148.32225036621094
1772, 148.3262481689453
1773, 148.33026123046875
1774, 148.33425903320312
1775, 148.3382568359375
1776, 148.34225463867188
1777, 148.34625244140625
1778, 148.35025024414062
1779, 148.354248046875
1780, 148.35826110839844
1781, 148.3622589111328
1782, 148.3662567138672
1783, 148.37025451660156
1784, 148.37425231933594
1785, 148.3782501220703
1786, 148.3822479248047
1787, 148.38626098632812
1788, 148.3902587890625
1789, 148.39425659179688
1790, 148.39825439453125
1791, 148.40225219726562
1792, 148.40625
1793, 148.41024780273438
1794, 148.4142608642578
1795, 148.4182586669922
1796, 148.42225646972656
1797, 148.42625427246094
1798, 148.4302520751953
1799, 148.4342498779297
1800, 148.43824768066406
1801, 148.4422607421875
1802, 148.44625854492188
1803, 148.45025634765625
1804, 148.45425415039062
1805, 148.458251953125
1806, 148.46224975585938
1807, 148.46624755859375
1808, 148.4702606201172
1809, 148.47425842285156
1810, 148.47825622558594
1811, 148.4822540283203
1812, 148.4862518310547
1813, 148.49024963378906
1814, 148.49424743652344
1815, 148.49826049804688
1816, 148.50225830078125
1817, 148.50625610351562
1818, 148.51025390625
1819, 148.51425170898438
1820, 148.51824951171875
1821, 148.5222625732422
1822, 148.52626037597656
1823, 148.53025817871094
1824, 148.5342559814453
1825, 148.5382537841797
1826, 148.54225158691406
1827, 148.54624938964844
1828, 148.55026245117188
1829, 148.55426025390625
1830, 148.55825805664062
1831, 148.562255859375
1832, 148.56625366210938
1833, 148.57025146484375
1834, 148.57424926757812
1835, 148.57826232910156
1836, 148.58226013183594
1837, 148.5862579345703
1838, 148.5902557373047
1839, 148.59425354003906
1840, 148.59825134277344
1841, 148.6022491455078
1842, 148.60626220703125
1843, 148.61026000976562
1844, 148.6142578125
1845, 148.61825561523438
1846, 148.62225341796875
1847, 148.62625122070312
1848, 148.6302490234375
1849, 148.63426208496094
1850, 148.6382598876953
1851, 148.6422576904297
1852, 148.64625549316406
1853, 148.65025329589844
1854, 148.6542510986328
1855, 148.6582489013672
1856, 148.66226196289062
1857, 148.666259765625
1858, 148.67025756835938
1859, 148.67425537109375
1860, 148.67825317382812
1861, 148.6822509765625
1862, 148.68624877929688
1863, 148.6902618408203
1864, 148.6942596435547
1865, 148.69825744628906
1866, 148.70225524902344
1867, 148.7062530517578
1868, 148.7102508544922
1869, 148.71424865722656
1870, 148.71826171875
1871, 148.72225952148438
1872, 148.72625732421875
1873, 148.73025512695312
1874, 148.7342529296875
1875, 148.73825073242188
1876, 148.74224853515625
1877, 148.7462615966797
1878, 148.75025939941406
1879, 148.75425720214844
1880, 148.7582550048828
1881, 148.7622528076172
1882, 148.76625061035156
1883, 148.77024841308594
1884, 148.77426147460938
1885, 148.77825927734375
1886, 148.78225708007812
1887, 148.7862548828125
1888, 148.79025268554688
1889, 148.79425048828125
1890, 148.79824829101562
1891, 148.80226135253906
1892, 148.80625915527344
1893, 148.8102569580078
1894, 148.8142547607422
1895, 148.81825256347656
1896, 148.82225036621094
1897, 148.8262481689453
1898, 148.83026123046875
1899, 148.83425903320312
1900, 148.8382568359375
1901, 148.84225463867188
1902, 148.84625244140625
1903, 148.85025024414062
1904, 148.854248046875
1905, 148.85826110839844
1906, 148.8622589111328
1907, 148.8662567138672
1908, 148.87025451660156
1909, 148.87425231933594
1910, 148.8782501220703
1911, 148.8822479248047
1912, 148.88626098632812
1913, 148.8902587890625
1914, 148.89425659179688
1915, 148.89825439453125
1916, 148.90225219726562
1917, 148.90625
1918, 148.91024780273438
1919, 148.9142608642578
1920, 148.9182586669922
1921, 148.92225646972656
1922, 148.92625427246094
1923, 148.9302520751953
1924, 148.9342498779297
1925, 148.93824768066406
1926, 148.9422607421875
1927, 148.94625854492188
1928, 148.95025634765625
1929, 148.95425415039062
1930, 148.958251953125
1931, 148.96224975585938
1932, 148.96624755859375
1933, 148.9702606201172
1934, 148.97425842285156
1935, 148.97825622558594
1936, 148.9822540283203
1937, 148.9862518310547
1938, 148.99024963378906
1939, 148.99424743652344
1940, 148.99826049804688
1941, 149.00225830078125
1942, 149.00625610351562
1943, 149.01025390625
1944, 149.01425170898438
1945, 149.01824951171875
1946, 149.0222625732422
1947, 149.02626037597656
1948, 149.03025817871094
1949, 149.0342559814453
1950, 149.0382537841797
1951, 149.04225158691406
1952, 149.04624938964844
1953, 149.05026245117188
1954, 149.05426025390625
1955, 149.05825805664062
1956, 149.062255859375
1957, 149.06625366210938
1958, 149.07025146484375
1959, 149.07424926757812
1960, 149.07826232910156
1961, 149.08226013183594
1962, 149.0862579345703
1963, 149.0902557373047
1964, 149.09425354003906
1965, 149.09825134277344
1966, 149.1022491455078
1967, 149.10626220703125
1968, 149.11026000976562
1969, 149.1142578125
1970, 149.11825561523438
1971, 149.12225341796875
1972, 149.12625122070312
1973, 149.1302490234375
1974, 149.13426208496094
1975, 149.1382598876953
1976, 149.1422576904297
1977, 149.14625549316406
1978, 149.15025329589844
1979, 149.1542510986328
1980, 149.1582489013672
1981, 149.16226196289062
1982, 149.166259765625
1983, 149.17025756835938
1984, 149.17425537109375
1985, 149.17825317382812
1986, 149.1822509765625
1987, 149.18624877929688
1988, 149.1902618408203
1989, 149.1942596435547
1990, 149.19825744628906
1991, 149.20225524902344
1992, 149.2062530517578
1993, 149.2102508544922
1994, 149.21424865722656
1995, 149.21826171875
1996, 149.22225952148438
1997, 149.22625732421875
1998, 149.23025512695312
1999, 149.2342529296875
2000, 149.23825073242188
2001, 149.24224853515625
2002, 149.2462615966797
2003, 149.25025939941406
2004, 149.25425720214844
2005, 149.2582550048828
2006, 149.2622528076172
2007, 149.26625061035156
2008, 149.27024841308594
2009, 149.27426147460938
2010, 149.27825927734375
2011, 149.28225708007812
2012, 149.2862548828125
2013, 149.29025268554688
2014, 149.29425048828125
2015, 149.29824829101562
2016, 149.30226135253906
2017, 149.30625915527344
2018, 149.3102569580078
2019, 149.3142547607422
2020, 149.31825256347656
2021, 149.32225036621094
2022, 149.3262481689453
2023, 149.33026123046875
2024, 149.33425903320312
2025, 149.3382568359375
2026, 149.34225463867188
2027, 149.34625244140625
2028, 149.35025024414062
2029, 149.354248046875
2030, 149.35826110839844
2031, 149.3622589111328
2032, 149.3662567138672
2033, 149.37025451660156
2034, 149.37425231933594
2035, 149.3782501220703
2036, 149.3822479248047
2037, 149.38626098632812
2038, 149.3902587890625
2039, 149.39425659179688
2040, 149.39825439453125
2041, 149.40225219726562
2042, 149.40625
2043, 149.41024780273438
2044, 149.4142608642578
2045, 149.4182586669922
2046, 149.42225646972656
2047, 149.42625427246094
2048, 149.4302520751953
2049, 149.4342498779297
2050, 149.43824768066406
2051, 149.4422607421875
2052, 149.44625854492188
2053, 149.45025634765625
2054, 149.45425415039062
2055, 149.458251953125
2056, 149.46224975585938
2057, 149.46624755859375
2058, 149.4702606201172
2059, 149.47425842285156
2060, 149.47825622558594
2061, 149.4822540283203
2062, 149.4862518310547
2063, 149.49024963378906
2064, 149.49424743652344
2065, 149.49826049804688
2066, 149.50225830078125
2067, 149.50625610351562
2068, 149.51025390625
2069, 149.51425170898438
2070, 149.51824951171875
2071, 149.5222625732422
2072, 149.52626037597656
2073, 149.53025817871094
2074, 149.5342559814453
2075, 149.5382537841797
2076, 149.54225158691406
2077, 149.54624938964844
2078, 149.55026245117188
2079, 149.55426025390625
2080, 149.55825805664062
2081, 149.562255859375
2082, 149.56625366210938
2083, 149.57025146484375
2084, 149.57424926757812
2085, 149.57826232910156
2086, 149.58226013183594
2087, 149.5862579345703
2088, 149.5902557373047
2089, 149.59425354003906
2090, 149.59825134277344
2091, 149.6022491455078
2092, 149.60626220703125
2093, 149.61026000976562
2094, 149.6142578125
2095, 149.61825561523438
2096, 149.62225341796875
2097, 149.62625122070312
2098, 149.6302490234375
2099, 149.63426208496094
2100, 149.6382598876953
2101, 149.6422576904297
2102, 149.64625549316406
2103, 149.65025329589844
2104, 149.6542510986328
2105, 149.6582489013672
2106, 149.66226196289062
2107, 149.666259765625
2108, 149.67025756835938
2109, 149.67425537109375
2110, 149.67825317382812
2111, 149.6822509765625
2112, 149.68624877929688
2113, 149.6902618408203
2114, 149.6942596435547
2115, 149.69825744628906
2116, 149.70225524902344
2117, 149.7062530517578
2118, 149.7102508544922
2119, 149.71424865722656
2120, 149.71826171875
2121, 149.72225952148438
2122, 149.72625732421875
2123, 149.73025512695312
2124, 149.7342529296875
2125, 149.73825073242188
2126, 149.74224853515625
2127, 149.7462615966797
2128, 149.75025939941406
2129, 149.75425720214844
2130, 149.7582550048828
2131, 149.7622528076172
2132, 149.76625061035156
2133, 149.77024841308594
2134, 149.77426147460938
2135, 149.77825927734375
2136, 149.78225708007812
2137, 149.7862548828125
2138, 149.79025268554688
2139, 149.79425048828125
2140, 149.79824829101562
2141, 149.80226135253906
2142, 149.80625915527344
2143, 149.8102569580078
2144, 149.8142547607422
2145, 149.81825256347656
2146, 149.82225036621094
2147, 149.8262481689453
2148, 149.83026123046875
2149, 149.83425903320312
2150, 149.8382568359375
2151, 149.84225463867188
2152, 149.84625244140625
2153, 149.85025024414062
2154, 149.854248046875
2155, 149.85826110839844
2156, 149.8622589111328
2157, 149.8662567138672
2158, 149.87025451660156
2159, 149.87425231933594
2160, 149.8782501220703
2161, 149.8822479248047
2162, 149.88626098632812
2163, 149.8902587890625
2164, 149.89425659179688
2165, 149.89825439453125
2166, 149.90225219726562
2167, 149.90625
2168, 149.91024780273438
2169, 149.9142608642578
2170, 149.9182586669922
2171, 149.92225646972656
2172, 149.92625427246094
2173, 149.9302520751953
2174, 149.9342498779297
2175, 149.93824768066406
2176, 149.9422607421875
2177, 149.94625854492188
2178, 149.95025634765625
2179, 149.95425415039062
2180, 149.958251953125
2181, 149.96224975585938
2182, 149.96624755859375
2183, 149.9702606201172
2184, 149.97425842285156
2185, 149.97825622558594
2186, 149.9822540283203
2187, 149.9862518310547
2188, 149.99024963378906
2189, 149.99424743652344
2190, 149.99826049804688
2191, 150.00225830078125
2192, 150.00625610351562
2193, 150.01025390625
2194, 150.01425170898438
2195, 150.01824951171875
2196, 150.0222625732422
2197, 150.02626037597656
2198, 150.03025817871094
2199, 150.0342559814453
2200, 150.0382537841797
2201, 150.04225158691406
2202, 150.04624938964844
2203, 150.05026245117188
2204, 150.05426025390625
2205, 150.05825805664062
2206, 150.062255859375
2207, 150.06625366210938
2208, 150.07025146484375
2209, 150.07424926757812
2210, 150.07826232910156
2211, 150.08226013183594
2212, 150.0862579345703
2213, 150.0902557373047
2214, 150.09425354003906
2215, 150.09825134277344
2216, 150.1022491455078
2217, 150.10626220703125
2218, 150.11026000976562
2219, 150.1142578125
2220, 150.11825561523438
2221, 150.12225341796875
2222, 150.12625122070312
2223, 150.1302490234375
2224, 150.13426208496094
2225, 150.1382598876953
2226, 150.1422576904297
2227, 150.14625549316406
2228, 150.15025329589844
2229, 150.1542510986328
2230, 150.1582489013672
2231, 150.16226196289062
2232, 150.166259765625
2233, 150.17025756835938
2234, 150.17425537109375
2235, 150.17825317382812
2236, 150.1822509765625
2237, 150.18624877929688
2238, 150.1902618408203
2239, 150.1942596435547
2240, 150.19825744628906
2241, 150.20225524902344
2242, 150.2062530517578
2243, 150.2102508544922
2244, 150.21424865722656
2245, 150.21826171875
2246, 150.22225952148438
2247, 150.22625732421875
2248, 150.23025512695312
2249, 150.2342529296875
2250, 150.23825073242188
2251, 150.24224853515625
2252, 150.2462615966797
2253, 150.25025939941406
2254, 150.25425720214844
2255, 150.2582550048828
2256, 150.2622528076172
2257, 150.26625061035156
2258, 150.27024841308594
2259, 150.27426147460938
2260, 150.27825927734375
2261, 150.28225708007812
2262, 150.2862548828125
2263, 150.29025268554688
2264, 150.29425048828125
2265, 150.29824829101562
2266, 150.30226135253906
2267, 150.30625915527344
2268, 150.3102569580078
2269, 150.3142547607422
2270, 150.31825256347656
2271, 150.32225036621094
2272, 150.3262481689453
2273, 150.33026123046875
2274, 150.33425903320312
2275, 150.3382568359375
2276, 150.34225463867188
2277, 150.34625244140625
2278, 150.35025024414062
2279, 150.354248046875
2280, 150.35826110839844
2281, 150.3622589111328
2282, 150.3662567138672
2283, 150.37025451660156
2284, 150.37425231933594
2285, 150.3782501220703
2286, 150.3822479248047
2287, 150.38626098632812
2288, 150.3902587890625
2289, 150.39425659179688
2290, 150.39825439453125
2291, 150.40225219726562
2292, 150.40625
2293, 150.41024780273438
2294, 150.4142608642578
2295, 150.4182586669922
2296, 150.42225646972656
2297, 150.42625427246094
2298, 150.4302520751953
2299, 150.4342498779297
2300, 150.43824768066406
2301, 150.4422607421875
2302, 150.44625854492188
2303, 150.45025634765625
2304, 150.45425415039062
2305, 150.458251953125
2306, 150.46224975585938
2307, 150.46624755859375
2308, 150.4702606201172
2309, 150.47425842285156
2310, 150.47825622558594
2311, 150.4822540283203
2312, 150.4862518310547
2313, 150.49024963378906
2314, 150.49424743652344
2315, 150.49826049804688
2316, 150.50225830078125
2317, 150.50625610351562
2318, 150.51025390625
2319, 150.51425170898438
2320, 150.51824951171875
2321, 150.5222625732422
2322, 150.52626037597656
2323, 150.53025817871094
2324, 150.5342559814453
2325, 150.5382537841797
2326, 150.54225158691406
2327, 150.54624938964844
2328, 150.55026245117188
2329, 150.55426025390625
2330, 150.55825805664062
2331, 150.562255859375
2332, 150.56625366210938
2333, 150.57025146484375
2334, 150.57424926757812
2335, 150.57826232910156
2336, 150.58226013183594
2337, 150.5862579345703
2338, 150.5902557373047
2339, 150.59425354003906
2340, 150.59825134277344
2341, 150.6022491455078
2342, 150.60626220703125
2343, 150.61026000976562
2344, 150.6142578125
2345, 150.61825561523438
2346, 150.62225341796875
2347, 150.62625122070312
2348, 150.6302490234375
2349, 150.63426208496094
2350, 150.6382598876953
2351, 150.6422576904297
2352, 150.64625549316406
2353, 150.65025329589844
2354, 150.6542510986328
2355, 150.6582489013672
2356, 150.66226196289062
2357, 150.666259765625
2358, 150.67025756835938
2359, 150.67425537109375
2360, 150.67825317382812
2361, 150.6822509765625
2362, 150.68624877929688
2363, 150.6902618408203
2364, 150.6942596435547
2365, 150.69825744628906
2366, 150.70225524902344
2367, 150.7062530517578
2368, 150.7102508544922
2369, 150.71424865722656
2370, 150.71826171875
2371, 150.72225952148438
2372, 150.72625732421875
2373, 150.73025512695312
2374, 150.7342529296875
2375, 150.73825073242188
2376, 150.74224853515625
2377, 150.7462615966797
2378, 150.75025939941406
2379, 150.75425720214844
2380, 150.7582550048828
2381, 150.7622528076172
2382, 150.76625061035156
2383, 150.77024841308594
2384, 150.77426147460938
2385, 150.77825927734375
2386, 150.78225708007812
2387, 150.7862548828125
2388, 150.79025268554688
2389, 150.79425048828125
2390, 150.79824829101562
2391, 150.80226135253906
2392, 150.80625915527344
2393, 150.8102569580078
2394, 150.8142547607422
2395, 150.81825256347656
2396, 150.82225036621094
2397, 150.8262481689453
2398, 150.83026123046875
2399, 150.83425903320312
2400, 150.8382568359375
2401, 150.84225463867188
2402, 150.84625244140625
2403, 150.85025024414062
2404, 150.854248046875
2405, 150.85826110839844
2406, 150.8622589111328
2407, 150.8662567138672
2408, 150.87025451660156
2409, 150.87425231933594
2410, 150.8782501220703
2411, 150.8822479248047
2412, 150.88626098632812
2413, 150.8902587890625
2414, 150.89425659179688
2415, 150.89825439453125
2416, 150.90225219726562
2417, 150.90625
2418, 150.91024780273438
2419, 150.9142608642578
2420, 150.9182586669922
2421, 150.92225646972656
2422, 150.92625427246094
2423, 150.9302520751953
2424, 150.9342498779297
2425, 150.93824768066406
2426, 150.9422607421875
2427, 150.94625854492188
2428, 150.95025634765625
2429, 150.95425415039062
2430, 150.958251953125
2431, 150.96224975585938
2432, 150.96624755859375
2433, 150.9702606201172
2434, 150.97425842285156
2435, 150.97825622558594
2436, 150.9822540283203
2437, 150.9862518310547
2438, 150.99024963378906
2439, 150.99424743652344
2440, 150.99826049804688
2441, 151.00225830078125
2442, 151.00625610351562
2443, 151.01025390625
2444, 151.01425170898438
2445, 151.01824951171875
2446, 151.0222625732422
2447, 151.02626037597656
2448, 151.03025817871094
2449, 151.0342559814453
2450, 151.0382537841797
2451, 151.04225158691406
2452, 151.04624938964844
2453, 151.05026245117188
2454, 151.05426025390625
2455, 151.05825805664062
2456, 151.062255859375
2457, 151.06625366210938
2458, 151.07025146484375
2459, 151.07424926757812
2460, 151.07826232910156
2461, 151.08226013183594
2462, 151.0862579345703
2463, 151.0902557373047
2464, 151.09425354003906
2465, 151.09825134277344
2466, 151.1022491455078
2467, 151.10626220703125
2468, 151.11026000976562
2469, 151.1142578125
2470, 151.11825561523438
2471, 151.12225341796875
2472, 151.12625122070312
2473, 151.1302490234375
2474, 151.13426208496094
2475, 151.1382598876953
2476, 151.1422576904297
2477, 151.14625549316406
2478, 151.15025329589844
2479, 151.1542510986328
2480, 151.1582489013672
2481, 151.16226196289062
2482, 151.166259765625
2483, 151.17025756835938
2484, 151.17425537109375
2485, 151.17825317382812
2486, 151.1822509765625
2487, 151.18624877929688
2488, 151.1902618408203
2489, 151.1942596435547
2490, 151.19825744628906
2491, 151.20225524902344
2492, 151.2062530517578
2493, 151.2102508544922
2494, 151.21424865722656
2495, 151.21826171875
2496, 151.22225952148438
2497, 151.22625732421875
2498, 151.23025512695312
2499, 151.2342529296875
2500, 151.23825073242188
2501, 151.24224853515625
2502, 151.2462615966797
2503, 151.25025939941406
2504, 151.25425720214844
2505, 151.2582550048828
2506, 151.2622528076172
2507, 151.26625061035156
2508, 151.27024841308594
2509, 151.27426147460938
2510, 151.27825927734375
2511, 151.28225708007812
2512, 151.2862548828125
2513, 151.29025268554688
2514, 151.29425048828125
2515, 151.29824829101562
2516, 151.30226135253906
2517, 151.30625915527344
2518, 151.3102569580078
2519, 151.3142547607422
2520, 151.31825256347656
2521, 151.32225036621094
2522, 151.3262481689453
2523, 151.33026123046875
2524, 151.33425903320312
2525, 151.3382568359375
2526, 151.34225463867188
2527, 151.34625244140625
2528, 151.35025024414062
2529, 151.354248046875
2530, 151.35826110839844
2531, 151.3622589111328
2532, 151.3662567138672
2533, 151.37025451660156
2534, 151.37425231933594
2535, 151.3782501220703
2536, 151.3822479248047
2537, 151.38626098632812
2538, 151.3902587890625
2539, 151.39425659179688
2540, 151.39825439453125
2541, 151.40225219726562
2542, 151.40625
2543, 151.41024780273438
2544, 151.4142608642578
2545, 151.4182586669922
2546, 151.42225646972656
2547, 151.42625427246094
2548, 151.4302520751953
2549, 151.4342498779297
2550, 151.43824768066406
2551, 151.4422607421875
2552, 151.44625854492188
2553, 151.45025634765625
2554, 151.45425415039062
2555, 151.458251953125
2556, 151.46224975585938
2557, 151.46624755859375
2558, 151.4702606201172
2559, 151.47425842285156
2560, 151.47825622558594
2561, 151.4822540283203
2562, 151.4862518310547
2563, 151.49024963378906
2564, 151.49424743652344
2565, 151.49826049804688
2566, 151.50225830078125
2567, 151.50625610351562
2568, 151.51025390625
2569, 151.51425170898438
2570, 151.51824951171875
2571, 151.5222625732422
2572, 151.52626037597656
2573, 151.53025817871094
2574, 151.5342559814453
2575, 151.5382537841797
2576, 151.54225158691406
2577, 151.54624938964844
2578, 151.55026245117188
2579, 151.55426025390625
2580, 151.55825805664062
2581, 151.562255859375
2582, 151.56625366210938
2583, 151.57025146484375
2584, 151.57424926757812
2585, 151.57826232910156
2586, 151.58226013183594
2587, 151.5862579345703
2588, 151.5902557373047
2589, 151.59425354003906
2590, 151.59825134277344
2591, 151.6022491455078
2592, 151.60626220703125
2593, 151.61026000976562
2594, 151.6142578125
2595, 151.61825561523438
2596, 151.62225341796875
2597, 151.62625122070312
2598, 151.6302490234375
2599, 151.63426208496094
2600, 151.6382598876953
2601, 151.6422576904297
2602, 151.64625549316406
2603, 151.65025329589844
2604, 151.6542510986328
2605, 151.6582489013672
2606, 151.66226196289062
2607, 151.666259765625
2608, 151.67025756835938
2609, 151.67425537109375
2610, 151.67825317382812
2611, 151.6822509765625
2612, 151.68624877929688
2613, 151.6902618408203
2614, 151.6942596435547
2615, 151.69825744628906
2616, 151.70225524902344
2617, 151.7062530517578
2618, 151.7102508544922
2619, 151.71424865722656
2620, 151.71826171875
2621, 151.72225952148438
2622, 151.72625732421875
2623, 151.73025512695312
2624, 151.7342529296875
2625, 151.73825073242188
2626, 151.74224853515625
2627, 151.7462615966797
2628, 151.75025939941406
2629, 151.75425720214844
2630, 151.7582550048828
2631, 151.7622528076172
2632, 151.76625061035156
2633, 151.77024841308594
2634, 151.77426147460938
2635, 151.77825927734375
2636, 151.78225708007812
2637, 151.7862548828125
2638, 151.79025268554688
2639, 151.79425048828125
2640, 151.79824829101562
2641, 151.80226135253906
2642, 151.80625915527344
2643, 151.8102569580078
2644, 151.8142547607422
2645, 151.81825256347656
2646, 151.82225036621094
2647, 151.8262481689453
2648, 151.83026123046875
2649, 151.83425903320312
2650, 151.8382568359375
2651, 151.84225463867188
2652, 151.84625244140625
2653, 151.85025024414062
2654, 151.854248046875
2655, 151.85826110839844
2656, 151.8622589111328
2657, 151.8662567138672
2658, 151.87025451660156
2659, 151.87425231933594
2660, 151.8782501220703
2661, 151.8822479248047
2662, 151.88626098632812
2663, 151.8902587890625
2664, 151.89425659179688
2665, 151.89825439453125
2666, 151.90225219726562
2667, 151.90625
2668, 151.91024780273438
2669, 151.9142608642578
2670, 151.9182586669922
2671, 151.92225646972656
2672, 151.92625427246094
2673, 151.9302520751953
2674, 151.9342498779297
2675, 151.93824768066406
2676, 151.9422607421875
2677, 151.94625854492188
2678, 151.95025634765625
2679, 151.95425415039062
2680, 151.958251953125
2681, 151.96224975585938
2682, 151.96624755859375
2683, 151.9702606201172
2684, 151.97425842285156
2685, 151.97825622558594
2686, 151.9822540283203
2687, 151.9862518310547
2688, 151.99024963378906
2689, 151.99424743652344
2690, 151.99826049804688
2691, 152.00225830078125
2692, 152.00625610351562
2693, 152.01025390625
2694, 152.01425170898438
2695, 152.01824951171875
2696, 152.0222625732422
2697, 152.02626037597656
2698, 152.03025817871094
2699, 152.0342559814453
2700, 152.0382537841797
2701, 152.04225158691406
2702, 152.04624938964844
2703, 152.05026245117188
2704, 152.05426025390625
2705, 152.05825805664062
2706, 152.062255859375
2707, 152.06625366210938
2708, 152.07025146484375
2709, 152.07424926757812
2710, 152.07826232910156
2711, 152.08226013183594
2712, 152.0862579345703
2713, 152.0902557373047
2714, 152.09425354003906
2715, 152.09825134277344
2716, 152.1022491455078
2717, 152.10626220703125
2718, 152.11026000976562
2719, 152.1142578125
2720, 152.11825561523438
2721, 152.12225341796875
2722, 152.12625122070312
2723, 152.1302490234375
2724, 152.13426208496094
2725, 152.1382598876953
2726, 152.1422576904297
2727, 152.14625549316406
2728, 152.15025329589844
2729, 152.1542510986328
2730, 152.1582489013672
2731, 152.16226196289062
2732, 152.166259765625
2733, 152.17025756835938
2734, 152.17425537109375
2735, 152.17825317382812
2736, 152.1822509765625
2737, 152.18624877929688
2738, 152.1902618408203
2739, 152.1942596435547
2740, 152.19825744628906
2741, 152.20225524902344
2742, 152.2062530517578
2743, 152.2102508544922
2744, 152.21424865722656
2745, 152.21826171875
2746, 152.22225952148438
2747, 152.22625732421875
2748, 152.23025512695312
2749, 152.2342529296875
2750, 152.23825073242188
2751, 152.24224853515625
2752, 152.2462615966797
2753, 152.25025939941406
2754, 152.25425720214844
2755, 152.2582550048828
2756, 152.2622528076172
2757, 152.26625061035156
2758, 152.27024841308594
2759, 152.27426147460938
2760, 152.27825927734375
2761, 152.28225708007812
2762, 152.2862548828125
2763, 152.29025268554688
2764, 152.29425048828125
2765, 152.29824829101562
2766, 152.30226135253906
2767, 152.30625915527344
2768, 152.3102569580078
2769, 152.3142547607422
2770, 152.31825256347656
2771, 152.32225036621094
2772, 152.3262481689453
2773, 152.33026123046875
2774, 152.33425903320312
2775, 152.3382568359375
2776, 152.34225463867188
2777, 152.34625244140625
2778, 152.35025024414062
2779, 152.354248046875
2780, 152.35826110839844
2781, 152.3622589111328
2782, 152.3662567138672
2783, 152.37025451660156
2784, 152.37425231933594
2785, 152.3782501220703
2786, 152.3822479248047
2787, 152.38626098632812
2788, 152.3902587890625
2789, 152.39425659179688
2790, 152.39825439453125
2791, 152.40225219726562
2792, 152.40625
2793, 152.41024780273438
2794, 152.4142608642578
2795, 152.4182586669922
2796, 152.42225646972656
2797, 152.42625427246094
2798, 152.4302520751953
2799, 152.4342498779297
2800, 152.43824768066406
2801, 152.4422607421875
2802, 152.44625854492188
2803, 152.45025634765625
2804, 152.45425415039062
2805, 152.458251953125
2806, 152.46224975585938
2807, 152.46624755859375
2808, 152.4702606201172
2809, 152.47425842285156
2810, 152.47825622558594
2811, 152.4822540283203
2812, 152.4862518310547
2813, 152.49024963378906
2814, 152.49424743652344
2815, 152.49826049804688
2816, 152.50225830078125
2817, 152.50625610351562
2818, 152.51025390625
2819, 152.51425170898438
2820, 152.51824951171875
2821, 152.5222625732422
2822, 152.52626037597656
2823, 152.53025817871094
2824, 152.5342559814453
2825, 152.5382537841797
2826, 152.54225158691406
2827, 152.54624938964844
2828, 152.55026245117188
2829, 152.55426025390625
2830, 152.55825805664062
2831, 152.562255859375
2832, 152.56625366210938
2833, 152.57025146484375
2834, 152.57424926757812
2835, 152.57826232910156
2836, 152.58226013183594
2837, 152.5862579345703
2838, 152.5902557373047
2839, 152.59425354003906
2840, 152.59825134277344
2841, 152.6022491455078
2842, 152.60626220703125
2843, 152.61026000976562
2844, 152.6142578125
2845, 152.61825561523438
2846, 152.62225341796875
2847, 152.62625122070312
2848, 152.6302490234375
2849, 152.63426208496094
2850, 152.6382598876953
2851, 152.6422576904297
2852, 152.64625549316406
2853, 152.65025329589844
2854, 152.6542510986328
2855, 152.6582489013672
2856, 152.66226196289062
2857, 152.666259765625
2858, 152.67025756835938
2859, 152.67425537109375
2860, 152.67825317382812
2861, 152.6822509765625
2862, 152.68624877929688
2863, 152.6902618408203
2864, 152.6942596435547
2865, 152.69825744628906
2866, 152.70225524902344
2867, 152.7062530517578
2868, 152.7102508544922
2869, 152.71424865722656
2870, 152.71826171875
2871, 152.72225952148438
2872, 152.72625732421875
2873, 152.73025512695312
2874, 152.7342529296875
2875, 152.73825073242188
2876, 152.74224853515625
2877, 152.7462615966797
2878, 152.75025939941406
2879, 152.75425720214844
2880, 152.7582550048828
2881, 152.7622528076172
2882, 152.76625061035156
2883, 152.77024841308594
2884, 152.77426147460938
2885, 152.77825927734375
2886, 152.78225708007812
2887, 152.7862548828125
2888, 152.79025268554688
2889, 152.79425048828125
2890, 152.79824829101562
2891, 152.80226135253906
2892, 152.80625915527344
2893, 152.8102569580078
2894, 152.8142547607422
2895, 152.81825256347656
2896, 152.82225036621094
2897, 152.8262481689453
2898, 152.83026123046875
2899, 152.83425903320312
2900, 152.8382568359375
2901, 152.84225463867188
2902, 152.84625244140625
2903, 152.85025024414062
2904, 152.854248046875
2905, 152.85826110839844
2906, 152.8622589111328
2907, 152.8662567138672
2908, 152.87025451660156
2909, 152.87425231933594
2910, 152.8782501220703
2911, 152.8822479248047
2912, 152.88626098632812
2913, 152.8902587890625
2914, 152.89425659179688
2915, 152.89825439453125
2916, 152.90225219726562
2917, 152.90625
2918, 152.91024780273438
2919, 152.9142608642578
2920, 152.9182586669922
2921, 152.92225646972656
2922, 152.92625427246094
2923, 152.9302520751953
2924, 152.9342498779297
2925, 152.93824768066406
2926, 152.9422607421875
2927, 152.94625854492188
2928, 152.95025634765625
2929, 152.95425415039062
2930, 152.958251953125
2931, 152.96224975585938
2932, 152.96624755859375
2933, 152.9702606201172
2934, 152.97425842285156
2935, 152.97825622558594
2936, 152.9822540283203
2937, 152.9862518310547
2938, 152.99024963378906
2939, 152.99424743652344
2940, 152.99826049804688
2941, 153.00225830078125
2942, 153.00625610351562
2943, 153.01025390625
2944, 153.01425170898438
2945, 153.01824951171875
2946, 153.0222625732422
2947, 153.02626037597656
2948, 153.03025817871094
2949, 153.0342559814453
2950, 153.0382537841797
2951, 153.04225158691406
2952, 153.04624938964844
2953, 153.05026245117188
2954, 153.05426025390625
2955, 153.05825805664062
2956, 153.062255859375
2957, 153.06625366210938
2958, 153.07025146484375
2959, 153.07424926757812
2960, 153.07826232910156
2961, 153.08226013183594
2962, 153.0862579345703
2963, 153.0902557373047
2964, 153.09425354003906
2965, 153.09825134277344
2966, 153.1022491455078
2967, 153.10626220703125
2968, 153.11026000976562
2969, 153.1142578125
2970, 153.11825561523438
2971, 153.12225341796875
2972, 153.12625122070312
2973, 153.1302490234375
2974, 153.13426208496094
2975, 153.1382598876953
2976, 153.1422576904297
2977, 153.14625549316406
2978, 153.15025329589844
2979, 153.1542510986328
2980, 153.1582489013672
2981, 153.16226196289062
2982, 153.166259765625
2983, 153.17025756835938
2984, 153.17425537109375
2985, 153.17825317382812
2986, 153.1822509765625
2987, 153.18624877929688
2988, 153.1902618408203
2989, 153.1942596435547
2990, 153.19825744628906
2991, 153.20225524902344
2992, 153.2062530517578
2993, 153.2102508544922
2994, 153.21424865722656
2995, 153.21826171875
2996, 153.22225952148438
2997, 153.22625732421875
2998, 153.23025512695312
2999, 153.2342529296875
3000, 153.23825073242188
3001, 153.24224853515625
3002, 153.2462615966797
3003, 153.25025939941406
3004, 153.25425720214844
3005, 153.2582550048828
3006, 153.2622528076172
3007, 153.26625061035156
3008, 153.27024841308594
3009, 153.27426147460938
3010, 153.27825927734375
3011, 153.28225708007812
3012, 153.2862548828125
3013, 153.29025268554688
3014, 153.29425048828125
3015, 153.29824829101562
3016, 153.30226135253906
3017, 153.30625915527344
3018, 153.3102569580078
3019, 153.3142547607422
3020, 153.31825256347656
3021, 153.32225036621094
3022, 153.3262481689453
3023, 153.33026123046875
3024, 153.33425903320312
3025, 153.3382568359375
3026, 153.34225463867188
3027, 153.34625244140625
3028, 153.35025024414062
3029, 153.354248046875
3030, 153.35826110839844
3031, 153.3622589111328
3032, 153.3662567138672
3033, 153.37025451660156
3034, 153.37425231933594
3035, 153.3782501220703
3036, 153.3822479248047
3037, 153.38626098632812
3038, 153.3902587890625
3039, 153.39425659179688
3040, 153.39825439453125
3041, 153.40225219726562
3042, 153.40625
3043, 153.41024780273438
3044, 153.4142608642578
3045, 153.4182586669922
3046, 153.42225646972656
3047, 153.42625427246094
3048, 153.4302520751953
3049, 153.4342498779297
3050, 153.43824768066406
3051, 153.4422607421875
3052, 153.44625854492188
3053, 153.45025634765625
3054, 153.45425415039062
3055, 153.458251953125
3056, 153.46224975585938
3057, 153.46624755859375
3058, 153.4702606201172
3059, 153.47425842285156
3060, 153.47825622558594
3061, 153.4822540283203
3062, 153.4862518310547
3063, 153.49024963378906
3064, 153.49424743652344
3065, 153.49826049804688
3066, 153.50225830078125
3067, 153.50625610351562
3068, 153.51025390625
3069, 153.51425170898438
3070, 153.51824951171875
3071, 153.5222625732422
3072, 153.52626037597656
3073, 153.53025817871094
3074, 153.5342559814453
3075, 153.5382537841797
3076, 153.54225158691406
3077, 153.54624938964844
3078, 153.55026245117188
3079, 153.55426025390625
3080, 153.55825805664062
3081, 153.562255859375
3082, 153.56625366210938
3083, 153.57025146484375
3084, 153.57424926757812
3085, 153.57826232910156
3086, 153.58226013183594
3087, 153.5862579345703
3088, 153.5902557373047
3089, 153.59425354003906
3090, 153.59825134277344
3091, 153.6022491455078
3092, 153.60626220703125
3093, 153.61026000976562
3094, 153.6142578125
3095, 153.61825561523438
3096, 153.62225341796875
3097, 153.62625122070312
3098, 153.6302490234375
3099, 153.63426208496094
3100, 153.6382598876953
3101, 153.6422576904297
3102, 153.64625549316406
3103, 153.65025329589844
3104, 153.6542510986328
3105, 153.6582489013672
3106, 153.66226196289062
3107, 153.666259765625
3108, 153.67025756835938
3109, 153.67425537109375
3110, 153.67825317382812
3111, 153.6822509765625
3112, 153.68624877929688
3113, 153.6902618408203
3114, 153.6942596435547
3115, 153.69825744628906
3116, 153.70225524902344
3117, 153.7062530517578
3118, 153.7102508544922
3119, 153.71424865722656
3120, 153.71826171875
3121, 153.72225952148438
3122, 153.72625732421875
3123, 153.73025512695312
3124, 153.7342529296875
3125, 153.73825073242188
3126, 153.74224853515625
3127, 153.7462615966797
3128, 153.75025939941406
3129, 153.75425720214844
3130, 153.7582550048828
3131, 153.7622528076172
3132, 153.76625061035156
3133, 153.77024841308594
3134, 153.77426147460938
3135, 153.77825927734375
3136, 153.78225708007812
3137, 153.7862548828125
3138, 153.79025268554688
3139, 153.79425048828125
3140, 153.79824829101562
3141, 153.80226135253906
3142, 153.80625915527344
3143, 153.8102569580078
3144, 153.8142547607422
3145, 153.81825256347656
3146, 153.82225036621094
3147, 153.8262481689453
3148, 153.83026123046875
3149, 153.83425903320312
3150, 153.8382568359375
3151, 153.84225463867188
3152, 153.84625244140625
3153, 153.85025024414062
3154, 153.854248046875
3155, 153.85826110839844
3156, 153.8622589111328
3157, 153.8662567138672
3158, 153.87025451660156
3159, 153.87425231933594
3160, 153.8782501220703
3161, 153.8822479248047
3162, 153.88626098632812
3163, 153.8902587890625
3164, 153.89425659179688
3165, 153.89825439453125
3166, 153.90225219726562
3167, 153.90625
3168, 153.91024780273438
3169, 153.9142608642578
3170, 153.9182586669922
3171, 153.92225646972656
3172, 153.92625427246094
3173, 153.9302520751953
3174, 153.9342498779297
3175, 153.93824768066406
3176, 153.9422607421875
3177, 153.94625854492188
3178, 153.95025634765625
3179, 153.95425415039062
3180, 153.958251953125
3181, 153.96224975585938
3182, 153.96624755859375
3183, 153.9702606201172
3184, 153.97425842285156
3185, 153.97825622558594
3186, 153.9822540283203
3187, 153.9862518310547
3188, 153.99024963378906
3189, 153.99424743652344
3190, 153.99826049804688
3191, 154.00225830078125
3192, 154.00625610351562
3193, 154.01025390625
3194, 154.01425170898438
3195, 154.01824951171875
3196, 154.0222625732422
3197, 154.02626037597656
3198, 154.03025817871094
3199, 154.0342559814453
3200, 154.0382537841797
3201, 154.04225158691406
3202, 154.04624938964844
3203, 154.05026245117188
3204, 154.05426025390625
3205, 154.05825805664062
3206, 154.062255859375
3207, 154.06625366210938
3208, 154.07025146484375
3209, 154.07424926757812
3210, 154.07826232910156
3211, 154.08226013183594
3212, 154.0862579345703
3213, 154.0902557373047
3214, 154.09425354003906
3215, 154.09825134277344
3216, 154.1022491455078
3217, 154.10626220703125
3218, 154.11026000976562
3219, 154.1142578125
3220, 154.11825561523438
3221, 154.12225341796875
3222, 154.12625122070312
3223, 154.1302490234375
3224, 154.13426208496094
3225, 154.1382598876953
3226, 154.1422576904297
3227, 154.14625549316406
3228, 154.15025329589844
3229, 154.1542510986328
3230, 154.1582489013672
3231, 154.16226196289062
3232, 154.166259765625
3233, 154.17025756835938
3234, 154.17425537109375
3235, 154.17825317382812
3236, 154.1822509765625
3237, 154.18624877929688
3238, 154.1902618408203
3239, 154.1942596435547
3240, 154.19825744628906
3241, 154.20225524902344
3242, 154.2062530517578
3243, 154.2102508544922
3244, 154.21424865722656
3245, 154.21826171875
3246, 154.22225952148438
3247, 154.22625732421875
3248, 154.23025512695312
3249, 154.2342529296875
3250, 154.23825073242188
3251, 154.24224853515625
3252, 154.2462615966797
3253, 154.25025939941406
3254, 154.25425720214844
3255, 154.2582550048828
3256, 154.2622528076172
3257, 154.26625061035156
3258, 154.27024841308594
3259, 154.27426147460938
3260, 154.27825927734375
3261, 154.28225708007812
3262, 154.2862548828125
3263, 154.29025268554688
3264, 154.29425048828125
3265, 154.29824829101562
3266, 154.30226135253906
3267, 154.30625915527344
3268, 154.3102569580078
3269, 154.3142547607422
3270, 154.31825256347656
3271, 154.32225036621094
3272, 154.3262481689453
3273, 154.33026123046875
3274, 154.33425903320312
3275, 154.3382568359375
3276, 154.34225463867188
3277, 154.34625244140625
3278, 154.35025024414062
3279, 154.354248046875
3280, 154.35826110839844
3281, 154.3622589111328
3282, 154.3662567138672
3283, 154.37025451660156
3284, 154.37425231933594
3285, 154.3782501220703
3286, 154.3822479248047
3287, 154.38626098632812
3288, 154.3902587890625
3289, 154.39425659179688
3290, 154.39825439453125
3291, 154.40225219726562
3292, 154.40625
3293, 154.41024780273438
3294, 154.4142608642578
3295, 154.4182586669922
3296, 154.42225646972656
3297, 154.42625427246094
3298, 154.4302520751953
3299, 154.4342498779297
3300, 154.43824768066406
3301, 154.4422607421875
3302, 154.44625854492188
3303, 154.45025634765625
3304, 154.45425415039062
3305, 154.458251953125
3306, 154.46224975585938
3307, 154.46624755859375
3308, 154.4702606201172
3309, 154.47425842285156
3310, 154.47825622558594
3311, 154.4822540283203
3312, 154.4862518310547
3313, 154.49024963378906
3314, 154.49424743652344
3315, 154.49826049804688
3316, 154.50225830078125
3317, 154.50625610351562
3318, 154.51025390625
3319, 154.51425170898438
3320, 154.51824951171875
3321, 154.5222625732422
3322, 154.52626037597656
3323, 154.53025817871094
3324, 154.5342559814453
3325, 154.5382537841797
3326, 154.54225158691406
3327, 154.54624938964844
3328, 154.55026245117188
3329, 154.55426025390625
3330, 154.55825805664062
3331, 154.562255859375
3332, 154.56625366210938
3333, 154.57025146484375
3334, 154.57424926757812
3335, 154.57826232910156
3336, 154.58226013183594
3337, 154.5862579345703
3338, 154.5902557373047
3339, 154.59425354003906
3340, 154.59825134277344
3341, 154.6022491455078
3342, 154.60626220703125
3343, 154.61026000976562
3344, 154.6142578125
3345, 154.61825561523438
3346, 154.62225341796875
3347, 154.62625122070312
3348, 154.6302490234375
3349, 154.63426208496094
3350, 154.6382598876953
3351, 154.6422576904297
3352, 154.64625549316406
3353, 154.65025329589844
3354, 154.6542510986328
3355, 154.6582489013672
3356, 154.66226196289062
3357, 154.666259765625
3358, 154.67025756835938
3359, 154.67425537109375
3360, 154.67825317382812
3361, 154.6822509765625
3362, 154.68624877929688
3363, 154.6902618408203
3364, 154.6942596435547
3365, 154.69825744628906
3366, 154.70225524902344
3367, 154.7062530517578
3368, 154.7102508544922
3369, 154.71424865722656
3370, 154.71826171875
3371, 154.72225952148438
3372, 154.72625732421875
3373, 154.73025512695312
3374, 154.7342529296875
3375, 154.73825073242188
3376, 154.74224853515625
3377, 154.7462615966797
3378, 154.75025939941406
3379, 154.75425720214844
3380, 154.7582550048828
3381, 154.7622528076172
3382, 154.76625061035156
3383, 154.77024841308594
3384, 154.77426147460938
3385, 154.77825927734375
3386, 154.78225708007812
3387, 154.7862548828125
3388, 154.79025268554688
3389, 154.79425048828125
3390, 154.79824829101562
3391, 154.80226135253906
3392, 154.80625915527344
3393, 154.8102569580078
3394, 154.8142547607422
3395, 154.81825256347656
3396, 154.82225036621094
3397, 154.8262481689453
3398, 154.83026123046875
3399, 154.83425903320312
3400, 154.8382568359375
3401, 154.84225463867188
3402, 154.84625244140625
3403, 154.85025024414062
3404, 154.854248046875
3405, 154.85826110839844
3406, 154.8622589111328
3407, 154.8662567138672
3408, 154.87025451660156
3409, 154.87425231933594
3410, 154.8782501220703
3411, 154.8822479248047
3412, 154.88626098632812
3413, 154.8902587890625
3414, 154.89425659179688
3415, 154.89825439453125
3416, 154.90225219726562
3417, 154.90625
3418, 154.91024780273438
3419, 154.9142608642578
3420, 154.9182586669922
3421, 154.92225646972656
3422, 154.92625427246094
3423, 154.9302520751953
3424, 154.9342498779297
3425, 154.93824768066406
3426, 154.9422607421875
3427, 154.94625854492188
3428, 154.95025634765625
3429, 154.95425415039062
3430, 154.958251953125
3431, 154.96224975585938
3432, 154.96624755859375
3433, 154.9702606201172
3434, 154.97425842285156
3435, 154.97825622558594
3436, 154.9822540283203
3437, 154.9862518310547
3438, 154.99024963378906
3439, 154.99424743652344
3440, 154.99826049804688
3441, 155.00225830078125
3442, 155.00625610351562
3443, 155.01025390625
3444, 155.01425170898438
3445, 155.01824951171875
3446, 155.0222625732422
3447, 155.02626037597656
3448, 155.03025817871094
3449, 155.0342559814453
3450, 155.0382537841797
3451, 155.04225158691406
3452, 155.04624938964844
3453, 155.05026245117188
3454, 155.05426025390625
3455, 155.05825805664062
3456, 155.062255859375
3457, 155.06625366210938
3458, 155.07025146484375
3459, 155.07424926757812
3460, 155.07826232910156
3461, 155.08226013183594
3462, 155.0862579345703
3463, 155.0902557373047
3464, 155.09425354003906
3465, 155.09825134277344
3466, 155.1022491455078
3467, 155.10626220703125
3468, 155.11026000976562
3469, 155.1142578125
3470, 155.11825561523438
3471, 155.12225341796875
3472, 155.12625122070312
3473, 155.1302490234375
3474, 155.13426208496094
3475, 155.1382598876953
3476, 155.1422576904297
3477, 155.14625549316406
3478, 155.15025329589844
3479, 155.1542510986328
3480, 155.1582489013672
3481, 155.16226196289062
3482, 155.166259765625
3483, 155.17025756835938
3484, 155.17425537109375
3485, 155.17825317382812
3486, 155.1822509765625
3487, 155.18624877929688
3488, 155.1902618408203
3489, 155.1942596435547
3490, 155.19825744628906
3491, 155.20225524902344
3492, 155.2062530517578
3493, 155.2102508544922
3494, 155.21424865722656
3495, 155.21826171875
3496, 155.22225952148438
3497, 155.22625732421875
3498, 155.23025512695312
3499, 155.2342529296875
3500, 155.23825073242188
3501, 155.24224853515625
3502, 155.2462615966797
3503, 155.25025939941406
3504, 155.25425720214844
3505, 155.2582550048828
3506, 155.2622528076172
3507, 155.26625061035156
3508, 155.27024841308594
3509, 155.27426147460938
3510, 155.27825927734375
3511, 155.28225708007812
3512, 155.2862548828125
3513, 155.29025268554688
3514, 155.29425048828125
3515, 155.29824829101562
3516, 155.30226135253906
3517, 155.30625915527344
3518, 155.3102569580078
3519, 155.3142547607422
3520, 155.31825256347656
3521, 155.32225036621094
3522, 155.3262481689453
3523, 155.33026123046875
3524, 155.33425903320312
3525, 155.3382568359375
3526, 155.34225463867188
3527, 155.34625244140625
3528, 155.35025024414062
3529, 155.354248046875
3530, 155.35826110839844
3531, 155.3622589111328
3532, 155.3662567138672
3533, 155.37025451660156
3534, 155.37425231933594
3535, 155.3782501220703
3536, 155.3822479248047
3537, 155.38626098632812
3538, 155.3902587890625
3539, 155.39425659179688
3540, 155.39825439453125
3541, 155.40225219726562
3542, 155.40625
3543, 155.41024780273438
3544, 155.4142608642578
3545, 155.4182586669922
3546, 155.42225646972656
3547, 155.42625427246094
3548, 155.4302520751953
3549, 155.4342498779297
3550, 155.43824768066406
3551, 155.4422607421875
3552, 155.44625854492188
3553, 155.45025634765625
3554, 155.45425415039062
3555, 155.458251953125
3556, 155.46224975585938
3557, 155.46624755859375
3558, 155.4702606201172
3559, 155.47425842285156
3560, 155.47825622558594
3561, 155.4822540283203
3562, 155.4862518310547
3563, 155.49024963378906
3564, 155.49424743652344
3565, 155.49826049804688
3566, 155.50225830078125
3567, 155.50625610351562
3568, 155.51025390625
3569, 155.51425170898438
3570, 155.51824951171875
3571, 155.5222625732422
3572, 155.52626037597656
3573, 155.53025817871094
3574, 155.5342559814453
3575, 155.5382537841797
3576, 155.54225158691406
3577, 155.54624938964844
3578, 155.55026245117188
3579, 155.55426025390625
3580, 155.55825805664062
3581, 155.562255859375
3582, 155.56625366210938
3583, 155.57025146484375
3584, 155.57424926757812
3585, 155.57826232910156
3586, 155.58226013183594
3587, 155.5862579345703
3588, 155.5902557373047
3589, 155.59425354003906
3590, 155.59825134277344
3591, 155.6022491455078
3592, 155.60626220703125
3593, 155.61026000976562
3594, 155.6142578125
3595, 155.61825561523438
3596, 155.62225341796875
3597, 155.62625122070312
3598, 155.6302490234375
3599, 155.63426208496094
3600, 155.6382598876953
3601, 155.6422576904297
3602, 155.64625549316406
3603, 155.65025329589844
3604, 155.6542510986328
3605, 155.6582489013672
3606, 155.66226196289062
3607, 155.666259765625
3608, 155.67025756835938
3609, 155.67425537109375
3610, 155.67825317382812
3611, 155.6822509765625
3612, 155.68624877929688
3613, 155.6902618408203
3614, 155.6942596435547
3615, 155.69825744628906
3616, 155.70225524902344
3617, 155.7062530517578
3618, 155.7102508544922
3619, 155.71424865722656
3620, 155.71826171875
3621, 155.72225952148438
3622, 155.72625732421875
3623, 155.73025512695312
3624, 155.7342529296875
3625, 155.73825073242188
3626, 155.74224853515625
3627, 155.7462615966797
3628, 155.75025939941406
3629, 155.75425720214844
3630, 155.7582550048828
3631, 155.7622528076172
3632, 155.76625061035156
3633, 155.77024841308594
3634, 155.77426147460938
3635, 155.77825927734375
3636, 155.78225708007812
3637, 155.7862548828125
3638, 155.79025268554688
3639, 155.79425048828125
3640, 155.79824829101562
3641, 155.80226135253906
3642, 155.80625915527344
3643, 155.8102569580078
3644, 155.8142547607422
3645, 155.81825256347656
3646, 155.82225036621094
3647, 155.8262481689453
3648, 155.83026123046875
3649, 155.83425903320312
3650, 155.8382568359375
3651, 155.84225463867188
3652, 155.84625244140625
3653, 155.85025024414062
3654, 155.854248046875
3655, 155.85826110839844
3656, 155.8622589111328
3657, 155.8662567138672
3658, 155.87025451660156
3659, 155.87425231933594
3660, 155.8782501220703
3661, 155.8822479248047
3662, 155.88626098632812
3663, 155.8902587890625
3664, 155.89425659179688
3665, 155.89825439453125
3666, 155.90225219726562
3667, 155.90625
3668, 155.91024780273438
3669, 155.9142608642578
3670, 155.9182586669922
3671, 155.92225646972656
3672, 155.92625427246094
3673, 155.9302520751953
3674, 155.9342498779297
3675, 155.93824768066406
3676, 155.9422607421875
3677, 155.94625854492188
3678, 155.95025634765625
3679, 155.95425415039062
3680, 155.958251953125
3681, 155.96224975585938
3682, 155.96624755859375
3683, 155.9702606201172
3684, 155.97425842285156
3685, 155.97825622558594
3686, 155.9822540283203
3687, 155.9862518310547
3688, 155.99024963378906
3689, 155.99424743652344
3690, 155.99826049804688
3691, 156.00225830078125
3692, 156.00625610351562
3693, 156.01025390625
3694, 156.01425170898438
3695, 156.01824951171875
3696, 156.0222625732422
3697, 156.02626037597656
3698, 156.03025817871094
3699, 156.0342559814453
3700, 156.0382537841797
3701, 156.04225158691406
3702, 156.04624938964844
3703, 156.05026245117188
3704, 156.05426025390625
3705, 156.05825805664062
3706, 156.062255859375
3707, 156.06625366210938
3708, 156.07025146484375
3709, 156.07424926757812
3710, 156.07826232910156
3711, 156.08226013183594
3712, 156.0862579345703
3713, 156.0902557373047
3714, 156.09425354003906
3715, 156.09825134277344
3716, 156.1022491455078
3717, 156.10626220703125
3718, 156.11026000976562
3719, 156.1142578125
3720, 156.11825561523438
3721, 156.12225341796875
3722, 156.12625122070312
3723, 156.1302490234375
3724, 156.13426208496094
3725, 156.1382598876953
3726, 156.1422576904297
3727, 156.14625549316406
3728, 156.15025329589844
3729, 156.1542510986328
3730, 156.1582489013672
3731, 156.16226196289062
3732, 156.166259765625
3733, 156.17025756835938
3734, 156.17425537109375
3735, 156.17825317382812
3736, 156.1822509765625
3737, 156.18624877929688
3738, 156.1902618408203
3739, 156.1942596435547
3740, 156.19825744628906
3741, 156.20225524902344
3742, 156.2062530517578
3743, 156.2102508544922
3744, 156.21424865722656
3745, 156.21826171875
3746, 156.22225952148438
3747, 156.22625732421875
3748, 156.23025512695312
3749, 156.2342529296875
3750, 156.23825073242188
3751, 156.24224853515625
3752, 156.2462615966797
3753, 156.25025939941406
3754, 156.25425720214844
3755, 156.2582550048828
3756, 156.2622528076172
3757, 156.26625061035156
3758, 156.27024841308594
3759, 156.27426147460938
3760, 156.27825927734375
3761, 156.28225708007812
3762, 156.2862548828125
3763, 156.29025268554688
3764, 156.29425048828125
3765, 156.29824829101562
3766, 156.30226135253906
3767, 156.30625915527344
3768, 156.3102569580078
3769, 156.3142547607422
3770, 156.31825256347656
3771, 156.32225036621094
3772, 156.3262481689453
3773, 156.33026123046875
3774, 156.33425903320312
3775, 156.3382568359375
3776, 156.34225463867188
3777, 156.34625244140625
3778, 156.35025024414062
3779, 156.354248046875
3780, 156.35826110839844
3781, 156.3622589111328
3782, 156.3662567138672
3783, 156.37025451660156
3784, 156.37425231933594
3785, 156.3782501220703
3786, 156.3822479248047
3787, 156.38626098632812
3788, 156.3902587890625
3789, 156.39425659179688
3790, 156.39825439453125
3791, 156.40225219726562
3792, 156.40625
3793, 156.41024780273438
3794, 156.4142608642578
3795, 156.4182586669922
3796, 156.42225646972656
3797, 156.42625427246094
3798, 156.4302520751953
3799, 156.4342498779297
3800, 156.43824768066406
3801, 156.4422607421875
3802, 156.44625854492188
3803, 156.45025634765625
3804, 156.45425415039062
3805, 156.458251953125
3806, 156.46224975585938
3807, 156.46624755859375
3808, 156.4702606201172
3809, 156.47425842285156
3810, 156.47825622558594
3811, 156.4822540283203
3812, 156.4862518310547
3813, 156.49024963378906
3814, 156.49424743652344
3815, 156.49826049804688
3816, 156.50225830078125
3817, 156.50625610351562
3818, 156.51025390625
3819, 156.51425170898438
3820, 156.51824951171875
3821, 156.5222625732422
3822, 156.52626037597656
3823, 156.53025817871094
3824, 156.5342559814453
3825, 156.5382537841797
3826, 156.54225158691406
3827, 156.54624938964844
3828, 156.55026245117188
3829, 156.55426025390625
3830, 156.55825805664062
3831, 156.562255859375
3832, 156.56625366210938
3833, 156.57025146484375
3834, 156.57424926757812
3835, 156.57826232910156
3836, 156.58226013183594
3837, 156.5862579345703
3838, 156.5902557373047
3839, 156.59425354003906
3840, 156.59825134277344
3841, 156.6022491455078
3842, 156.60626220703125
3843, 156.61026000976562
3844, 156.6142578125
3845, 156.61825561523438
3846, 156.62225341796875
3847, 156.62625122070312
3848, 156.6302490234375
3849, 156.63426208496094
3850, 156.6382598876953
3851, 156.6422576904297
3852, 156.64625549316406
3853, 156.65025329589844
3854, 156.6542510986328
3855, 156.6582489013672
3856, 156.66226196289062
3857, 156.666259765625
3858, 156.67025756835938
3859, 156.67425537109375
3860, 156.67825317382812
3861, 156.6822509765625
3862, 156.68624877929688
3863, 156.6902618408203
3864, 156.6942596435547
3865, 156.69825744628906
3866, 156.70225524902344
3867, 156.7062530517578
3868, 156.7102508544922
3869, 156.71424865722656
3870, 156.71826171875
3871, 156.72225952148438
3872, 156.72625732421875
3873, 156.73025512695312
3874, 156.7342529296875
3875, 156.73825073242188
3876, 156.74224853515625
3877, 156.7462615966797
3878, 156.75025939941406
3879, 156.75425720214844
3880, 156.7582550048828
3881, 156.7622528076172
3882, 156.76625061035156
3883, 156.77024841308594
3884, 156.77426147460938
3885, 156.77825927734375
3886, 156.78225708007812
3887, 156.7862548828125
3888, 156.79025268554688
3889, 156.79425048828125
3890, 156.79824829101562
3891, 156.80226135253906
3892, 156.80625915527344
3893, 156.8102569580078
3894, 156.8142547607422
3895, 156.81825256347656
3896, 156.82225036621094
3897, 156.8262481689453
3898, 156.83026123046875
3899, 156.83425903320312
3900, 156.8382568359375
3901, 156.84225463867188
3902, 156.84625244140625
3903, 156.85025024414062
3904, 156.854248046875
3905, 156.85826110839844
3906, 156.8622589111328
3907, 156.8662567138672
3908, 156.87025451660156
3909, 156.87425231933594
3910, 156.8782501220703
3911, 156.8822479248047
3912, 156.88626098632812
3913, 156.8902587890625
3914, 156.89425659179688
3915, 156.89825439453125
3916, 156.90225219726562
3917, 156.90625
3918, 156.91024780273438
3919, 156.9142608642578
3920, 156.9182586669922
3921, 156.92225646972656
3922, 156.92625427246094
3923, 156.9302520751953
3924, 156.9342498779297
3925, 156.93824768066406
3926, 156.9422607421875
3927, 156.94625854492188
3928, 156.95025634765625
3929, 156.95425415039062
3930, 156.958251953125
3931, 156.96224975585938
3932, 156.96624755859375
3933, 156.9702606201172
3934, 156.97425842285156
3935, 156.97825622558594
3936, 156.9822540283203
3937, 156.9862518310547
3938, 156.99024963378906
3939, 156.99424743652344
3940, 156.99826049804688
3941, 157.00225830078125
3942, 157.00625610351562
3943, 157.01025390625
3944, 157.01425170898438
3945, 157.01824951171875
3946, 157.0222625732422
3947, 157.02626037597656
3948, 157.03025817871094
3949, 157.0342559814453
3950, 157.0382537841797
3951, 157.04225158691406
3952, 157.04624938964844
3953, 157.05026245117188
3954, 157.05426025390625
3955, 157.05825805664062
3956, 157.062255859375
3957, 157.06625366210938
3958, 157.07025146484375
3959, 157.07424926757812
3960, 157.07826232910156
3961, 157.08226013183594
3962, 157.0862579345703
3963, 157.0902557373047
3964, 157.09425354003906
3965, 157.09825134277344
3966, 157.1022491455078
3967, 157.10626220703125
3968, 157.11026000976562
3969, 157.1142578125
3970, 157.11825561523438
3971, 157.12225341796875
3972, 157.12625122070312
3973, 157.1302490234375
3974, 157.13426208496094
3975, 157.1382598876953
3976, 157.1422576904297
3977, 157.14625549316406
3978, 157.15025329589844
3979, 157.1542510986328
3980, 157.1582489013672
3981, 157.16226196289062
3982, 157.166259765625
3983, 157.17025756835938
3984, 157.17425537109375
3985, 157.17825317382812
3986, 157.1822509765625
3987, 157.18624877929688
3988, 157.1902618408203
3989, 157.1942596435547
3990, 157.19825744628906
3991, 157.20225524902344
3992, 157.2062530517578
3993, 157.2102508544922
3994, 157.21424865722656
3995, 157.21826171875
3996, 157.22225952148438
3997, 157.22625732421875
3998, 157.23025512695312
3999, 157.2342529296875
4000, 157.23825073242188
4001, 157.24224853515625
4002, 157.2462615966797
4003, 157.25025939941406
4004, 157.25425720214844
4005, 157.2582550048828
4006, 157.2622528076172
4007, 157.26625061035156
4008, 157.27024841308594
4009, 157.27426147460938
4010, 157.27825927734375
4011, 157.28225708007812
4012, 157.2862548828125
4013, 157.29025268554688
4014, 157.29425048828125
4015, 157.29824829101562
4016, 157.30226135253906
4017, 157.30625915527344
4018, 157.3102569580078
4019, 157.3142547607422
4020, 157.31825256347656
4021, 157.32225036621094
4022, 157.3262481689453
4023, 157.33026123046875
4024, 157.33425903320312
4025, 157.3382568359375
4026, 157.34225463867188
4027, 157.34625244140625
4028, 157.35025024414062
4029, 157.354248046875
4030, 157.35826110839844
4031, 157.3622589111328
4032, 157.3662567138672
4033, 157.37025451660156
4034, 157.37425231933594
4035, 157.3782501220703
4036, 157.3822479248047
4037, 157.38626098632812
4038, 157.3902587890625
4039, 157.39425659179688
4040, 157.39825439453125
4041, 157.40225219726562
4042, 157.40625
4043, 157.41024780273438
4044, 157.4142608642578
4045, 157.4182586669922
4046, 157.42225646972656
4047, 157.42625427246094
4048, 157.4302520751953
4049, 157.4342498779297
4050, 157.43824768066406
4051, 157.4422607421875
4052, 157.44625854492188
4053, 157.45025634765625
4054, 157.45425415039062
4055, 157.458251953125
4056, 157.46224975585938
4057, 157.46624755859375
4058, 157.4702606201172
4059, 157.47425842285156
4060, 157.47825622558594
4061, 157.4822540283203
4062, 157.4862518310547
4063, 157.49024963378906
4064, 157.49424743652344
4065, 157.49826049804688
4066, 157.50225830078125
4067, 157.50625610351562
4068, 157.51025390625
4069, 157.51425170898438
4070, 157.51824951171875
4071, 157.5222625732422
4072, 157.52626037597656
4073, 157.53025817871094
4074, 157.5342559814453
4075, 157.5382537841797
4076, 157.54225158691406
4077, 157.54624938964844
4078, 157.55026245117188
4079, 157.55426025390625
4080, 157.55825805664062
4081, 157.562255859375
4082, 157.56625366210938
4083, 157.57025146484375
4084, 157.57424926757812
4085, 157.57826232910156
4086, 157.58226013183594
4087, 157.5862579345703
4088, 157.5902557373047
4089, 157.59425354003906
4090, 157.59825134277344
4091, 157.6022491455078
4092, 157.60626220703125
4093, 157.61026000976562
4094, 157.6142578125
4095, 157.61825561523438
4096, 157.62225341796875
4097, 157.62625122070312
4098, 157.6302490234375
4099, 157.63426208496094
4100, 157.6382598876953
4101, 157.6422576904297
4102, 157.64625549316406
4103, 157.65025329589844
4104, 157.6542510986328
4105, 157.6582489013672
4106, 157.66226196289062
4107, 157.666259765625
4108, 157.67025756835938
4109, 157.67425537109375
4110, 157.67825317382812
4111, 157.6822509765625
4112, 157.68624877929688
4113, 157.6902618408203
4114, 157.6942596435547
4115, 157.69825744628906
4116, 157.70225524902344
4117, 157.7062530517578
4118, 157.7102508544922
4119, 157.71424865722656
4120, 157.71826171875
4121, 157.72225952148438
4122, 157.72625732421875
4123, 157.73025512695312
4124, 157.7342529296875
4125, 157.73825073242188
4126, 157.74224853515625
4127, 157.7462615966797
4128, 157.75025939941406
4129, 157.75425720214844
4130, 157.7582550048828
4131, 157.7622528076172
4132, 157.76625061035156
4133, 157.77024841308594
4134, 157.77426147460938
4135, 157.77825927734375
4136, 157.78225708007812
4137, 157.7862548828125
4138, 157.79025268554688
4139, 157.79425048828125
4140, 157.79824829101562
4141, 157.80226135253906
4142, 157.80625915527344
4143, 157.8102569580078
4144, 157.8142547607422
4145, 157.81825256347656
4146, 157.82225036621094
4147, 157.8262481689453
4148, 157.83026123046875
4149, 157.83425903320312
4150, 157.8382568359375
4151, 157.84225463867188
4152, 157.84625244140625
4153, 157.85025024414062
4154, 157.854248046875
4155, 157.85826110839844
4156, 157.8622589111328
4157, 157.8662567138672
4158, 157.87025451660156
4159, 157.87425231933594
4160, 157.8782501220703
4161, 157.8822479248047
4162, 157.88626098632812
4163, 157.8902587890625
4164, 157.89425659179688
4165, 157.89825439453125
4166, 157.90225219726562
4167, 157.90625
4168, 157.91024780273438
4169, 157.9142608642578
4170, 157.9182586669922
4171, 157.92225646972656
4172, 157.92625427246094
4173, 157.9302520751953
4174, 157.9342498779297
4175, 157.93824768066406
4176, 157.9422607421875
4177, 157.94625854492188
4178, 157.95025634765625
4179, 157.95425415039062
4180, 157.958251953125
4181, 157.96224975585938
4182, 157.96624755859375
4183, 157.9702606201172
4184, 157.97425842285156
4185, 157.97825622558594
4186, 157.9822540283203
4187, 157.9862518310547
4188, 157.99024963378906
4189, 157.99424743652344
4190, 157.99826049804688
4191, 158.00225830078125
4192, 158.00625610351562
4193, 158.01025390625
4194, 158.01425170898438
4195, 158.01824951171875
4196, 158.0222625732422
4197, 158.02626037597656
4198, 158.03025817871094
4199, 158.0342559814453
4200, 158.0382537841797
4201, 158.04225158691406
4202, 158.04624938964844
4203, 158.05026245117188
4204, 158.05426025390625
4205, 158.05825805664062
4206, 158.062255859375
4207, 158.06625366210938
4208, 158.07025146484375
4209, 158.07424926757812
4210, 158.07826232910156
4211, 158.08226013183594
4212, 158.0862579345703
4213, 158.0902557373047
4214, 158.09425354003906
4215, 158.09825134277344
4216, 158.1022491455078
4217, 158.10626220703125
4218, 158.11026000976562
4219, 158.1142578125
4220, 158.11825561523438
4221, 158.12225341796875
4222, 158.12625122070312
4223, 158.1302490234375
4224, 158.13426208496094
4225, 158.1382598876953
4226, 158.1422576904297
4227, 158.14625549316406
4228, 158.15025329589844
4229, 158.1542510986328
4230, 158.1582489013672
4231, 158.16226196289062
4232, 158.166259765625
4233, 158.17025756835938
4234, 158.17425537109375
4235, 158.17825317382812
4236, 158.1822509765625
4237, 158.18624877929688
4238, 158.1902618408203
4239, 158.1942596435547
4240, 158.19825744628906
4241, 158.20225524902344
4242, 158.2062530517578
4243, 158.2102508544922
4244, 158.21424865722656
4245, 158.21826171875
4246, 158.22225952148438
4247, 158.22625732421875
4248, 158.23025512695312
4249, 158.2342529296875
4250, 158.23825073242188
4251, 158.24224853515625
4252, 158.2462615966797
4253, 158.25025939941406
4254, 158.25425720214844
4255, 158.2582550048828
4256, 158.2622528076172
4257, 158.26625061035156
4258, 158.27024841308594
4259, 158.27426147460938
4260, 158.27825927734375
4261, 158.28225708007812
4262, 158.2862548828125
4263, 158.29025268554688
4264, 158.29425048828125
4265, 158.29824829101562
4266, 158.30226135253906
4267, 158.30625915527344
4268, 158.3102569580078
4269, 158.3142547607422
4270, 158.31825256347656
4271, 158.32225036621094
4272, 158.3262481689453
4273, 158.33026123046875
4274, 158.33425903320312
4275, 158.3382568359375
4276, 158.34225463867188
4277, 158.34625244140625
4278, 158.35025024414062
4279, 158.354248046875
4280, 158.35826110839844
4281, 158.3622589111328
4282, 158.3662567138672
4283, 158.37025451660156
4284, 158.37425231933594
4285, 158.3782501220703
4286, 158.3822479248047
4287, 158.38626098632812
4288, 158.3902587890625
4289, 158.39425659179688
4290, 158.39825439453125
4291, 158.40225219726562
4292, 158.40625
4293, 158.41024780273438
4294, 158.4142608642578
4295, 158.4182586669922
4296, 158.42225646972656
4297, 158.42625427246094
4298, 158.4302520751953
4299, 158.4342498779297
4300, 158.43824768066406
4301, 158.4422607421875
4302, 158.44625854492188
4303, 158.45025634765625
4304, 158.45425415039062
4305, 158.458251953125
4306, 158.46224975585938
4307, 158.46624755859375
4308, 158.4702606201172
4309, 158.47425842285156
4310, 158.47825622558594
4311, 158.4822540283203
4312, 158.4862518310547
4313, 158.49024963378906
4314, 158.49424743652344
4315, 158.49826049804688
4316, 158.50225830078125
4317, 158.50625610351562
4318, 158.51025390625
4319, 158.51425170898438
4320, 158.51824951171875
4321, 158.5222625732422
4322, 158.52626037597656
4323, 158.53025817871094
4324, 158.5342559814453
4325, 158.5382537841797
4326, 158.54225158691406
4327, 158.54624938964844
4328, 158.55026245117188
4329, 158.55426025390625
4330, 158.55825805664062
4331, 158.562255859375
4332, 158.56625366210938
4333, 158.57025146484375
4334, 158.57424926757812
4335, 158.57826232910156
4336, 158.58226013183594
4337, 158.5862579345703
4338, 158.5902557373047
4339, 158.59425354003906
4340, 158.59825134277344
4341, 158.6022491455078
4342, 158.60626220703125
4343, 158.61026000976562
4344, 158.6142578125
4345, 158.61825561523438
4346, 158.62225341796875
4347, 158.62625122070312
4348, 158.6302490234375
4349, 158.63426208496094
4350, 158.6382598876953
4351, 158.6422576904297
4352, 158.64625549316406
4353, 158.65025329589844
4354, 158.6542510986328
4355, 158.6582489013672
4356, 158.66226196289062
4357, 158.666259765625
4358, 158.67025756835938
4359, 158.67425537109375
4360, 158.67825317382812
4361, 158.6822509765625
4362, 158.68624877929688
4363, 158.6902618408203
4364, 158.6942596435547
4365, 158.69825744628906
4366, 158.70225524902344
4367, 158.7062530517578
4368, 158.7102508544922
4369, 158.71424865722656
4370, 158.71826171875
4371, 158.72225952148438
4372, 158.72625732421875
4373, 158.73025512695312
4374, 158.7342529296875
4375, 158.73825073242188
4376, 158.74224853515625
4377, 158.7462615966797
4378, 158.75025939941406
4379, 158.75425720214844
4380, 158.7582550048828
4381, 158.7622528076172
4382, 158.76625061035156
4383, 158.77024841308594
4384, 158.77426147460938
4385, 158.77825927734375
4386, 158.78225708007812
4387, 158.7862548828125
4388, 158.79025268554688
4389, 158.79425048828125
4390, 158.79824829101562
4391, 158.80226135253906
4392, 158.80625915527344
4393, 158.8102569580078
4394, 158.8142547607422
4395, 158.81825256347656
4396, 158.82225036621094
4397, 158.8262481689453
4398, 158.83026123046875
4399, 158.83425903320312
4400, 158.8382568359375
4401, 158.84225463867188
4402, 158.84625244140625
4403, 158.85025024414062
4404, 158.854248046875
4405, 158.85826110839844
4406, 158.8622589111328
4407, 158.8662567138672
4408, 158.87025451660156
4409, 158.87425231933594
4410, 158.8782501220703
4411, 158.8822479248047
4412, 158.88626098632812
4413, 158.8902587890625
4414, 158.89425659179688
4415, 158.89825439453125
4416, 158.90225219726562
4417, 158.90625
4418, 158.91024780273438
4419, 158.9142608642578
4420, 158.9182586669922
4421, 158.92225646972656
4422, 158.92625427246094
4423, 158.9302520751953
4424, 158.9342498779297
4425, 158.93824768066406
4426, 158.9422607421875
4427, 158.94625854492188
4428, 158.95025634765625
4429, 158.95425415039062
4430, 158.958251953125
4431, 158.96224975585938
4432, 158.96624755859375
4433, 158.9702606201172
4434, 158.97425842285156
4435, 158.97825622558594
4436, 158.9822540283203
4437, 158.9862518310547
4438, 158.99024963378906
4439, 158.99424743652344
4440, 158.99826049804688
4441, 159.00225830078125
4442, 159.00625610351562
4443, 159.01025390625
4444, 159.01425170898438
4445, 159.01824951171875
4446, 159.0222625732422
4447, 159.02626037597656
4448, 159.03025817871094
4449, 159.0342559814453
4450, 159.0382537841797
4451, 159.04225158691406
4452, 159.04624938964844
4453, 159.05026245117188
4454, 159.05426025390625
4455, 159.05825805664062
4456, 159.062255859375
4457, 159.06625366210938
4458, 159.07025146484375
4459, 159.07424926757812
4460, 159.07826232910156
4461, 159.08226013183594
4462, 159.0862579345703
4463, 159.0902557373047
4464, 159.09425354003906
4465, 159.09825134277344
4466, 159.1022491455078
4467, 159.10626220703125
4468, 159.11026000976562
4469, 159.1142578125
4470, 159.11825561523438
4471, 159.12225341796875
4472, 159.12625122070312
4473, 159.1302490234375
4474, 159.13426208496094
4475, 159.1382598876953
4476, 159.1422576904297
4477, 159.14625549316406
4478, 159.15025329589844
4479, 159.1542510986328
4480, 159.1582489013672
4481, 159.16226196289062
4482, 159.166259765625
4483, 159.17025756835938
4484, 159.17425537109375
4485, 159.17825317382812
4486, 159.1822509765625
4487, 159.18624877929688
4488, 159.1902618408203
4489, 159.1942596435547
4490, 159.19825744628906
4491, 159.20225524902344
4492, 159.2062530517578
4493, 159.2102508544922
4494, 159.21424865722656
4495, 159.21826171875
4496, 159.22225952148438
4497, 159.22625732421875
4498, 159.23025512695312
4499, 159.2342529296875
4500, 159.23825073242188
4501, 159.24224853515625
4502, 159.2462615966797
4503, 159.25025939941406
4504, 159.25425720214844
4505, 159.2582550048828
4506, 159.2622528076172
4507, 159.26625061035156
4508, 159.27024841308594
4509, 159.27426147460938
4510, 159.27825927734375
4511, 159.28225708007812
4512, 159.2862548828125
4513, 159.29025268554688
4514, 159.29425048828125
4515, 159.29824829101562
4516, 159.30226135253906
4517, 159.30625915527344
4518, 159.3102569580078
4519, 159.3142547607422
4520, 159.31825256347656
4521, 159.32225036621094
4522, 159.3262481689453
4523, 159.33026123046875
4524, 159.33425903320312
4525, 159.3382568359375
4526, 159.34225463867188
4527, 159.34625244140625
4528, 159.35025024414062
4529, 159.354248046875
4530, 159.35826110839844
4531, 159.3622589111328
4532, 159.3662567138672
4533, 159.37025451660156
4534, 159.37425231933594
4535, 159.3782501220703
4536, 159.3822479248047
4537, 159.38626098632812
4538, 159.3902587890625
4539, 159.39425659179688
4540, 159.39825439453125
4541, 159.40225219726562
4542, 159.40625
4543, 159.41024780273438
4544, 159.4142608642578
4545, 159.4182586669922
4546, 159.42225646972656
4547, 159.42625427246094
4548, 159.4302520751953
4549, 159.4342498779297
4550, 159.43824768066406
4551, 159.4422607421875
4552, 159.44625854492188
4553, 159.45025634765625
4554, 159.45425415039062
4555, 159.458251953125
4556, 159.46224975585938
4557, 159.46624755859375
4558, 159.4702606201172
4559, 159.47425842285156
4560, 159.47825622558594
4561, 159.4822540283203
4562, 159.4862518310547
4563, 159.49024963378906
4564, 159.49424743652344
4565, 159.49826049804688
4566, 159.50225830078125
4567, 159.50625610351562
4568, 159.51025390625
4569, 159.51425170898438
4570, 159.51824951171875
4571, 159.5222625732422
4572, 159.52626037597656
4573, 159.53025817871094
4574, 159.5342559814453
4575, 159.5382537841797
4576, 159.54225158691406
4577, 159.54624938964844
4578, 159.55026245117188
4579, 159.55426025390625
4580, 159.55825805664062
4581, 159.562255859375
4582, 159.56625366210938
4583, 159.57025146484375
4584, 159.57424926757812
4585, 159.57826232910156
4586, 159.58226013183594
4587, 159.5862579345703
4588, 159.5902557373047
4589, 159.59425354003906
4590, 159.59825134277344
4591, 159.6022491455078
4592, 159.60626220703125
4593, 159.61026000976562
4594, 159.6142578125
4595, 159.61825561523438
4596, 159.62225341796875
4597, 159.62625122070312
4598, 159.6302490234375
4599, 159.63426208496094
4600, 159.6382598876953
4601, 159.6422576904297
4602, 159.64625549316406
4603, 159.65025329589844
4604, 159.6542510986328
4605, 159.6582489013672
4606, 159.66226196289062
4607, 159.666259765625
4608, 159.67025756835938
4609, 159.67425537109375
4610, 159.67825317382812
4611, 159.6822509765625
4612, 159.68624877929688
4613, 159.6902618408203
4614, 159.6942596435547
4615, 159.69825744628906
4616, 159.70225524902344
4617, 159.7062530517578
4618, 159.7102508544922
4619, 159.71424865722656
4620, 159.71826171875
4621, 159.72225952148438
4622, 159.72625732421875
4623, 159.73025512695312
4624, 159.7342529296875
4625, 159.73825073242188
4626, 159.74224853515625
4627, 159.7462615966797
4628, 159.75025939941406
4629, 159.75425720214844
4630, 159.7582550048828
4631, 159.7622528076172
4632, 159.76625061035156
4633, 159.77024841308594
4634, 159.77426147460938
4635, 159.77825927734375
4636, 159.78225708007812
4637, 159.7862548828125
4638, 159.79025268554688
4639, 159.79425048828125
4640, 159.79824829101562
4641, 159.80226135253906
4642, 159.80625915527344
4643, 159.8102569580078
4644, 159.8142547607422
4645, 159.81825256347656
4646, 159.82225036621094
4647, 159.8262481689453
4648, 159.83026123046875
4649, 159.83425903320312
4650, 159.8382568359375
4651, 159.84225463867188
4652, 159.84625244140625
4653, 159.85025024414062
4654, 159.854248046875
4655, 159.85826110839844
4656, 159.8622589111328
4657, 159.8662567138672
4658, 159.87025451660156
4659, 159.87425231933594
4660, 159.8782501220703
4661, 159.8822479248047
4662, 159.88626098632812
4663, 159.8902587890625
4664, 159.89425659179688
4665, 159.89825439453125
4666, 159.90225219726562
4667, 159.90625
4668, 159.91024780273438
4669, 159.9142608642578
4670, 159.9182586669922
4671, 159.92225646972656
4672, 159.92625427246094
4673, 159.9302520751953
4674, 159.9342498779297
4675, 159.93824768066406
4676, 159.9422607421875
4677, 159.94625854492188
4678, 159.95025634765625
4679, 159.95425415039062
4680, 159.958251953125
4681, 159.96224975585938
4682, 159.96624755859375
4683, 159.9702606201172
4684, 159.97425842285156
4685, 159.97825622558594
4686, 159.9822540283203
4687, 159.9862518310547
4688, 159.99024963378906
4689, 159.99424743652344
4690, 159.99826049804688
4691, 160.00225830078125
4692, 160.00625610351562
4693, 160.01025390625
4694, 160.01425170898438
4695, 160.01824951171875
4696, 160.0222625732422
4697, 160.02626037597656
4698, 160.03025817871094
4699, 160.0342559814453
4700, 160.0382537841797
4701, 160.04225158691406
4702, 160.04624938964844
4703, 160.05026245117188
4704, 160.05426025390625
4705, 160.05825805664062
4706, 160.062255859375
4707, 160.06625366210938
4708, 160.07025146484375
4709, 160.07424926757812
4710, 160.07826232910156
4711, 160.08226013183594
4712, 160.0862579345703
4713, 160.0902557373047
4714, 160.09425354003906
4715, 160.09825134277344
4716, 160.1022491455078
4717, 160.10626220703125
4718, 160.11026000976562
4719, 160.1142578125
4720, 160.11825561523438
4721, 160.12225341796875
4722, 160.12625122070312
4723, 160.1302490234375
4724, 160.13426208496094
4725, 160.1382598876953
4726, 160.1422576904297
4727, 160.14625549316406
4728, 160.15025329589844
4729, 160.1542510986328
4730, 160.1582489013672
4731, 160.16226196289062
4732, 160.166259765625
4733, 160.17025756835938
4734, 160.17425537109375
4735, 160.17825317382812
4736, 160.1822509765625
4737, 160.18624877929688
4738, 160.1902618408203
4739, 160.1942596435547
4740, 160.19825744628906
4741, 160.20225524902344
4742, 160.2062530517578
4743, 160.2102508544922
4744, 160.21424865722656
4745, 160.21826171875
4746, 160.22225952148438
4747, 160.22625732421875
4748, 160.23025512695312
4749, 160.2342529296875
4750, 160.23825073242188
4751, 160.24224853515625
4752, 160.2462615966797
4753, 160.25025939941406
4754, 160.25425720214844
4755, 160.2582550048828
4756, 160.2622528076172
4757, 160.26625061035156
4758, 160.27024841308594
4759, 160.27426147460938
4760, 160.27825927734375
4761, 160.28225708007812
4762, 160.2862548828125
4763, 160.29025268554688
4764, 160.29425048828125
4765, 160.29824829101562
4766, 160.30226135253906
4767, 160.30625915527344
4768, 160.3102569580078
4769, 160.3142547607422
4770, 160.31825256347656
4771, 160.32225036621094
4772, 160.3262481689453
4773, 160.33026123046875
4774, 160.33425903320312
4775, 160.3382568359375
4776, 160.34225463867188
4777, 160.34625244140625
4778, 160.35025024414062
4779, 160.354248046875
4780, 160.35826110839844
4781, 160.3622589111328
4782, 160.3662567138672
4783, 160.37025451660156
4784, 160.37425231933594
4785, 160.3782501220703
4786, 160.3822479248047
4787, 160.38626098632812
4788, 160.3902587890625
4789, 160.39425659179688
4790, 160.39825439453125
4791, 160.40225219726562
4792, 160.40625
4793, 160.41024780273438
4794, 160.4142608642578
4795, 160.4182586669922
4796, 160.42225646972656
4797, 160.42625427246094
4798, 160.4302520751953
4799, 160.4342498779297
4800, 160.43824768066406
4801, 160.4422607421875
4802, 160.44625854492188
4803, 160.45025634765625
4804, 160.45425415039062
4805, 160.458251953125
4806, 160.46224975585938
4807, 160.46624755859375
4808, 160.4702606201172
4809, 160.47425842285156
4810, 160.47825622558594
4811, 160.4822540283203
4812, 160.4862518310547
4813, 160.49024963378906
4814, 160.49424743652344
4815, 160.49826049804688
4816, 160.50225830078125
4817, 160.50625610351562
4818, 160.51025390625
4819, 160.51425170898438
4820, 160.51824951171875
4821, 160.5222625732422
4822, 160.52626037597656
4823, 160.53025817871094
4824, 160.5342559814453
4825, 160.5382537841797
4826, 160.54225158691406
4827, 160.54624938964844
4828, 160.55026245117188
4829, 160.55426025390625
4830, 160.55825805664062
4831, 160.562255859375
4832, 160.56625366210938
4833, 160.57025146484375
4834, 160.57424926757812
4835, 160.57826232910156
4836, 160.58226013183594
4837, 160.5862579345703
4838, 160.5902557373047
4839, 160.59425354003906
4840, 160.59825134277344
4841, 160.6022491455078
4842, 160.60626220703125
4843, 160.61026000976562
4844, 160.6142578125
4845, 160.61825561523438
4846, 160.62225341796875
4847, 160.62625122070312
4848, 160.6302490234375
4849, 160.63426208496094
4850, 160.6382598876953
4851, 160.6422576904297
4852, 160.64625549316406
4853, 160.65025329589844
4854, 160.6542510986328
4855, 160.6582489013672
4856, 160.66226196289062
4857, 160.666259765625
4858, 160.67025756835938
4859, 160.67425537109375
4860, 160.67825317382812
4861, 160.6822509765625
4862, 160.68624877929688
4863, 160.6902618408203
4864, 160.6942596435547
4865, 160.69825744628906
4866, 160.70225524902344
4867, 160.7062530517578
4868, 160.7102508544922
4869, 160.71424865722656
4870, 160.71826171875
4871, 160.72225952148438
4872, 160.72625732421875
4873, 160.73025512695312
4874, 160.7342529296875
4875, 160.73825073242188
4876, 160.74224853515625
4877, 160.7462615966797
4878, 160.75025939941406
4879, 160.75425720214844
4880, 160.7582550048828
4881, 160.7622528076172
4882, 160.76625061035156
4883, 160.77024841308594
4884, 160.77426147460938
4885, 160.77825927734375
4886, 160.78225708007812
4887, 160.7862548828125
4888, 160.79025268554688
4889, 160.79425048828125
4890, 160.79824829101562
4891, 160.80226135253906
4892, 160.80625915527344
4893, 160.8102569580078
4894, 160.8142547607422
4895, 160.81825256347656
4896, 160.82225036621094
4897, 160.8262481689453
4898, 160.83026123046875
4899, 160.83425903320312
4900, 160.8382568359375
4901, 160.84225463867188
4902, 160.84625244140625
4903, 160.85025024414062
4904, 160.854248046875
4905, 160.85826110839844
4906, 160.8622589111328
4907, 160.8662567138672
4908, 160.87025451660156
4909, 160.87425231933594
4910, 160.8782501220703
4911, 160.8822479248047
4912, 160.88626098632812
4913, 160.8902587890625
4914, 160.89425659179688
4915, 160.89825439453125
4916, 160.90225219726562
4917, 160.90625
4918, 160.91024780273438
4919, 160.9142608642578
4920, 160.9182586669922
4921, 160.92225646972656
4922, 160.92625427246094
4923, 160.9302520751953
4924, 160.9342498779297
4925, 160.93824768066406
4926, 160.9422607421875
4927, 160.94625854492188
4928, 160.95025634765625
4929, 160.95425415039062
4930, 160.958251953125
4931, 160.96224975585938
4932, 160.96624755859375
4933, 160.9702606201172
4934, 160.97425842285156
4935, 160.97825622558594
4936, 160.9822540283203
4937, 160.9862518310547
4938, 160.99024963378906
4939, 160.99424743652344
4940, 160.99826049804688
4941, 161.00225830078125
4942, 161.00625610351562
4943, 161.01025390625
4944, 161.01425170898438
4945, 161.01824951171875
4946, 161.0222625732422
4947, 161.02626037597656
4948, 161.03025817871094
4949, 161.0342559814453
4950, 161.0382537841797
4951, 161.04225158691406
4952, 161.04624938964844
4953, 161.05026245117188
4954, 161.05426025390625
4955, 161.05825805664062
4956, 161.062255859375
4957, 161.06625366210938
4958, 161.07025146484375
4959, 161.07424926757812
4960, 161.07826232910156
4961, 161.08226013183594
4962, 161.0862579345703
4963, 161.0902557373047
4964, 161.09425354003906
4965, 161.09825134277344
4966, 161.1022491455078
4967, 161.10626220703125
4968, 161.11026000976562
4969, 161.1142578125
4970, 161.11825561523438
4971, 161.12225341796875
4972, 161.12625122070312
4973, 161.1302490234375
4974, 161.13426208496094
4975, 161.1382598876953
4976, 161.1422576904297
4977, 161.14625549316406
4978, 161.15025329589844
4979, 161.1542510986328
4980, 161.1582489013672
4981, 161.16226196289062
4982, 161.166259765625
4983, 161.17025756835938
4984, 161.17425537109375
4985, 161.17825317382812
4986, 161.1822509765625
4987, 161.18624877929688
4988, 161.1902618408203
4989, 161.1942596435547
4990, 161.19825744628906
4991, 161.20225524902344
4992, 161.2062530517578
4993, 161.2102508544922
4994, 161.21424865722656
4995, 161.21826171875
4996, 161.22225952148438
4997, 161.22625732421875
4998, 161.23025512695312
4999, 161.2342529296875
5000, 161.23825073242188
5001, 161.24224853515625
5002, 161.2462615966797
5003, 161.25025939941406
5004, 161.25425720214844
5005, 161.2582550048828
5006, 161.2622528076172
5007, 161.26625061035156
5008, 161.27024841308594
5009, 161.27426147460938
5010, 161.27825927734375
5011, 161.28225708007812
5012, 161.2862548828125
5013, 161.29025268554688
5014, 161.29425048828125
5015, 161.29824829101562
5016, 161.30226135253906
5017, 161.30625915527344
5018, 161.3102569580078
5019, 161.3142547607422
5020, 161.31825256347656
5021, 161.32225036621094
5022, 161.3262481689453
5023, 161.33026123046875
5024, 161.33425903320312
5025, 161.3382568359375
5026, 161.34225463867188
5027, 161.34625244140625
5028, 161.35025024414062
5029, 161.354248046875
5030, 161.35826110839844
5031, 161.3622589111328
5032, 161.3662567138672
5033, 161.37025451660156
5034, 161.37425231933594
5035, 161.3782501220703
5036, 161.3822479248047
5037, 161.38626098632812
5038, 161.3902587890625
5039, 161.39425659179688
5040, 161.39825439453125
5041, 161.40225219726562
5042, 161.40625
5043, 161.41024780273438
5044, 161.4142608642578
5045, 161.4182586669922
5046, 161.42225646972656
5047, 161.42625427246094
5048, 161.4302520751953
5049, 161.4342498779297
5050, 161.43824768066406
5051, 161.4422607421875
5052, 161.44625854492188
5053, 161.45025634765625
5054, 161.45425415039062
5055, 161.458251953125
5056, 161.46224975585938
5057, 161.46624755859375
5058, 161.4702606201172
5059, 161.47425842285156
5060, 161.47825622558594
5061, 161.4822540283203
5062, 161.4862518310547
5063, 161.49024963378906
5064, 161.49424743652344
5065, 161.49826049804688
5066, 161.50225830078125
5067, 161.50625610351562
5068, 161.51025390625
5069, 161.51425170898438
5070, 161.51824951171875
5071, 161.5222625732422
5072, 161.52626037597656
5073, 161.53025817871094
5074, 161.5342559814453
5075, 161.5382537841797
5076, 161.54225158691406
5077, 161.54624938964844
5078, 161.55026245117188
5079, 161.55426025390625
5080, 161.55825805664062
5081, 161.562255859375
5082, 161.56625366210938
5083, 161.57025146484375
5084, 161.57424926757812
5085, 161.57826232910156
5086, 161.58226013183594
5087, 161.5862579345703
5088, 161.5902557373047
5089, 161.59425354003906
5090, 161.59825134277344
5091, 161.6022491455078
5092, 161.60626220703125
5093, 161.61026000976562
5094, 161.6142578125
5095, 161.61825561523438
5096, 161.62225341796875
5097, 161.62625122070312
5098, 161.6302490234375
5099, 161.63426208496094
5100, 161.6382598876953
5101, 161.6422576904297
5102, 161.64625549316406
5103, 161.65025329589844
5104, 161.6542510986328
5105, 161.6582489013672
5106, 161.66226196289062
5107, 161.666259765625
5108, 161.67025756835938
5109, 161.67425537109375
5110, 161.67825317382812
5111, 161.6822509765625
5112, 161.68624877929688
5113, 161.6902618408203
5114, 161.6942596435547
5115, 161.69825744628906
5116, 161.70225524902344
5117, 161.7062530517578
5118, 161.7102508544922
5119, 161.71424865722656
5120, 161.71826171875
5121, 161.72225952148438
5122, 161.72625732421875
5123, 161.73025512695312
5124, 161.7342529296875
5125, 161.73825073242188
5126, 161.74224853515625
5127, 161.7462615966797
5128, 161.75025939941406
5129, 161.75425720214844
5130, 161.7582550048828
5131, 161.7622528076172
5132, 161.76625061035156
5133, 161.77024841308594
5134, 161.77426147460938
5135, 161.77825927734375
5136, 161.78225708007812
5137, 161.7862548828125
5138, 161.79025268554688
5139, 161.79425048828125
5140, 161.79824829101562
5141, 161.80226135253906
5142, 161.80625915527344
5143, 161.8102569580078
5144, 161.8142547607422
5145, 161.81825256347656
5146, 161.82225036621094
5147, 161.8262481689453
5148, 161.83026123046875
5149, 161.83425903320312
5150, 161.8382568359375
5151, 161.84225463867188
5152, 161.84625244140625
5153, 161.85025024414062
5154, 161.854248046875
5155, 161.85826110839844
5156, 161.8622589111328
5157, 161.8662567138672
5158, 161.87025451660156
5159, 161.87425231933594
5160, 161.8782501220703
5161, 161.8822479248047
5162, 161.88626098632812
5163, 161.8902587890625
5164, 161.89425659179688
5165, 161.89825439453125
5166, 161.90225219726562
5167, 161.90625
5168, 161.91024780273438
5169, 161.9142608642578
5170, 161.9182586669922
5171, 161.92225646972656
5172, 161.92625427246094
5173, 161.9302520751953
5174, 161.9342498779297
5175, 161.93824768066406
5176, 161.9422607421875
5177, 161.94625854492188
5178, 161.95025634765625
5179, 161.95425415039062
5180, 161.958251953125
5181, 161.96224975585938
5182, 161.96624755859375
5183, 161.9702606201172
5184, 161.97425842285156
5185, 161.97825622558594
5186, 161.9822540283203
5187, 161.9862518310547
5188, 161.99024963378906
5189, 161.99424743652344
5190, 161.99826049804688
5191, 162.00225830078125
5192, 162.00625610351562
5193, 162.01025390625
5194, 162.01425170898438
5195, 162.01824951171875
5196, 162.0222625732422
5197, 162.02626037597656
5198, 162.03025817871094
5199, 162.0342559814453
5200, 162.0382537841797
5201, 162.04225158691406
5202, 162.04624938964844
5203, 162.05026245117188
5204, 162.05426025390625
5205, 162.05825805664062
5206, 162.062255859375
5207, 162.06625366210938
5208, 162.07025146484375
5209, 162.07424926757812
5210, 162.07826232910156
5211, 162.08226013183594
5212, 162.0862579345703
5213, 162.0902557373047
5214, 162.09425354003906
5215, 162.09825134277344
5216, 162.1022491455078
5217, 162.10626220703125
5218, 162.11026000976562
5219, 162.1142578125
5220, 162.11825561523438
5221, 162.12225341796875
5222, 162.12625122070312
5223, 162.1302490234375
5224, 162.13426208496094
5225, 162.1382598876953
5226, 162.1422576904297
5227, 162.14625549316406
5228, 162.15025329589844
5229, 162.1542510986328
5230, 162.1582489013672
5231, 162.16226196289062
5232, 162.166259765625
5233, 162.17025756835938
5234, 162.17425537109375
5235, 162.17825317382812
5236, 162.1822509765625
5237, 162.18624877929688
5238, 162.1902618408203
5239, 162.1942596435547
5240, 162.19825744628906
5241, 162.20225524902344
5242, 162.2062530517578
5243, 162.2102508544922
5244, 162.21424865722656
5245, 162.21826171875
5246, 162.22225952148438
5247, 162.22625732421875
5248, 162.23025512695312
5249, 162.2342529296875
5250, 162.23825073242188
5251, 162.24224853515625
5252, 162.2462615966797
5253, 162.25025939941406
5254, 162.25425720214844
5255, 162.2582550048828
5256, 162.2622528076172
5257, 162.26625061035156
5258, 162.27024841308594
5259, 162.27426147460938
5260, 162.27825927734375
5261, 162.28225708007812
5262, 162.2862548828125
5263, 162.29025268554688
5264, 162.29425048828125
5265, 162.29824829101562
5266, 162.30226135253906
5267, 162.30625915527344
5268, 162.3102569580078
5269, 162.3142547607422
5270, 162.31825256347656
5271, 162.32225036621094
5272, 162.3262481689453
5273, 162.33026123046875
5274, 162.33425903320312
5275, 162.3382568359375
5276, 162.34225463867188
5277, 162.34625244140625
5278, 162.35025024414062
5279, 162.354248046875
5280, 162.35826110839844
5281, 162.3622589111328
5282, 162.3662567138672
5283, 162.37025451660156
5284, 162.37425231933594
5285, 162.3782501220703
5286, 162.3822479248047
5287, 162.38626098632812
5288, 162.3902587890625
5289, 162.39425659179688
5290, 162.39825439453125
5291, 162.40225219726562
5292, 162.40625
5293, 162.41024780273438
5294, 162.4142608642578
5295, 162.4182586669922
5296, 162.42225646972656
5297, 162.42625427246094
5298, 162.4302520751953
5299, 162.4342498779297
5300, 162.43824768066406
5301, 162.4422607421875
5302, 162.44625854492188
5303, 162.45025634765625
5304, 162.45425415039062
5305, 162.458251953125
5306, 162.46224975585938
5307, 162.46624755859375
5308, 162.4702606201172
5309, 162.47425842285156
5310, 162.47825622558594
5311, 162.4822540283203
5312, 162.4862518310547
5313, 162.49024963378906
5314, 162.49424743652344
5315, 162.49826049804688
5316, 162.50225830078125
5317, 162.50625610351562
5318, 162.51025390625
5319, 162.51425170898438
5320, 162.51824951171875
5321, 162.5222625732422
5322, 162.52626037597656
5323, 162.53025817871094
5324, 162.5342559814453
5325, 162.5382537841797
5326, 162.54225158691406
5327, 162.54624938964844
5328, 162.55026245117188
5329, 162.55426025390625
5330, 162.55825805664062
5331, 162.562255859375
5332, 162.56625366210938
5333, 162.57025146484375
5334, 162.57424926757812
5335, 162.57826232910156
5336, 162.58226013183594
5337, 162.5862579345703
5338, 162.5902557373047
5339, 162.59425354003906
5340, 162.59825134277344
5341, 162.6022491455078
5342, 162.60626220703125
5343, 162.61026000976562
5344, 162.6142578125
5345, 162.61825561523438
5346, 162.62225341796875
5347, 162.62625122070312
5348, 162.6302490234375
5349, 162.63426208496094
5350, 162.6382598876953
5351, 162.6422576904297
5352, 162.64625549316406
5353, 162.65025329589844
5354, 162.6542510986328
5355, 162.6582489013672
5356, 162.66226196289062
5357, 162.666259765625
5358, 162.67025756835938
5359, 162.67425537109375
5360, 162.67825317382812
5361, 162.6822509765625
5362, 162.68624877929688
5363, 162.6902618408203
5364, 162.6942596435547
5365, 162.69825744628906
5366, 162.70225524902344
5367, 162.7062530517578
5368, 162.7102508544922
5369, 162.71424865722656
5370, 162.71826171875
5371, 162.72225952148438
5372, 162.72625732421875
5373, 162.73025512695312
5374, 162.7342529296875
5375, 162.73825073242188
5376, 162.74224853515625
5377, 162.7462615966797
5378, 162.75025939941406
5379, 162.75425720214844
5380, 162.7582550048828
5381, 162.7622528076172
5382, 162.76625061035156
5383, 162.77024841308594
5384, 162.77426147460938
5385, 162.77825927734375
5386, 162.78225708007812
5387, 162.7862548828125
5388, 162.79025268554688
5389, 162.79425048828125
5390, 162.79824829101562
5391, 162.80226135253906
5392, 162.80625915527344
5393, 162.8102569580078
5394, 162.8142547607422
5395, 162.81825256347656
5396, 162.82225036621094
5397, 162.8262481689453
5398, 162.83026123046875
5399, 162.83425903320312
5400, 162.8382568359375
5401, 162.84225463867188
5402, 162.84625244140625
5403, 162.85025024414062
5404, 162.854248046875
5405, 162.85826110839844
5406, 162.8622589111328
5407, 162.8662567138672
5408, 162.87025451660156
5409, 162.87425231933594
5410, 162.8782501220703
5411, 162.8822479248047
5412, 162.88626098632812
5413, 162.8902587890625
5414, 162.89425659179688
5415, 162.89825439453125
5416, 162.90225219726562
5417, 162.90625
5418, 162.91024780273438
5419, 162.9142608642578
5420, 162.9182586669922
5421, 162.92225646972656
5422, 162.92625427246094
5423, 162.9302520751953
5424, 162.9342498779297
5425, 162.93824768066406
5426, 162.9422607421875
5427, 162.94625854492188
5428, 162.95025634765625
5429, 162.95425415039062
5430, 162.958251953125
5431, 162.96224975585938
5432, 162.96624755859375
5433, 162.9702606201172
5434, 162.97425842285156
5435, 162.97825622558594
5436, 162.9822540283203
5437, 162.9862518310547
5438, 162.99024963378906
5439, 162.99424743652344
5440, 162.99826049804688
5441, 163.00225830078125
5442, 163.00625610351562
5443, 163.01025390625
5444, 163.01425170898438
5445, 163.01824951171875
5446, 163.0222625732422
5447, 163.02626037597656
5448, 163.03025817871094
5449, 163.0342559814453
5450, 163.0382537841797
5451, 163.04225158691406
5452, 163.04624938964844
5453, 163.05026245117188
5454, 163.05426025390625
5455, 163.05825805664062
5456, 163.062255859375
5457, 163.06625366210938
5458, 163.07025146484375
5459, 163.07424926757812
5460, 163.07826232910156
5461, 163.08226013183594
5462, 163.0862579345703
5463, 163.0902557373047
5464, 163.09425354003906
5465, 163.09825134277344
5466, 163.1022491455078
5467, 163.10626220703125
5468, 163.11026000976562
5469, 163.1142578125
5470, 163.11825561523438
5471, 163.12225341796875
5472, 163.12625122070312
5473, 163.1302490234375
5474, 163.13426208496094
5475, 163.1382598876953
5476, 163.1422576904297
5477, 163.14625549316406
5478, 163.15025329589844
5479, 163.1542510986328
5480, 163.1582489013672
5481, 163.16226196289062
5482, 163.166259765625
5483, 163.17025756835938
5484, 163.17425537109375
5485, 163.17825317382812
5486, 163.1822509765625
5487, 163.18624877929688
5488, 163.1902618408203
5489, 163.1942596435547
5490, 163.19825744628906
5491, 163.20225524902344
5492, 163.2062530517578
5493, 163.2102508544922
5494, 163.21424865722656
5495, 163.21826171875
5496, 163.22225952148438
5497, 163.22625732421875
5498, 163.23025512695312
5499, 163.2342529296875
5500, 163.23825073242188
5501, 163.24224853515625
5502, 163.2462615966797
5503, 163.25025939941406
5504, 163.25425720214844
5505, 163.2582550048828
5506, 163.2622528076172
5507, 163.26625061035156
5508, 163.27024841308594
5509, 163.27426147460938
5510, 163.27825927734375
5511, 163.28225708007812
5512, 163.2862548828125
5513, 163.29025268554688
5514, 163.29425048828125
5515, 163.29824829101562
5516, 163.30226135253906
5517, 163.30625915527344
5518, 163.3102569580078
5519, 163.3142547607422
5520, 163.31825256347656
5521, 163.32225036621094
5522, 163.3262481689453
5523, 163.33026123046875
5524, 163.33425903320312
5525, 163.3382568359375
5526, 163.34225463867188
5527, 163.34625244140625
5528, 163.35025024414062
5529, 163.354248046875
5530, 163.35826110839844
5531, 163.3622589111328
5532, 163.3662567138672
5533, 163.37025451660156
5534, 163.37425231933594
5535, 163.3782501220703
5536, 163.3822479248047
5537, 163.38626098632812
5538, 163.3902587890625
5539, 163.39425659179688
5540, 163.39825439453125
5541, 163.40225219726562
5542, 163.40625
5543, 163.41024780273438
5544, 163.4142608642578
5545, 163.4182586669922
5546, 163.42225646972656
5547, 163.42625427246094
5548, 163.4302520751953
5549, 163.4342498779297
5550, 163.43824768066406
5551, 163.4422607421875
5552, 163.44625854492188
5553, 163.45025634765625
5554, 163.45425415039062
5555, 163.458251953125
5556, 163.46224975585938
5557, 163.46624755859375
5558, 163.4702606201172
5559, 163.47425842285156
5560, 163.47825622558594
5561, 163.4822540283203
5562, 163.4862518310547
5563, 163.49024963378906
5564, 163.49424743652344
5565, 163.49826049804688
5566, 163.50225830078125
5567, 163.50625610351562
5568, 163.51025390625
5569, 163.51425170898438
5570, 163.51824951171875
5571, 163.5222625732422
5572, 163.52626037597656
5573, 163.53025817871094
5574, 163.5342559814453
5575, 163.5382537841797
5576, 163.54225158691406
5577, 163.54624938964844
5578, 163.55026245117188
5579, 163.55426025390625
5580, 163.55825805664062
5581, 163.562255859375
5582, 163.56625366210938
5583, 163.57025146484375
5584, 163.57424926757812
5585, 163.57826232910156
5586, 163.58226013183594
5587, 163.5862579345703
5588, 163.5902557373047
5589, 163.59425354003906
5590, 163.59825134277344
5591, 163.6022491455078
5592, 163.60626220703125
5593, 163.61026000976562
5594, 163.6142578125
5595, 163.61825561523438
5596, 163.62225341796875
5597, 163.62625122070312
5598, 163.6302490234375
5599, 163.63426208496094
5600, 163.6382598876953
5601, 163.6422576904297
5602, 163.64625549316406
5603, 163.65025329589844
5604, 163.6542510986328
5605, 163.6582489013672
5606, 163.66226196289062
5607, 163.666259765625
5608, 163.67025756835938
5609, 163.67425537109375
5610, 163.67825317382812
5611, 163.6822509765625
5612, 163.68624877929688
5613, 163.6902618408203
5614, 163.6942596435547
5615, 163.69825744628906
5616, 163.70225524902344
5617, 163.7062530517578
5618, 163.7102508544922
5619, 163.71424865722656
5620, 163.71826171875
5621, 163.72225952148438
5622, 163.72625732421875
5623, 163.73025512695312
5624, 163.7342529296875
5625, 163.73825073242188
5626, 163.74224853515625
5627, 163.7462615966797
5628, 163.75025939941406
5629, 163.75425720214844
5630, 163.7582550048828
5631, 163.7622528076172
5632, 163.76625061035156
5633, 163.77024841308594
5634, 163.77426147460938
5635, 163.77825927734375
5636, 163.78225708007812
5637, 163.7862548828125
5638, 163.79025268554688
5639, 163.79425048828125
5640, 163.79824829101562
5641, 163.80226135253906
5642, 163.80625915527344
5643, 163.8102569580078
5644, 163.8142547607422
5645, 163.81825256347656
5646, 163.82225036621094
5647, 163.8262481689453
5648, 163.83026123046875
5649, 163.83425903320312
5650, 163.8382568359375
5651, 163.84225463867188
5652, 163.84625244140625
5653, 163.85025024414062
5654, 163.854248046875
5655, 163.85826110839844
5656, 163.8622589111328
5657, 163.8662567138672
5658, 163.87025451660156
5659, 163.87425231933594
5660, 163.8782501220703
5661, 163.8822479248047
5662, 163.88626098632812
5663, 163.8902587890625
5664, 163.89425659179688
5665, 163.89825439453125
5666, 163.90225219726562
5667, 163.90625
5668, 163.91024780273438
5669, 163.9142608642578
5670, 163.9182586669922
5671, 163.92225646972656
5672, 163.92625427246094
5673, 163.9302520751953
5674, 163.9342498779297
5675, 163.93824768066406
5676, 163.9422607421875
5677, 163.94625854492188
5678, 163.95025634765625
5679, 163.95425415039062
5680, 163.958251953125
5681, 163.96224975585938
5682, 163.96624755859375
5683, 163.9702606201172
5684, 163.97425842285156
5685, 163.97825622558594
5686, 163.9822540283203
5687, 163.9862518310547
5688, 163.99024963378906
5689, 163.99424743652344
5690, 163.99826049804688
5691, 164.00225830078125
5692, 164.00625610351562
5693, 164.01025390625
5694, 164.01425170898438
5695, 164.01824951171875
5696, 164.0222625732422
5697, 164.02626037597656
5698, 164.03025817871094
5699, 164.0342559814453
5700, 164.0382537841797
5701, 164.04225158691406
5702, 164.04624938964844
5703, 164.05026245117188
5704, 164.05426025390625
5705, 164.05825805664062
5706, 164.062255859375
5707, 164.06625366210938
5708, 164.07025146484375
5709, 164.07424926757812
5710, 164.07826232910156
5711, 164.08226013183594
5712, 164.0862579345703
5713, 164.0902557373047
5714, 164.09425354003906
5715, 164.09825134277344
5716, 164.1022491455078
5717, 164.10626220703125
5718, 164.11026000976562
5719, 164.1142578125
5720, 164.11825561523438
5721, 164.12225341796875
5722, 164.12625122070312
5723, 164.1302490234375
5724, 164.13426208496094
5725, 164.1382598876953
5726, 164.1422576904297
5727, 164.14625549316406
5728, 164.15025329589844
5729, 164.1542510986328
5730, 164.1582489013672
5731, 164.16226196289062
5732, 164.166259765625
5733, 164.17025756835938
5734, 164.17425537109375
5735, 164.17825317382812
5736, 164.1822509765625
5737, 164.18624877929688
5738, 164.1902618408203
5739, 164.1942596435547
5740, 164.19825744628906
5741, 164.20225524902344
5742, 164.2062530517578
5743, 164.2102508544922
5744, 164.21424865722656
5745, 164.21826171875
5746, 164.22225952148438
5747, 164.22625732421875
5748, 164.23025512695312
5749, 164.2342529296875
5750, 164.23825073242188
5751, 164.24224853515625
5752, 164.2462615966797
5753, 164.25025939941406
5754, 164.25425720214844
5755, 164.2582550048828
5756, 164.2622528076172
5757, 164.26625061035156
5758, 164.27024841308594
5759, 164.27426147460938
5760, 164.27825927734375
5761, 164.28225708007812
5762, 164.2862548828125
5763, 164.29025268554688
5764, 164.29425048828125
5765, 164.29824829101562
5766, 164.30226135253906
5767, 164.30625915527344
5768, 164.3102569580078
5769, 164.3142547607422
5770, 164.31825256347656
5771, 164.32225036621094
5772, 164.3262481689453
5773, 164.33026123046875
5774, 164.33425903320312
5775, 164.3382568359375
5776, 164.34225463867188
5777, 164.34625244140625
5778, 164.35025024414062
5779, 164.354248046875
5780, 164.35826110839844
5781, 164.3622589111328
5782, 164.3662567138672
5783, 164.37025451660156
5784, 164.37425231933594
5785, 164.3782501220703
5786, 164.3822479248047
5787, 164.38626098632812
5788, 164.3902587890625
5789, 164.39425659179688
5790, 164.39825439453125
5791, 164.40225219726562
5792, 164.40625
5793, 164.41024780273438
5794, 164.4142608642578
5795, 164.4182586669922
5796, 164.42225646972656
5797, 164.42625427246094
5798, 164.4302520751953
5799, 164.4342498779297
5800, 164.43824768066406
5801, 164.4422607421875
5802, 164.44625854492188
5803, 164.45025634765625
5804, 164.45425415039062
5805, 164.458251953125
5806, 164.46224975585938
5807, 164.46624755859375
5808, 164.4702606201172
5809, 164.47425842285156
5810, 164.47825622558594
5811, 164.4822540283203
5812, 164.4862518310547
5813, 164.49024963378906
5814, 164.49424743652344
5815, 164.49826049804688
5816, 164.50225830078125
5817, 164.50625610351562
5818, 164.51025390625
5819, 164.51425170898438
5820, 164.51824951171875
5821, 164.5222625732422
5822, 164.52626037597656
5823, 164.53025817871094
5824, 164.5342559814453
5825, 164.5382537841797
5826, 164.54225158691406
5827, 164.54624938964844
5828, 164.55026245117188
5829, 164.55426025390625
5830, 164.55825805664062
5831, 164.562255859375
5832, 164.56625366210938
5833, 164.57025146484375
5834, 164.57424926757812
5835, 164.57826232910156
5836, 164.58226013183594
5837, 164.5862579345703
5838, 164.5902557373047
5839, 164.59425354003906
5840, 164.59825134277344
5841, 164.6022491455078
5842, 164.60626220703125
5843, 164.61026000976562
5844, 164.6142578125
5845, 164.61825561523438
5846, 164.62225341796875
5847, 164.62625122070312
5848, 164.6302490234375
5849, 164.63426208496094
5850, 164.6382598876953
5851, 164.6422576904297
5852, 164.64625549316406
5853, 164.65025329589844
5854, 164.6542510986328
5855, 164.6582489013672
5856, 164.66226196289062
5857, 164.666259765625
5858, 164.67025756835938
5859, 164.67425537109375
5860, 164.67825317382812
5861, 164.6822509765625
5862, 164.68624877929688
5863, 164.6902618408203
5864, 164.6942596435547
5865, 164.69825744628906
5866, 164.70225524902344
5867, 164.7062530517578
5868, 164.7102508544922
5869, 164.71424865722656
5870, 164.71826171875
5871, 164.72225952148438
5872, 164.72625732421875
5873, 164.73025512695312
5874, 164.7342529296875
5875, 164.73825073242188
5876, 164.74224853515625
5877, 164.7462615966797
5878, 164.75025939941406
5879, 164.75425720214844
5880, 164.7582550048828
5881, 164.7622528076172
5882, 164.76625061035156
5883, 164.77024841308594
5884, 164.77426147460938
5885, 164.77825927734375
5886, 164.78225708007812
5887, 164.7862548828125
5888, 164.79025268554688
5889, 164.79425048828125
5890, 164.79824829101562
5891, 164.80226135253906
5892, 164.80625915527344
5893, 164.8102569580078
5894, 164.8142547607422
5895, 164.81825256347656
5896, 164.82225036621094
5897, 164.8262481689453
5898, 164.83026123046875
5899, 164.83425903320312
5900, 164.8382568359375
5901, 164.84225463867188
5902, 164.84625244140625
5903, 164.85025024414062
5904, 164.854248046875
5905, 164.85826110839844
5906, 164.8622589111328
5907, 164.8662567138672
5908, 164.87025451660156
5909, 164.87425231933594
5910, 164.8782501220703
5911, 164.8822479248047
5912, 164.88626098632812
5913, 164.8902587890625
5914, 164.89425659179688
5915, 164.89825439453125
5916, 164.90225219726562
5917, 164.90625
5918, 164.91024780273438
5919, 164.9142608642578
5920, 164.9182586669922
5921, 164.92225646972656
5922, 164.92625427246094
5923, 164.9302520751953
5924, 164.9342498779297
5925, 164.93824768066406
5926, 164.9422607421875
5927, 164.94625854492188
5928, 164.95025634765625
5929, 164.95425415039062
5930, 164.958251953125
5931, 164.96224975585938
5932, 164.96624755859375
5933, 164.9702606201172
5934, 164.97425842285156
5935, 164.97825622558594
5936, 164.9822540283203
5937, 164.9862518310547
5938, 164.99024963378906
5939, 164.99424743652344
5940, 164.99826049804688
5941, 165.00225830078125
5942, 165.00625610351562
5943, 165.01025390625
5944, 165.01425170898438
5945, 165.01824951171875
5946, 165.0222625732422
5947, 165.02626037597656
5948, 165.03025817871094
5949, 165.0342559814453
5950, 165.0382537841797
5951, 165.04225158691406
5952, 165.04624938964844
5953, 165.05026245117188
5954, 165.05426025390625
5955, 165.05825805664062
5956, 165.062255859375
5957, 165.06625366210938
5958, 165.07025146484375
5959, 165.07424926757812
5960, 165.07826232910156
5961, 165.08226013183594
5962, 165.0862579345703
5963, 165.0902557373047
5964, 165.09425354003906
5965, 165.09825134277344
5966, 165.1022491455078
5967, 165.10626220703125
5968, 165.11026000976562
5969, 165.1142578125
5970, 165.11825561523438
5971, 165.12225341796875
5972, 165.12625122070312
5973, 165.1302490234375
5974, 165.13426208496094
5975, 165.1382598876953
5976, 165.1422576904297
5977, 165.14625549316406
5978, 165.15025329589844
5979, 165.1542510986328
5980, 165.1582489013672
5981, 165.16226196289062
5982, 165.166259765625
5983, 165.17025756835938
5984, 165.17425537109375
5985, 165.17825317382812
5986, 165.1822509765625
5987, 165.18624877929688
5988, 165.1902618408203
5989, 165.1942596435547
5990, 165.19825744628906
5991, 165.20225524902344
5992, 165.2062530517578
5993, 165.2102508544922
5994, 165.21424865722656
5995, 165.21826171875
5996, 165.22225952148438
5997, 165.22625732421875
5998, 165.23025512695312
5999, 165.2342529296875
6000, 165.23825073242188
6001, 165.24224853515625
6002, 165.2462615966797
6003, 165.25025939941406
6004, 165.25425720214844
6005, 165.2582550048828
6006, 165.2622528076172
6007, 165.26625061035156
6008, 165.27024841308594
6009, 165.27426147460938
6010, 165.27825927734375
6011, 165.28225708007812
6012, 165.2862548828125
6013, 165.29025268554688
6014, 165.29425048828125
6015, 165.29824829101562
6016, 165.30226135253906
6017, 165.30625915527344
6018, 165.3102569580078
6019, 165.3142547607422
6020, 165.31825256347656
6021, 165.32225036621094
6022, 165.3262481689453
6023, 165.33026123046875
6024, 165.33425903320312
6025, 165.3382568359375
6026, 165.34225463867188
6027, 165.34625244140625
6028, 165.35025024414062
6029, 165.354248046875
6030, 165.35826110839844
6031, 165.3622589111328
6032, 165.3662567138672
6033, 165.37025451660156
6034, 165.37425231933594
6035, 165.3782501220703
6036, 165.3822479248047
6037, 165.38626098632812
6038, 165.3902587890625
6039, 165.39425659179688
6040, 165.39825439453125
6041, 165.40225219726562
6042, 165.40625
6043, 165.41024780273438
6044, 165.4142608642578
6045, 165.4182586669922
6046, 165.42225646972656
6047, 165.42625427246094
6048, 165.4302520751953
6049, 165.4342498779297
6050, 165.43824768066406
6051, 165.4422607421875
6052, 165.44625854492188
6053, 165.45025634765625
6054, 165.45425415039062
6055, 165.458251953125
6056, 165.46224975585938
6057, 165.46624755859375
6058, 165.4702606201172
6059, 165.47425842285156
6060, 165.47825622558594
6061, 165.4822540283203
6062, 165.4862518310547
6063, 165.49024963378906
6064, 165.49424743652344
6065, 165.49826049804688
6066, 165.50225830078125
6067, 165.50625610351562
6068, 165.51025390625
6069, 165.51425170898438
6070, 165.51824951171875
6071, 165.5222625732422
6072, 165.52626037597656
6073, 165.53025817871094
6074, 165.5342559814453
6075, 165.5382537841797
6076, 165.54225158691406
6077, 165.54624938964844
6078, 165.55026245117188
6079, 165.55426025390625
6080, 165.55825805664062
6081, 165.562255859375
6082, 165.56625366210938
6083, 165.57025146484375
6084, 165.57424926757812
6085, 165.57826232910156
6086, 165.58226013183594
6087, 165.5862579345703
6088, 165.5902557373047
6089, 165.59425354003906
6090, 165.59825134277344
6091, 165.6022491455078
6092, 165.60626220703125
6093, 165.61026000976562
6094, 165.6142578125
6095, 165.61825561523438
6096, 165.62225341796875
6097, 165.62625122070312
6098, 165.6302490234375
6099, 165.63426208496094
6100, 165.6382598876953
6101, 165.6422576904297
6102, 165.64625549316406
6103, 165.65025329589844
6104, 165.6542510986328
6105, 165.6582489013672
6106, 165.66226196289062
6107, 165.666259765625
6108, 165.67025756835938
6109, 165.67425537109375
6110, 165.67825317382812
6111, 165.6822509765625
6112, 165.68624877929688
6113, 165.6902618408203
6114, 165.6942596435547
6115, 165.69825744628906
6116, 165.70225524902344
6117, 165.7062530517578
6118, 165.7102508544922
6119, 165.71424865722656
6120, 165.71826171875
6121, 165.72225952148438
6122, 165.72625732421875
6123, 165.73025512695312
6124, 165.7342529296875
6125, 165.73825073242188
6126, 165.74224853515625
6127, 165.7462615966797
6128, 165.75025939941406
6129, 165.75425720214844
6130, 165.7582550048828
6131, 165.7622528076172
6132, 165.76625061035156
6133, 165.77024841308594
6134, 165.77426147460938
6135, 165.77825927734375
6136, 165.78225708007812
6137, 165.7862548828125
6138, 165.79025268554688
6139, 165.79425048828125
6140, 165.79824829101562
6141, 165.80226135253906
6142, 165.80625915527344
6143, 165.8102569580078
6144, 165.8142547607422
6145, 165.81825256347656
6146, 165.82225036621094
6147, 165.8262481689453
6148, 165.83026123046875
6149, 165.83425903320312
6150, 165.8382568359375
6151, 165.84225463867188
6152, 165.84625244140625
6153, 165.85025024414062
6154, 165.854248046875
6155, 165.85826110839844
6156, 165.8622589111328
6157, 165.8662567138672
6158, 165.87025451660156
6159, 165.87425231933594
6160, 165.8782501220703
6161, 165.8822479248047
6162, 165.88626098632812
6163, 165.8902587890625
6164, 165.89425659179688
6165, 165.89825439453125
6166, 165.90225219726562
6167, 165.90625
6168, 165.91024780273438
6169, 165.9142608642578
6170, 165.9182586669922
6171, 165.92225646972656
6172, 165.92625427246094
6173, 165.9302520751953
6174, 165.9342498779297
6175, 165.93824768066406
6176, 165.9422607421875
6177, 165.94625854492188
6178, 165.95025634765625
6179, 165.95425415039062
6180, 165.958251953125
6181, 165.96224975585938
6182, 165.96624755859375
6183, 165.9702606201172
6184, 165.97425842285156
6185, 165.97825622558594
6186, 165.9822540283203
6187, 165.9862518310547
6188, 165.99024963378906
6189, 165.99424743652344
6190, 165.99826049804688
6191, 166.00225830078125
6192, 166.00625610351562
6193, 166.01025390625
6194, 166.01425170898438
6195, 166.01824951171875
6196, 166.0222625732422
6197, 166.02626037597656
6198, 166.03025817871094
6199, 166.0342559814453
6200, 166.0382537841797
6201, 166.04225158691406
6202, 166.04624938964844
6203, 166.05026245117188
6204, 166.05426025390625
6205, 166.05825805664062
6206, 166.062255859375
6207, 166.06625366210938
6208, 166.07025146484375
6209, 166.07424926757812
6210, 166.07826232910156
6211, 166.08226013183594
6212, 166.0862579345703
6213, 166.0902557373047
6214, 166.09425354003906
6215, 166.09825134277344
6216, 166.1022491455078
6217, 166.10626220703125
6218, 166.11026000976562
6219, 166.1142578125
6220, 166.11825561523438
6221, 166.12225341796875
6222, 166.12625122070312
6223, 166.1302490234375
6224, 166.13426208496094
6225, 166.1382598876953
6226, 166.1422576904297
6227, 166.14625549316406
6228, 166.15025329589844
6229, 166.1542510986328
6230, 166.1582489013672
6231, 166.16226196289062
6232, 166.166259765625
6233, 166.17025756835938
6234, 166.17425537109375
6235, 166.17825317382812
6236, 166.1822509765625
6237, 166.18624877929688
6238, 166.1902618408203
6239, 166.1942596435547
6240, 166.19825744628906
6241, 166.20225524902344
6242, 166.2062530517578
6243, 166.2102508544922
6244, 166.21424865722656
6245, 166.21826171875
6246, 166.22225952148438
6247, 166.22625732421875
6248, 166.23025512695312
6249, 166.2342529296875
6250, 166.23825073242188
6251, 166.24224853515625
6252, 166.2462615966797
6253, 166.25025939941406
6254, 166.25425720214844
6255, 166.2582550048828
6256, 166.2622528076172
6257, 166.26625061035156
6258, 166.27024841308594
6259, 166.27426147460938
6260, 166.27825927734375
6261, 166.28225708007812
6262, 166.2862548828125
6263, 166.29025268554688
6264, 166.29425048828125
6265, 166.29824829101562
6266, 166.30226135253906
6267, 166.30625915527344
6268, 166.3102569580078
6269, 166.3142547607422
6270, 166.31825256347656
6271, 166.32225036621094
6272, 166.3262481689453
6273, 166.33026123046875
6274, 166.33425903320312
6275, 166.3382568359375
6276, 166.34225463867188
6277, 166.34625244140625
6278, 166.35025024414062
6279, 166.354248046875
6280, 166.35826110839844
6281, 166.3622589111328
6282, 166.3662567138672
6283, 166.37025451660156
6284, 166.37425231933594
6285, 166.3782501220703
6286, 166.3822479248047
6287, 166.38626098632812
6288, 166.3902587890625
6289, 166.39425659179688
6290, 166.39825439453125
6291, 166.40225219726562
6292, 166.40625
6293, 166.41024780273438
6294, 166.4142608642578
6295, 166.4182586669922
6296, 166.42225646972656
6297, 166.42625427246094
6298, 166.4302520751953
6299, 166.4342498779297
6300, 166.43824768066406
6301, 166.4422607421875
6302, 166.44625854492188
6303, 166.45025634765625
6304, 166.45425415039062
6305, 166.458251953125
6306, 166.46224975585938
6307, 166.46624755859375
6308, 166.4702606201172
6309, 166.47425842285156
6310, 166.47825622558594
6311, 166.4822540283203
6312, 166.4862518310547
6313, 166.49024963378906
6314, 166.49424743652344
6315, 166.49826049804688
6316, 166.50225830078125
6317, 166.50625610351562
6318, 166.51025390625
6319, 166.51425170898438
6320, 166.51824951171875
6321, 166.5222625732422
6322, 166.52626037597656
6323, 166.53025817871094
6324, 166.5342559814453
6325, 166.5382537841797
6326, 166.54225158691406
6327, 166.54624938964844
6328, 166.55026245117188
6329, 166.55426025390625
6330, 166.55825805664062
6331, 166.562255859375
6332, 166.56625366210938
6333, 166.57025146484375
6334, 166.57424926757812
6335, 166.57826232910156
6336, 166.58226013183594
6337, 166.5862579345703
6338, 166.5902557373047
6339, 166.59425354003906
6340, 166.59825134277344
6341, 166.6022491455078
6342, 166.60626220703125
6343, 166.61026000976562
6344, 166.6142578125
6345, 166.61825561523438
6346, 166.62225341796875
6347, 166.62625122070312
6348, 166.6302490234375
6349, 166.63426208496094
6350, 166.6382598876953
6351, 166.6422576904297
6352, 166.64625549316406
6353, 166.65025329589844
6354, 166.6542510986328
6355, 166.6582489013672
6356, 166.66226196289062
6357, 166.666259765625
6358, 166.67025756835938
6359, 166.67425537109375
6360, 166.67825317382812
6361, 166.6822509765625
6362, 166.68624877929688
6363, 166.6902618408203
6364, 166.6942596435547
6365, 166.69825744628906
6366, 166.70225524902344
6367, 166.7062530517578
6368, 166.7102508544922
6369, 166.71424865722656
6370, 166.71826171875
6371, 166.72225952148438
6372, 166.72625732421875
6373, 166.73025512695312
6374, 166.7342529296875
6375, 166.73825073242188
6376, 166.74224853515625
6377, 166.7462615966797
6378, 166.75025939941406
6379, 166.75425720214844
6380, 166.7582550048828
6381, 166.7622528076172
6382, 166.76625061035156
6383, 166.77024841308594
6384, 166.77426147460938
6385, 166.77825927734375
6386, 166.78225708007812
6387, 166.7862548828125
6388, 166.79025268554688
6389, 166.79425048828125
6390, 166.79824829101562
6391, 166.80226135253906
6392, 166.80625915527344
6393, 166.8102569580078
6394, 166.8142547607422
6395, 166.81825256347656
6396, 166.82225036621094
6397, 166.8262481689453
6398, 166.83026123046875
6399, 166.83425903320312
6400, 166.8382568359375
6401, 166.84225463867188
6402, 166.84625244140625
6403, 166.85025024414062
6404, 166.854248046875
6405, 166.85826110839844
6406, 166.8622589111328
6407, 166.8662567138672
6408, 166.87025451660156
6409, 166.87425231933594
6410, 166.8782501220703
6411, 166.8822479248047
6412, 166.88626098632812
6413, 166.8902587890625
6414, 166.89425659179688
6415, 166.89825439453125
6416, 166.90225219726562
6417, 166.90625
6418, 166.91024780273438
6419, 166.9142608642578
6420, 166.9182586669922
6421, 166.92225646972656
6422, 166.92625427246094
6423, 166.9302520751953
6424, 166.9342498779297
6425, 166.93824768066406
6426, 166.9422607421875
6427, 166.94625854492188
6428, 166.95025634765625
6429, 166.95425415039062
6430, 166.958251953125
6431, 166.96224975585938
6432, 166.96624755859375
6433, 166.9702606201172
6434, 166.97425842285156
6435, 166.97825622558594
6436, 166.9822540283203
6437, 166.9862518310547
6438, 166.99024963378906
6439, 166.99424743652344
6440, 166.99826049804688
6441, 167.00225830078125
6442, 167.00625610351562
6443, 167.01025390625
6444, 167.01425170898438
6445, 167.01824951171875
6446, 167.0222625732422
6447, 167.02626037597656
6448, 167.03025817871094
6449, 167.0342559814453
6450, 167.0382537841797
6451, 167.04225158691406
6452, 167.04624938964844
6453, 167.05026245117188
6454, 167.05426025390625
6455, 167.05825805664062
6456, 167.062255859375
6457, 167.06625366210938
6458, 167.07025146484375
6459, 167.07424926757812
6460, 167.07826232910156
6461, 167.08226013183594
6462, 167.0862579345703
6463, 167.0902557373047
6464, 167.09425354003906
6465, 167.09825134277344
6466, 167.1022491455078
6467, 167.10626220703125
6468, 167.11026000976562
6469, 167.1142578125
6470, 167.11825561523438
6471, 167.12225341796875
6472, 167.12625122070312
6473, 167.1302490234375
6474, 167.13426208496094
6475, 167.1382598876953
6476, 167.1422576904297
6477, 167.14625549316406
6478, 167.15025329589844
6479, 167.1542510986328
6480, 167.1582489013672
6481, 167.16226196289062
6482, 167.166259765625
6483, 167.17025756835938
6484, 167.17425537109375
6485, 167.17825317382812
6486, 167.1822509765625
6487, 167.18624877929688
6488, 167.1902618408203
6489, 167.1942596435547
6490, 167.19825744628906
6491, 167.20225524902344
6492, 167.2062530517578
6493, 167.2102508544922
6494, 167.21424865722656
6495, 167.21826171875
6496, 167.22225952148438
6497, 167.22625732421875
6498, 167.23025512695312
6499, 167.2342529296875
6500, 167.23825073242188
6501, 167.24224853515625
6502, 167.2462615966797
6503, 167.25025939941406
6504, 167.25425720214844
6505, 167.2582550048828
6506, 167.2622528076172
6507, 167.26625061035156
6508, 167.27024841308594
6509, 167.27426147460938
6510, 167.27825927734375
6511, 167.28225708007812
6512, 167.2862548828125
6513, 167.29025268554688
6514, 167.29425048828125
6515, 167.29824829101562
6516, 167.30226135253906
6517, 167.30625915527344
6518, 167.3102569580078
6519, 167.3142547607422
6520, 167.31825256347656
6521, 167.32225036621094
6522, 167.3262481689453
6523, 167.33026123046875
6524, 167.33425903320312
6525, 167.3382568359375
6526, 167.34225463867188
6527, 167.34625244140625
6528, 167.35025024414062
6529, 167.354248046875
6530, 167.35826110839844
6531, 167.3622589111328
6532, 167.3662567138672
6533, 167.37025451660156
6534, 167.37425231933594
6535, 167.3782501220703
6536, 167.3822479248047
6537, 167.38626098632812
6538, 167.3902587890625
6539, 167.39425659179688
6540, 167.39825439453125
6541, 167.40225219726562
6542, 167.40625
6543, 167.41024780273438
6544, 167.4142608642578
6545, 167.4182586669922
6546, 167.42225646972656
6547, 167.42625427246094
6548, 167.4302520751953
6549, 167.4342498779297
6550, 167.43824768066406
6551, 167.4422607421875
6552, 167.44625854492188
6553, 167.45025634765625
6554, 167.45425415039062
6555, 167.458251953125
6556, 167.46224975585938
6557, 167.46624755859375
6558, 167.4702606201172
6559, 167.47425842285156
6560, 167.47825622558594
6561, 167.4822540283203
6562, 167.4862518310547
6563, 167.49024963378906
6564, 167.49424743652344
6565, 167.49826049804688
6566, 167.50225830078125
6567, 167.50625610351562
6568, 167.51025390625
6569, 167.51425170898438
6570, 167.51824951171875
6571, 167.5222625732422
6572, 167.52626037597656
6573, 167.53025817871094
6574, 167.5342559814453
6575, 167.5382537841797
6576, 167.54225158691406
6577, 167.54624938964844
6578, 167.55026245117188
6579, 167.55426025390625
6580, 167.55825805664062
6581, 167.562255859375
6582, 167.56625366210938
6583, 167.57025146484375
6584, 167.57424926757812
6585, 167.57826232910156
6586, 167.58226013183594
6587, 167.5862579345703
6588, 167.5902557373047
6589, 167.59425354003906
6590, 167.59825134277344
6591, 167.6022491455078
6592, 167.60626220703125
6593, 167.61026000976562
6594, 167.6142578125
6595, 167.61825561523438
6596, 167.62225341796875
6597, 167.62625122070312
6598, 167.6302490234375
6599, 167.63426208496094
6600, 167.6382598876953
6601, 167.6422576904297
6602, 167.64625549316406
6603, 167.65025329589844
6604, 167.6542510986328
6605, 167.6582489013672
6606, 167.66226196289062
6607, 167.666259765625
6608, 167.67025756835938
6609, 167.67425537109375
6610, 167.67825317382812
6611, 167.6822509765625
6612, 167.68624877929688
6613, 167.6902618408203
6614, 167.6942596435547
6615, 167.69825744628906
6616, 167.70225524902344
6617, 167.7062530517578
6618, 167.7102508544922
6619, 167.71424865722656
6620, 167.71826171875
6621, 167.72225952148438
6622, 167.72625732421875
6623, 167.73025512695312
6624, 167.7342529296875
6625, 167.73825073242188
6626, 167.74224853515625
6627, 167.7462615966797
6628, 167.75025939941406
6629, 167.75425720214844
6630, 167.7582550048828
6631, 167.7622528076172
6632, 167.76625061035156
6633, 167.77024841308594
6634, 167.77426147460938
6635, 167.77825927734375
6636, 167.78225708007812
6637, 167.7862548828125
6638, 167.79025268554688
6639, 167.79425048828125
6640, 167.79824829101562
6641, 167.80226135253906
6642, 167.80625915527344
6643, 167.8102569580078
6644, 167.8142547607422
6645, 167.81825256347656
6646, 167.82225036621094
6647, 167.8262481689453
6648, 167.83026123046875
6649, 167.83425903320312
6650, 167.8382568359375
6651, 167.84225463867188
6652, 167.84625244140625
6653, 167.85025024414062
6654, 167.854248046875
6655, 167.85826110839844
6656, 167.8622589111328
6657, 167.8662567138672
6658, 167.87025451660156
6659, 167.87425231933594
6660, 167.8782501220703
6661, 167.8822479248047
6662, 167.88626098632812
6663, 167.8902587890625
6664, 167.89425659179688
6665, 167.89825439453125
6666, 167.90225219726562
6667, 167.90625
6668, 167.91024780273438
6669, 167.9142608642578
6670, 167.9182586669922
6671, 167.92225646972656
6672, 167.92625427246094
6673, 167.9302520751953
6674, 167.9342498779297
6675, 167.93824768066406
6676, 167.9422607421875
6677, 167.94625854492188
6678, 167.95025634765625
6679, 167.95425415039062
6680, 167.958251953125
6681, 167.96224975585938
6682, 167.96624755859375
6683, 167.9702606201172
6684, 167.97425842285156
6685, 167.97825622558594
6686, 167.9822540283203
6687, 167.9862518310547
6688, 167.99024963378906
6689, 167.99424743652344
6690, 167.99826049804688
6691, 168.00225830078125
6692, 168.00625610351562
6693, 168.01025390625
6694, 168.01425170898438
6695, 168.01824951171875
6696, 168.0222625732422
6697, 168.02626037597656
6698, 168.03025817871094
6699, 168.0342559814453
6700, 168.0382537841797
6701, 168.04225158691406
6702, 168.04624938964844
6703, 168.05026245117188
6704, 168.05426025390625
6705, 168.05825805664062
6706, 168.062255859375
6707, 168.06625366210938
6708, 168.07025146484375
6709, 168.07424926757812
6710, 168.07826232910156
6711, 168.08226013183594
6712, 168.0862579345703
6713, 168.0902557373047
6714, 168.09425354003906
6715, 168.09825134277344
6716, 168.1022491455078
6717, 168.10626220703125
6718, 168.11026000976562
6719, 168.1142578125
6720, 168.11825561523438
6721, 168.12225341796875
6722, 168.12625122070312
6723, 168.1302490234375
6724, 168.13426208496094
6725, 168.1382598876953
6726, 168.1422576904297
6727, 168.14625549316406
6728, 168.15025329589844
6729, 168.1542510986328
6730, 168.1582489013672
6731, 168.16226196289062
6732, 168.166259765625
6733, 168.17025756835938
6734, 168.17425537109375
6735, 168.17825317382812
6736, 168.1822509765625
6737, 168.18624877929688
6738, 168.1902618408203
6739, 168.1942596435547
6740, 168.19825744628906
6741, 168.20225524902344
6742, 168.2062530517578
6743, 168.2102508544922
6744, 168.21424865722656
6745, 168.21826171875
6746, 168.22225952148438
6747, 168.22625732421875
6748, 168.23025512695312
6749, 168.2342529296875
6750, 168.23825073242188
6751, 168.24224853515625
6752, 168.2462615966797
6753, 168.25025939941406
6754, 168.25425720214844
6755, 168.2582550048828
6756, 168.2622528076172
6757, 168.26625061035156
6758, 168.27024841308594
6759, 168.27426147460938
6760, 168.27825927734375
6761, 168.28225708007812
6762, 168.2862548828125
6763, 168.29025268554688
6764, 168.29425048828125
6765, 168.29824829101562
6766, 168.30226135253906
6767, 168.30625915527344
6768, 168.3102569580078
6769, 168.3142547607422
6770, 168.31825256347656
6771, 168.32225036621094
6772, 168.3262481689453
6773, 168.33026123046875
6774, 168.33425903320312
6775, 168.3382568359375
6776, 168.34225463867188
6777, 168.34625244140625
6778, 168.35025024414062
6779, 168.354248046875
6780, 168.35826110839844
6781, 168.3622589111328
6782, 168.3662567138672
6783, 168.37025451660156
6784, 168.37425231933594
6785, 168.3782501220703
6786, 168.3822479248047
6787, 168.38626098632812
6788, 168.3902587890625
6789, 168.39425659179688
6790, 168.39825439453125
6791, 168.40225219726562
6792, 168.40625
6793, 168.41024780273438
6794, 168.4142608642578
6795, 168.4182586669922
6796, 168.42225646972656
6797, 168.42625427246094
6798, 168.4302520751953
6799, 168.4342498779297
6800, 168.43824768066406
6801, 168.4422607421875
6802, 168.44625854492188
6803, 168.45025634765625
6804, 168.45425415039062
6805, 168.458251953125
6806, 168.46224975585938
6807, 168.46624755859375
6808, 168.4702606201172
6809, 168.47425842285156
6810, 168.47825622558594
6811, 168.4822540283203
6812, 168.4862518310547
6813, 168.49024963378906
6814, 168.49424743652344
6815, 168.49826049804688
6816, 168.50225830078125
6817, 168.50625610351562
6818, 168.51025390625
6819, 168.51425170898438
6820, 168.51824951171875
6821, 168.5222625732422
6822, 168.52626037597656
6823, 168.53025817871094
6824, 168.5342559814453
6825, 168.5382537841797
6826, 168.54225158691406
6827, 168.54624938964844
6828, 168.55026245117188
6829, 168.55426025390625
6830, 168.55825805664062
6831, 168.562255859375
6832, 168.56625366210938
6833, 168.57025146484375
6834, 168.57424926757812
6835, 168.57826232910156
6836, 168.58226013183594
6837, 168.5862579345703
6838, 168.5902557373047
6839, 168.59425354003906
6840, 168.59825134277344
6841, 168.6022491455078
6842, 168.60626220703125
6843, 168.61026000976562
6844, 168.6142578125
6845, 168.61825561523438
6846, 168.62225341796875
6847, 168.62625122070312
6848, 168.6302490234375
6849, 168.63426208496094
6850, 168.6382598876953
6851, 168.6422576904297
6852, 168.64625549316406
6853, 168.65025329589844
6854, 168.6542510986328
6855, 168.6582489013672
6856, 168.66226196289062
6857, 168.666259765625
6858, 168.67025756835938
6859, 168.67425537109375
6860, 168.67825317382812
6861, 168.6822509765625
6862, 168.68624877929688
6863, 168.6902618408203
6864, 168.6942596435547
6865, 168.69825744628906
6866, 168.70225524902344
6867, 168.7062530517578
6868, 168.7102508544922
6869, 168.71424865722656
6870, 168.71826171875
6871, 168.72225952148438
6872, 168.72625732421875
6873, 168.73025512695312
6874, 168.7342529296875
6875, 168.73825073242188
6876, 168.74224853515625
6877, 168.7462615966797
6878, 168.75025939941406
6879, 168.75425720214844
6880, 168.7582550048828
6881, 168.7622528076172
6882, 168.76625061035156
6883, 168.77024841308594
6884, 168.77426147460938
6885, 168.77825927734375
6886, 168.78225708007812
6887, 168.7862548828125
6888, 168.79025268554688
6889, 168.79425048828125
6890, 168.79824829101562
6891, 168.80226135253906
6892, 168.80625915527344
6893, 168.8102569580078
6894, 168.8142547607422
6895, 168.81825256347656
6896, 168.82225036621094
6897, 168.8262481689453
6898, 168.83026123046875
6899, 168.83425903320312
6900, 168.8382568359375
6901, 168.84225463867188
6902, 168.84625244140625
6903, 168.85025024414062
6904, 168.854248046875
6905, 168.85826110839844
6906, 168.8622589111328
6907, 168.8662567138672
6908, 168.87025451660156
6909, 168.87425231933594
6910, 168.8782501220703
6911, 168.8822479248047
6912, 168.88626098632812
6913, 168.8902587890625
6914, 168.89425659179688
6915, 168.89825439453125
6916, 168.90225219726562
6917, 168.90625
6918, 168.91024780273438
6919, 168.9142608642578
6920, 168.9182586669922
6921, 168.92225646972656
6922, 168.92625427246094
6923, 168.9302520751953
6924, 168.9342498779297
6925, 168.93824768066406
6926, 168.9422607421875
6927, 168.94625854492188
6928, 168.95025634765625
6929, 168.95425415039062
6930, 168.958251953125
6931, 168.96224975585938
6932, 168.96624755859375
6933, 168.9702606201172
6934, 168.97425842285156
6935, 168.97825622558594
6936, 168.9822540283203
6937, 168.9862518310547
6938, 168.99024963378906
6939, 168.99424743652344
6940, 168.99826049804688
6941, 169.00225830078125
6942, 169.00625610351562
6943, 169.01025390625
6944, 169.01425170898438
6945, 169.01824951171875
6946, 169.0222625732422
6947, 169.02626037597656
6948, 169.03025817871094
6949, 169.0342559814453
6950, 169.0382537841797
6951, 169.04225158691406
6952, 169.04624938964844
6953, 169.05026245117188
6954, 169.05426025390625
6955, 169.05825805664062
6956, 169.062255859375
6957, 169.06625366210938
6958, 169.07025146484375
6959, 169.07424926757812
6960, 169.07826232910156
6961, 169.08226013183594
6962, 169.0862579345703
6963, 169.0902557373047
6964, 169.09425354003906
6965, 169.09825134277344
6966, 169.1022491455078
6967, 169.10626220703125
6968, 169.11026000976562
6969, 169.1142578125
6970, 169.11825561523438
6971, 169.12225341796875
6972, 169.12625122070312
6973, 169.1302490234375
6974, 169.13426208496094
6975, 169.1382598876953
6976, 169.1422576904297
6977, 169.14625549316406
6978, 169.15025329589844
6979, 169.1542510986328
6980, 169.1582489013672
6981, 169.16226196289062
6982, 169.166259765625
6983, 169.17025756835938
6984, 169.17425537109375
6985, 169.17825317382812
6986, 169.1822509765625
6987, 169.18624877929688
6988, 169.1902618408203
6989, 169.1942596435547
6990, 169.19825744628906
6991, 169.20225524902344
6992, 169.2062530517578
6993, 169.2102508544922
6994, 169.21424865722656
6995, 169.21826171875
6996, 169.22225952148438
6997, 169.22625732421875
6998, 169.23025512695312
6999, 169.2342529296875
7000, 169.23825073242188
7001, 169.24224853515625
7002, 169.2462615966797
7003, 169.25025939941406
7004, 169.25425720214844
7005, 169.2582550048828
7006, 169.2622528076172
7007, 169.26625061035156
7008, 169.27024841308594
7009, 169.27426147460938
7010, 169.27825927734375
7011, 169.28225708007812
7012, 169.2862548828125
7013, 169.29025268554688
7014, 169.29425048828125
7015, 169.29824829101562
7016, 169.30226135253906
7017, 169.30625915527344
7018, 169.3102569580078
7019, 169.3142547607422
7020, 169.31825256347656
7021, 169.32225036621094
7022, 169.3262481689453
7023, 169.33026123046875
7024, 169.33425903320312
7025, 169.3382568359375
7026, 169.34225463867188
7027, 169.34625244140625
7028, 169.35025024414062
7029, 169.354248046875
7030, 169.35826110839844
7031, 169.3622589111328
7032, 169.3662567138672
7033, 169.37025451660156
7034, 169.37425231933594
7035, 169.3782501220703
7036, 169.3822479248047
7037, 169.38626098632812
7038, 169.3902587890625
7039, 169.39425659179688
7040, 169.39825439453125
7041, 169.40225219726562
7042, 169.40625
7043, 169.41024780273438
7044, 169.4142608642578
7045, 169.4182586669922
7046, 169.42225646972656
7047, 169.42625427246094
7048, 169.4302520751953
7049, 169.4342498779297
7050, 169.43824768066406
7051, 169.4422607421875
7052, 169.44625854492188
7053, 169.45025634765625
7054, 169.45425415039062
7055, 169.458251953125
7056, 169.46224975585938
7057, 169.46624755859375
7058, 169.4702606201172
7059, 169.47425842285156
7060, 169.47825622558594
7061, 169.4822540283203
7062, 169.4862518310547
7063, 169.49024963378906
7064, 169.49424743652344
7065, 169.49826049804688
7066, 169.50225830078125
7067, 169.50625610351562
7068, 169.51025390625
7069, 169.51425170898438
7070, 169.51824951171875
7071, 169.5222625732422
7072, 169.52626037597656
7073, 169.53025817871094
7074, 169.5342559814453
7075, 169.5382537841797
7076, 169.54225158691406
7077, 169.54624938964844
7078, 169.55026245117188
7079, 169.55426025390625
7080, 169.55825805664062
7081, 169.562255859375
7082, 169.56625366210938
7083, 169.57025146484375
7084, 169.57424926757812
7085, 169.57826232910156
7086, 169.58226013183594
7087, 169.5862579345703
7088, 169.5902557373047
7089, 169.59425354003906
7090, 169.59825134277344
7091, 169.6022491455078
7092, 169.60626220703125
7093, 169.61026000976562
7094, 169.6142578125
7095, 169.61825561523438
7096, 169.62225341796875
7097, 169.62625122070312
7098, 169.6302490234375
7099, 169.63426208496094
7100, 169.6382598876953
7101, 169.6422576904297
7102, 169.64625549316406
7103, 169.65025329589844
7104, 169.6542510986328
7105, 169.6582489013672
7106, 169.66226196289062
7107, 169.666259765625
7108, 169.67025756835938
7109, 169.67425537109375
7110, 169.67825317382812
7111, 169.6822509765625
7112, 169.68624877929688
7113, 169.6902618408203
7114, 169.6942596435547
7115, 169.69825744628906
7116, 169.70225524902344
7117, 169.7062530517578
7118, 169.7102508544922
7119, 169.71424865722656
7120, 169.71826171875
7121, 169.72225952148438
7122, 169.72625732421875
7123, 169.73025512695312
7124, 169.7342529296875
7125, 169.73825073242188
7126, 169.74224853515625
7127, 169.7462615966797
7128, 169.75025939941406
7129, 169.75425720214844
7130, 169.7582550048828
7131, 169.7622528076172
7132, 169.76625061035156
7133, 169.77024841308594
7134, 169.77426147460938
7135, 169.77825927734375
7136, 169.78225708007812
7137, 169.7862548828125
7138, 169.79025268554688
7139, 169.79425048828125
7140, 169.79824829101562
7141, 169.80226135253906
7142, 169.80625915527344
7143, 169.8102569580078
7144, 169.8142547607422
7145, 169.81825256347656
7146, 169.82225036621094
7147, 169.8262481689453
7148, 169.83026123046875
7149, 169.83425903320312
7150, 169.8382568359375
7151, 169.84225463867188
7152, 169.84625244140625
7153, 169.85025024414062
7154, 169.854248046875
7155, 169.85826110839844
7156, 169.8622589111328
7157, 169.8662567138672
7158, 169.87025451660156
7159, 169.87425231933594
7160, 169.8782501220703
7161, 169.8822479248047
7162, 169.88626098632812
7163, 169.8902587890625
7164, 169.89425659179688
7165, 169.89825439453125
7166, 169.90225219726562
7167, 169.90625
7168, 169.91024780273438
7169, 169.9142608642578
7170, 169.9182586669922
7171, 169.92225646972656
7172, 169.92625427246094
7173, 169.9302520751953
7174, 169.9342498779297
7175, 169.93824768066406
7176, 169.9422607421875
7177, 169.94625854492188
7178, 169.95025634765625
7179, 169.95425415039062
7180, 169.958251953125
7181, 169.96224975585938
7182, 169.96624755859375
7183, 169.9702606201172
7184, 169.97425842285156
7185, 169.97825622558594
7186, 169.9822540283203
7187, 169.9862518310547
7188, 169.99024963378906
7189, 169.99424743652344
7190, 169.99826049804688
7191, 170.00225830078125
7192, 170.00625610351562
7193, 170.01025390625
7194, 170.01425170898438
7195, 170.01824951171875
7196, 170.0222625732422
7197, 170.02626037597656
7198, 170.03025817871094
7199, 170.0342559814453
7200, 170.0382537841797
7201, 170.04225158691406
7202, 170.04624938964844
7203, 170.05026245117188
7204, 170.05426025390625
7205, 170.05825805664062
7206, 170.062255859375
7207, 170.06625366210938
7208, 170.07025146484375
7209, 170.07424926757812
7210, 170.07826232910156
7211, 170.08226013183594
7212, 170.0862579345703
7213, 170.0902557373047
7214, 170.09425354003906
7215, 170.09825134277344
7216, 170.1022491455078
7217, 170.10626220703125
7218, 170.11026000976562
7219, 170.1142578125
7220, 170.11825561523438
7221, 170.12225341796875
7222, 170.12625122070312
7223, 170.1302490234375
7224, 170.13426208496094
7225, 170.1382598876953
7226, 170.1422576904297
7227, 170.14625549316406
7228, 170.15025329589844
7229, 170.1542510986328
7230, 170.1582489013672
7231, 170.16226196289062
7232, 170.166259765625
7233, 170.17025756835938
7234, 170.17425537109375
7235, 170.17825317382812
7236, 170.1822509765625
7237, 170.18624877929688
7238, 170.1902618408203
7239, 170.1942596435547
7240, 170.19825744628906
7241, 170.20225524902344
7242, 170.2062530517578
7243, 170.2102508544922
7244, 170.21424865722656
7245, 170.21826171875
7246, 170.22225952148438
7247, 170.22625732421875
7248, 170.23025512695312
7249, 170.2342529296875
7250, 170.23825073242188
7251, 170.24224853515625
7252, 170.2462615966797
7253, 170.25025939941406
7254, 170.25425720214844
7255, 170.2582550048828
7256, 170.2622528076172
7257, 170.26625061035156
7258, 170.27024841308594
7259, 170.27426147460938
7260, 170.27825927734375
7261, 170.28225708007812
7262, 170.2862548828125
7263, 170.29025268554688
7264, 170.29425048828125
7265, 170.29824829101562
7266, 170.30226135253906
7267, 170.30625915527344
7268, 170.3102569580078
7269, 170.3142547607422
7270, 170.31825256347656
7271, 170.32225036621094
7272, 170.3262481689453
7273, 170.33026123046875
7274, 170.33425903320312
7275, 170.3382568359375
7276, 170.34225463867188
7277, 170.34625244140625
7278, 170.35025024414062
7279, 170.354248046875
7280, 170.35826110839844
7281, 170.3622589111328
7282, 170.3662567138672
7283, 170.37025451660156
7284, 170.37425231933594
7285, 170.3782501220703
7286, 170.3822479248047
7287, 170.38626098632812
7288, 170.3902587890625
7289, 170.39425659179688
7290, 170.39825439453125
7291, 170.40225219726562
7292, 170.40625
7293, 170.41024780273438
7294, 170.4142608642578
7295, 170.4182586669922
7296, 170.42225646972656
7297, 170.42625427246094
7298, 170.4302520751953
7299, 170.4342498779297
7300, 170.43824768066406
7301, 170.4422607421875
7302, 170.44625854492188
7303, 170.45025634765625
7304, 170.45425415039062
7305, 170.458251953125
7306, 170.46224975585938
7307, 170.46624755859375
7308, 170.4702606201172
7309, 170.47425842285156
7310, 170.47825622558594
7311, 170.4822540283203
7312, 170.4862518310547
7313, 170.49024963378906
7314, 170.49424743652344
7315, 170.49826049804688
7316, 170.50225830078125
7317, 170.50625610351562
7318, 170.51025390625
7319, 170.51425170898438
7320, 170.51824951171875
7321, 170.5222625732422
7322, 170.52626037597656
7323, 170.53025817871094
7324, 170.5342559814453
7325, 170.5382537841797
7326, 170.54225158691406
7327, 170.54624938964844
7328, 170.55026245117188
7329, 170.55426025390625
7330, 170.55825805664062
7331, 170.562255859375
7332, 170.56625366210938
7333, 170.57025146484375
7334, 170.57424926757812
7335, 170.57826232910156
7336, 170.58226013183594
7337, 170.5862579345703
7338, 170.5902557373047
7339, 170.59425354003906
7340, 170.59825134277344
7341, 170.6022491455078
7342, 170.60626220703125
7343, 170.61026000976562
7344, 170.6142578125
7345, 170.61825561523438
7346, 170.62225341796875
7347, 170.62625122070312
7348, 170.6302490234375
7349, 170.63426208496094
7350, 170.6382598876953
7351, 170.6422576904297
7352, 170.64625549316406
7353, 170.65025329589844
7354, 170.6542510986328
7355, 170.6582489013672
7356, 170.66226196289062
7357, 170.666259765625
7358, 170.67025756835938
7359, 170.67425537109375
7360, 170.67825317382812
7361, 170.6822509765625
7362, 170.68624877929688
7363, 170.6902618408203
7364, 170.6942596435547
7365, 170.69825744628906
7366, 170.70225524902344
7367, 170.7062530517578
7368, 170.7102508544922
7369, 170.71424865722656
7370, 170.71826171875
7371, 170.72225952148438
7372, 170.72625732421875
7373, 170.73025512695312
7374, 170.7342529296875
7375, 170.73825073242188
7376, 170.74224853515625
7377, 170.7462615966797
7378, 170.75025939941406
7379, 170.75425720214844
7380, 170.7582550048828
7381, 170.7622528076172
7382, 170.76625061035156
7383, 170.77024841308594
7384, 170.77426147460938
7385, 170.77825927734375
7386, 170.78225708007812
7387, 170.7862548828125
7388, 170.79025268554688
7389, 170.79425048828125
7390, 170.79824829101562
7391, 170.80226135253906
7392, 170.80625915527344
7393, 170.8102569580078
7394, 170.8142547607422
7395, 170.81825256347656
7396, 170.82225036621094
7397, 170.8262481689453
7398, 170.83026123046875
7399, 170.83425903320312
7400, 170.8382568359375
7401, 170.84225463867188
7402, 170.84625244140625
7403, 170.85025024414062
7404, 170.854248046875
7405, 170.85826110839844
7406, 170.8622589111328
7407, 170.8662567138672
7408, 170.87025451660156
7409, 170.87425231933594
7410, 170.8782501220703
7411, 170.8822479248047
7412, 170.88626098632812
7413, 170.8902587890625
7414, 170.89425659179688
7415, 170.89825439453125
7416, 170.90225219726562
7417, 170.90625
7418, 170.91024780273438
7419, 170.9142608642578
7420, 170.9182586669922
7421, 170.92225646972656
7422, 170.92625427246094
7423, 170.9302520751953
7424, 170.9342498779297
7425, 170.93824768066406
7426, 170.9422607421875
7427, 170.94625854492188
7428, 170.95025634765625
7429, 170.95425415039062
7430, 170.958251953125
7431, 170.96224975585938
7432, 170.96624755859375
7433, 170.9702606201172
7434, 170.97425842285156
7435, 170.97825622558594
7436, 170.9822540283203
7437, 170.9862518310547
7438, 170.99024963378906
7439, 170.99424743652344
7440, 170.99826049804688
7441, 171.00225830078125
7442, 171.00625610351562
7443, 171.01025390625
7444, 171.01425170898438
7445, 171.01824951171875
7446, 171.0222625732422
7447, 171.02626037597656
7448, 171.03025817871094
7449, 171.0342559814453
7450, 171.0382537841797
7451, 171.04225158691406
7452, 171.04624938964844
7453, 171.05026245117188
7454, 171.05426025390625
7455, 171.05825805664062
7456, 171.062255859375
7457, 171.06625366210938
7458, 171.07025146484375
7459, 171.07424926757812
7460, 171.07826232910156
7461, 171.08226013183594
7462, 171.0862579345703
7463, 171.0902557373047
7464, 171.09425354003906
7465, 171.09825134277344
7466, 171.1022491455078
7467, 171.10626220703125
7468, 171.11026000976562
7469, 171.1142578125
7470, 171.11825561523438
7471, 171.12225341796875
7472, 171.12625122070312
7473, 171.1302490234375
7474, 171.13426208496094
7475, 171.1382598876953
7476, 171.1422576904297
7477, 171.14625549316406
7478, 171.15025329589844
7479, 171.1542510986328
7480, 171.1582489013672
7481, 171.16226196289062
7482, 171.166259765625
7483, 171.17025756835938
7484, 171.17425537109375
7485, 171.17825317382812
7486, 171.1822509765625
7487, 171.18624877929688
7488, 171.1902618408203
7489, 171.1942596435547
7490, 171.19825744628906
7491, 171.20225524902344
7492, 171.2062530517578
7493, 171.2102508544922
7494, 171.21424865722656
7495, 171.21826171875
7496, 171.22225952148438
7497, 171.22625732421875
7498, 171.23025512695312
7499, 171.2342529296875
7500, 171.23825073242188
7501, 171.24224853515625
7502, 171.2462615966797
7503, 171.25025939941406
7504, 171.25425720214844
7505, 171.2582550048828
7506, 171.2622528076172
7507, 171.26625061035156
7508, 171.27024841308594
7509, 171.27426147460938
7510, 171.27825927734375
7511, 171.28225708007812
7512, 171.2862548828125
7513, 171.29025268554688
7514, 171.29425048828125
7515, 171.29824829101562
7516, 171.30226135253906
7517, 171.30625915527344
7518, 171.3102569580078
7519, 171.3142547607422
7520, 171.31825256347656
7521, 171.32225036621094
7522, 171.3262481689453
7523, 171.33026123046875
7524, 171.33425903320312
7525, 171.3382568359375
7526, 171.34225463867188
7527, 171.34625244140625
7528, 171.35025024414062
7529, 171.354248046875
7530, 171.35826110839844
7531, 171.3622589111328
7532, 171.3662567138672
7533, 171.37025451660156
7534, 171.37425231933594
7535, 171.3782501220703
7536, 171.3822479248047
7537, 171.38626098632812
7538, 171.3902587890625
7539, 171.39425659179688
7540, 171.39825439453125
7541, 171.40225219726562
7542, 171.40625
7543, 171.41024780273438
7544, 171.4142608642578
7545, 171.4182586669922
7546, 171.42225646972656
7547, 171.42625427246094
7548, 171.4302520751953
7549, 171.4342498779297
7550, 171.43824768066406
7551, 171.4422607421875
7552, 171.44625854492188
7553, 171.45025634765625
7554, 171.45425415039062
7555, 171.458251953125
7556, 171.46224975585938
7557, 171.46624755859375
7558, 171.4702606201172
7559, 171.47425842285156
7560, 171.47825622558594
7561, 171.4822540283203
7562, 171.4862518310547
7563, 171.49024963378906
7564, 171.49424743652344
7565, 171.49826049804688
7566, 171.50225830078125
7567, 171.50625610351562
7568, 171.51025390625
7569, 171.51425170898438
7570, 171.51824951171875
7571, 171.5222625732422
7572, 171.52626037597656
7573, 171.53025817871094
7574, 171.5342559814453
7575, 171.5382537841797
7576, 171.54225158691406
7577, 171.54624938964844
7578, 171.55026245117188
7579, 171.55426025390625
7580, 171.55825805664062
7581, 171.562255859375
7582, 171.56625366210938
7583, 171.57025146484375
7584, 171.57424926757812
7585, 171.57826232910156
7586, 171.58226013183594
7587, 171.5862579345703
7588, 171.5902557373047
7589, 171.59425354003906
7590, 171.59825134277344
7591, 171.6022491455078
7592, 171.60626220703125
7593, 171.61026000976562
7594, 171.6142578125
7595, 171.61825561523438
7596, 171.62225341796875
7597, 171.62625122070312
7598, 171.6302490234375
7599, 171.63426208496094
7600, 171.6382598876953
7601, 171.6422576904297
7602, 171.64625549316406
7603, 171.65025329589844
7604, 171.6542510986328
7605, 171.6582489013672
7606, 171.66226196289062
7607, 171.666259765625
7608, 171.67025756835938
7609, 171.67425537109375
7610, 171.67825317382812
7611, 171.6822509765625
7612, 171.68624877929688
7613, 171.6902618408203
7614, 171.6942596435547
7615, 171.69825744628906
7616, 171.70225524902344
7617, 171.7062530517578
7618, 171.7102508544922
7619, 171.71424865722656
7620, 171.71826171875
7621, 171.72225952148438
7622, 171.72625732421875
7623, 171.73025512695312
7624, 171.7342529296875
7625, 171.73825073242188
7626, 171.74224853515625
7627, 171.7462615966797
7628, 171.75025939941406
7629, 171.75425720214844
7630, 171.7582550048828
7631, 171.7622528076172
7632, 171.76625061035156
7633, 171.77024841308594
7634, 171.77426147460938
7635, 171.77825927734375
7636, 171.78225708007812
7637, 171.7862548828125
7638, 171.79025268554688
7639, 171.79425048828125
7640, 171.79824829101562
7641, 171.80226135253906
7642, 171.80625915527344
7643, 171.8102569580078
7644, 171.8142547607422
7645, 171.81825256347656
7646, 171.82225036621094
7647, 171.8262481689453
7648, 171.83026123046875
7649, 171.83425903320312
7650, 171.8382568359375
7651, 171.84225463867188
7652, 171.84625244140625
7653, 171.85025024414062
7654, 171.854248046875
7655, 171.85826110839844
7656, 171.8622589111328
7657, 171.8662567138672
7658, 171.87025451660156
7659, 171.87425231933594
7660, 171.8782501220703
7661, 171.8822479248047
7662, 171.88626098632812
7663, 171.8902587890625
7664, 171.89425659179688
7665, 171.89825439453125
7666, 171.90225219726562
7667, 171.90625
7668, 171.91024780273438
7669, 171.9142608642578
7670, 171.9182586669922
7671, 171.92225646972656
7672, 171.92625427246094
7673, 171.9302520751953
7674, 171.9342498779297
7675, 171.93824768066406
7676, 171.9422607421875
7677, 171.94625854492188
7678, 171.95025634765625
7679, 171.95425415039062
7680, 171.958251953125
7681, 171.96224975585938
7682, 171.96624755859375
7683, 171.9702606201172
7684, 171.97425842285156
7685, 171.97825622558594
7686, 171.9822540283203
7687, 171.9862518310547
7688, 171.99024963378906
7689, 171.99424743652344
7690, 171.99826049804688
7691, 172.00225830078125
7692, 172.00625610351562
7693, 172.01025390625
7694, 172.01425170898438
7695, 172.01824951171875
7696, 172.0222625732422
7697, 172.02626037597656
7698, 172.03025817871094
7699, 172.0342559814453
7700, 172.0382537841797
7701, 172.04225158691406
7702, 172.04624938964844
7703, 172.05026245117188
7704, 172.05426025390625
7705, 172.05825805664062
7706, 172.062255859375
7707, 172.06625366210938
7708, 172.07025146484375
7709, 172.07424926757812
7710, 172.07826232910156
7711, 172.08226013183594
7712, 172.0862579345703
7713, 172.0902557373047
7714, 172.09425354003906
7715, 172.09825134277344
7716, 172.1022491455078
7717, 172.10626220703125
7718, 172.11026000976562
7719, 172.1142578125
7720, 172.11825561523438
7721, 172.12225341796875
7722, 172.12625122070312
7723, 172.1302490234375
7724, 172.13426208496094
7725, 172.1382598876953
7726, 172.1422576904297
7727, 172.14625549316406
7728, 172.15025329589844
7729, 172.1542510986328
7730, 172.1582489013672
7731, 172.16226196289062
7732, 172.166259765625
7733, 172.17025756835938
7734, 172.17425537109375
7735, 172.17825317382812
7736, 172.1822509765625
7737, 172.18624877929688
7738, 172.1902618408203
7739, 172.1942596435547
7740, 172.19825744628906
7741, 172.20225524902344
7742, 172.2062530517578
7743, 172.2102508544922
7744, 172.21424865722656
7745, 172.21826171875
7746, 172.22225952148438
7747, 172.22625732421875
7748, 172.23025512695312
7749, 172.2342529296875
7750, 172.23825073242188
7751, 172.24224853515625
7752, 172.2462615966797
7753, 172.25025939941406
7754, 172.25425720214844
7755, 172.2582550048828
7756, 172.2622528076172
7757, 172.26625061035156
7758, 172.27024841308594
7759, 172.27426147460938
7760, 172.27825927734375
7761, 172.28225708007812
7762, 172.2862548828125
7763, 172.29025268554688
7764, 172.29425048828125
7765, 172.29824829101562
7766, 172.30226135253906
7767, 172.30625915527344
7768, 172.3102569580078
7769, 172.3142547607422
7770, 172.31825256347656
7771, 172.32225036621094
7772, 172.3262481689453
7773, 172.33026123046875
7774, 172.33425903320312
7775, 172.3382568359375
7776, 172.34225463867188
7777, 172.34625244140625
7778, 172.35025024414062
7779, 172.354248046875
7780, 172.35826110839844
7781, 172.3622589111328
7782, 172.3662567138672
7783, 172.37025451660156
7784, 172.37425231933594
7785, 172.3782501220703
7786, 172.3822479248047
7787, 172.38626098632812
7788, 172.3902587890625
7789, 172.39425659179688
7790, 172.39825439453125
7791, 172.40225219726562
7792, 172.40625
7793, 172.41024780273438
7794, 172.4142608642578
7795, 172.4182586669922
7796, 172.42225646972656
7797, 172.42625427246094
7798, 172.4302520751953
7799, 172.4342498779297
7800, 172.43824768066406
7801, 172.4422607421875
7802, 172.44625854492188
7803, 172.45025634765625
7804, 172.45425415039062
7805, 172.458251953125
7806, 172.46224975585938
7807, 172.46624755859375
7808, 172.4702606201172
7809, 172.47425842285156
7810, 172.47825622558594
7811, 172.4822540283203
7812, 172.4862518310547
7813, 172.49024963378906
7814, 172.49424743652344
7815, 172.49826049804688
7816, 172.50225830078125
7817, 172.50625610351562
7818, 172.51025390625
7819, 172.51425170898438
7820, 172.51824951171875
7821, 172.5222625732422
7822, 172.52626037597656
7823, 172.53025817871094
7824, 172.5342559814453
7825, 172.5382537841797
7826, 172.54225158691406
7827, 172.54624938964844
7828, 172.55026245117188
7829, 172.55426025390625
7830, 172.55825805664062
7831, 172.562255859375
7832, 172.56625366210938
7833, 172.57025146484375
7834, 172.57424926757812
7835, 172.57826232910156
7836, 172.58226013183594
7837, 172.5862579345703
7838, 172.5902557373047
7839, 172.59425354003906
7840, 172.59825134277344
7841, 172.6022491455078
7842, 172.60626220703125
7843, 172.61026000976562
7844, 172.6142578125
7845, 172.61825561523438
7846, 172.62225341796875
7847, 172.62625122070312
7848, 172.6302490234375
7849, 172.63426208496094
7850, 172.6382598876953
7851, 172.6422576904297
7852, 172.64625549316406
7853, 172.65025329589844
7854, 172.6542510986328
7855, 172.6582489013672
7856, 172.66226196289062
7857, 172.666259765625
7858, 172.67025756835938
7859, 172.67425537109375
7860, 172.67825317382812
7861, 172.6822509765625
7862, 172.68624877929688
7863, 172.6902618408203
7864, 172.6942596435547
7865, 172.69825744628906
7866, 172.70225524902344
7867, 172.7062530517578
7868, 172.7102508544922
7869, 172.71424865722656
7870, 172.71826171875
7871, 172.72225952148438
7872, 172.72625732421875
7873, 172.73025512695312
7874, 172.7342529296875
7875, 172.73825073242188
7876, 172.74224853515625
7877, 172.7462615966797
7878, 172.75025939941406
7879, 172.75425720214844
7880, 172.7582550048828
7881, 172.7622528076172
7882, 172.76625061035156
7883, 172.77024841308594
7884, 172.77426147460938
7885, 172.77825927734375
7886, 172.78225708007812
7887, 172.7862548828125
7888, 172.79025268554688
7889, 172.79425048828125
7890, 172.79824829101562
7891, 172.80226135253906
7892, 172.80625915527344
7893, 172.8102569580078
7894, 172.8142547607422
7895, 172.81825256347656
7896, 172.82225036621094
7897, 172.8262481689453
7898, 172.83026123046875
7899, 172.83425903320312
7900, 172.8382568359375
7901, 172.84225463867188
7902, 172.84625244140625
7903, 172.85025024414062
7904, 172.854248046875
7905, 172.85826110839844
7906, 172.8622589111328
7907, 172.8662567138672
7908, 172.87025451660156
7909, 172.87425231933594
7910, 172.8782501220703
7911, 172.8822479248047
7912, 172.88626098632812
7913, 172.8902587890625
7914, 172.89425659179688
7915, 172.89825439453125
7916, 172.90225219726562
7917, 172.90625
7918, 172.91024780273438
7919, 172.9142608642578
7920, 172.9182586669922
7921, 172.92225646972656
7922, 172.92625427246094
7923, 172.9302520751953
7924, 172.9342498779297
7925, 172.93824768066406
7926, 172.9422607421875
7927, 172.94625854492188
7928, 172.95025634765625
7929, 172.95425415039062
7930, 172.958251953125
7931, 172.96224975585938
7932, 172.96624755859375
7933, 172.9702606201172
7934, 172.97425842285156
7935, 172.97825622558594
7936, 172.9822540283203
7937, 172.9862518310547
7938, 172.99024963378906
7939, 172.99424743652344
7940, 172.99826049804688
7941, 173.00225830078125
7942, 173.00625610351562
7943, 173.01025390625
7944, 173.01425170898438
7945, 173.01824951171875
7946, 173.0222625732422
7947, 173.02626037597656
7948, 173.03025817871094
7949, 173.0342559814453
7950, 173.0382537841797
7951, 173.04225158691406
7952, 173.04624938964844
7953, 173.05026245117188
7954, 173.05426025390625
7955, 173.05825805664062
7956, 173.062255859375
7957, 173.06625366210938
7958, 173.07025146484375
7959, 173.07424926757812
7960, 173.07826232910156
7961, 173.08226013183594
7962, 173.0862579345703
7963, 173.0902557373047
7964, 173.09425354003906
7965, 173.09825134277344
7966, 173.1022491455078
7967, 173.10626220703125
7968, 173.11026000976562
7969, 173.1142578125
7970, 173.11825561523438
7971, 173.12225341796875
7972, 173.12625122070312
7973, 173.1302490234375
7974, 173.13426208496094
7975, 173.1382598876953
7976, 173.1422576904297
7977, 173.14625549316406
7978, 173.15025329589844
7979, 173.1542510986328
7980, 173.1582489013672
7981, 173.16226196289062
7982, 173.166259765625
7983, 173.17025756835938
7984, 173.17425537109375
7985, 173.17825317382812
7986, 173.1822509765625
7987, 173.18624877929688
7988, 173.1902618408203
7989, 173.1942596435547
7990, 173.19825744628906
7991, 173.20225524902344
7992, 173.2062530517578
7993, 173.2102508544922
7994, 173.21424865722656
7995, 173.21826171875
7996, 173.22225952148438
7997, 173.22625732421875
7998, 173.23025512695312
7999, 173.2342529296875
8000, 173.23825073242188
8001, 173.24224853515625
8002, 173.2462615966797
8003, 173.25025939941406
8004, 173.25425720214844
8005, 173.2582550048828
8006, 173.2622528076172
8007, 173.26625061035156
8008, 173.27024841308594
8009, 173.27426147460938
8010, 173.27825927734375
8011, 173.28225708007812
8012, 173.2862548828125
8013, 173.29025268554688
8014, 173.29425048828125
8015, 173.29824829101562
8016, 173.30226135253906
8017, 173.30625915527344
8018, 173.3102569580078
8019, 173.3142547607422
8020, 173.31825256347656
8021, 173.32225036621094
8022, 173.3262481689453
8023, 173.33026123046875
8024, 173.33425903320312
8025, 173.3382568359375
8026, 173.34225463867188
8027, 173.34625244140625
8028, 173.35025024414062
8029, 173.354248046875
8030, 173.35826110839844
8031, 173.3622589111328
8032, 173.3662567138672
8033, 173.37025451660156
8034, 173.37425231933594
8035, 173.3782501220703
8036, 173.3822479248047
8037, 173.38626098632812
8038, 173.3902587890625
8039, 173.39425659179688
8040, 173.39825439453125
8041, 173.40225219726562
8042, 173.40625
8043, 173.41024780273438
8044, 173.4142608642578
8045, 173.4182586669922
8046, 173.42225646972656
8047, 173.42625427246094
8048, 173.4302520751953
8049, 173.4342498779297
8050, 173.43824768066406
8051, 173.4422607421875
8052, 173.44625854492188
8053, 173.45025634765625
8054, 173.45425415039062
8055, 173.458251953125
8056, 173.46224975585938
8057, 173.46624755859375
8058, 173.4702606201172
8059, 173.47425842285156
8060, 173.47825622558594
8061, 173.4822540283203
8062, 173.4862518310547
8063, 173.49024963378906
8064, 173.49424743652344
8065, 173.49826049804688
8066, 173.50225830078125
8067, 173.50625610351562
8068, 173.51025390625
8069, 173.51425170898438
8070, 173.51824951171875
8071, 173.5222625732422
8072, 173.52626037597656
8073, 173.53025817871094
8074, 173.5342559814453
8075, 173.5382537841797
8076, 173.54225158691406
8077, 173.54624938964844
8078, 173.55026245117188
8079, 173.55426025390625
8080, 173.55825805664062
8081, 173.562255859375
8082, 173.56625366210938
8083, 173.57025146484375
8084, 173.57424926757812
8085, 173.57826232910156
8086, 173.58226013183594
8087, 173.5862579345703
8088, 173.5902557373047
8089, 173.59425354003906
8090, 173.59825134277344
8091, 173.6022491455078
8092, 173.60626220703125
8093, 173.61026000976562
8094, 173.6142578125
8095, 173.61825561523438
8096, 173.62225341796875
8097, 173.62625122070312
8098, 173.6302490234375
8099, 173.63426208496094
8100, 173.6382598876953
8101, 173.6422576904297
8102, 173.64625549316406
8103, 173.65025329589844
8104, 173.6542510986328
8105, 173.6582489013672
8106, 173.66226196289062
8107, 173.666259765625
8108, 173.67025756835938
8109, 173.67425537109375
8110, 173.67825317382812
8111, 173.6822509765625
8112, 173.68624877929688
8113, 173.6902618408203
8114, 173.6942596435547
8115, 173.69825744628906
8116, 173.70225524902344
8117, 173.7062530517578
8118, 173.7102508544922
8119, 173.71424865722656
8120, 173.71826171875
8121, 173.72225952148438
8122, 173.72625732421875
8123, 173.73025512695312
8124, 173.7342529296875
8125, 173.73825073242188
8126, 173.74224853515625
8127, 173.7462615966797
8128, 173.75025939941406
8129, 173.75425720214844
8130, 173.7582550048828
8131, 173.7622528076172
8132, 173.76625061035156
8133, 173.77024841308594
8134, 173.77426147460938
8135, 173.77825927734375
8136, 173.78225708007812
8137, 173.7862548828125
8138, 173.79025268554688
8139, 173.79425048828125
8140, 173.79824829101562
8141, 173.80226135253906
8142, 173.80625915527344
8143, 173.8102569580078
8144, 173.8142547607422
8145, 173.81825256347656
8146, 173.82225036621094
8147, 173.8262481689453
8148, 173.83026123046875
8149, 173.83425903320312
8150, 173.8382568359375
8151, 173.84225463867188
8152, 173.84625244140625
8153, 173.85025024414062
8154, 173.854248046875
8155, 173.85826110839844
8156, 173.8622589111328
8157, 173.8662567138672
8158, 173.87025451660156
8159, 173.87425231933594
8160, 173.8782501220703
8161, 173.8822479248047
8162, 173.88626098632812
8163, 173.8902587890625
8164, 173.89425659179688
8165, 173.89825439453125
8166, 173.90225219726562
8167, 173.90625
8168, 173.91024780273438
8169, 173.9142608642578
8170, 173.9182586669922
8171, 173.92225646972656
8172, 173.92625427246094
8173, 173.9302520751953
8174, 173.9342498779297
8175, 173.93824768066406
8176, 173.9422607421875
8177, 173.94625854492188
8178, 173.95025634765625
8179, 173.95425415039062
8180, 173.958251953125
8181, 173.96224975585938
8182, 173.96624755859375
8183, 173.9702606201172
8184, 173.97425842285156
8185, 173.97825622558594
8186, 173.9822540283203
8187, 173.9862518310547
8188, 173.99024963378906
8189, 173.99424743652344
8190, 173.99826049804688
8191, 174.00225830078125
8192, 174.00625610351562
8193, 174.01025390625
8194, 174.01425170898438
8195, 174.01824951171875
8196, 174.0222625732422
8197, 174.02626037597656
8198, 174.03025817871094
8199, 174.0342559814453
8200, 174.0382537841797
8201, 174.04225158691406
8202, 174.04624938964844
8203, 174.05026245117188
8204, 174.05426025390625
8205, 174.05825805664062
8206, 174.062255859375
8207, 174.06625366210938
8208, 174.07025146484375
8209, 174.07424926757812
8210, 174.07826232910156
8211, 174.08226013183594
8212, 174.0862579345703
8213, 174.0902557373047
8214, 174.09425354003906
8215, 174.09825134277344
8216, 174.1022491455078
8217, 174.10626220703125
8218, 174.11026000976562
8219, 174.1142578125
8220, 174.11825561523438
8221, 174.12225341796875
8222, 174.12625122070312
8223, 174.1302490234375
8224, 174.13426208496094
8225, 174.1382598876953
8226, 174.1422576904297
8227, 174.14625549316406
8228, 174.15025329589844
8229, 174.1542510986328
8230, 174.1582489013672
8231, 174.16226196289062
8232, 174.166259765625
8233, 174.17025756835938
8234, 174.17425537109375
8235, 174.17825317382812
8236, 174.1822509765625
8237, 174.18624877929688
8238, 174.1902618408203
8239, 174.1942596435547
8240, 174.19825744628906
8241, 174.20225524902344
8242, 174.2062530517578
8243, 174.2102508544922
8244, 174.21424865722656
8245, 174.21826171875
8246, 174.22225952148438
8247, 174.22625732421875
8248, 174.23025512695312
8249, 174.2342529296875
8250, 174.23825073242188
8251, 174.24224853515625
8252, 174.2462615966797
8253, 174.25025939941406
8254, 174.25425720214844
8255, 174.2582550048828
8256, 174.2622528076172
8257, 174.26625061035156
8258, 174.27024841308594
8259, 174.27426147460938
8260, 174.27825927734375
8261, 174.28225708007812
8262, 174.2862548828125
8263, 174.29025268554688
8264, 174.29425048828125
8265, 174.29824829101562
8266, 174.30226135253906
8267, 174.30625915527344
8268, 174.3102569580078
8269, 174.3142547607422
8270, 174.31825256347656
8271, 174.32225036621094
8272, 174.3262481689453
8273, 174.33026123046875
8274, 174.33425903320312
8275, 174.3382568359375
8276, 174.34225463867188
8277, 174.34625244140625
8278, 174.35025024414062
8279, 174.354248046875
8280, 174.35826110839844
8281, 174.3622589111328
8282, 174.3662567138672
8283, 174.37025451660156
8284, 174.37425231933594
8285, 174.3782501220703
8286, 174.3822479248047
8287, 174.38626098632812
8288, 174.3902587890625
8289, 174.39425659179688
8290, 174.39825439453125
8291, 174.40225219726562
8292, 174.40625
8293, 174.41024780273438
8294, 174.4142608642578
8295, 174.4182586669922
8296, 174.42225646972656
8297, 174.42625427246094
8298, 174.4302520751953
8299, 174.4342498779297
8300, 174.43824768066406
8301, 174.4422607421875
8302, 174.44625854492188
8303, 174.45025634765625
8304, 174.45425415039062
8305, 174.458251953125
8306, 174.46224975585938
8307, 174.46624755859375
8308, 174.4702606201172
8309, 174.47425842285156
8310, 174.47825622558594
8311, 174.4822540283203
8312, 174.4862518310547
8313, 174.49024963378906
8314, 174.49424743652344
8315, 174.49826049804688
8316, 174.50225830078125
8317, 174.50625610351562
8318, 174.51025390625
8319, 174.51425170898438
8320, 174.51824951171875
8321, 174.5222625732422
8322, 174.52626037597656
8323, 174.53025817871094
8324, 174.5342559814453
8325, 174.5382537841797
8326, 174.54225158691406
8327, 174.54624938964844
8328, 174.55026245117188
8329, 174.55426025390625
8330, 174.55825805664062
8331, 174.562255859375
8332, 174.56625366210938
8333, 174.57025146484375
8334, 174.57424926757812
8335, 174.57826232910156
8336, 174.58226013183594
8337, 174.5862579345703
8338, 174.5902557373047
8339, 174.59425354003906
8340, 174.59825134277344
8341, 174.6022491455078
8342, 174.60626220703125
8343, 174.61026000976562
8344, 174.6142578125
8345, 174.61825561523438
8346, 174.62225341796875
8347, 174.62625122070312
8348, 174.6302490234375
8349, 174.63426208496094
8350, 174.6382598876953
8351, 174.6422576904297
8352, 174.64625549316406
8353, 174.65025329589844
8354, 174.6542510986328
8355, 174.6582489013672
8356, 174.66226196289062
8357, 174.666259765625
8358, 174.67025756835938
8359, 174.67425537109375
8360, 174.67825317382812
8361, 174.6822509765625
8362, 174.68624877929688
8363, 174.6902618408203
8364, 174.6942596435547
8365, 174.69825744628906
8366, 174.70225524902344
8367, 174.7062530517578
8368, 174.7102508544922
8369, 174.71424865722656
8370, 174.71826171875
8371, 174.72225952148438
8372, 174.72625732421875
8373, 174.73025512695312
8374, 174.7342529296875
8375, 174.73825073242188
8376, 174.74224853515625
8377, 174.7462615966797
8378, 174.75025939941406
8379, 174.75425720214844
8380, 174.7582550048828
8381, 174.7622528076172
8382, 174.76625061035156
8383, 174.77024841308594
8384, 174.77426147460938
8385, 174.77825927734375
8386, 174.78225708007812
8387, 174.7862548828125
8388, 174.79025268554688
8389, 174.79425048828125
8390, 174.79824829101562
8391, 174.80226135253906
8392, 174.80625915527344
8393, 174.8102569580078
8394, 174.8142547607422
8395, 174.81825256347656
8396, 174.82225036621094
8397, 174.8262481689453
8398, 174.83026123046875
8399, 174.83425903320312
8400, 174.8382568359375
8401, 174.84225463867188
8402, 174.84625244140625
8403, 174.85025024414062
8404, 174.854248046875
8405, 174.85826110839844
8406, 174.8622589111328
8407, 174.8662567138672
8408, 174.87025451660156
8409, 174.87425231933594
8410, 174.8782501220703
8411, 174.8822479248047
8412, 174.88626098632812
8413, 174.8902587890625
8414, 174.89425659179688
8415, 174.89825439453125
8416, 174.90225219726562
8417, 174.90625
8418, 174.91024780273438
8419, 174.9142608642578
8420, 174.9182586669922
8421, 174.92225646972656
8422, 174.92625427246094
8423, 174.9302520751953
8424, 174.9342498779297
8425, 174.93824768066406
8426, 174.9422607421875
8427, 174.94625854492188
8428, 174.95025634765625
8429, 174.95425415039062
8430, 174.958251953125
8431, 174.96224975585938
8432, 174.96624755859375
8433, 174.9702606201172
8434, 174.97425842285156
8435, 174.97825622558594
8436, 174.9822540283203
8437, 174.9862518310547
8438, 174.99024963378906
8439, 174.99424743652344
8440, 174.99826049804688
8441, 175.00225830078125
8442, 175.00625610351562
8443, 175.01025390625
8444, 175.01425170898438
8445, 175.01824951171875
8446, 175.0222625732422
8447, 175.02626037597656
8448, 175.03025817871094
8449, 175.0342559814453
8450, 175.0382537841797
8451, 175.04225158691406
8452, 175.04624938964844
8453, 175.05026245117188
8454, 175.05426025390625
8455, 175.05825805664062
8456, 175.062255859375
8457, 175.06625366210938
8458, 175.07025146484375
8459, 175.07424926757812
8460, 175.07826232910156
8461, 175.08226013183594
8462, 175.0862579345703
8463, 175.0902557373047
8464, 175.09425354003906
8465, 175.09825134277344
8466, 175.1022491455078
8467, 175.10626220703125
8468, 175.11026000976562
8469, 175.1142578125
8470, 175.11825561523438
8471, 175.12225341796875
8472, 175.12625122070312
8473, 175.1302490234375
8474, 175.13426208496094
8475, 175.1382598876953
8476, 175.1422576904297
8477, 175.14625549316406
8478, 175.15025329589844
8479, 175.1542510986328
8480, 175.1582489013672
8481, 175.16226196289062
8482, 175.166259765625
8483, 175.17025756835938
8484, 175.17425537109375
8485, 175.17825317382812
8486, 175.1822509765625
8487, 175.18624877929688
8488, 175.1902618408203
8489, 175.1942596435547
8490, 175.19825744628906
8491, 175.20225524902344
8492, 175.2062530517578
8493, 175.2102508544922
8494, 175.21424865722656
8495, 175.21826171875
8496, 175.22225952148438
8497, 175.22625732421875
8498, 175.23025512695312
8499, 175.2342529296875
8500, 175.23825073242188
8501, 175.24224853515625
8502, 175.2462615966797
8503, 175.25025939941406
8504, 175.25425720214844
8505, 175.2582550048828
8506, 175.2622528076172
8507, 175.26625061035156
8508, 175.27024841308594
8509, 175.27426147460938
8510, 175.27825927734375
8511, 175.28225708007812
8512, 175.2862548828125
8513, 175.29025268554688
8514, 175.29425048828125
8515, 175.29824829101562
8516, 175.30226135253906
8517, 175.30625915527344
8518, 175.3102569580078
8519, 175.3142547607422
8520, 175.31825256347656
8521, 175.32225036621094
8522, 175.3262481689453
8523, 175.33026123046875
8524, 175.33425903320312
8525, 175.3382568359375
8526, 175.34225463867188
8527, 175.34625244140625
8528, 175.35025024414062
8529, 175.354248046875
8530, 175.35826110839844
8531, 175.3622589111328
8532, 175.3662567138672
8533, 175.37025451660156
8534, 175.37425231933594
8535, 175.3782501220703
8536, 175.3822479248047
8537, 175.38626098632812
8538, 175.3902587890625
8539, 175.39425659179688
8540, 175.39825439453125
8541, 175.40225219726562
8542, 175.40625
8543, 175.41024780273438
8544, 175.4142608642578
8545, 175.4182586669922
8546, 175.42225646972656
8547, 175.42625427246094
8548, 175.4302520751953
8549, 175.4342498779297
8550, 175.43824768066406
8551, 175.4422607421875
8552, 175.44625854492188
8553, 175.45025634765625
8554, 175.45425415039062
8555, 175.458251953125
8556, 175.46224975585938
8557, 175.46624755859375
8558, 175.4702606201172
8559, 175.47425842285156
8560, 175.47825622558594
8561, 175.4822540283203
8562, 175.4862518310547
8563, 175.49024963378906
8564, 175.49424743652344
8565, 175.49826049804688
8566, 175.50225830078125
8567, 175.50625610351562
8568, 175.51025390625
8569, 175.51425170898438
8570, 175.51824951171875
8571, 175.5222625732422
8572, 175.52626037597656
8573, 175.53025817871094
8574, 175.5342559814453
8575, 175.5382537841797
8576, 175.54225158691406
8577, 175.54624938964844
8578, 175.55026245117188
8579, 175.55426025390625
8580, 175.55825805664062
8581, 175.562255859375
8582, 175.56625366210938
8583, 175.57025146484375
8584, 175.57424926757812
8585, 175.57826232910156
8586, 175.58226013183594
8587, 175.5862579345703
8588, 175.5902557373047
8589, 175.59425354003906
8590, 175.59825134277344
8591, 175.6022491455078
8592, 175.60626220703125
8593, 175.61026000976562
8594, 175.6142578125
8595, 175.61825561523438
8596, 175.62225341796875
8597, 175.62625122070312
8598, 175.6302490234375
8599, 175.63426208496094
8600, 175.6382598876953
8601, 175.6422576904297
8602, 175.64625549316406
8603, 175.65025329589844
8604, 175.6542510986328
8605, 175.6582489013672
8606, 175.66226196289062
8607, 175.666259765625
8608, 175.67025756835938
8609, 175.67425537109375
8610, 175.67825317382812
8611, 175.6822509765625
8612, 175.68624877929688
8613, 175.6902618408203
8614, 175.6942596435547
8615, 175.69825744628906
8616, 175.70225524902344
8617, 175.7062530517578
8618, 175.7102508544922
8619, 175.71424865722656
8620, 175.71826171875
8621, 175.72225952148438
8622, 175.72625732421875
8623, 175.73025512695312
8624, 175.7342529296875
8625, 175.73825073242188
8626, 175.74224853515625
8627, 175.7462615966797
8628, 175.75025939941406
8629, 175.75425720214844
8630, 175.7582550048828
8631, 175.7622528076172
8632, 175.76625061035156
8633, 175.77024841308594
8634, 175.77426147460938
8635, 175.77825927734375
8636, 175.78225708007812
8637, 175.7862548828125
8638, 175.79025268554688
8639, 175.79425048828125
8640, 175.79824829101562
8641, 175.80226135253906
8642, 175.80625915527344
8643, 175.8102569580078
8644, 175.8142547607422
8645, 175.81825256347656
8646, 175.82225036621094
8647, 175.8262481689453
8648, 175.83026123046875
8649, 175.83425903320312
8650, 175.8382568359375
8651, 175.84225463867188
8652, 175.84625244140625
8653, 175.85025024414062
8654, 175.854248046875
8655, 175.85826110839844
8656, 175.8622589111328
8657, 175.8662567138672
8658, 175.87025451660156
8659, 175.87425231933594
8660, 175.8782501220703
8661, 175.8822479248047
8662, 175.88626098632812
8663, 175.8902587890625
8664, 175.89425659179688
8665, 175.89825439453125
8666, 175.90225219726562
8667, 175.90625
8668, 175.91024780273438
8669, 175.9142608642578
8670, 175.9182586669922
8671, 175.92225646972656
8672, 175.92625427246094
8673, 175.9302520751953
8674, 175.9342498779297
8675, 175.93824768066406
8676, 175.9422607421875
8677, 175.94625854492188
8678, 175.95025634765625
8679, 175.95425415039062
8680, 175.958251953125
8681, 175.96224975585938
8682, 175.96624755859375
8683, 175.9702606201172
8684, 175.97425842285156
8685, 175.97825622558594
8686, 175.9822540283203
8687, 175.9862518310547
8688, 175.99024963378906
8689, 175.99424743652344
8690, 175.99826049804688
8691, 176.00225830078125
8692, 176.00625610351562
8693, 176.01025390625
8694, 176.01425170898438
8695, 176.01824951171875
8696, 176.0222625732422
8697, 176.02626037597656
8698, 176.03025817871094
8699, 176.0342559814453
8700, 176.0382537841797
8701, 176.04225158691406
8702, 176.04624938964844
8703, 176.05026245117188
8704, 176.05426025390625
8705, 176.05825805664062
8706, 176.062255859375
8707, 176.06625366210938
8708, 176.07025146484375
8709, 176.07424926757812
8710, 176.07826232910156
8711, 176.08226013183594
8712, 176.0862579345703
8713, 176.0902557373047
8714, 176.09425354003906
8715, 176.09825134277344
8716, 176.1022491455078
8717, 176.10626220703125
8718, 176.11026000976562
8719, 176.1142578125
8720, 176.11825561523438
8721, 176.12225341796875
8722, 176.12625122070312
8723, 176.1302490234375
8724, 176.13426208496094
8725, 176.1382598876953
8726, 176.1422576904297
8727, 176.14625549316406
8728, 176.15025329589844
8729, 176.1542510986328
8730, 176.1582489013672
8731, 176.16226196289062
8732, 176.166259765625
8733, 176.17025756835938
8734, 176.17425537109375
8735, 176.17825317382812
8736, 176.1822509765625
8737, 176.18624877929688
8738, 176.1902618408203
8739, 176.1942596435547
8740, 176.19825744628906
8741, 176.20225524902344
8742, 176.2062530517578
8743, 176.2102508544922
8744, 176.21424865722656
8745, 176.21826171875
8746, 176.22225952148438
8747, 176.22625732421875
8748, 176.23025512695312
8749, 176.2342529296875
8750, 176.23825073242188
8751, 176.24224853515625
8752, 176.2462615966797
8753, 176.25025939941406
8754, 176.25425720214844
8755, 176.2582550048828
8756, 176.2622528076172
8757, 176.26625061035156
8758, 176.27024841308594
8759, 176.27426147460938
8760, 176.27825927734375
8761, 176.28225708007812
8762, 176.2862548828125
8763, 176.29025268554688
8764, 176.29425048828125
8765, 176.29824829101562
8766, 176.30226135253906
8767, 176.30625915527344
8768, 176.3102569580078
8769, 176.3142547607422
8770, 176.31825256347656
8771, 176.32225036621094
8772, 176.3262481689453
8773, 176.33026123046875
8774, 176.33425903320312
8775, 176.3382568359375
8776, 176.34225463867188
8777, 176.34625244140625
8778, 176.35025024414062
8779, 176.354248046875
8780, 176.35826110839844
8781, 176.3622589111328
8782, 176.3662567138672
8783, 176.37025451660156
8784, 176.37425231933594
8785, 176.3782501220703
8786, 176.3822479248047
8787, 176.38626098632812
8788, 176.3902587890625
8789, 176.39425659179688
8790, 176.39825439453125
8791, 176.40225219726562
8792, 176.40625
8793, 176.41024780273438
8794, 176.4142608642578
8795, 176.4182586669922
8796, 176.42225646972656
8797, 176.42625427246094
8798, 176.4302520751953
8799, 176.4342498779297
8800, 176.43824768066406
8801, 176.4422607421875
8802, 176.44625854492188
8803, 176.45025634765625
8804, 176.45425415039062
8805, 176.458251953125
8806, 176.46224975585938
8807, 176.46624755859375
8808, 176.4702606201172
8809, 176.47425842285156
8810, 176.47825622558594
8811, 176.4822540283203
8812, 176.4862518310547
8813, 176.49024963378906
8814, 176.49424743652344
8815, 176.49826049804688
8816, 176.50225830078125
8817, 176.50625610351562
8818, 176.51025390625
8819, 176.51425170898438
8820, 176.51824951171875
8821, 176.5222625732422
8822, 176.52626037597656
8823, 176.53025817871094
8824, 176.5342559814453
8825, 176.5382537841797
8826, 176.54225158691406
8827, 176.54624938964844
8828, 176.55026245117188
8829, 176.55426025390625
8830, 176.55825805664062
8831, 176.562255859375
8832, 176.56625366210938
8833, 176.57025146484375
8834, 176.57424926757812
8835, 176.57826232910156
8836, 176.58226013183594
8837, 176.5862579345703
8838, 176.5902557373047
8839, 176.59425354003906
8840, 176.59825134277344
8841, 176.6022491455078
8842, 176.60626220703125
8843, 176.61026000976562
8844, 176.6142578125
8845, 176.61825561523438
8846, 176.62225341796875
8847, 176.62625122070312
8848, 176.6302490234375
8849, 176.63426208496094
8850, 176.6382598876953
8851, 176.6422576904297
8852, 176.64625549316406
8853, 176.65025329589844
8854, 176.6542510986328
8855, 176.6582489013672
8856, 176.66226196289062
8857, 176.666259765625
8858, 176.67025756835938
8859, 176.67425537109375
8860, 176.67825317382812
8861, 176.6822509765625
8862, 176.68624877929688
8863, 176.6902618408203
8864, 176.6942596435547
8865, 176.69825744628906
8866, 176.70225524902344
8867, 176.7062530517578
8868, 176.7102508544922
8869, 176.71424865722656
8870, 176.71826171875
8871, 176.72225952148438
8872, 176.72625732421875
8873, 176.73025512695312
8874, 176.7342529296875
8875, 176.73825073242188
8876, 176.74224853515625
8877, 176.7462615966797
8878, 176.75025939941406
8879, 176.75425720214844
8880, 176.7582550048828
8881, 176.7622528076172
8882, 176.76625061035156
8883, 176.77024841308594
8884, 176.77426147460938
8885, 176.77825927734375
8886, 176.78225708007812
8887, 176.7862548828125
8888, 176.79025268554688
8889, 176.79425048828125
8890, 176.79824829101562
8891, 176.80226135253906
8892, 176.80625915527344
8893, 176.8102569580078
8894, 176.8142547607422
8895, 176.81825256347656
8896, 176.82225036621094
8897, 176.8262481689453
8898, 176.83026123046875
8899, 176.83425903320312
8900, 176.8382568359375
8901, 176.84225463867188
8902, 176.84625244140625
8903, 176.85025024414062
8904, 176.854248046875
8905, 176.85826110839844
8906, 176.8622589111328
8907, 176.8662567138672
8908, 176.87025451660156
8909, 176.87425231933594
8910, 176.8782501220703
8911, 176.8822479248047
8912, 176.88626098632812
8913, 176.8902587890625
8914, 176.89425659179688
8915, 176.89825439453125
8916, 176.90225219726562
8917, 176.90625
8918, 176.91024780273438
8919, 176.9142608642578
8920, 176.9182586669922
8921, 176.92225646972656
8922, 176.92625427246094
8923, 176.9302520751953
8924, 176.9342498779297
8925, 176.93824768066406
8926, 176.9422607421875
8927, 176.94625854492188
8928, 176.95025634765625
8929, 176.95425415039062
8930, 176.958251953125
8931, 176.96224975585938
8932, 176.96624755859375
8933, 176.9702606201172
8934, 176.97425842285156
8935, 176.97825622558594
8936, 176.9822540283203
8937, 176.9862518310547
8938, 176.99024963378906
8939, 176.99424743652344
8940, 176.99826049804688
8941, 177.00225830078125
8942, 177.00625610351562
8943, 177.01025390625
8944, 177.01425170898438
8945, 177.01824951171875
8946, 177.0222625732422
8947, 177.02626037597656
8948, 177.03025817871094
8949, 177.0342559814453
8950, 177.0382537841797
8951, 177.04225158691406
8952, 177.04624938964844
8953, 177.05026245117188
8954, 177.05426025390625
8955, 177.05825805664062
8956, 177.062255859375
8957, 177.06625366210938
8958, 177.07025146484375
8959, 177.07424926757812
8960, 177.07826232910156
8961, 177.08226013183594
8962, 177.0862579345703
8963, 177.0902557373047
8964, 177.09425354003906
8965, 177.09825134277344
8966, 177.1022491455078
8967, 177.10626220703125
8968, 177.11026000976562
8969, 177.1142578125
8970, 177.11825561523438
8971, 177.12225341796875
8972, 177.12625122070312
8973, 177.1302490234375
8974, 177.13426208496094
8975, 177.1382598876953
8976, 177.1422576904297
8977, 177.14625549316406
8978, 177.15025329589844
8979, 177.1542510986328
8980, 177.1582489013672
8981, 177.16226196289062
8982, 177.166259765625
8983, 177.17025756835938
8984, 177.17425537109375
8985, 177.17825317382812
8986, 177.1822509765625
8987, 177.18624877929688
8988, 177.1902618408203
8989, 177.1942596435547
8990, 177.19825744628906
8991, 177.20225524902344
8992, 177.2062530517578
8993, 177.2102508544922
8994, 177.21424865722656
8995, 177.21826171875
8996, 177.22225952148438
8997, 177.22625732421875
8998, 177.23025512695312
8999, 177.2342529296875
9000, 177.23825073242188
9001, 177.24224853515625
9002, 177.2462615966797
9003, 177.25025939941406
9004, 177.25425720214844
9005, 177.2582550048828
9006, 177.2622528076172
9007, 177.26625061035156
9008, 177.27024841308594
9009, 177.27426147460938
9010, 177.27825927734375
9011, 177.28225708007812
9012, 177.2862548828125
9013, 177.29025268554688
9014, 177.29425048828125
9015, 177.29824829101562
9016, 177.30226135253906
9017, 177.30625915527344
9018, 177.3102569580078
9019, 177.3142547607422
9020, 177.31825256347656
9021, 177.32225036621094
9022, 177.3262481689453
9023, 177.33026123046875
9024, 177.33425903320312
9025, 177.3382568359375
9026, 177.34225463867188
9027, 177.34625244140625
9028, 177.35025024414062
9029, 177.354248046875
9030, 177.35826110839844
9031, 177.3622589111328
9032, 177.3662567138672
9033, 177.37025451660156
9034, 177.37425231933594
9035, 177.3782501220703
9036, 177.3822479248047
9037, 177.38626098632812
9038, 177.3902587890625
9039, 177.39425659179688
9040, 177.39825439453125
9041, 177.40225219726562
9042, 177.40625
9043, 177.41024780273438
9044, 177.4142608642578
9045, 177.4182586669922
9046, 177.42225646972656
9047, 177.42625427246094
9048, 177.4302520751953
9049, 177.4342498779297
9050, 177.43824768066406
9051, 177.4422607421875
9052, 177.44625854492188
9053, 177.45025634765625
9054, 177.45425415039062
9055, 177.458251953125
9056, 177.46224975585938
9057, 177.46624755859375
9058, 177.4702606201172
9059, 177.47425842285156
9060, 177.47825622558594
9061, 177.4822540283203
9062, 177.4862518310547
9063, 177.49024963378906
9064, 177.49424743652344
9065, 177.49826049804688
9066, 177.50225830078125
9067, 177.50625610351562
9068, 177.51025390625
9069, 177.51425170898438
9070, 177.51824951171875
9071, 177.5222625732422
9072, 177.52626037597656
9073, 177.53025817871094
9074, 177.5342559814453
9075, 177.5382537841797
9076, 177.54225158691406
9077, 177.54624938964844
9078, 177.55026245117188
9079, 177.55426025390625
9080, 177.55825805664062
9081, 177.562255859375
9082, 177.56625366210938
9083, 177.57025146484375
9084, 177.57424926757812
9085, 177.57826232910156
9086, 177.58226013183594
9087, 177.5862579345703
9088, 177.5902557373047
9089, 177.59425354003906
9090, 177.59825134277344
9091, 177.6022491455078
9092, 177.60626220703125
9093, 177.61026000976562
9094, 177.6142578125
9095, 177.61825561523438
9096, 177.62225341796875
9097, 177.62625122070312
9098, 177.6302490234375
9099, 177.63426208496094
9100, 177.6382598876953
9101, 177.6422576904297
9102, 177.64625549316406
9103, 177.65025329589844
9104, 177.6542510986328
9105, 177.6582489013672
9106, 177.66226196289062
9107, 177.666259765625
9108, 177.67025756835938
9109, 177.67425537109375
9110, 177.67825317382812
9111, 177.6822509765625
9112, 177.68624877929688
9113, 177.6902618408203
9114, 177.6942596435547
9115, 177.69825744628906
9116, 177.70225524902344
9117, 177.7062530517578
9118, 177.7102508544922
9119, 177.71424865722656
9120, 177.71826171875
9121, 177.72225952148438
9122, 177.72625732421875
9123, 177.73025512695312
9124, 177.7342529296875
9125, 177.73825073242188
9126, 177.74224853515625
9127, 177.7462615966797
9128, 177.75025939941406
9129, 177.75425720214844
9130, 177.7582550048828
9131, 177.7622528076172
9132, 177.76625061035156
9133, 177.77024841308594
9134, 177.77426147460938
9135, 177.77825927734375
9136, 177.78225708007812
9137, 177.7862548828125
9138, 177.79025268554688
9139, 177.79425048828125
9140, 177.79824829101562
9141, 177.80226135253906
9142, 177.80625915527344
9143, 177.8102569580078
9144, 177.8142547607422
9145, 177.81825256347656
9146, 177.82225036621094
9147, 177.8262481689453
9148, 177.83026123046875
9149, 177.83425903320312
9150, 177.8382568359375
9151, 177.84225463867188
9152, 177.84625244140625
9153, 177.85025024414062
9154, 177.854248046875
9155, 177.85826110839844
9156, 177.8622589111328
9157, 177.8662567138672
9158, 177.87025451660156
9159, 177.87425231933594
9160, 177.8782501220703
9161, 177.8822479248047
9162, 177.88626098632812
9163, 177.8902587890625
9164, 177.89425659179688
9165, 177.89825439453125
9166, 177.90225219726562
9167, 177.90625
9168, 177.91024780273438
9169, 177.9142608642578
9170, 177.9182586669922
9171, 177.92225646972656
9172, 177.92625427246094
9173, 177.9302520751953
9174, 177.9342498779297
9175, 177.93824768066406
9176, 177.9422607421875
9177, 177.94625854492188
9178, 177.95025634765625
9179, 177.95425415039062
9180, 177.958251953125
9181, 177.96224975585938
9182, 177.96624755859375
9183, 177.9702606201172
9184, 177.97425842285156
9185, 177.97825622558594
9186, 177.9822540283203
9187, 177.9862518310547
9188, 177.99024963378906
9189, 177.99424743652344
9190, 177.99826049804688
9191, 178.00225830078125
9192, 178.00625610351562
9193, 178.01025390625
9194, 178.01425170898438
9195, 178.01824951171875
9196, 178.0222625732422
9197, 178.02626037597656
9198, 178.03025817871094
9199, 178.0342559814453
9200, 178.0382537841797
9201, 178.04225158691406
9202, 178.04624938964844
9203, 178.05026245117188
9204, 178.05426025390625
9205, 178.05825805664062
9206, 178.062255859375
9207, 178.06625366210938
9208, 178.07025146484375
9209, 178.07424926757812
9210, 178.07826232910156
9211, 178.08226013183594
9212, 178.0862579345703
9213, 178.0902557373047
9214, 178.09425354003906
9215, 178.09825134277344
9216, 178.1022491455078
9217, 178.10626220703125
9218, 178.11026000976562
9219, 178.1142578125
9220, 178.11825561523438
9221, 178.12225341796875
9222, 178.12625122070312
9223, 178.1302490234375
9224, 178.13426208496094
9225, 178.1382598876953
9226, 178.1422576904297
9227, 178.14625549316406
9228, 178.15025329589844
9229, 178.1542510986328
9230, 178.1582489013672
9231, 178.16226196289062
9232, 178.166259765625
9233, 178.17025756835938
9234, 178.17425537109375
9235, 178.17825317382812
9236, 178.1822509765625
9237, 178.18624877929688
9238, 178.1902618408203
9239, 178.1942596435547
9240, 178.19825744628906
9241, 178.20225524902344
9242, 178.2062530517578
9243, 178.2102508544922
9244, 178.21424865722656
9245, 178.21826171875
9246, 178.22225952148438
9247, 178.22625732421875
9248, 178.23025512695312
9249, 178.2342529296875
9250, 178.23825073242188
9251, 178.24224853515625
9252, 178.2462615966797
9253, 178.25025939941406
9254, 178.25425720214844
9255, 178.2582550048828
9256, 178.2622528076172
9257, 178.26625061035156
9258, 178.27024841308594
9259, 178.27426147460938
9260, 178.27825927734375
9261, 178.28225708007812
9262, 178.2862548828125
9263, 178.29025268554688
9264, 178.29425048828125
9265, 178.29824829101562
9266, 178.30226135253906
9267, 178.30625915527344
9268, 178.3102569580078
9269, 178.3142547607422
9270, 178.31825256347656
9271, 178.32225036621094
9272, 178.3262481689453
9273, 178.33026123046875
9274, 178.33425903320312
9275, 178.3382568359375
9276, 178.34225463867188
9277, 178.34625244140625
9278, 178.35025024414062
9279, 178.354248046875
9280, 178.35826110839844
9281, 178.3622589111328
9282, 178.3662567138672
9283, 178.37025451660156
9284, 178.37425231933594
9285, 178.3782501220703
9286, 178.3822479248047
9287, 178.38626098632812
9288, 178.3902587890625
9289, 178.39425659179688
9290, 178.39825439453125
9291, 178.40225219726562
9292, 178.40625
9293, 178.41024780273438
9294, 178.4142608642578
9295, 178.4182586669922
9296, 178.42225646972656
9297, 178.42625427246094
9298, 178.4302520751953
9299, 178.4342498779297
9300, 178.43824768066406
9301, 178.4422607421875
9302, 178.44625854492188
9303, 178.45025634765625
9304, 178.45425415039062
9305, 178.458251953125
9306, 178.46224975585938
9307, 178.46624755859375
9308, 178.4702606201172
9309, 178.47425842285156
9310, 178.47825622558594
9311, 178.4822540283203
9312, 178.4862518310547
9313, 178.49024963378906
9314, 178.49424743652344
9315, 178.49826049804688
9316, 178.50225830078125
9317, 178.50625610351562
9318, 178.51025390625
9319, 178.51425170898438
9320, 178.51824951171875
9321, 178.5222625732422
9322, 178.52626037597656
9323, 178.53025817871094
9324, 178.5342559814453
9325, 178.5382537841797
9326, 178.54225158691406
9327, 178.54624938964844
9328, 178.55026245117188
9329, 178.55426025390625
9330, 178.55825805664062
9331, 178.562255859375
9332, 178.56625366210938
9333, 178.57025146484375
9334, 178.57424926757812
9335, 178.57826232910156
9336, 178.58226013183594
9337, 178.5862579345703
9338, 178.5902557373047
9339, 178.59425354003906
9340, 178.59825134277344
9341, 178.6022491455078
9342, 178.60626220703125
9343, 178.61026000976562
9344, 178.6142578125
9345, 178.61825561523438
9346, 178.62225341796875
9347, 178.62625122070312
9348, 178.6302490234375
9349, 178.63426208496094
9350, 178.6382598876953
9351, 178.6422576904297
9352, 178.64625549316406
9353, 178.65025329589844
9354, 178.6542510986328
9355, 178.6582489013672
9356, 178.66226196289062
9357, 178.666259765625
9358, 178.67025756835938
9359, 178.67425537109375
9360, 178.67825317382812
9361, 178.6822509765625
9362, 178.68624877929688
9363, 178.6902618408203
9364, 178.6942596435547
9365, 178.69825744628906
9366, 178.70225524902344
9367, 178.7062530517578
9368, 178.7102508544922
9369, 178.71424865722656
9370, 178.71826171875
9371, 178.72225952148438
9372, 178.72625732421875
9373, 178.73025512695312
9374, 178.7342529296875
9375, 178.73825073242188
9376, 178.74224853515625
9377, 178.7462615966797
9378, 178.75025939941406
9379, 178.75425720214844
9380, 178.7582550048828
9381, 178.7622528076172
9382, 178.76625061035156
9383, 178.77024841308594
9384, 178.77426147460938
9385, 178.77825927734375
9386, 178.78225708007812
9387, 178.7862548828125
9388, 178.79025268554688
9389, 178.79425048828125
9390, 178.79824829101562
9391, 178.80226135253906
9392, 178.80625915527344
9393, 178.8102569580078
9394, 178.8142547607422
9395, 178.81825256347656
9396, 178.82225036621094
9397, 178.8262481689453
9398, 178.83026123046875
9399, 178.83425903320312
9400, 178.8382568359375
9401, 178.84225463867188
9402, 178.84625244140625
9403, 178.85025024414062
9404, 178.854248046875
9405, 178.85826110839844
9406, 178.8622589111328
9407, 178.8662567138672
9408, 178.87025451660156
9409, 178.87425231933594
9410, 178.8782501220703
9411, 178.8822479248047
9412, 178.88626098632812
9413, 178.8902587890625
9414, 178.89425659179688
9415, 178.89825439453125
9416, 178.90225219726562
9417, 178.90625
9418, 178.91024780273438
9419, 178.9142608642578
9420, 178.9182586669922
9421, 178.92225646972656
9422, 178.92625427246094
9423, 178.9302520751953
9424, 178.9342498779297
9425, 178.93824768066406
9426, 178.9422607421875
9427, 178.94625854492188
9428, 178.95025634765625
9429, 178.95425415039062
9430, 178.958251953125
9431, 178.96224975585938
9432, 178.96624755859375
9433, 178.9702606201172
9434, 178.97425842285156
9435, 178.97825622558594
9436, 178.9822540283203
9437, 178.9862518310547
9438, 178.99024963378906
9439, 178.99424743652344
9440, 178.99826049804688
9441, 179.00225830078125
9442, 179.00625610351562
9443, 179.01025390625
9444, 179.01425170898438
9445, 179.01824951171875
9446, 179.0222625732422
9447, 179.02626037597656
9448, 179.03025817871094
9449, 179.0342559814453
9450, 179.0382537841797
9451, 179.04225158691406
9452, 179.04624938964844
9453, 179.05026245117188
9454, 179.05426025390625
9455, 179.05825805664062
9456, 179.062255859375
9457, 179.06625366210938
9458, 179.07025146484375
9459, 179.07424926757812
9460, 179.07826232910156
9461, 179.08226013183594
9462, 179.0862579345703
9463, 179.0902557373047
9464, 179.09425354003906
9465, 179.09825134277344
9466, 179.1022491455078
9467, 179.10626220703125
9468, 179.11026000976562
9469, 179.1142578125
9470, 179.11825561523438
9471, 179.12225341796875
9472, 179.12625122070312
9473, 179.1302490234375
9474, 179.13426208496094
9475, 179.1382598876953
9476, 179.1422576904297
9477, 179.14625549316406
9478, 179.15025329589844
9479, 179.1542510986328
9480, 179.1582489013672
9481, 179.16226196289062
9482, 179.166259765625
9483, 179.17025756835938
9484, 179.17425537109375
9485, 179.17825317382812
9486, 179.1822509765625
9487, 179.18624877929688
9488, 179.1902618408203
9489, 179.1942596435547
9490, 179.19825744628906
9491, 179.20225524902344
9492, 179.2062530517578
9493, 179.2102508544922
9494, 179.21424865722656
9495, 179.21826171875
9496, 179.22225952148438
9497, 179.22625732421875
9498, 179.23025512695312
9499, 179.2342529296875
9500, 179.23825073242188
9501, 179.24224853515625
9502, 179.2462615966797
9503, 179.25025939941406
9504, 179.25425720214844
9505, 179.2582550048828
9506, 179.2622528076172
9507, 179.26625061035156
9508, 179.27024841308594
9509, 179.27426147460938
9510, 179.27825927734375
9511, 179.28225708007812
9512, 179.2862548828125
9513, 179.29025268554688
9514, 179.29425048828125
9515, 179.29824829101562
9516, 179.30226135253906
9517, 179.30625915527344
9518, 179.3102569580078
9519, 179.3142547607422
9520, 179.31825256347656
9521, 179.32225036621094
9522, 179.3262481689453
9523, 179.33026123046875
9524, 179.33425903320312
9525, 179.3382568359375
9526, 179.34225463867188
9527, 179.34625244140625
9528, 179.35025024414062
9529, 179.354248046875
9530, 179.35826110839844
9531, 179.3622589111328
9532, 179.3662567138672
9533, 179.37025451660156
9534, 179.37425231933594
9535, 179.3782501220703
9536, 179.3822479248047
9537, 179.38626098632812
9538, 179.3902587890625
9539, 179.39425659179688
9540, 179.39825439453125
9541, 179.40225219726562
9542, 179.40625
9543, 179.41024780273438
9544, 179.4142608642578
9545, 179.4182586669922
9546, 179.42225646972656
9547, 179.42625427246094
9548, 179.4302520751953
9549, 179.4342498779297
9550, 179.43824768066406
9551, 179.4422607421875
9552, 179.44625854492188
9553, 179.45025634765625
9554, 179.45425415039062
9555, 179.458251953125
9556, 179.46224975585938
9557, 179.46624755859375
9558, 179.4702606201172
9559, 179.47425842285156
9560, 179.47825622558594
9561, 179.4822540283203
9562, 179.4862518310547
9563, 179.49024963378906
9564, 179.49424743652344
9565, 179.49826049804688
9566, 179.50225830078125
9567, 179.50625610351562
9568, 179.51025390625
9569, 179.51425170898438
9570, 179.51824951171875
9571, 179.5222625732422
9572, 179.52626037597656
9573, 179.53025817871094
9574, 179.5342559814453
9575, 179.5382537841797
9576, 179.54225158691406
9577, 179.54624938964844
9578, 179.55026245117188
9579, 179.55426025390625
9580, 179.55825805664062
9581, 179.562255859375
9582, 179.56625366210938
9583, 179.57025146484375
9584, 179.57424926757812
9585, 179.57826232910156
9586, 179.58226013183594
9587, 179.5862579345703
9588, 179.5902557373047
9589, 179.59425354003906
9590, 179.59825134277344
9591, 179.6022491455078
9592, 179.60626220703125
9593, 179.61026000976562
9594, 179.6142578125
9595, 179.61825561523438
9596, 179.62225341796875
9597, 179.62625122070312
9598, 179.6302490234375
9599, 179.63426208496094
9600, 179.6382598876953
9601, 179.6422576904297
9602, 179.64625549316406
9603, 179.65025329589844
9604, 179.6542510986328
9605, 179.6582489013672
9606, 179.66226196289062
9607, 179.666259765625
9608, 179.67025756835938
9609, 179.67425537109375
9610, 179.67825317382812
9611, 179.6822509765625
9612, 179.68624877929688
9613, 179.6902618408203
9614, 179.6942596435547
9615, 179.69825744628906
9616, 179.70225524902344
9617, 179.7062530517578
9618, 179.7102508544922
9619, 179.71424865722656
9620, 179.71826171875
9621, 179.72225952148438
9622, 179.72625732421875
9623, 179.73025512695312
9624, 179.7342529296875
9625, 179.73825073242188
9626, 179.74224853515625
9627, 179.7462615966797
9628, 179.75025939941406
9629, 179.75425720214844
9630, 179.7582550048828
9631, 179.7622528076172
9632, 179.76625061035156
9633, 179.77024841308594
9634, 179.77426147460938
9635, 179.77825927734375
9636, 179.78225708007812
9637, 179.7862548828125
9638, 179.79025268554688
9639, 179.79425048828125
9640, 179.79824829101562
9641, 179.80226135253906
9642, 179.80625915527344
9643, 179.8102569580078
9644, 179.8142547607422
9645, 179.81825256347656
9646, 179.82225036621094
9647, 179.8262481689453
9648, 179.83026123046875
9649, 179.83425903320312
9650, 179.8382568359375
9651, 179.84225463867188
9652, 179.84625244140625
9653, 179.85025024414062
9654, 179.854248046875
9655, 179.85826110839844
9656, 179.8622589111328
9657, 179.8662567138672
9658, 179.87025451660156
9659, 179.87425231933594
9660, 179.8782501220703
9661, 179.8822479248047
9662, 179.88626098632812
9663, 179.8902587890625
9664, 179.89425659179688
9665, 179.89825439453125
9666, 179.90225219726562
9667, 179.90625
9668, 179.91024780273438
9669, 179.9142608642578
9670, 179.9182586669922
9671, 179.92225646972656
9672, 179.92625427246094
9673, 179.9302520751953
9674, 179.9342498779297
9675, 179.93824768066406
9676, 179.9422607421875
9677, 179.94625854492188
9678, 179.95025634765625
9679, 179.95425415039062
9680, 179.958251953125
9681, 179.96224975585938
9682, 179.96624755859375
9683, 179.9702606201172
9684, 179.97425842285156
9685, 179.97825622558594
9686, 179.9822540283203
9687, 179.9862518310547
9688, 179.99024963378906
9689, 179.99424743652344
9690, 179.99826049804688
9691, 180.00225830078125
9692, 180.00625610351562
9693, 180.01025390625
9694, 180.01425170898438
9695, 180.01824951171875
9696, 180.0222625732422
9697, 180.02626037597656
9698, 180.03025817871094
9699, 180.0342559814453
9700, 180.0382537841797
9701, 180.04225158691406
9702, 180.04624938964844
9703, 180.05026245117188
9704, 180.05426025390625
9705, 180.05825805664062
9706, 180.062255859375
9707, 180.06625366210938
9708, 180.07025146484375
9709, 180.07424926757812
9710, 180.07826232910156
9711, 180.08226013183594
9712, 180.0862579345703
9713, 180.0902557373047
9714, 180.09425354003906
9715, 180.09825134277344
9716, 180.1022491455078
9717, 180.10626220703125
9718, 180.11026000976562
9719, 180.1142578125
9720, 180.11825561523438
9721, 180.12225341796875
9722, 180.12625122070312
9723, 180.1302490234375
9724, 180.13426208496094
9725, 180.1382598876953
9726, 180.1422576904297
9727, 180.14625549316406
9728, 180.15025329589844
9729, 180.1542510986328
9730, 180.1582489013672
9731, 180.16226196289062
9732, 180.166259765625
9733, 180.17025756835938
9734, 180.17425537109375
9735, 180.17825317382812
9736, 180.1822509765625
9737, 180.18624877929688
9738, 180.1902618408203
9739, 180.1942596435547
9740, 180.19825744628906
9741, 180.20225524902344
9742, 180.2062530517578
9743, 180.2102508544922
9744, 180.21424865722656
9745, 180.21826171875
9746, 180.22225952148438
9747, 180.22625732421875
9748, 180.23025512695312
9749, 180.2342529296875
9750, 180.23825073242188
9751, 180.24224853515625
9752, 180.2462615966797
9753, 180.25025939941406
9754, 180.25425720214844
9755, 180.2582550048828
9756, 180.2622528076172
9757, 180.26625061035156
9758, 180.27024841308594
9759, 180.27426147460938
9760, 180.27825927734375
9761, 180.28225708007812
9762, 180.2862548828125
9763, 180.29025268554688
9764, 180.29425048828125
9765, 180.29824829101562
9766, 180.30226135253906
9767, 180.30625915527344
9768, 180.3102569580078
9769, 180.3142547607422
9770, 180.31825256347656
9771, 180.32225036621094
9772, 180.3262481689453
9773, 180.33026123046875
9774, 180.33425903320312
9775, 180.3382568359375
9776, 180.34225463867188
9777, 180.34625244140625
9778, 180.35025024414062
9779, 180.354248046875
9780, 180.35826110839844
9781, 180.3622589111328
9782, 180.3662567138672
9783, 180.37025451660156
9784, 180.37425231933594
9785, 180.3782501220703
9786, 180.3822479248047
9787, 180.38626098632812
9788, 180.3902587890625
9789, 180.39425659179688
9790, 180.39825439453125
9791, 180.40225219726562
9792, 180.40625
9793, 180.41024780273438
9794, 180.4142608642578
9795, 180.4182586669922
9796, 180.42225646972656
9797, 180.42625427246094
9798, 180.4302520751953
9799, 180.4342498779297
9800, 180.43824768066406
9801, 180.4422607421875
9802, 180.44625854492188
9803, 180.45025634765625
9804, 180.45425415039062
9805, 180.458251953125
9806, 180.46224975585938
9807, 180.46624755859375
9808, 180.4702606201172
9809, 180.47425842285156
9810, 180.47825622558594
9811, 180.4822540283203
9812, 180.4862518310547
9813, 180.49024963378906
9814, 180.49424743652344
9815, 180.49826049804688
9816, 180.50225830078125
9817, 180.50625610351562
9818, 180.51025390625
9819, 180.51425170898438
9820, 180.51824951171875
9821, 180.5222625732422
9822, 180.52626037597656
9823, 180.53025817871094
9824, 180.5342559814453
9825, 180.5382537841797
9826, 180.54225158691406
9827, 180.54624938964844
9828, 180.55026245117188
9829, 180.55426025390625
9830, 180.55825805664062
9831, 180.562255859375
9832, 180.56625366210938
9833, 180.57025146484375
9834, 180.57424926757812
9835, 180.57826232910156
9836, 180.58226013183594
9837, 180.5862579345703
9838, 180.5902557373047
9839, 180.59425354003906
9840, 180.59825134277344
9841, 180.6022491455078
9842, 180.60626220703125
9843, 180.61026000976562
9844, 180.6142578125
9845, 180.61825561523438
9846, 180.62225341796875
9847, 180.62625122070312
9848, 180.6302490234375
9849, 180.63426208496094
9850, 180.6382598876953
9851, 180.6422576904297
9852, 180.64625549316406
9853, 180.65025329589844
9854, 180.6542510986328
9855, 180.6582489013672
9856, 180.66226196289062
9857, 180.666259765625
9858, 180.67025756835938
9859, 180.67425537109375
9860, 180.67825317382812
9861, 180.6822509765625
9862, 180.68624877929688
9863, 180.6902618408203
9864, 180.6942596435547
9865, 180.69825744628906
9866, 180.70225524902344
9867, 180.7062530517578
9868, 180.7102508544922
9869, 180.71424865722656
9870, 180.71826171875
9871, 180.72225952148438
9872, 180.72625732421875
9873, 180.73025512695312
9874, 180.7342529296875
9875, 180.73825073242188
9876, 180.74224853515625
9877, 180.7462615966797
9878, 180.75025939941406
9879, 180.75425720214844
9880, 180.7582550048828
9881, 180.7622528076172
9882, 180.76625061035156
9883, 180.77024841308594
9884, 180.77426147460938
9885, 180.77825927734375
9886, 180.78225708007812
9887, 180.7862548828125
9888, 180.79025268554688
9889, 180.79425048828125
9890, 180.79824829101562
9891, 180.80226135253906
9892, 180.80625915527344
9893, 180.8102569580078
9894, 180.8142547607422
9895, 180.81825256347656
9896, 180.82225036621094
9897, 180.8262481689453
9898, 180.83026123046875
9899, 180.83425903320312
9900, 180.8382568359375
9901, 180.84225463867188
9902, 180.84625244140625
9903, 180.85025024414062
9904, 180.854248046875
9905, 180.85826110839844
9906, 180.8622589111328
9907, 180.8662567138672
9908, 180.87025451660156
9909, 180.87425231933594
9910, 180.8782501220703
9911, 180.8822479248047
9912, 180.88626098632812
9913, 180.8902587890625
9914, 180.89425659179688
9915, 180.89825439453125
9916, 180.90225219726562
9917, 180.90625
9918, 180.91024780273438
9919, 180.9142608642578
9920, 180.9182586669922
9921, 180.92225646972656
9922, 180.92625427246094
9923, 180.9302520751953
9924, 180.9342498779297
9925, 180.93824768066406
9926, 180.9422607421875
9927, 180.94625854492188
9928, 180.95025634765625
9929, 180.95425415039062
9930, 180.958251953125
9931, 180.96224975585938
9932, 180.96624755859375
9933, 180.9702606201172
9934, 180.97425842285156
9935, 180.97825622558594
9936, 180.9822540283203
9937, 180.9862518310547
9938, 180.99024963378906
9939, 180.99424743652344
9940, 180.99826049804688
9941, 181.00225830078125
9942, 181.00625610351562
9943, 181.01025390625
9944, 181.01425170898438
9945, 181.01824951171875
9946, 181.0222625732422
9947, 181.02626037597656
9948, 181.03025817871094
9949, 181.0342559814453
9950, 181.0382537841797
9951, 181.04225158691406
9952, 181.04624938964844
9953, 181.05026245117188
9954, 181.05426025390625
9955, 181.05825805664062
9956, 181.062255859375
9957, 181.06625366210938
9958, 181.07025146484375
9959, 181.07424926757812
9960, 181.07826232910156
9961, 181.08226013183594
9962, 181.0862579345703
9963, 181.0902557373047
9964, 181.09425354003906
9965, 181.09825134277344
9966, 181.1022491455078
9967, 181.10626220703125
9968, 181.11026000976562
9969, 181.1142578125
9970, 181.11825561523438
9971, 181.12225341796875
9972, 181.12625122070312
9973, 181.1302490234375
9974, 181.13426208496094
9975, 181.1382598876953
9976, 181.1422576904297
9977, 181.14625549316406
9978, 181.15025329589844
9979, 181.1542510986328
9980, 181.1582489013672
9981, 181.16226196289062
9982, 181.166259765625
9983, 181.17025756835938
9984, 181.17425537109375
9985, 181.17825317382812
9986, 181.1822509765625
9987, 181.18624877929688
9988, 181.1902618408203
9989, 181.1942596435547
9990, 181.19825744628906
9991, 181.20225524902344
9992, 181.2062530517578
9993, 181.2102508544922
9994, 181.21424865722656
9995, 181.21826171875
9996, 181.22225952148438
9997, 181.22625732421875
9998, 181.23025512695312
9999, 181.2342529296875
10000, 181.23825073242188
10001, 181.24224853515625
10002, 181.2462615966797
10003, 181.25025939941406
10004, 181.25425720214844
10005, 181.2582550048828
10006, 181.2622528076172
10007, 181.26625061035156
10008, 181.27024841308594
10009, 181.27426147460938
10010, 181.27825927734375
10011, 181.28225708007812
10012, 181.2862548828125
10013, 181.29025268554688
10014, 181.29425048828125
10015, 181.29824829101562
10016, 181.30226135253906
10017, 181.30625915527344
10018, 181.3102569580078
10019, 181.3142547607422
10020, 181.31825256347656
10021, 181.32225036621094
10022, 181.3262481689453
10023, 181.33026123046875
10024, 181.33425903320312
10025, 181.3382568359375
10026, 181.34225463867188
10027, 181.34625244140625
10028, 181.35025024414062
10029, 181.354248046875
10030, 181.35826110839844
10031, 181.3622589111328
10032, 181.3662567138672
10033, 181.37025451660156
10034, 181.37425231933594
10035, 181.3782501220703
10036, 181.3822479248047
10037, 181.38626098632812
10038, 181.3902587890625
10039, 181.39425659179688
10040, 181.39825439453125
10041, 181.40225219726562
10042, 181.40625
10043, 181.41024780273438
10044, 181.4142608642578
10045, 181.4182586669922
10046, 181.42225646972656
10047, 181.42625427246094
10048, 181.4302520751953
10049, 181.4342498779297
10050, 181.43824768066406
10051, 181.4422607421875
10052, 181.44625854492188
10053, 181.45025634765625
10054, 181.45425415039062
10055, 181.458251953125
10056, 181.46224975585938
10057, 181.46624755859375
10058, 181.4702606201172
10059, 181.47425842285156
10060, 181.47825622558594
10061, 181.4822540283203
10062, 181.4862518310547
10063, 181.49024963378906
10064, 181.49424743652344
10065, 181.49826049804688
10066, 181.50225830078125
10067, 181.50625610351562
10068, 181.51025390625
10069, 181.51425170898438
10070, 181.51824951171875
10071, 181.5222625732422
10072, 181.52626037597656
10073, 181.53025817871094
10074, 181.5342559814453
10075, 181.5382537841797
10076, 181.54225158691406
10077, 181.54624938964844
10078, 181.55026245117188
10079, 181.55426025390625
10080, 181.55825805664062
10081, 181.562255859375
10082, 181.56625366210938
10083, 181.57025146484375
10084, 181.57424926757812
10085, 181.57826232910156
10086, 181.58226013183594
10087, 181.5862579345703
10088, 181.5902557373047
10089, 181.59425354003906
10090, 181.59825134277344
10091, 181.6022491455078
10092, 181.60626220703125
10093, 181.61026000976562
10094, 181.6142578125
10095, 181.61825561523438
10096, 181.62225341796875
10097, 181.62625122070312
10098, 181.6302490234375
10099, 181.63426208496094
10100, 181.6382598876953
10101, 181.6422576904297
10102, 181.64625549316406
10103, 181.65025329589844
10104, 181.6542510986328
10105, 181.6582489013672
10106, 181.66226196289062
10107, 181.666259765625
10108, 181.67025756835938
10109, 181.67425537109375
10110, 181.67825317382812
10111, 181.6822509765625
10112, 181.68624877929688
10113, 181.6902618408203
10114, 181.6942596435547
10115, 181.69825744628906
10116, 181.70225524902344
10117, 181.7062530517578
10118, 181.7102508544922
10119, 181.71424865722656
10120, 181.71826171875
10121, 181.72225952148438
10122, 181.72625732421875
10123, 181.73025512695312
10124, 181.7342529296875
10125, 181.73825073242188
10126, 181.74224853515625
10127, 181.7462615966797
10128, 181.75025939941406
10129, 181.75425720214844
10130, 181.7582550048828
10131, 181.7622528076172
10132, 181.76625061035156
10133, 181.77024841308594
10134, 181.77426147460938
10135, 181.77825927734375
10136, 181.78225708007812
10137, 181.7862548828125
10138, 181.79025268554688
10139, 181.79425048828125
10140, 181.79824829101562
10141, 181.80226135253906
10142, 181.80625915527344
10143, 181.8102569580078
10144, 181.8142547607422
10145, 181.81825256347656
10146, 181.82225036621094
10147, 181.8262481689453
10148, 181.83026123046875
10149, 181.83425903320312
10150, 181.8382568359375
10151, 181.84225463867188
10152, 181.84625244140625
10153, 181.85025024414062
10154, 181.854248046875
10155, 181.85826110839844
10156, 181.8622589111328
10157, 181.8662567138672
10158, 181.87025451660156
10159, 181.87425231933594
10160, 181.8782501220703
10161, 181.8822479248047
10162, 181.88626098632812
10163, 181.8902587890625
10164, 181.89425659179688
10165, 181.89825439453125
10166, 181.90225219726562
10167, 181.90625
10168, 181.91024780273438
10169, 181.9142608642578
10170, 181.9182586669922
10171, 181.92225646972656
10172, 181.92625427246094
10173, 181.9302520751953
10174, 181.9342498779297
10175, 181.93824768066406
10176, 181.9422607421875
10177, 181.94625854492188
10178, 181.95025634765625
10179, 181.95425415039062
10180, 181.958251953125
10181, 181.96224975585938
10182, 181.96624755859375
10183, 181.9702606201172
10184, 181.97425842285156
10185, 181.97825622558594
10186, 181.9822540283203
10187, 181.9862518310547
10188, 181.99024963378906
10189, 181.99424743652344
10190, 181.99826049804688
10191, 182.00225830078125
10192, 182.00625610351562
10193, 182.01025390625
10194, 182.01425170898438
10195, 182.01824951171875
10196, 182.0222625732422
10197, 182.02626037597656
10198, 182.03025817871094
10199, 182.0342559814453
10200, 182.0382537841797
10201, 182.04225158691406
10202, 182.04624938964844
10203, 182.05026245117188
10204, 182.05426025390625
10205, 182.05825805664062
10206, 182.062255859375
10207, 182.06625366210938
10208, 182.07025146484375
10209, 182.07424926757812
10210, 182.07826232910156
10211, 182.08226013183594
10212, 182.0862579345703
10213, 182.0902557373047
10214, 182.09425354003906
10215, 182.09825134277344
10216, 182.1022491455078
10217, 182.10626220703125
10218, 182.11026000976562
10219, 182.1142578125
10220, 182.11825561523438
10221, 182.12225341796875
10222, 182.12625122070312
10223, 182.1302490234375
10224, 182.13426208496094
10225, 182.1382598876953
10226, 182.1422576904297
10227, 182.14625549316406
10228, 182.15025329589844
10229, 182.1542510986328
10230, 182.1582489013672
10231, 182.16226196289062
10232, 182.166259765625
10233, 182.17025756835938
10234, 182.17425537109375
10235, 182.17825317382812
10236, 182.1822509765625
10237, 182.18624877929688
10238, 182.1902618408203
10239, 182.1942596435547
10240, 182.19825744628906
10241, 182.20225524902344
10242, 182.2062530517578
10243, 182.2102508544922
10244, 182.21424865722656
10245, 182.21826171875
10246, 182.22225952148438
10247, 182.22625732421875
10248, 182.23025512695312
10249, 182.2342529296875
10250, 182.23825073242188
10251, 182.24224853515625
10252, 182.2462615966797
10253, 182.25025939941406
10254, 182.25425720214844
10255, 182.2582550048828
10256, 182.2622528076172
10257, 182.26625061035156
10258, 182.27024841308594
10259, 182.27426147460938
10260, 182.27825927734375
10261, 182.28225708007812
10262, 182.2862548828125
10263, 182.29025268554688
10264, 182.29425048828125
10265, 182.29824829101562
10266, 182.30226135253906
10267, 182.30625915527344
10268, 182.3102569580078
10269, 182.3142547607422
10270, 182.31825256347656
10271, 182.32225036621094
10272, 182.3262481689453
10273, 182.33026123046875
10274, 182.33425903320312
10275, 182.3382568359375
10276, 182.34225463867188
10277, 182.34625244140625
10278, 182.35025024414062
10279, 182.354248046875
10280, 182.35826110839844
10281, 182.3622589111328
10282, 182.3662567138672
10283, 182.37025451660156
10284, 182.37425231933594
10285, 182.3782501220703
10286, 182.3822479248047
10287, 182.38626098632812
10288, 182.3902587890625
10289, 182.39425659179688
10290, 182.39825439453125
10291, 182.40225219726562
10292, 182.40625
10293, 182.41024780273438
10294, 182.4142608642578
10295, 182.4182586669922
10296, 182.42225646972656
10297, 182.42625427246094
10298, 182.4302520751953
10299, 182.4342498779297
10300, 182.43824768066406
10301, 182.4422607421875
10302, 182.44625854492188
10303, 182.45025634765625
10304, 182.45425415039062
10305, 182.458251953125
10306, 182.46224975585938
10307, 182.46624755859375
10308, 182.4702606201172
10309, 182.47425842285156
10310, 182.47825622558594
10311, 182.4822540283203
10312, 182.4862518310547
10313, 182.49024963378906
10314, 182.49424743652344
10315, 182.49826049804688
10316, 182.50225830078125
10317, 182.50625610351562
10318, 182.51025390625
10319, 182.51425170898438
10320, 182.51824951171875
10321, 182.5222625732422
10322, 182.52626037597656
10323, 182.53025817871094
10324, 182.5342559814453
10325, 182.5382537841797
10326, 182.54225158691406
10327, 182.54624938964844
10328, 182.55026245117188
10329, 182.55426025390625
10330, 182.55825805664062
10331, 182.562255859375
10332, 182.56625366210938
10333, 182.57025146484375
10334, 182.57424926757812
10335, 182.57826232910156
10336, 182.58226013183594
10337, 182.5862579345703
10338, 182.5902557373047
10339, 182.59425354003906
10340, 182.59825134277344
10341, 182.6022491455078
10342, 182.60626220703125
10343, 182.61026000976562
10344, 182.6142578125
10345, 182.61825561523438
10346, 182.62225341796875
10347, 182.62625122070312
10348, 182.6302490234375
10349, 182.63426208496094
10350, 182.6382598876953
10351, 182.6422576904297
10352, 182.64625549316406
10353, 182.65025329589844
10354, 182.6542510986328
10355, 182.6582489013672
10356, 182.66226196289062
10357, 182.666259765625
10358, 182.67025756835938
10359, 182.67425537109375
10360, 182.67825317382812
10361, 182.6822509765625
10362, 182.68624877929688
10363, 182.6902618408203
10364, 182.6942596435547
10365, 182.69825744628906
10366, 182.70225524902344
10367, 182.7062530517578
10368, 182.7102508544922
10369, 182.71424865722656
10370, 182.71826171875
10371, 182.72225952148438
10372, 182.72625732421875
10373, 182.73025512695312
10374, 182.7342529296875
10375, 182.73825073242188
10376, 182.74224853515625
10377, 182.7462615966797
10378, 182.75025939941406
10379, 182.75425720214844
10380, 182.7582550048828
10381, 182.7622528076172
10382, 182.76625061035156
10383, 182.77024841308594
10384, 182.77426147460938
10385, 182.77825927734375
10386, 182.78225708007812
10387, 182.7862548828125
10388, 182.79025268554688
10389, 182.79425048828125
10390, 182.79824829101562
10391, 182.80226135253906
10392, 182.80625915527344
10393, 182.8102569580078
10394, 182.8142547607422
10395, 182.81825256347656
10396, 182.82225036621094
10397, 182.8262481689453
10398, 182.83026123046875
10399, 182.83425903320312
10400, 182.8382568359375
10401, 182.84225463867188
10402, 182.84625244140625
10403, 182.85025024414062
10404, 182.854248046875
10405, 182.85826110839844
10406, 182.8622589111328
10407, 182.8662567138672
10408, 182.87025451660156
10409, 182.87425231933594
10410, 182.8782501220703
10411, 182.8822479248047
10412, 182.88626098632812
10413, 182.8902587890625
10414, 182.89425659179688
10415, 182.89825439453125
10416, 182.90225219726562
10417, 182.90625
10418, 182.91024780273438
10419, 182.9142608642578
10420, 182.9182586669922
10421, 182.92225646972656
10422, 182.92625427246094
10423, 182.9302520751953
10424, 182.9342498779297
10425, 182.93824768066406
10426, 182.9422607421875
10427, 182.94625854492188
10428, 182.95025634765625
10429, 182.95425415039062
10430, 182.958251953125
10431, 182.96224975585938
10432, 182.96624755859375
10433, 182.9702606201172
10434, 182.97425842285156
10435, 182.97825622558594
10436, 182.9822540283203
10437, 182.9862518310547
10438, 182.99024963378906
10439, 182.99424743652344
10440, 182.99826049804688
10441, 183.00225830078125
10442, 183.00625610351562
10443, 183.01025390625
10444, 183.01425170898438
10445, 183.01824951171875
10446, 183.0222625732422
10447, 183.02626037597656
10448, 183.03025817871094
10449, 183.0342559814453
10450, 183.0382537841797
10451, 183.04225158691406
10452, 183.04624938964844
10453, 183.05026245117188
10454, 183.05426025390625
10455, 183.05825805664062
10456, 183.062255859375
10457, 183.06625366210938
10458, 183.07025146484375
10459, 183.07424926757812
10460, 183.07826232910156
10461, 183.08226013183594
10462, 183.0862579345703
10463, 183.0902557373047
10464, 183.09425354003906
10465, 183.09825134277344
10466, 183.1022491455078
10467, 183.10626220703125
10468, 183.11026000976562
10469, 183.1142578125
10470, 183.11825561523438
10471, 183.12225341796875
10472, 183.12625122070312
10473, 183.1302490234375
10474, 183.13426208496094
10475, 183.1382598876953
10476, 183.1422576904297
10477, 183.14625549316406
10478, 183.15025329589844
10479, 183.1542510986328
10480, 183.1582489013672
10481, 183.16226196289062
10482, 183.166259765625
10483, 183.17025756835938
10484, 183.17425537109375
10485, 183.17825317382812
10486, 183.1822509765625
10487, 183.18624877929688
10488, 183.1902618408203
10489, 183.1942596435547
10490, 183.19825744628906
10491, 183.20225524902344
10492, 183.2062530517578
10493, 183.2102508544922
10494, 183.21424865722656
10495, 183.21826171875
10496, 183.22225952148438
10497, 183.22625732421875
10498, 183.23025512695312
10499, 183.2342529296875
10500, 183.23825073242188
10501, 183.24224853515625
10502, 183.2462615966797
10503, 183.25025939941406
10504, 183.25425720214844
10505, 183.2582550048828
10506, 183.2622528076172
10507, 183.26625061035156
10508, 183.27024841308594
10509, 183.27426147460938
10510, 183.27825927734375
10511, 183.28225708007812
10512, 183.2862548828125
10513, 183.29025268554688
10514, 183.29425048828125
10515, 183.29824829101562
10516, 183.30226135253906
10517, 183.30625915527344
10518, 183.3102569580078
10519, 183.3142547607422
10520, 183.31825256347656
10521, 183.32225036621094
10522, 183.3262481689453
10523, 183.33026123046875
10524, 183.33425903320312
10525, 183.3382568359375
10526, 183.34225463867188
10527, 183.34625244140625
10528, 183.35025024414062
10529, 183.354248046875
10530, 183.35826110839844
10531, 183.3622589111328
10532, 183.3662567138672
10533, 183.37025451660156
10534, 183.37425231933594
10535, 183.3782501220703
10536, 183.3822479248047
10537, 183.38626098632812
10538, 183.3902587890625
10539, 183.39425659179688
10540, 183.39825439453125
10541, 183.40225219726562
10542, 183.40625
10543, 183.41024780273438
10544, 183.4142608642578
10545, 183.4182586669922
10546, 183.42225646972656
10547, 183.42625427246094
10548, 183.4302520751953
10549, 183.4342498779297
10550, 183.43824768066406
10551, 183.4422607421875
10552, 183.44625854492188
10553, 183.45025634765625
10554, 183.45425415039062
10555, 183.458251953125
10556, 183.46224975585938
10557, 183.46624755859375
10558, 183.4702606201172
10559, 183.47425842285156
10560, 183.47825622558594
10561, 183.4822540283203
10562, 183.4862518310547
10563, 183.49024963378906
10564, 183.49424743652344
10565, 183.49826049804688
10566, 183.50225830078125
10567, 183.50625610351562
10568, 183.51025390625
10569, 183.51425170898438
10570, 183.51824951171875
10571, 183.5222625732422
10572, 183.52626037597656
10573, 183.53025817871094
10574, 183.5342559814453
10575, 183.5382537841797
10576, 183.54225158691406
10577, 183.54624938964844
10578, 183.55026245117188
10579, 183.55426025390625
10580, 183.55825805664062
10581, 183.562255859375
10582, 183.56625366210938
10583, 183.57025146484375
10584, 183.57424926757812
10585, 183.57826232910156
10586, 183.58226013183594
10587, 183.5862579345703
10588, 183.5902557373047
10589, 183.59425354003906
10590, 183.59825134277344
10591, 183.6022491455078
10592, 183.60626220703125
10593, 183.61026000976562
10594, 183.6142578125
10595, 183.61825561523438
10596, 183.62225341796875
10597, 183.62625122070312
10598, 183.6302490234375
10599, 183.63426208496094
10600, 183.6382598876953
10601, 183.6422576904297
10602, 183.64625549316406
10603, 183.65025329589844
10604, 183.6542510986328
10605, 183.6582489013672
10606, 183.66226196289062
10607, 183.666259765625
10608, 183.67025756835938
10609, 183.67425537109375
10610, 183.67825317382812
10611, 183.6822509765625
10612, 183.68624877929688
10613, 183.6902618408203
10614, 183.6942596435547
10615, 183.69825744628906
10616, 183.70225524902344
10617, 183.7062530517578
10618, 183.7102508544922
10619, 183.71424865722656
10620, 183.71826171875
10621, 183.72225952148438
10622, 183.72625732421875
10623, 183.73025512695312
10624, 183.7342529296875
10625, 183.73825073242188
10626, 183.74224853515625
10627, 183.7462615966797
10628, 183.75025939941406
10629, 183.75425720214844
10630, 183.7582550048828
10631, 183.7622528076172
10632, 183.76625061035156
10633, 183.77024841308594
10634, 183.77426147460938
10635, 183.77825927734375
10636, 183.78225708007812
10637, 183.7862548828125
10638, 183.79025268554688
10639, 183.79425048828125
10640, 183.79824829101562
10641, 183.80226135253906
10642, 183.80625915527344
10643, 183.8102569580078
10644, 183.8142547607422
10645, 183.81825256347656
10646, 183.82225036621094
10647, 183.8262481689453
10648, 183.83026123046875
10649, 183.83425903320312
10650, 183.8382568359375
10651, 183.84225463867188
10652, 183.84625244140625
10653, 183.85025024414062
10654, 183.854248046875
10655, 183.85826110839844
10656, 183.8622589111328
10657, 183.8662567138672
10658, 183.87025451660156
10659, 183.87425231933594
10660, 183.8782501220703
10661, 183.8822479248047
10662, 183.88626098632812
10663, 183.8902587890625
10664, 183.89425659179688
10665, 183.89825439453125
10666, 183.90225219726562
10667, 183.90625
10668, 183.91024780273438
10669, 183.9142608642578
10670, 183.9182586669922
10671, 183.92225646972656
10672, 183.92625427246094
10673, 183.9302520751953
10674, 183.9342498779297
10675, 183.93824768066406
10676, 183.9422607421875
10677, 183.94625854492188
10678, 183.95025634765625
10679, 183.95425415039062
10680, 183.958251953125
10681, 183.96224975585938
10682, 183.96624755859375
10683, 183.9702606201172
10684, 183.97425842285156
10685, 183.97825622558594
10686, 183.9822540283203
10687, 183.9862518310547
10688, 183.99024963378906
10689, 183.99424743652344
10690, 183.99826049804688
10691, 184.00225830078125
10692, 184.00625610351562
10693, 184.01025390625
10694, 184.01425170898438
10695, 184.01824951171875
10696, 184.0222625732422
10697, 184.02626037597656
10698, 184.03025817871094
10699, 184.0342559814453
10700, 184.0382537841797
10701, 184.04225158691406
10702, 184.04624938964844
10703, 184.05026245117188
10704, 184.05426025390625
10705, 184.05825805664062
10706, 184.062255859375
10707, 184.06625366210938
10708, 184.07025146484375
10709, 184.07424926757812
10710, 184.07826232910156
10711, 184.08226013183594
10712, 184.0862579345703
10713, 184.0902557373047
10714, 184.09425354003906
10715, 184.09825134277344
10716, 184.1022491455078
10717, 184.10626220703125
10718, 184.11026000976562
10719, 184.1142578125
10720, 184.11825561523438
10721, 184.12225341796875
10722, 184.12625122070312
10723, 184.1302490234375
10724, 184.13426208496094
10725, 184.1382598876953
10726, 184.1422576904297
10727, 184.14625549316406
10728, 184.15025329589844
10729, 184.1542510986328
10730, 184.1582489013672
10731, 184.16226196289062
10732, 184.166259765625
10733, 184.17025756835938
10734, 184.17425537109375
10735, 184.17825317382812
10736, 184.1822509765625
10737, 184.18624877929688
10738, 184.1902618408203
10739, 184.1942596435547
10740, 184.19825744628906
10741, 184.20225524902344
10742, 184.2062530517578
10743, 184.2102508544922
10744, 184.21424865722656
10745, 184.21826171875
10746, 184.22225952148438
10747, 184.22625732421875
10748, 184.23025512695312
10749, 184.2342529296875
10750, 184.23825073242188
10751, 184.24224853515625
10752, 184.2462615966797
10753, 184.25025939941406
10754, 184.25425720214844
10755, 184.2582550048828
10756, 184.2622528076172
10757, 184.26625061035156
10758, 184.27024841308594
10759, 184.27426147460938
10760, 184.27825927734375
10761, 184.28225708007812
10762, 184.2862548828125
10763, 184.29025268554688
10764, 184.29425048828125
10765, 184.29824829101562
10766, 184.30226135253906
10767, 184.30625915527344
10768, 184.3102569580078
10769, 184.3142547607422
10770, 184.31825256347656
10771, 184.32225036621094
10772, 184.3262481689453
10773, 184.33026123046875
10774, 184.33425903320312
10775, 184.3382568359375
10776, 184.34225463867188
10777, 184.34625244140625
10778, 184.35025024414062
10779, 184.354248046875
10780, 184.35826110839844
10781, 184.3622589111328
10782, 184.3662567138672
10783, 184.37025451660156
10784, 184.37425231933594
10785, 184.3782501220703
10786, 184.3822479248047
10787, 184.38626098632812
10788, 184.3902587890625
10789, 184.39425659179688
10790, 184.39825439453125
10791, 184.40225219726562
10792, 184.40625
10793, 184.41024780273438
10794, 184.4142608642578
10795, 184.4182586669922
10796, 184.42225646972656
10797, 184.42625427246094
10798, 184.4302520751953
10799, 184.4342498779297
10800, 184.43824768066406
10801, 184.4422607421875
10802, 184.44625854492188
10803, 184.45025634765625
10804, 184.45425415039062
10805, 184.458251953125
10806, 184.46224975585938
10807, 184.46624755859375
10808, 184.4702606201172
10809, 184.47425842285156
10810, 184.47825622558594
10811, 184.4822540283203
10812, 184.4862518310547
10813, 184.49024963378906
10814, 184.49424743652344
10815, 184.49826049804688
10816, 184.50225830078125
10817, 184.50625610351562
10818, 184.51025390625
10819, 184.51425170898438
10820, 184.51824951171875
10821, 184.5222625732422
10822, 184.52626037597656
10823, 184.53025817871094
10824, 184.5342559814453
10825, 184.5382537841797
10826, 184.54225158691406
10827, 184.54624938964844
10828, 184.55026245117188
10829, 184.55426025390625
10830, 184.55825805664062
10831, 184.562255859375
10832, 184.56625366210938
10833, 184.57025146484375
10834, 184.57424926757812
10835, 184.57826232910156
10836, 184.58226013183594
10837, 184.5862579345703
10838, 184.5902557373047
10839, 184.59425354003906
10840, 184.59825134277344
10841, 184.6022491455078
10842, 184.60626220703125
10843, 184.61026000976562
10844, 184.6142578125
10845, 184.61825561523438
10846, 184.62225341796875
10847, 184.62625122070312
10848, 184.6302490234375
10849, 184.63426208496094
10850, 184.6382598876953
10851, 184.6422576904297
10852, 184.64625549316406
10853, 184.65025329589844
10854, 184.6542510986328
10855, 184.6582489013672
10856, 184.66226196289062
10857, 184.666259765625
10858, 184.67025756835938
10859, 184.67425537109375
10860, 184.67825317382812
10861, 184.6822509765625
10862, 184.68624877929688
10863, 184.6902618408203
10864, 184.6942596435547
10865, 184.69825744628906
10866, 184.70225524902344
10867, 184.7062530517578
10868, 184.7102508544922
10869, 184.71424865722656
10870, 184.71826171875
10871, 184.72225952148438
10872, 184.72625732421875
10873, 184.73025512695312
10874, 184.7342529296875
10875, 184.73825073242188
10876, 184.74224853515625
10877, 184.7462615966797
10878, 184.75025939941406
10879, 184.75425720214844
10880, 184.7582550048828
10881, 184.7622528076172
10882, 184.76625061035156
10883, 184.77024841308594
10884, 184.77426147460938
10885, 184.77825927734375
10886, 184.78225708007812
10887, 184.7862548828125
10888, 184.79025268554688
10889, 184.79425048828125
10890, 184.79824829101562
10891, 184.80226135253906
10892, 184.80625915527344
10893, 184.8102569580078
10894, 184.8142547607422
10895, 184.81825256347656
10896, 184.82225036621094
10897, 184.8262481689453
10898, 184.83026123046875
10899, 184.83425903320312
10900, 184.8382568359375
10901, 184.84225463867188
10902, 184.84625244140625
10903, 184.85025024414062
10904, 184.854248046875
10905, 184.85826110839844
10906, 184.8622589111328
10907, 184.8662567138672
10908, 184.87025451660156
10909, 184.87425231933594
10910, 184.8782501220703
10911, 184.8822479248047
10912, 184.88626098632812
10913, 184.8902587890625
10914, 184.89425659179688
10915, 184.89825439453125
10916, 184.90225219726562
10917, 184.90625
10918, 184.91024780273438
10919, 184.9142608642578
10920, 184.9182586669922
10921, 184.92225646972656
10922, 184.92625427246094
10923, 184.9302520751953
10924, 184.9342498779297
10925, 184.93824768066406
10926, 184.9422607421875
10927, 184.94625854492188
10928, 184.95025634765625
10929, 184.95425415039062
10930, 184.958251953125
10931, 184.96224975585938
10932, 184.96624755859375
10933, 184.9702606201172
10934, 184.97425842285156
10935, 184.97825622558594
10936, 184.9822540283203
10937, 184.9862518310547
10938, 184.99024963378906
10939, 184.99424743652344
10940, 184.99826049804688
10941, 185.00225830078125
10942, 185.00625610351562
10943, 185.01025390625
10944, 185.01425170898438
10945, 185.01824951171875
10946, 185.0222625732422
10947, 185.02626037597656
10948, 185.03025817871094
10949, 185.0342559814453
10950, 185.0382537841797
10951, 185.04225158691406
10952, 185.04624938964844
10953, 185.05026245117188
10954, 185.05426025390625
10955, 185.05825805664062
10956, 185.062255859375
10957, 185.06625366210938
10958, 185.07025146484375
10959, 185.07424926757812
10960, 185.07826232910156
10961, 185.08226013183594
10962, 185.0862579345703
10963, 185.0902557373047
10964, 185.09425354003906
10965, 185.09825134277344
10966, 185.1022491455078
10967, 185.10626220703125
10968, 185.11026000976562
10969, 185.1142578125
10970, 185.11825561523438
10971, 185.12225341796875
10972, 185.12625122070312
10973, 185.1302490234375
10974, 185.13426208496094
10975, 185.1382598876953
10976, 185.1422576904297
10977, 185.14625549316406
10978, 185.15025329589844
10979, 185.1542510986328
10980, 185.1582489013672
10981, 185.16226196289062
10982, 185.166259765625
10983, 185.17025756835938
10984, 185.17425537109375
10985, 185.17825317382812
10986, 185.1822509765625
10987, 185.18624877929688
10988, 185.1902618408203
10989, 185.1942596435547
10990, 185.19825744628906
10991, 185.20225524902344
10992, 185.2062530517578
10993, 185.2102508544922
10994, 185.21424865722656
10995, 185.21826171875
10996, 185.22225952148438
10997, 185.22625732421875
10998, 185.23025512695312
10999, 185.2342529296875
11000, 185.23825073242188
11001, 185.24224853515625
11002, 185.2462615966797
11003, 185.25025939941406
11004, 185.25425720214844
11005, 185.2582550048828
11006, 185.2622528076172
11007, 185.26625061035156
11008, 185.27024841308594
11009, 185.27426147460938
11010, 185.27825927734375
11011, 185.28225708007812
11012, 185.2862548828125
11013, 185.29025268554688
11014, 185.29425048828125
11015, 185.29824829101562
11016, 185.30226135253906
11017, 185.30625915527344
11018, 185.3102569580078
11019, 185.3142547607422
11020, 185.31825256347656
11021, 185.32225036621094
11022, 185.3262481689453
11023, 185.33026123046875
11024, 185.33425903320312
11025, 185.3382568359375
11026, 185.34225463867188
11027, 185.34625244140625
11028, 185.35025024414062
11029, 185.354248046875
11030, 185.35826110839844
11031, 185.3622589111328
11032, 185.3662567138672
11033, 185.37025451660156
11034, 185.37425231933594
11035, 185.3782501220703
11036, 185.3822479248047
11037, 185.38626098632812
11038, 185.3902587890625
11039, 185.39425659179688
11040, 185.39825439453125
11041, 185.40225219726562
11042, 185.40625
11043, 185.41024780273438
11044, 185.4142608642578
11045, 185.4182586669922
11046, 185.42225646972656
11047, 185.42625427246094
11048, 185.4302520751953
11049, 185.4342498779297
11050, 185.43824768066406
11051, 185.4422607421875
11052, 185.44625854492188
11053, 185.45025634765625
11054, 185.45425415039062
11055, 185.458251953125
11056, 185.46224975585938
11057, 185.46624755859375
11058, 185.4702606201172
11059, 185.47425842285156
11060, 185.47825622558594
11061, 185.4822540283203
11062, 185.4862518310547
11063, 185.49024963378906
11064, 185.49424743652344
11065, 185.49826049804688
11066, 185.50225830078125
11067, 185.50625610351562
11068, 185.51025390625
11069, 185.51425170898438
11070, 185.51824951171875
11071, 185.5222625732422
11072, 185.52626037597656
11073, 185.53025817871094
11074, 185.5342559814453
11075, 185.5382537841797
11076, 185.54225158691406
11077, 185.54624938964844
11078, 185.55026245117188
11079, 185.55426025390625
11080, 185.55825805664062
11081, 185.562255859375
11082, 185.56625366210938
11083, 185.57025146484375
11084, 185.57424926757812
11085, 185.57826232910156
11086, 185.58226013183594
11087, 185.5862579345703
11088, 185.5902557373047
11089, 185.59425354003906
11090, 185.59825134277344
11091, 185.6022491455078
11092, 185.60626220703125
11093, 185.61026000976562
11094, 185.6142578125
11095, 185.61825561523438
11096, 185.62225341796875
11097, 185.62625122070312
11098, 185.6302490234375
11099, 185.63426208496094
11100, 185.6382598876953
11101, 185.6422576904297
11102, 185.64625549316406
11103, 185.65025329589844
11104, 185.6542510986328
11105, 185.6582489013672
11106, 185.66226196289062
11107, 185.666259765625
11108, 185.67025756835938
11109, 185.67425537109375
11110, 185.67825317382812
11111, 185.6822509765625
11112, 185.68624877929688
11113, 185.6902618408203
11114, 185.6942596435547
11115, 185.69825744628906
11116, 185.70225524902344
11117, 185.7062530517578
11118, 185.7102508544922
11119, 185.71424865722656
11120, 185.71826171875
11121, 185.72225952148438
11122, 185.72625732421875
11123, 185.73025512695312
11124, 185.7342529296875
11125, 185.73825073242188
11126, 185.74224853515625
11127, 185.7462615966797
11128, 185.75025939941406
11129, 185.75425720214844
11130, 185.7582550048828
11131, 185.7622528076172
11132, 185.76625061035156
11133, 185.77024841308594
11134, 185.77426147460938
11135, 185.77825927734375
11136, 185.78225708007812
11137, 185.7862548828125
11138, 185.79025268554688
11139, 185.79425048828125
11140, 185.79824829101562
11141, 185.80226135253906
11142, 185.80625915527344
11143, 185.8102569580078
11144, 185.8142547607422
11145, 185.81825256347656
11146, 185.82225036621094
11147, 185.8262481689453
11148, 185.83026123046875
11149, 185.83425903320312
11150, 185.8382568359375
11151, 185.84225463867188
11152, 185.84625244140625
11153, 185.85025024414062
11154, 185.854248046875
11155, 185.85826110839844
11156, 185.8622589111328
11157, 185.8662567138672
11158, 185.87025451660156
11159, 185.87425231933594
11160, 185.8782501220703
11161, 185.8822479248047
11162, 185.88626098632812
11163, 185.8902587890625
11164, 185.89425659179688
11165, 185.89825439453125
11166, 185.90225219726562
11167, 185.90625
11168, 185.91024780273438
11169, 185.9142608642578
11170, 185.9182586669922
11171, 185.92225646972656
11172, 185.92625427246094
11173, 185.9302520751953
11174, 185.9342498779297
11175, 185.93824768066406
11176, 185.9422607421875
11177, 185.94625854492188
11178, 185.95025634765625
11179, 185.95425415039062
11180, 185.958251953125
11181, 185.96224975585938
11182, 185.96624755859375
11183, 185.9702606201172
11184, 185.97425842285156
11185, 185.97825622558594
11186, 185.9822540283203
11187, 185.9862518310547
11188, 185.99024963378906
11189, 185.99424743652344
11190, 185.99826049804688
11191, 186.00225830078125
11192, 186.00625610351562
11193, 186.01025390625
11194, 186.01425170898438
11195, 186.01824951171875
11196, 186.0222625732422
11197, 186.02626037597656
11198, 186.03025817871094
11199, 186.0342559814453
11200, 186.0382537841797
11201, 186.04225158691406
11202, 186.04624938964844
11203, 186.05026245117188
11204, 186.05426025390625
11205, 186.05825805664062
11206, 186.062255859375
11207, 186.06625366210938
11208, 186.07025146484375
11209, 186.07424926757812
11210, 186.07826232910156
11211, 186.08226013183594
11212, 186.0862579345703
11213, 186.0902557373047
11214, 186.09425354003906
11215, 186.09825134277344
11216, 186.1022491455078
11217, 186.10626220703125
11218, 186.11026000976562
11219, 186.1142578125
11220, 186.11825561523438
11221, 186.12225341796875
11222, 186.12625122070312
11223, 186.1302490234375
11224, 186.13426208496094
11225, 186.1382598876953
11226, 186.1422576904297
11227, 186.14625549316406
11228, 186.15025329589844
11229, 186.1542510986328
11230, 186.1582489013672
11231, 186.16226196289062
11232, 186.166259765625
11233, 186.17025756835938
11234, 186.17425537109375
11235, 186.17825317382812
11236, 186.1822509765625
11237, 186.18624877929688
11238, 186.1902618408203
11239, 186.1942596435547
11240, 186.19825744628906
11241, 186.20225524902344
11242, 186.2062530517578
11243, 186.2102508544922
11244, 186.21424865722656
11245, 186.21826171875
11246, 186.22225952148438
11247, 186.22625732421875
11248, 186.23025512695312
11249, 186.2342529296875
11250, 186.23825073242188
11251, 186.24224853515625
11252, 186.2462615966797
11253, 186.25025939941406
11254, 186.25425720214844
11255, 186.2582550048828
11256, 186.2622528076172
11257, 186.26625061035156
11258, 186.27024841308594
11259, 186.27426147460938
11260, 186.27825927734375
11261, 186.28225708007812
11262, 186.2862548828125
11263, 186.29025268554688
11264, 186.29425048828125
11265, 186.29824829101562
11266, 186.30226135253906
11267, 186.30625915527344
11268, 186.3102569580078
11269, 186.3142547607422
11270, 186.31825256347656
11271, 186.32225036621094
11272, 186.3262481689453
11273, 186.33026123046875
11274, 186.33425903320312
11275, 186.3382568359375
11276, 186.34225463867188
11277, 186.34625244140625
11278, 186.35025024414062
11279, 186.354248046875
11280, 186.35826110839844
11281, 186.3622589111328
11282, 186.3662567138672
11283, 186.37025451660156
11284, 186.37425231933594
11285, 186.3782501220703
11286, 186.3822479248047
11287, 186.38626098632812
11288, 186.3902587890625
11289, 186.39425659179688
11290, 186.39825439453125
11291, 186.40225219726562
11292, 186.40625
11293, 186.41024780273438
11294, 186.4142608642578
11295, 186.4182586669922
11296, 186.42225646972656
11297, 186.42625427246094
11298, 186.4302520751953
11299, 186.4342498779297
11300, 186.43824768066406
11301, 186.4422607421875
11302, 186.44625854492188
11303, 186.45025634765625
11304, 186.45425415039062
11305, 186.458251953125
11306, 186.46224975585938
11307, 186.46624755859375
11308, 186.4702606201172
11309, 186.47425842285156
11310, 186.47825622558594
11311, 186.4822540283203
11312, 186.4862518310547
11313, 186.49024963378906
11314, 186.49424743652344
11315, 186.49826049804688
11316, 186.50225830078125
11317, 186.50625610351562
11318, 186.51025390625
11319, 186.51425170898438
11320, 186.51824951171875
11321, 186.5222625732422
11322, 186.52626037597656
11323, 186.53025817871094
11324, 186.5342559814453
11325, 186.5382537841797
11326, 186.54225158691406
11327, 186.54624938964844
11328, 186.55026245117188
11329, 186.55426025390625
11330, 186.55825805664062
11331, 186.562255859375
11332, 186.56625366210938
11333, 186.57025146484375
11334, 186.57424926757812
11335, 186.57826232910156
11336, 186.58226013183594
11337, 186.5862579345703
11338, 186.5902557373047
11339, 186.59425354003906
11340, 186.59825134277344
11341, 186.6022491455078
11342, 186.60626220703125
11343, 186.61026000976562
11344, 186.6142578125
11345, 186.61825561523438
11346, 186.62225341796875
11347, 186.62625122070312
11348, 186.6302490234375
11349, 186.63426208496094
11350, 186.6382598876953
11351, 186.6422576904297
11352, 186.64625549316406
11353, 186.65025329589844
11354, 186.6542510986328
11355, 186.6582489013672
11356, 186.66226196289062
11357, 186.666259765625
11358, 186.67025756835938
11359, 186.67425537109375
11360, 186.67825317382812
11361, 186.6822509765625
11362, 186.68624877929688
11363, 186.6902618408203
11364, 186.6942596435547
11365, 186.69825744628906
11366, 186.70225524902344
11367, 186.7062530517578
11368, 186.7102508544922
11369, 186.71424865722656
11370, 186.71826171875
11371, 186.72225952148438
11372, 186.72625732421875
11373, 186.73025512695312
11374, 186.7342529296875
11375, 186.73825073242188
11376, 186.74224853515625
11377, 186.7462615966797
11378, 186.75025939941406
11379, 186.75425720214844
11380, 186.7582550048828
11381, 186.7622528076172
11382, 186.76625061035156
11383, 186.77024841308594
11384, 186.77426147460938
11385, 186.77825927734375
11386, 186.78225708007812
11387, 186.7862548828125
11388, 186.79025268554688
11389, 186.79425048828125
11390, 186.79824829101562
11391, 186.80226135253906
11392, 186.80625915527344
11393, 186.8102569580078
11394, 186.8142547607422
11395, 186.81825256347656
11396, 186.82225036621094
11397, 186.8262481689453
11398, 186.83026123046875
11399, 186.83425903320312
11400, 186.8382568359375
11401, 186.84225463867188
11402, 186.84625244140625
11403, 186.85025024414062
11404, 186.854248046875
11405, 186.85826110839844
11406, 186.8622589111328
11407, 186.8662567138672
11408, 186.87025451660156
11409, 186.87425231933594
11410, 186.8782501220703
11411, 186.8822479248047
11412, 186.88626098632812
11413, 186.8902587890625
11414, 186.89425659179688
11415, 186.89825439453125
11416, 186.90225219726562
11417, 186.90625
11418, 186.91024780273438
11419, 186.9142608642578
11420, 186.9182586669922
11421, 186.92225646972656
11422, 186.92625427246094
11423, 186.9302520751953
11424, 186.9342498779297
11425, 186.93824768066406
11426, 186.9422607421875
11427, 186.94625854492188
11428, 186.95025634765625
11429, 186.95425415039062
11430, 186.958251953125
11431, 186.96224975585938
11432, 186.96624755859375
11433, 186.9702606201172
11434, 186.97425842285156
11435, 186.97825622558594
11436, 186.9822540283203
11437, 186.9862518310547
11438, 186.99024963378906
11439, 186.99424743652344
11440, 186.99826049804688
11441, 187.00225830078125
11442, 187.00625610351562
11443, 187.01025390625
11444, 187.01425170898438
11445, 187.01824951171875
11446, 187.0222625732422
11447, 187.02626037597656
11448, 187.03025817871094
11449, 187.0342559814453
11450, 187.0382537841797
11451, 187.04225158691406
11452, 187.04624938964844
11453, 187.05026245117188
11454, 187.05426025390625
11455, 187.05825805664062
11456, 187.062255859375
11457, 187.06625366210938
11458, 187.07025146484375
11459, 187.07424926757812
11460, 187.07826232910156
11461, 187.08226013183594
11462, 187.0862579345703
11463, 187.0902557373047
11464, 187.09425354003906
11465, 187.09825134277344
11466, 187.1022491455078
11467, 187.10626220703125
11468, 187.11026000976562
11469, 187.1142578125
11470, 187.11825561523438
11471, 187.12225341796875
11472, 187.12625122070312
11473, 187.1302490234375
11474, 187.13426208496094
11475, 187.1382598876953
11476, 187.1422576904297
11477, 187.14625549316406
11478, 187.15025329589844
11479, 187.1542510986328
11480, 187.1582489013672
11481, 187.16226196289062
11482, 187.166259765625
11483, 187.17025756835938
11484, 187.17425537109375
11485, 187.17825317382812
11486, 187.1822509765625
11487, 187.18624877929688
11488, 187.1902618408203
11489, 187.1942596435547
11490, 187.19825744628906
11491, 187.20225524902344
11492, 187.2062530517578
11493, 187.2102508544922
11494, 187.21424865722656
11495, 187.21826171875
11496, 187.22225952148438
11497, 187.22625732421875
11498, 187.23025512695312
11499, 187.2342529296875
11500, 187.23825073242188
11501, 187.24224853515625
11502, 187.2462615966797
11503, 187.25025939941406
11504, 187.25425720214844
11505, 187.2582550048828
11506, 187.2622528076172
11507, 187.26625061035156
11508, 187.27024841308594
11509, 187.27426147460938
11510, 187.27825927734375
11511, 187.28225708007812
11512, 187.2862548828125
11513, 187.29025268554688
11514, 187.29425048828125
11515, 187.29824829101562
11516, 187.30226135253906
11517, 187.30625915527344
11518, 187.3102569580078
11519, 187.3142547607422
11520, 187.31825256347656
11521, 187.32225036621094
11522, 187.3262481689453
11523, 187.33026123046875
11524, 187.33425903320312
11525, 187.3382568359375
11526, 187.34225463867188
11527, 187.34625244140625
11528, 187.35025024414062
11529, 187.354248046875
11530, 187.35826110839844
11531, 187.3622589111328
11532, 187.3662567138672
11533, 187.37025451660156
11534, 187.37425231933594
11535, 187.3782501220703
11536, 187.3822479248047
11537, 187.38626098632812
11538, 187.3902587890625
11539, 187.39425659179688
11540, 187.39825439453125
11541, 187.40225219726562
11542, 187.40625
11543, 187.41024780273438
11544, 187.4142608642578
11545, 187.4182586669922
11546, 187.42225646972656
11547, 187.42625427246094
11548, 187.4302520751953
11549, 187.4342498779297
11550, 187.43824768066406
11551, 187.4422607421875
11552, 187.44625854492188
11553, 187.45025634765625
11554, 187.45425415039062
11555, 187.458251953125
11556, 187.46224975585938
11557, 187.46624755859375
11558, 187.4702606201172
11559, 187.47425842285156
11560, 187.47825622558594
11561, 187.4822540283203
11562, 187.4862518310547
11563, 187.49024963378906
11564, 187.49424743652344
11565, 187.49826049804688
11566, 187.50225830078125
11567, 187.50625610351562
11568, 187.51025390625
11569, 187.51425170898438
11570, 187.51824951171875
11571, 187.5222625732422
11572, 187.52626037597656
11573, 187.53025817871094
11574, 187.5342559814453
11575, 187.5382537841797
11576, 187.54225158691406
11577, 187.54624938964844
11578, 187.55026245117188
11579, 187.55426025390625
11580, 187.55825805664062
11581, 187.562255859375
11582, 187.56625366210938
11583, 187.57025146484375
11584, 187.57424926757812
11585, 187.57826232910156
11586, 187.58226013183594
11587, 187.5862579345703
11588, 187.5902557373047
11589, 187.59425354003906
11590, 187.59825134277344
11591, 187.6022491455078
11592, 187.60626220703125
11593, 187.61026000976562
11594, 187.6142578125
11595, 187.61825561523438
11596, 187.62225341796875
11597, 187.62625122070312
11598, 187.6302490234375
11599, 187.63426208496094
11600, 187.6382598876953
11601, 187.6422576904297
11602, 187.64625549316406
11603, 187.65025329589844
11604, 187.6542510986328
11605, 187.6582489013672
11606, 187.66226196289062
11607, 187.666259765625
11608, 187.67025756835938
11609, 187.67425537109375
11610, 187.67825317382812
11611, 187.6822509765625
11612, 187.68624877929688
11613, 187.6902618408203
11614, 187.6942596435547
11615, 187.69825744628906
11616, 187.70225524902344
11617, 187.7062530517578
11618, 187.7102508544922
11619, 187.71424865722656
11620, 187.71826171875
11621, 187.72225952148438
11622, 187.72625732421875
11623, 187.73025512695312
11624, 187.7342529296875
11625, 187.73825073242188
11626, 187.74224853515625
11627, 187.7462615966797
11628, 187.75025939941406
11629, 187.75425720214844
11630, 187.7582550048828
11631, 187.7622528076172
11632, 187.76625061035156
11633, 187.77024841308594
11634, 187.77426147460938
11635, 187.77825927734375
11636, 187.78225708007812
11637, 187.7862548828125
11638, 187.79025268554688
11639, 187.79425048828125
11640, 187.79824829101562
11641, 187.80226135253906
11642, 187.80625915527344
11643, 187.8102569580078
11644, 187.8142547607422
11645, 187.81825256347656
11646, 187.82225036621094
11647, 187.8262481689453
11648, 187.83026123046875
11649, 187.83425903320312
11650, 187.8382568359375
11651, 187.84225463867188
11652, 187.84625244140625
11653, 187.85025024414062
11654, 187.854248046875
11655, 187.85826110839844
11656, 187.8622589111328
11657, 187.8662567138672
11658, 187.87025451660156
11659, 187.87425231933594
11660, 187.8782501220703
11661, 187.8822479248047
11662, 187.88626098632812
11663, 187.8902587890625
11664, 187.89425659179688
11665, 187.89825439453125
11666, 187.90225219726562
11667, 187.90625
11668, 187.91024780273438
11669, 187.9142608642578
11670, 187.9182586669922
11671, 187.92225646972656
11672, 187.92625427246094
11673, 187.9302520751953
11674, 187.9342498779297
11675, 187.93824768066406
11676, 187.9422607421875
11677, 187.94625854492188
11678, 187.95025634765625
11679, 187.95425415039062
11680, 187.958251953125
11681, 187.96224975585938
11682, 187.96624755859375
11683, 187.9702606201172
11684, 187.97425842285156
11685, 187.97825622558594
11686, 187.9822540283203
11687, 187.9862518310547
11688, 187.99024963378906
11689, 187.99424743652344
11690, 187.99826049804688
11691, 188.00225830078125
11692, 188.00625610351562
11693, 188.01025390625
11694, 188.01425170898438
11695, 188.01824951171875
11696, 188.0222625732422
11697, 188.02626037597656
11698, 188.03025817871094
11699, 188.0342559814453
11700, 188.0382537841797
11701, 188.04225158691406
11702, 188.04624938964844
11703, 188.05026245117188
11704, 188.05426025390625
11705, 188.05825805664062
11706, 188.062255859375
11707, 188.06625366210938
11708, 188.07025146484375
11709, 188.07424926757812
11710, 188.07826232910156
11711, 188.08226013183594
11712, 188.0862579345703
11713, 188.0902557373047
11714, 188.09425354003906
11715, 188.09825134277344
11716, 188.1022491455078
11717, 188.10626220703125
11718, 188.11026000976562
11719, 188.1142578125
11720, 188.11825561523438
11721, 188.12225341796875
11722, 188.12625122070312
11723, 188.1302490234375
11724, 188.13426208496094
11725, 188.1382598876953
11726, 188.1422576904297
11727, 188.14625549316406
11728, 188.15025329589844
11729, 188.1542510986328
11730, 188.1582489013672
11731, 188.16226196289062
11732, 188.166259765625
11733, 188.17025756835938
11734, 188.17425537109375
11735, 188.17825317382812
11736, 188.1822509765625
11737, 188.18624877929688
11738, 188.1902618408203
11739, 188.1942596435547
11740, 188.19825744628906
11741, 188.20225524902344
11742, 188.2062530517578
11743, 188.2102508544922
11744, 188.21424865722656
11745, 188.21826171875
11746, 188.22225952148438
11747, 188.22625732421875
11748, 188.23025512695312
11749, 188.2342529296875
11750, 188.23825073242188
11751, 188.24224853515625
11752, 188.2462615966797
11753, 188.25025939941406
11754, 188.25425720214844
11755, 188.2582550048828
11756, 188.2622528076172
11757, 188.26625061035156
11758, 188.27024841308594
11759, 188.27426147460938
11760, 188.27825927734375
11761, 188.28225708007812
11762, 188.2862548828125
11763, 188.29025268554688
11764, 188.29425048828125
11765, 188.29824829101562
11766, 188.30226135253906
11767, 188.30625915527344
11768, 188.3102569580078
11769, 188.3142547607422
11770, 188.31825256347656
11771, 188.32225036621094
11772, 188.3262481689453
11773, 188.33026123046875
11774, 188.33425903320312
11775, 188.3382568359375
11776, 188.34225463867188
11777, 188.34625244140625
11778, 188.35025024414062
11779, 188.354248046875
11780, 188.35826110839844
11781, 188.3622589111328
11782, 188.3662567138672
11783, 188.37025451660156
11784, 188.37425231933594
11785, 188.3782501220703
11786, 188.3822479248047
11787, 188.38626098632812
11788, 188.3902587890625
11789, 188.39425659179688
11790, 188.39825439453125
11791, 188.40225219726562
11792, 188.40625
11793, 188.41024780273438
11794, 188.4142608642578
11795, 188.4182586669922
11796, 188.42225646972656
11797, 188.42625427246094
11798, 188.4302520751953
11799, 188.4342498779297
11800, 188.43824768066406
11801, 188.4422607421875
11802, 188.44625854492188
11803, 188.45025634765625
11804, 188.45425415039062
11805, 188.458251953125
11806, 188.46224975585938
11807, 188.46624755859375
11808, 188.4702606201172
11809, 188.47425842285156
11810, 188.47825622558594
11811, 188.4822540283203
11812, 188.4862518310547
11813, 188.49024963378906
11814, 188.49424743652344
11815, 188.49826049804688
11816, 188.50225830078125
11817, 188.50625610351562
11818, 188.51025390625
11819, 188.51425170898438
11820, 188.51824951171875
11821, 188.5222625732422
11822, 188.52626037597656
11823, 188.53025817871094
11824, 188.5342559814453
11825, 188.5382537841797
11826, 188.54225158691406
11827, 188.54624938964844
11828, 188.55026245117188
11829, 188.55426025390625
11830, 188.55825805664062
11831, 188.562255859375
11832, 188.56625366210938
11833, 188.57025146484375
11834, 188.57424926757812
11835, 188.57826232910156
11836, 188.58226013183594
11837, 188.5862579345703
11838, 188.5902557373047
11839, 188.59425354003906
11840, 188.59825134277344
11841, 188.6022491455078
11842, 188.60626220703125
11843, 188.61026000976562
11844, 188.6142578125
11845, 188.61825561523438
11846, 188.62225341796875
11847, 188.62625122070312
11848, 188.6302490234375
11849, 188.63426208496094
11850, 188.6382598876953
11851, 188.6422576904297
11852, 188.64625549316406
11853, 188.65025329589844
11854, 188.6542510986328
11855, 188.6582489013672
11856, 188.66226196289062
11857, 188.666259765625
11858, 188.67025756835938
11859, 188.67425537109375
11860, 188.67825317382812
11861, 188.6822509765625
11862, 188.68624877929688
11863, 188.6902618408203
11864, 188.6942596435547
11865, 188.69825744628906
11866, 188.70225524902344
11867, 188.7062530517578
11868, 188.7102508544922
11869, 188.71424865722656
11870, 188.71826171875
11871, 188.72225952148438
11872, 188.72625732421875
11873, 188.73025512695312
11874, 188.7342529296875
11875, 188.73825073242188
11876, 188.74224853515625
11877, 188.7462615966797
11878, 188.75025939941406
11879, 188.75425720214844
11880, 188.7582550048828
11881, 188.7622528076172
11882, 188.76625061035156
11883, 188.77024841308594
11884, 188.77426147460938
11885, 188.77825927734375
11886, 188.78225708007812
11887, 188.7862548828125
11888, 188.79025268554688
11889, 188.79425048828125
11890, 188.79824829101562
11891, 188.80226135253906
11892, 188.80625915527344
11893, 188.8102569580078
11894, 188.8142547607422
11895, 188.81825256347656
11896, 188.82225036621094
11897, 188.8262481689453
11898, 188.83026123046875
11899, 188.83425903320312
11900, 188.8382568359375
11901, 188.84225463867188
11902, 188.84625244140625
11903, 188.85025024414062
11904, 188.854248046875
11905, 188.85826110839844
11906, 188.8622589111328
11907, 188.8662567138672
11908, 188.87025451660156
11909, 188.87425231933594
11910, 188.8782501220703
11911, 188.8822479248047
11912, 188.88626098632812
11913, 188.8902587890625
11914, 188.89425659179688
11915, 188.89825439453125
11916, 188.90225219726562
11917, 188.90625
11918, 188.91024780273438
11919, 188.9142608642578
11920, 188.9182586669922
11921, 188.92225646972656
11922, 188.92625427246094
11923, 188.9302520751953
11924, 188.9342498779297
11925, 188.93824768066406
11926, 188.9422607421875
11927, 188.94625854492188
11928, 188.95025634765625
11929, 188.95425415039062
11930, 188.958251953125
11931, 188.96224975585938
11932, 188.96624755859375
11933, 188.9702606201172
11934, 188.97425842285156
11935, 188.97825622558594
11936, 188.9822540283203
11937, 188.9862518310547
11938, 188.99024963378906
11939, 188.99424743652344
11940, 188.99826049804688
11941, 189.00225830078125
11942, 189.00625610351562
11943, 189.01025390625
11944, 189.01425170898438
11945, 189.01824951171875
11946, 189.0222625732422
11947, 189.02626037597656
11948, 189.03025817871094
11949, 189.0342559814453
11950, 189.0382537841797
11951, 189.04225158691406
11952, 189.04624938964844
11953, 189.05026245117188
11954, 189.05426025390625
11955, 189.05825805664062
11956, 189.062255859375
11957, 189.06625366210938
11958, 189.07025146484375
11959, 189.07424926757812
11960, 189.07826232910156
11961, 189.08226013183594
11962, 189.0862579345703
11963, 189.0902557373047
11964, 189.09425354003906
11965, 189.09825134277344
11966, 189.1022491455078
11967, 189.10626220703125
11968, 189.11026000976562
11969, 189.1142578125
11970, 189.11825561523438
11971, 189.12225341796875
11972, 189.12625122070312
11973, 189.1302490234375
11974, 189.13426208496094
11975, 189.1382598876953
11976, 189.1422576904297
11977, 189.14625549316406
11978, 189.15025329589844
11979, 189.1542510986328
11980, 189.1582489013672
11981, 189.16226196289062
11982, 189.166259765625
11983, 189.17025756835938
11984, 189.17425537109375
11985, 189.17825317382812
11986, 189.1822509765625
11987, 189.18624877929688
11988, 189.1902618408203
11989, 189.1942596435547
11990, 189.19825744628906
11991, 189.20225524902344
11992, 189.2062530517578
11993, 189.2102508544922
11994, 189.21424865722656
11995, 189.21826171875
11996, 189.22225952148438
11997, 189.22625732421875
11998, 189.23025512695312
11999, 189.2342529296875
12000, 189.23825073242188
12001, 189.24224853515625
12002, 189.2462615966797
12003, 189.25025939941406
12004, 189.25425720214844
12005, 189.2582550048828
12006, 189.2622528076172
12007, 189.26625061035156
12008, 189.27024841308594
12009, 189.27426147460938
12010, 189.27825927734375
12011, 189.28225708007812
12012, 189.2862548828125
12013, 189.29025268554688
12014, 189.29425048828125
12015, 189.29824829101562
12016, 189.30226135253906
12017, 189.30625915527344
12018, 189.3102569580078
12019, 189.3142547607422
12020, 189.31825256347656
12021, 189.32225036621094
12022, 189.3262481689453
12023, 189.33026123046875
12024, 189.33425903320312
12025, 189.3382568359375
12026, 189.34225463867188
12027, 189.34625244140625
12028, 189.35025024414062
12029, 189.354248046875
12030, 189.35826110839844
12031, 189.3622589111328
12032, 189.3662567138672
12033, 189.37025451660156
12034, 189.37425231933594
12035, 189.3782501220703
12036, 189.3822479248047
12037, 189.38626098632812
12038, 189.3902587890625
12039, 189.39425659179688
12040, 189.39825439453125
12041, 189.40225219726562
12042, 189.40625
12043, 189.41024780273438
12044, 189.4142608642578
12045, 189.4182586669922
12046, 189.42225646972656
12047, 189.42625427246094
12048, 189.4302520751953
12049, 189.4342498779297
12050, 189.43824768066406
12051, 189.4422607421875
12052, 189.44625854492188
12053, 189.45025634765625
12054, 189.45425415039062
12055, 189.458251953125
12056, 189.46224975585938
12057, 189.46624755859375
12058, 189.4702606201172
12059, 189.47425842285156
12060, 189.47825622558594
12061, 189.4822540283203
12062, 189.4862518310547
12063, 189.49024963378906
12064, 189.49424743652344
12065, 189.49826049804688
12066, 189.50225830078125
12067, 189.50625610351562
12068, 189.51025390625
12069, 189.51425170898438
12070, 189.51824951171875
12071, 189.5222625732422
12072, 189.52626037597656
12073, 189.53025817871094
12074, 189.5342559814453
12075, 189.5382537841797
12076, 189.54225158691406
12077, 189.54624938964844
12078, 189.55026245117188
12079, 189.55426025390625
12080, 189.55825805664062
12081, 189.562255859375
12082, 189.56625366210938
12083, 189.57025146484375
12084, 189.57424926757812
12085, 189.57826232910156
12086, 189.58226013183594
12087, 189.5862579345703
12088, 189.5902557373047
12089, 189.59425354003906
12090, 189.59825134277344
12091, 189.6022491455078
12092, 189.60626220703125
12093, 189.61026000976562
12094, 189.6142578125
12095, 189.61825561523438
12096, 189.62225341796875
12097, 189.62625122070312
12098, 189.6302490234375
12099, 189.63426208496094
12100, 189.6382598876953
12101, 189.6422576904297
12102, 189.64625549316406
12103, 189.65025329589844
12104, 189.6542510986328
12105, 189.6582489013672
12106, 189.66226196289062
12107, 189.666259765625
12108, 189.67025756835938
12109, 189.67425537109375
12110, 189.67825317382812
12111, 189.6822509765625
12112, 189.68624877929688
12113, 189.6902618408203
12114, 189.6942596435547
12115, 189.69825744628906
12116, 189.70225524902344
12117, 189.7062530517578
12118, 189.7102508544922
12119, 189.71424865722656
12120, 189.71826171875
12121, 189.72225952148438
12122, 189.72625732421875
12123, 189.73025512695312
12124, 189.7342529296875
12125, 189.73825073242188
12126, 189.74224853515625
12127, 189.7462615966797
12128, 189.75025939941406
12129, 189.75425720214844
12130, 189.7582550048828
12131, 189.7622528076172
12132, 189.76625061035156
12133, 189.77024841308594
12134, 189.77426147460938
12135, 189.77825927734375
12136, 189.78225708007812
12137, 189.7862548828125
12138, 189.79025268554688
12139, 189.79425048828125
12140, 189.79824829101562
12141, 189.80226135253906
12142, 189.80625915527344
12143, 189.8102569580078
12144, 189.8142547607422
12145, 189.81825256347656
12146, 189.82225036621094
12147, 189.8262481689453
12148, 189.83026123046875
12149, 189.83425903320312
12150, 189.8382568359375
12151, 189.84225463867188
12152, 189.84625244140625
12153, 189.85025024414062
12154, 189.854248046875
12155, 189.85826110839844
12156, 189.8622589111328
12157, 189.8662567138672
12158, 189.87025451660156
12159, 189.87425231933594
12160, 189.8782501220703
12161, 189.8822479248047
12162, 189.88626098632812
12163, 189.8902587890625
12164, 189.89425659179688
12165, 189.89825439453125
12166, 189.90225219726562
12167, 189.90625
12168, 189.91024780273438
12169, 189.9142608642578
12170, 189.9182586669922
12171, 189.92225646972656
12172, 189.92625427246094
12173, 189.9302520751953
12174, 189.9342498779297
12175, 189.93824768066406
12176, 189.9422607421875
12177, 189.94625854492188
12178, 189.95025634765625
12179, 189.95425415039062
12180, 189.958251953125
12181, 189.96224975585938
12182, 189.96624755859375
12183, 189.9702606201172
12184, 189.97425842285156
12185, 189.97825622558594
12186, 189.9822540283203
12187, 189.9862518310547
12188, 189.99024963378906
12189, 189.99424743652344
12190, 189.99826049804688
12191, 190.00225830078125
12192, 190.00625610351562
12193, 190.01025390625
12194, 190.01425170898438
12195, 190.01824951171875
12196, 190.0222625732422
12197, 190.02626037597656
12198, 190.03025817871094
12199, 190.0342559814453
12200, 190.0382537841797
12201, 190.04225158691406
12202, 190.04624938964844
12203, 190.05026245117188
12204, 190.05426025390625
12205, 190.05825805664062
12206, 190.062255859375
12207, 190.06625366210938
12208, 190.07025146484375
12209, 190.07424926757812
12210, 190.07826232910156
12211, 190.08226013183594
12212, 190.0862579345703
12213, 190.0902557373047
12214, 190.09425354003906
12215, 190.09825134277344
12216, 190.1022491455078
12217, 190.10626220703125
12218, 190.11026000976562
12219, 190.1142578125
12220, 190.11825561523438
12221, 190.12225341796875
12222, 190.12625122070312
12223, 190.1302490234375
12224, 190.13426208496094
12225, 190.1382598876953
12226, 190.1422576904297
12227, 190.14625549316406
12228, 190.15025329589844
12229, 190.1542510986328
12230, 190.1582489013672
12231, 190.16226196289062
12232, 190.166259765625
12233, 190.17025756835938
12234, 190.17425537109375
12235, 190.17825317382812
12236, 190.1822509765625
12237, 190.18624877929688
12238, 190.1902618408203
12239, 190.1942596435547
12240, 190.19825744628906
12241, 190.20225524902344
12242, 190.2062530517578
12243, 190.2102508544922
12244, 190.21424865722656
12245, 190.21826171875
12246, 190.22225952148438
12247, 190.22625732421875
12248, 190.23025512695312
12249, 190.2342529296875
12250, 190.23825073242188
12251, 190.24224853515625
12252, 190.2462615966797
12253, 190.25025939941406
12254, 190.25425720214844
12255, 190.2582550048828
12256, 190.2622528076172
12257, 190.26625061035156
12258, 190.27024841308594
12259, 190.27426147460938
12260, 190.27825927734375
12261, 190.28225708007812
12262, 190.2862548828125
12263, 190.29025268554688
12264, 190.29425048828125
12265, 190.29824829101562
12266, 190.30226135253906
12267, 190.30625915527344
12268, 190.3102569580078
12269, 190.3142547607422
12270, 190.31825256347656
12271, 190.32225036621094
12272, 190.3262481689453
12273, 190.33026123046875
12274, 190.33425903320312
12275, 190.3382568359375
12276, 190.34225463867188
12277, 190.34625244140625
12278, 190.35025024414062
12279, 190.354248046875
12280, 190.35826110839844
12281, 190.3622589111328
12282, 190.3662567138672
12283, 190.37025451660156
12284, 190.37425231933594
12285, 190.3782501220703
12286, 190.3822479248047
12287, 190.38626098632812
12288, 190.3902587890625
12289, 190.39425659179688
12290, 190.39825439453125
12291, 190.40225219726562
12292, 190.40625
12293, 190.41024780273438
12294, 190.4142608642578
12295, 190.4182586669922
12296, 190.42225646972656
12297, 190.42625427246094
12298, 190.4302520751953
12299, 190.4342498779297
12300, 190.43824768066406
12301, 190.4422607421875
12302, 190.44625854492188
12303, 190.45025634765625
12304, 190.45425415039062
12305, 190.458251953125
12306, 190.46224975585938
12307, 190.46624755859375
12308, 190.4702606201172
12309, 190.47425842285156
12310, 190.47825622558594
12311, 190.4822540283203
12312, 190.4862518310547
12313, 190.49024963378906
12314, 190.49424743652344
12315, 190.49826049804688
12316, 190.50225830078125
12317, 190.50625610351562
12318, 190.51025390625
12319, 190.51425170898438
12320, 190.51824951171875
12321, 190.5222625732422
12322, 190.52626037597656
12323, 190.53025817871094
12324, 190.5342559814453
12325, 190.5382537841797
12326, 190.54225158691406
12327, 190.54624938964844
12328, 190.55026245117188
12329, 190.55426025390625
12330, 190.55825805664062
12331, 190.562255859375
12332, 190.56625366210938
12333, 190.57025146484375
12334, 190.57424926757812
12335, 190.57826232910156
12336, 190.58226013183594
12337, 190.5862579345703
12338, 190.5902557373047
12339, 190.59425354003906
12340, 190.59825134277344
12341, 190.6022491455078
12342, 190.60626220703125
12343, 190.61026000976562
12344, 190.6142578125
12345, 190.61825561523438
12346, 190.62225341796875
12347, 190.62625122070312
12348, 190.6302490234375
12349, 190.63426208496094
12350, 190.6382598876953
12351, 190.6422576904297
12352, 190.64625549316406
12353, 190.65025329589844
12354, 190.6542510986328
12355, 190.6582489013672
12356, 190.66226196289062
12357, 190.666259765625
12358, 190.67025756835938
12359, 190.67425537109375
12360, 190.67825317382812
12361, 190.6822509765625
12362, 190.68624877929688
12363, 190.6902618408203
12364, 190.6942596435547
12365, 190.69825744628906
12366, 190.70225524902344
12367, 190.7062530517578
12368, 190.7102508544922
12369, 190.71424865722656
12370, 190.71826171875
12371, 190.72225952148438
12372, 190.72625732421875
12373, 190.73025512695312
12374, 190.7342529296875
12375, 190.73825073242188
12376, 190.74224853515625
12377, 190.7462615966797
12378, 190.75025939941406
12379, 190.75425720214844
12380, 190.7582550048828
12381, 190.7622528076172
12382, 190.76625061035156
12383, 190.77024841308594
12384, 190.77426147460938
12385, 190.77825927734375
12386, 190.78225708007812
12387, 190.7862548828125
12388, 190.79025268554688
12389, 190.79425048828125
12390, 190.79824829101562
12391, 190.80226135253906
12392, 190.80625915527344
12393, 190.8102569580078
12394, 190.8142547607422
12395, 190.81825256347656
12396, 190.82225036621094
12397, 190.8262481689453
12398, 190.83026123046875
12399, 190.83425903320312
12400, 190.8382568359375
12401, 190.84225463867188
12402, 190.84625244140625
12403, 190.85025024414062
12404, 190.854248046875
12405, 190.85826110839844
12406, 190.8622589111328
12407, 190.8662567138672
12408, 190.87025451660156
12409, 190.87425231933594
12410, 190.8782501220703
12411, 190.8822479248047
12412, 190.88626098632812
12413, 190.8902587890625
12414, 190.89425659179688
12415, 190.89825439453125
12416, 190.90225219726562
12417, 190.90625
12418, 190.91024780273438
12419, 190.9142608642578
12420, 190.9182586669922
12421, 190.92225646972656
12422, 190.92625427246094
12423, 190.9302520751953
12424, 190.9342498779297
12425, 190.93824768066406
12426, 190.9422607421875
12427, 190.94625854492188
12428, 190.95025634765625
12429, 190.95425415039062
12430, 190.958251953125
12431, 190.96224975585938
12432, 190.96624755859375
12433, 190.9702606201172
12434, 190.97425842285156
12435, 190.97825622558594
12436, 190.9822540283203
12437, 190.9862518310547
12438, 190.99024963378906
12439, 190.99424743652344
12440, 190.99826049804688
12441, 191.00225830078125
12442, 191.00625610351562
12443, 191.01025390625
12444, 191.01425170898438
12445, 191.01824951171875
12446, 191.0222625732422
12447, 191.02626037597656
12448, 191.03025817871094
12449, 191.0342559814453
12450, 191.0382537841797
12451, 191.04225158691406
12452, 191.04624938964844
12453, 191.05026245117188
12454, 191.05426025390625
12455, 191.05825805664062
12456, 191.062255859375
12457, 191.06625366210938
12458, 191.07025146484375
12459, 191.07424926757812
12460, 191.07826232910156
12461, 191.08226013183594
12462, 191.0862579345703
12463, 191.0902557373047
12464, 191.09425354003906
12465, 191.09825134277344
12466, 191.1022491455078
12467, 191.10626220703125
12468, 191.11026000976562
12469, 191.1142578125
12470, 191.11825561523438
12471, 191.12225341796875
12472, 191.12625122070312
12473, 191.1302490234375
12474, 191.13426208496094
12475, 191.1382598876953
12476, 191.1422576904297
12477, 191.14625549316406
12478, 191.15025329589844
12479, 191.1542510986328
12480, 191.1582489013672
12481, 191.16226196289062
12482, 191.166259765625
12483, 191.17025756835938
12484, 191.17425537109375
12485, 191.17825317382812
12486, 191.1822509765625
12487, 191.18624877929688
12488, 191.1902618408203
12489, 191.1942596435547
12490, 191.19825744628906
12491, 191.20225524902344
12492, 191.2062530517578
12493, 191.2102508544922
12494, 191.21424865722656
12495, 191.21826171875
12496, 191.22225952148438
12497, 191.22625732421875
12498, 191.23025512695312
12499, 191.2342529296875
12500, 191.23825073242188
12501, 191.24224853515625
12502, 191.2462615966797
12503, 191.25025939941406
12504, 191.25425720214844
12505, 191.2582550048828
12506, 191.2622528076172
12507, 191.26625061035156
12508, 191.27024841308594
12509, 191.27426147460938
12510, 191.27825927734375
12511, 191.28225708007812
12512, 191.2862548828125
12513, 191.29025268554688
12514, 191.29425048828125
12515, 191.29824829101562
12516, 191.30226135253906
12517, 191.30625915527344
12518, 191.3102569580078
12519, 191.3142547607422
12520, 191.31825256347656
12521, 191.32225036621094
12522, 191.3262481689453
12523, 191.33026123046875
12524, 191.33425903320312
12525, 191.3382568359375
12526, 191.34225463867188
12527, 191.34625244140625
12528, 191.35025024414062
12529, 191.354248046875
12530, 191.35826110839844
12531, 191.3622589111328
12532, 191.3662567138672
12533, 191.37025451660156
12534, 191.37425231933594
12535, 191.3782501220703
12536, 191.3822479248047
12537, 191.38626098632812
12538, 191.3902587890625
12539, 191.39425659179688
12540, 191.39825439453125
12541, 191.40225219726562
12542, 191.40625
12543, 191.41024780273438
12544, 191.4142608642578
12545, 191.4182586669922
12546, 191.42225646972656
12547, 191.42625427246094
12548, 191.4302520751953
12549, 191.4342498779297
12550, 191.43824768066406
12551, 191.4422607421875
12552, 191.44625854492188
12553, 191.45025634765625
12554, 191.45425415039062
12555, 191.458251953125
12556, 191.46224975585938
12557, 191.46624755859375
12558, 191.4702606201172
12559, 191.47425842285156
12560, 191.47825622558594
12561, 191.4822540283203
12562, 191.4862518310547
12563, 191.49024963378906
12564, 191.49424743652344
12565, 191.49826049804688
12566, 191.50225830078125
12567, 191.50625610351562
12568, 191.51025390625
12569, 191.51425170898438
12570, 191.51824951171875
12571, 191.5222625732422
12572, 191.52626037597656
12573, 191.53025817871094
12574, 191.5342559814453
12575, 191.5382537841797
12576, 191.54225158691406
12577, 191.54624938964844
12578, 191.55026245117188
12579, 191.55426025390625
12580, 191.55825805664062
12581, 191.562255859375
12582, 191.56625366210938
12583, 191.57025146484375
12584, 191.57424926757812
12585, 191.57826232910156
12586, 191.58226013183594
12587, 191.5862579345703
12588, 191.5902557373047
12589, 191.59425354003906
12590, 191.59825134277344
12591, 191.6022491455078
12592, 191.60626220703125
12593, 191.61026000976562
12594, 191.6142578125
12595, 191.61825561523438
12596, 191.62225341796875
12597, 191.62625122070312
12598, 191.6302490234375
12599, 191.63426208496094
12600, 191.6382598876953
12601, 191.6422576904297
12602, 191.64625549316406
12603, 191.65025329589844
12604, 191.6542510986328
12605, 191.6582489013672
12606, 191.66226196289062
12607, 191.666259765625
12608, 191.67025756835938
12609, 191.67425537109375
12610, 191.67825317382812
12611, 191.6822509765625
12612, 191.68624877929688
12613, 191.6902618408203
12614, 191.6942596435547
12615, 191.69825744628906
12616, 191.70225524902344
12617, 191.7062530517578
12618, 191.7102508544922
12619, 191.71424865722656
12620, 191.71826171875
12621, 191.72225952148438
12622, 191.72625732421875
12623, 191.73025512695312
12624, 191.7342529296875
12625, 191.73825073242188
12626, 191.74224853515625
12627, 191.7462615966797
12628, 191.75025939941406
12629, 191.75425720214844
12630, 191.7582550048828
12631, 191.7622528076172
12632, 191.76625061035156
12633, 191.77024841308594
12634, 191.77426147460938
12635, 191.77825927734375
12636, 191.78225708007812
12637, 191.7862548828125
12638, 191.79025268554688
12639, 191.79425048828125
12640, 191.79824829101562
12641, 191.80226135253906
12642, 191.80625915527344
12643, 191.8102569580078
12644, 191.8142547607422
12645, 191.81825256347656
12646, 191.82225036621094
12647, 191.8262481689453
12648, 191.83026123046875
12649, 191.83425903320312
12650, 191.8382568359375
12651, 191.84225463867188
12652, 191.84625244140625
12653, 191.85025024414062
12654, 191.854248046875
12655, 191.85826110839844
12656, 191.8622589111328
12657, 191.8662567138672
12658, 191.87025451660156
12659, 191.87425231933594
12660, 191.8782501220703
12661, 191.8822479248047
12662, 191.88626098632812
12663, 191.8902587890625
12664, 191.89425659179688
12665, 191.89825439453125
12666, 191.90225219726562
12667, 191.90625
12668, 191.91024780273438
12669, 191.9142608642578
12670, 191.9182586669922
12671, 191.92225646972656
12672, 191.92625427246094
12673, 191.9302520751953
12674, 191.9342498779297
12675, 191.93824768066406
12676, 191.9422607421875
12677, 191.94625854492188
12678, 191.95025634765625
12679, 191.95425415039062
12680, 191.958251953125
12681, 191.96224975585938
12682, 191.96624755859375
12683, 191.9702606201172
12684, 191.97425842285156
12685, 191.97825622558594
12686, 191.9822540283203
12687, 191.9862518310547
12688, 191.99024963378906
12689, 191.99424743652344
12690, 191.99826049804688
12691, 192.00225830078125
12692, 192.00625610351562
12693, 192.01025390625
12694, 192.01425170898438
12695, 192.01824951171875
12696, 192.0222625732422
12697, 192.02626037597656
12698, 192.03025817871094
12699, 192.0342559814453
12700, 192.0382537841797
12701, 192.04225158691406
12702, 192.04624938964844
12703, 192.05026245117188
12704, 192.05426025390625
12705, 192.05825805664062
12706, 192.062255859375
12707, 192.06625366210938
12708, 192.07025146484375
12709, 192.07424926757812
12710, 192.07826232910156
12711, 192.08226013183594
12712, 192.0862579345703
12713, 192.0902557373047
12714, 192.09425354003906
12715, 192.09825134277344
12716, 192.1022491455078
12717, 192.10626220703125
12718, 192.11026000976562
12719, 192.1142578125
12720, 192.11825561523438
12721, 192.12225341796875
12722, 192.12625122070312
12723, 192.1302490234375
12724, 192.13426208496094
12725, 192.1382598876953
12726, 192.1422576904297
12727, 192.14625549316406
12728, 192.15025329589844
12729, 192.1542510986328
12730, 192.1582489013672
12731, 192.16226196289062
12732, 192.166259765625
12733, 192.17025756835938
12734, 192.17425537109375
12735, 192.17825317382812
12736, 192.1822509765625
12737, 192.18624877929688
12738, 192.1902618408203
12739, 192.1942596435547
12740, 192.19825744628906
12741, 192.20225524902344
12742, 192.2062530517578
12743, 192.2102508544922
12744, 192.21424865722656
12745, 192.21826171875
12746, 192.22225952148438
12747, 192.22625732421875
12748, 192.23025512695312
12749, 192.2342529296875
12750, 192.23825073242188
12751, 192.24224853515625
12752, 192.2462615966797
12753, 192.25025939941406
12754, 192.25425720214844
12755, 192.2582550048828
12756, 192.2622528076172
12757, 192.26625061035156
12758, 192.27024841308594
12759, 192.27426147460938
12760, 192.27825927734375
12761, 192.28225708007812
12762, 192.2862548828125
12763, 192.29025268554688
12764, 192.29425048828125
12765, 192.29824829101562
12766, 192.30226135253906
12767, 192.30625915527344
12768, 192.3102569580078
12769, 192.3142547607422
12770, 192.31825256347656
12771, 192.32225036621094
12772, 192.3262481689453
12773, 192.33026123046875
12774, 192.33425903320312
12775, 192.3382568359375
12776, 192.34225463867188
12777, 192.34625244140625
12778, 192.35025024414062
12779, 192.354248046875
12780, 192.35826110839844
12781, 192.3622589111328
12782, 192.3662567138672
12783, 192.37025451660156
12784, 192.37425231933594
12785, 192.3782501220703
12786, 192.3822479248047
12787, 192.38626098632812
12788, 192.3902587890625
12789, 192.39425659179688
12790, 192.39825439453125
12791, 192.40225219726562
12792, 192.40625
12793, 192.41024780273438
12794, 192.4142608642578
12795, 192.4182586669922
12796, 192.42225646972656
12797, 192.42625427246094
12798, 192.4302520751953
12799, 192.4342498779297
12800, 192.43824768066406
12801, 192.4422607421875
12802, 192.44625854492188
12803, 192.45025634765625
12804, 192.45425415039062
12805, 192.458251953125
12806, 192.46224975585938
12807, 192.46624755859375
12808, 192.4702606201172
12809, 192.47425842285156
12810, 192.47825622558594
12811, 192.4822540283203
12812, 192.4862518310547
12813, 192.49024963378906
12814, 192.49424743652344
12815, 192.49826049804688
12816, 192.50225830078125
12817, 192.50625610351562
12818, 192.51025390625
12819, 192.51425170898438
12820, 192.51824951171875
12821, 192.5222625732422
12822, 192.52626037597656
12823, 192.53025817871094
12824, 192.5342559814453
12825, 192.5382537841797
12826, 192.54225158691406
12827, 192.54624938964844
12828, 192.55026245117188
12829, 192.55426025390625
12830, 192.55825805664062
12831, 192.562255859375
12832, 192.56625366210938
12833, 192.57025146484375
12834, 192.57424926757812
12835, 192.57826232910156
12836, 192.58226013183594
12837, 192.5862579345703
12838, 192.5902557373047
12839, 192.59425354003906
12840, 192.59825134277344
12841, 192.6022491455078
12842, 192.60626220703125
12843, 192.61026000976562
12844, 192.6142578125
12845, 192.61825561523438
12846, 192.62225341796875
12847, 192.62625122070312
12848, 192.6302490234375
12849, 192.63426208496094
12850, 192.6382598876953
12851, 192.6422576904297
12852, 192.64625549316406
12853, 192.65025329589844
12854, 192.6542510986328
12855, 192.6582489013672
12856, 192.66226196289062
12857, 192.666259765625
12858, 192.67025756835938
12859, 192.67425537109375
12860, 192.67825317382812
12861, 192.6822509765625
12862, 192.68624877929688
12863, 192.6902618408203
12864, 192.6942596435547
12865, 192.69825744628906
12866, 192.70225524902344
12867, 192.7062530517578
12868, 192.7102508544922
12869, 192.71424865722656
12870, 192.71826171875
12871, 192.72225952148438
12872, 192.72625732421875
12873, 192.73025512695312
12874, 192.7342529296875
12875, 192.73825073242188
12876, 192.74224853515625
12877, 192.7462615966797
12878, 192.75025939941406
12879, 192.75425720214844
12880, 192.7582550048828
12881, 192.7622528076172
12882, 192.76625061035156
12883, 192.77024841308594
12884, 192.77426147460938
12885, 192.77825927734375
12886, 192.78225708007812
12887, 192.7862548828125
12888, 192.79025268554688
12889, 192.79425048828125
12890, 192.79824829101562
12891, 192.80226135253906
12892, 192.80625915527344
12893, 192.8102569580078
12894, 192.8142547607422
12895, 192.81825256347656
12896, 192.82225036621094
12897, 192.8262481689453
12898, 192.83026123046875
12899, 192.83425903320312
12900, 192.8382568359375
12901, 192.84225463867188
12902, 192.84625244140625
12903, 192.85025024414062
12904, 192.854248046875
12905, 192.85826110839844
12906, 192.8622589111328
12907, 192.8662567138672
12908, 192.87025451660156
12909, 192.87425231933594
12910, 192.8782501220703
12911, 192.8822479248047
12912, 192.88626098632812
12913, 192.8902587890625
12914, 192.89425659179688
12915, 192.89825439453125
12916, 192.90225219726562
12917, 192.90625
12918, 192.91024780273438
12919, 192.9142608642578
12920, 192.9182586669922
12921, 192.92225646972656
12922, 192.92625427246094
12923, 192.9302520751953
12924, 192.9342498779297
12925, 192.93824768066406
12926, 192.9422607421875
12927, 192.94625854492188
12928, 192.95025634765625
12929, 192.95425415039062
12930, 192.958251953125
12931, 192.96224975585938
12932, 192.96624755859375
12933, 192.9702606201172
12934, 192.97425842285156
12935, 192.97825622558594
12936, 192.9822540283203
12937, 192.9862518310547
12938, 192.99024963378906
12939, 192.99424743652344
12940, 192.99826049804688
12941, 193.00225830078125
12942, 193.00625610351562
12943, 193.01025390625
12944, 193.01425170898438
12945, 193.01824951171875
12946, 193.0222625732422
12947, 193.02626037597656
12948, 193.03025817871094
12949, 193.0342559814453
12950, 193.0382537841797
12951, 193.04225158691406
12952, 193.04624938964844
12953, 193.05026245117188
12954, 193.05426025390625
12955, 193.05825805664062
12956, 193.062255859375
12957, 193.06625366210938
12958, 193.07025146484375
12959, 193.07424926757812
12960, 193.07826232910156
12961, 193.08226013183594
12962, 193.0862579345703
12963, 193.0902557373047
12964, 193.09425354003906
12965, 193.09825134277344
12966, 193.1022491455078
12967, 193.10626220703125
12968, 193.11026000976562
12969, 193.1142578125
12970, 193.11825561523438
12971, 193.12225341796875
12972, 193.12625122070312
12973, 193.1302490234375
12974, 193.13426208496094
12975, 193.1382598876953
12976, 193.1422576904297
12977, 193.14625549316406
12978, 193.15025329589844
12979, 193.1542510986328
12980, 193.1582489013672
12981, 193.16226196289062
12982, 193.166259765625
12983, 193.17025756835938
12984, 193.17425537109375
12985, 193.17825317382812
12986, 193.1822509765625
12987, 193.18624877929688
12988, 193.1902618408203
12989, 193.1942596435547
12990, 193.19825744628906
12991, 193.20225524902344
12992, 193.2062530517578
12993, 193.2102508544922
12994, 193.21424865722656
12995, 193.21826171875
12996, 193.22225952148438
12997, 193.22625732421875
12998, 193.23025512695312
12999, 193.2342529296875
13000, 193.23825073242188
13001, 193.24224853515625
13002, 193.2462615966797
13003, 193.25025939941406
13004, 193.25425720214844
13005, 193.2582550048828
13006, 193.2622528076172
13007, 193.26625061035156
13008, 193.27024841308594
13009, 193.27426147460938
13010, 193.27825927734375
13011, 193.28225708007812
13012, 193.2862548828125
13013, 193.29025268554688
13014, 193.29425048828125
13015, 193.29824829101562
13016, 193.30226135253906
13017, 193.30625915527344
13018, 193.3102569580078
13019, 193.3142547607422
13020, 193.31825256347656
13021, 193.32225036621094
13022, 193.3262481689453
13023, 193.33026123046875
13024, 193.33425903320312
13025, 193.3382568359375
13026, 193.34225463867188
13027, 193.34625244140625
13028, 193.35025024414062
13029, 193.354248046875
13030, 193.35826110839844
13031, 193.3622589111328
13032, 193.3662567138672
13033, 193.37025451660156
13034, 193.37425231933594
13035, 193.3782501220703
13036, 193.3822479248047
13037, 193.38626098632812
13038, 193.3902587890625
13039, 193.39425659179688
13040, 193.39825439453125
13041, 193.40225219726562
13042, 193.40625
13043, 193.41024780273438
13044, 193.4142608642578
13045, 193.4182586669922
13046, 193.42225646972656
13047, 193.42625427246094
13048, 193.4302520751953
13049, 193.4342498779297
13050, 193.43824768066406
13051, 193.4422607421875
13052, 193.44625854492188
13053, 193.45025634765625
13054, 193.45425415039062
13055, 193.458251953125
13056, 193.46224975585938
13057, 193.46624755859375
13058, 193.4702606201172
13059, 193.47425842285156
13060, 193.47825622558594
13061, 193.4822540283203
13062, 193.4862518310547
13063, 193.49024963378906
13064, 193.49424743652344
13065, 193.49826049804688
13066, 193.50225830078125
13067, 193.50625610351562
13068, 193.51025390625
13069, 193.51425170898438
13070, 193.51824951171875
13071, 193.5222625732422
13072, 193.52626037597656
13073, 193.53025817871094
13074, 193.5342559814453
13075, 193.5382537841797
13076, 193.54225158691406
13077, 193.54624938964844
13078, 193.55026245117188
13079, 193.55426025390625
13080, 193.55825805664062
13081, 193.562255859375
13082, 193.56625366210938
13083, 193.57025146484375
13084, 193.57424926757812
13085, 193.57826232910156
13086, 193.58226013183594
13087, 193.5862579345703
13088, 193.5902557373047
13089, 193.59425354003906
13090, 193.59825134277344
13091, 193.6022491455078
13092, 193.60626220703125
13093, 193.61026000976562
13094, 193.6142578125
13095, 193.61825561523438
13096, 193.62225341796875
13097, 193.62625122070312
13098, 193.6302490234375
13099, 193.63426208496094
13100, 193.6382598876953
13101, 193.6422576904297
13102, 193.64625549316406
13103, 193.65025329589844
13104, 193.6542510986328
13105, 193.6582489013672
13106, 193.66226196289062
13107, 193.666259765625
13108, 193.67025756835938
13109, 193.67425537109375
13110, 193.67825317382812
13111, 193.6822509765625
13112, 193.68624877929688
13113, 193.6902618408203
13114, 193.6942596435547
13115, 193.69825744628906
13116, 193.70225524902344
13117, 193.7062530517578
13118, 193.7102508544922
13119, 193.71424865722656
13120, 193.71826171875
13121, 193.72225952148438
13122, 193.72625732421875
13123, 193.73025512695312
13124, 193.7342529296875
13125, 193.73825073242188
13126, 193.74224853515625
13127, 193.7462615966797
13128, 193.75025939941406
13129, 193.75425720214844
13130, 193.7582550048828
13131, 193.7622528076172
13132, 193.76625061035156
13133, 193.77024841308594
13134, 193.77426147460938
13135, 193.77825927734375
13136, 193.78225708007812
13137, 193.7862548828125
13138, 193.79025268554688
13139, 193.79425048828125
13140, 193.79824829101562
13141, 193.80226135253906
13142, 193.80625915527344
13143, 193.8102569580078
13144, 193.8142547607422
13145, 193.81825256347656
13146, 193.82225036621094
13147, 193.8262481689453
13148, 193.83026123046875
13149, 193.83425903320312
13150, 193.8382568359375
13151, 193.84225463867188
13152, 193.84625244140625
13153, 193.85025024414062
13154, 193.854248046875
13155, 193.85826110839844
13156, 193.8622589111328
13157, 193.8662567138672
13158, 193.87025451660156
13159, 193.87425231933594
13160, 193.8782501220703
13161, 193.8822479248047
13162, 193.88626098632812
13163, 193.8902587890625
13164, 193.89425659179688
13165, 193.89825439453125
13166, 193.90225219726562
13167, 193.90625
13168, 193.91024780273438
13169, 193.9142608642578
13170, 193.9182586669922
13171, 193.92225646972656
13172, 193.92625427246094
13173, 193.9302520751953
13174, 193.9342498779297
13175, 193.93824768066406
13176, 193.9422607421875
13177, 193.94625854492188
13178, 193.95025634765625
13179, 193.95425415039062
13180, 193.958251953125
13181, 193.96224975585938
13182, 193.96624755859375
13183, 193.9702606201172
13184, 193.97425842285156
13185, 193.97825622558594
13186, 193.9822540283203
13187, 193.9862518310547
13188, 193.99024963378906
13189, 193.99424743652344
13190, 193.99826049804688
13191, 194.00225830078125
13192, 194.00625610351562
13193, 194.01025390625
13194, 194.01425170898438
13195, 194.01824951171875
13196, 194.0222625732422
13197, 194.02626037597656
13198, 194.03025817871094
13199, 194.0342559814453
13200, 194.0382537841797
13201, 194.04225158691406
13202, 194.04624938964844
13203, 194.05026245117188
13204, 194.05426025390625
13205, 194.05825805664062
13206, 194.062255859375
13207, 194.06625366210938
13208, 194.07025146484375
13209, 194.07424926757812
13210, 194.07826232910156
13211, 194.08226013183594
13212, 194.0862579345703
13213, 194.0902557373047
13214, 194.09425354003906
13215, 194.09825134277344
13216, 194.1022491455078
13217, 194.10626220703125
13218, 194.11026000976562
13219, 194.1142578125
13220, 194.11825561523438
13221, 194.12225341796875
13222, 194.12625122070312
13223, 194.1302490234375
13224, 194.13426208496094
13225, 194.1382598876953
13226, 194.1422576904297
13227, 194.14625549316406
13228, 194.15025329589844
13229, 194.1542510986328
13230, 194.1582489013672
13231, 194.16226196289062
13232, 194.166259765625
13233, 194.17025756835938
13234, 194.17425537109375
13235, 194.17825317382812
13236, 194.1822509765625
13237, 194.18624877929688
13238, 194.1902618408203
13239, 194.1942596435547
13240, 194.19825744628906
13241, 194.20225524902344
13242, 194.2062530517578
13243, 194.2102508544922
13244, 194.21424865722656
13245, 194.21826171875
13246, 194.22225952148438
13247, 194.22625732421875
13248, 194.23025512695312
13249, 194.2342529296875
13250, 194.23825073242188
13251, 194.24224853515625
13252, 194.2462615966797
13253, 194.25025939941406
13254, 194.25425720214844
13255, 194.2582550048828
13256, 194.2622528076172
13257, 194.26625061035156
13258, 194.27024841308594
13259, 194.27426147460938
13260, 194.27825927734375
13261, 194.28225708007812
13262, 194.2862548828125
13263, 194.29025268554688
13264, 194.29425048828125
13265, 194.29824829101562
13266, 194.30226135253906
13267, 194.30625915527344
13268, 194.3102569580078
13269, 194.3142547607422
13270, 194.31825256347656
13271, 194.32225036621094
13272, 194.3262481689453
13273, 194.33026123046875
13274, 194.33425903320312
13275, 194.3382568359375
13276, 194.34225463867188
13277, 194.34625244140625
13278, 194.35025024414062
13279, 194.354248046875
13280, 194.35826110839844
13281, 194.3622589111328
13282, 194.3662567138672
13283, 194.37025451660156
13284, 194.37425231933594
13285, 194.3782501220703
13286, 194.3822479248047
13287, 194.38626098632812
13288, 194.3902587890625
13289, 194.39425659179688
13290, 194.39825439453125
13291, 194.40225219726562
13292, 194.40625
13293, 194.41024780273438
13294, 194.4142608642578
13295, 194.4182586669922
13296, 194.42225646972656
13297, 194.42625427246094
13298, 194.4302520751953
13299, 194.4342498779297
13300, 194.43824768066406
13301, 194.4422607421875
13302, 194.44625854492188
13303, 194.45025634765625
13304, 194.45425415039062
13305, 194.458251953125
13306, 194.46224975585938
13307, 194.46624755859375
13308, 194.4702606201172
13309, 194.47425842285156
13310, 194.47825622558594
13311, 194.4822540283203
13312, 194.4862518310547
13313, 194.49024963378906
13314, 194.49424743652344
13315, 194.49826049804688
13316, 194.50225830078125
13317, 194.50625610351562
13318, 194.51025390625
13319, 194.51425170898438
13320, 194.51824951171875
13321, 194.5222625732422
13322, 194.52626037597656
13323, 194.53025817871094
13324, 194.5342559814453
13325, 194.5382537841797
13326, 194.54225158691406
13327, 194.54624938964844
13328, 194.55026245117188
13329, 194.55426025390625
13330, 194.55825805664062
13331, 194.562255859375
13332, 194.56625366210938
13333, 194.57025146484375
13334, 194.57424926757812
13335, 194.57826232910156
13336, 194.58226013183594
13337, 194.5862579345703
13338, 194.5902557373047
13339, 194.59425354003906
13340, 194.59825134277344
13341, 194.6022491455078
13342, 194.60626220703125
13343, 194.61026000976562
13344, 194.6142578125
13345, 194.61825561523438
13346, 194.62225341796875
13347, 194.62625122070312
13348, 194.6302490234375
13349, 194.63426208496094
13350, 194.6382598876953
13351, 194.6422576904297
13352, 194.64625549316406
13353, 194.65025329589844
13354, 194.6542510986328
13355, 194.6582489013672
13356, 194.66226196289062
13357, 194.666259765625
13358, 194.67025756835938
13359, 194.67425537109375
13360, 194.67825317382812
13361, 194.6822509765625
13362, 194.68624877929688
13363, 194.6902618408203
13364, 194.6942596435547
13365, 194.69825744628906
13366, 194.70225524902344
13367, 194.7062530517578
13368, 194.7102508544922
13369, 194.71424865722656
13370, 194.71826171875
13371, 194.72225952148438
13372, 194.72625732421875
13373, 194.73025512695312
13374, 194.7342529296875
13375, 194.73825073242188
13376, 194.74224853515625
13377, 194.7462615966797
13378, 194.75025939941406
13379, 194.75425720214844
13380, 194.7582550048828
13381, 194.7622528076172
13382, 194.76625061035156
13383, 194.77024841308594
13384, 194.77426147460938
13385, 194.77825927734375
13386, 194.78225708007812
13387, 194.7862548828125
13388, 194.79025268554688
13389, 194.79425048828125
13390, 194.79824829101562
13391, 194.80226135253906
13392, 194.80625915527344
13393, 194.8102569580078
13394, 194.8142547607422
13395, 194.81825256347656
13396, 194.82225036621094
13397, 194.8262481689453
13398, 194.83026123046875
13399, 194.83425903320312
13400, 194.8382568359375
13401, 194.84225463867188
13402, 194.84625244140625
13403, 194.85025024414062
13404, 194.854248046875
13405, 194.85826110839844
13406, 194.8622589111328
13407, 194.8662567138672
13408, 194.87025451660156
13409, 194.87425231933594
13410, 194.8782501220703
13411, 194.8822479248047
13412, 194.88626098632812
13413, 194.8902587890625
13414, 194.89425659179688
13415, 194.89825439453125
13416, 194.90225219726562
13417, 194.90625
13418, 194.91024780273438
13419, 194.9142608642578
13420, 194.9182586669922
13421, 194.92225646972656
13422, 194.92625427246094
13423, 194.9302520751953
13424, 194.9342498779297
13425, 194.93824768066406
13426, 194.9422607421875
13427, 194.94625854492188
13428, 194.95025634765625
13429, 194.95425415039062
13430, 194.958251953125
13431, 194.96224975585938
13432, 194.96624755859375
13433, 194.9702606201172
13434, 194.97425842285156
13435, 194.97825622558594
13436, 194.9822540283203
13437, 194.9862518310547
13438, 194.99024963378906
13439, 194.99424743652344
13440, 194.99826049804688
13441, 195.00225830078125
13442, 195.00625610351562
13443, 195.01025390625
13444, 195.01425170898438
13445, 195.01824951171875
13446, 195.0222625732422
13447, 195.02626037597656
13448, 195.03025817871094
13449, 195.0342559814453
13450, 195.0382537841797
13451, 195.04225158691406
13452, 195.04624938964844
13453, 195.05026245117188
13454, 195.05426025390625
13455, 195.05825805664062
13456, 195.062255859375
13457, 195.06625366210938
13458, 195.07025146484375
13459, 195.07424926757812
13460, 195.07826232910156
13461, 195.08226013183594
13462, 195.0862579345703
13463, 195.0902557373047
13464, 195.09425354003906
13465, 195.09825134277344
13466, 195.1022491455078
13467, 195.10626220703125
13468, 195.11026000976562
13469, 195.1142578125
13470, 195.11825561523438
13471, 195.12225341796875
13472, 195.12625122070312
13473, 195.1302490234375
13474, 195.13426208496094
13475, 195.1382598876953
13476, 195.1422576904297
13477, 195.14625549316406
13478, 195.15025329589844
13479, 195.1542510986328
13480, 195.1582489013672
13481, 195.16226196289062
13482, 195.166259765625
13483, 195.17025756835938
13484, 195.17425537109375
13485, 195.17825317382812
13486, 195.1822509765625
13487, 195.18624877929688
13488, 195.1902618408203
13489, 195.1942596435547
13490, 195.19825744628906
13491, 195.20225524902344
13492, 195.2062530517578
13493, 195.2102508544922
13494, 195.21424865722656
13495, 195.21826171875
13496, 195.22225952148438
13497, 195.22625732421875
13498, 195.23025512695312
13499, 195.2342529296875
13500, 195.23825073242188
13501, 195.24224853515625
13502, 195.2462615966797
13503, 195.25025939941406
13504, 195.25425720214844
13505, 195.2582550048828
13506, 195.2622528076172
13507, 195.26625061035156
13508, 195.27024841308594
13509, 195.27426147460938
13510, 195.27825927734375
13511, 195.28225708007812
13512, 195.2862548828125
13513, 195.29025268554688
13514, 195.29425048828125
13515, 195.29824829101562
13516, 195.30226135253906
13517, 195.30625915527344
13518, 195.3102569580078
13519, 195.3142547607422
13520, 195.31825256347656
13521, 195.32225036621094
13522, 195.3262481689453
13523, 195.33026123046875
13524, 195.33425903320312
13525, 195.3382568359375
13526, 195.34225463867188
13527, 195.34625244140625
13528, 195.35025024414062
13529, 195.354248046875
13530, 195.35826110839844
13531, 195.3622589111328
13532, 195.3662567138672
13533, 195.37025451660156
13534, 195.37425231933594
13535, 195.3782501220703
13536, 195.3822479248047
13537, 195.38626098632812
13538, 195.3902587890625
13539, 195.39425659179688
13540, 195.39825439453125
13541, 195.40225219726562
13542, 195.40625
13543, 195.41024780273438
13544, 195.4142608642578
13545, 195.4182586669922
13546, 195.42225646972656
13547, 195.42625427246094
13548, 195.4302520751953
13549, 195.4342498779297
13550, 195.43824768066406
13551, 195.4422607421875
13552, 195.44625854492188
13553, 195.45025634765625
13554, 195.45425415039062
13555, 195.458251953125
13556, 195.46224975585938
13557, 195.46624755859375
13558, 195.4702606201172
13559, 195.47425842285156
13560, 195.47825622558594
13561, 195.4822540283203
13562, 195.4862518310547
13563, 195.49024963378906
13564, 195.49424743652344
13565, 195.49826049804688
13566, 195.50225830078125
13567, 195.50625610351562
13568, 195.51025390625
13569, 195.51425170898438
13570, 195.51824951171875
13571, 195.5222625732422
13572, 195.52626037597656
13573, 195.53025817871094
13574, 195.5342559814453
13575, 195.5382537841797
13576, 195.54225158691406
13577, 195.54624938964844
13578, 195.55026245117188
13579, 195.55426025390625
13580, 195.55825805664062
13581, 195.562255859375
13582, 195.56625366210938
13583, 195.57025146484375
13584, 195.57424926757812
13585, 195.57826232910156
13586, 195.58226013183594
13587, 195.5862579345703
13588, 195.5902557373047
13589, 195.59425354003906
13590, 195.59825134277344
13591, 195.6022491455078
13592, 195.60626220703125
13593, 195.61026000976562
13594, 195.6142578125
13595, 195.61825561523438
13596, 195.62225341796875
13597, 195.62625122070312
13598, 195.6302490234375
13599, 195.63426208496094
13600, 195.6382598876953
13601, 195.6422576904297
13602, 195.64625549316406
13603, 195.65025329589844
13604, 195.6542510986328
13605, 195.6582489013672
13606, 195.66226196289062
13607, 195.666259765625
13608, 195.67025756835938
13609, 195.67425537109375
13610, 195.67825317382812
13611, 195.6822509765625
13612, 195.68624877929688
13613, 195.6902618408203
13614, 195.6942596435547
13615, 195.69825744628906
13616, 195.70225524902344
13617, 195.7062530517578
13618, 195.7102508544922
13619, 195.71424865722656
13620, 195.71826171875
13621, 195.72225952148438
13622, 195.72625732421875
13623, 195.73025512695312
13624, 195.7342529296875
13625, 195.73825073242188
13626, 195.74224853515625
13627, 195.7462615966797
13628, 195.75025939941406
13629, 195.75425720214844
13630, 195.7582550048828
13631, 195.7622528076172
13632, 195.76625061035156
13633, 195.77024841308594
13634, 195.77426147460938
13635, 195.77825927734375
13636, 195.78225708007812
13637, 195.7862548828125
13638, 195.79025268554688
13639, 195.79425048828125
13640, 195.79824829101562
13641, 195.80226135253906
13642, 195.80625915527344
13643, 195.8102569580078
13644, 195.8142547607422
13645, 195.81825256347656
13646, 195.82225036621094
13647, 195.8262481689453
13648, 195.83026123046875
13649, 195.83425903320312
13650, 195.8382568359375
13651, 195.84225463867188
13652, 195.84625244140625
13653, 195.85025024414062
13654, 195.854248046875
13655, 195.85826110839844
13656, 195.8622589111328
13657, 195.8662567138672
13658, 195.87025451660156
13659, 195.87425231933594
13660, 195.8782501220703
13661, 195.8822479248047
13662, 195.88626098632812
13663, 195.8902587890625
13664, 195.89425659179688
13665, 195.89825439453125
13666, 195.90225219726562
13667, 195.90625
13668, 195.91024780273438
13669, 195.9142608642578
13670, 195.9182586669922
13671, 195.92225646972656
13672, 195.92625427246094
13673, 195.9302520751953
13674, 195.9342498779297
13675, 195.93824768066406
13676, 195.9422607421875
13677, 195.94625854492188
13678, 195.95025634765625
13679, 195.95425415039062
13680, 195.958251953125
13681, 195.96224975585938
13682, 195.96624755859375
13683, 195.9702606201172
13684, 195.97425842285156
13685, 195.97825622558594
13686, 195.9822540283203
13687, 195.9862518310547
13688, 195.99024963378906
13689, 195.99424743652344
13690, 195.99826049804688
13691, 196.00225830078125
13692, 196.00625610351562
13693, 196.01025390625
13694, 196.01425170898438
13695, 196.01824951171875
13696, 196.0222625732422
13697, 196.02626037597656
13698, 196.03025817871094
13699, 196.0342559814453
13700, 196.0382537841797
13701, 196.04225158691406
13702, 196.04624938964844
13703, 196.05026245117188
13704, 196.05426025390625
13705, 196.05825805664062
13706, 196.062255859375
13707, 196.06625366210938
13708, 196.07025146484375
13709, 196.07424926757812
13710, 196.07826232910156
13711, 196.08226013183594
13712, 196.0862579345703
13713, 196.0902557373047
13714, 196.09425354003906
13715, 196.09825134277344
13716, 196.1022491455078
13717, 196.10626220703125
13718, 196.11026000976562
13719, 196.1142578125
13720, 196.11825561523438
13721, 196.12225341796875
13722, 196.12625122070312
13723, 196.1302490234375
13724, 196.13426208496094
13725, 196.1382598876953
13726, 196.1422576904297
13727, 196.14625549316406
13728, 196.15025329589844
13729, 196.1542510986328
13730, 196.1582489013672
13731, 196.16226196289062
13732, 196.166259765625
13733, 196.17025756835938
13734, 196.17425537109375
13735, 196.17825317382812
13736, 196.1822509765625
13737, 196.18624877929688
13738, 196.1902618408203
13739, 196.1942596435547
13740, 196.19825744628906
13741, 196.20225524902344
13742, 196.2062530517578
13743, 196.2102508544922
13744, 196.21424865722656
13745, 196.21826171875
13746, 196.22225952148438
13747, 196.22625732421875
13748, 196.23025512695312
13749, 196.2342529296875
13750, 196.23825073242188
13751, 196.24224853515625
13752, 196.2462615966797
13753, 196.25025939941406
13754, 196.25425720214844
13755, 196.2582550048828
13756, 196.2622528076172
13757, 196.26625061035156
13758, 196.27024841308594
13759, 196.27426147460938
13760, 196.27825927734375
13761, 196.28225708007812
13762, 196.2862548828125
13763, 196.29025268554688
13764, 196.29425048828125
13765, 196.29824829101562
13766, 196.30226135253906
13767, 196.30625915527344
13768, 196.3102569580078
13769, 196.3142547607422
13770, 196.31825256347656
13771, 196.32225036621094
13772, 196.3262481689453
13773, 196.33026123046875
13774, 196.33425903320312
13775, 196.3382568359375
13776, 196.34225463867188
13777, 196.34625244140625
13778, 196.35025024414062
13779, 196.354248046875
13780, 196.35826110839844
13781, 196.3622589111328
13782, 196.3662567138672
13783, 196.37025451660156
13784, 196.37425231933594
13785, 196.3782501220703
13786, 196.3822479248047
13787, 196.38626098632812
13788, 196.3902587890625
13789, 196.39425659179688
13790, 196.39825439453125
13791, 196.40225219726562
13792, 196.40625
13793, 196.41024780273438
13794, 196.4142608642578
13795, 196.4182586669922
13796, 196.42225646972656
13797, 196.42625427246094
13798, 196.4302520751953
13799, 196.4342498779297
13800, 196.43824768066406
13801, 196.4422607421875
13802, 196.44625854492188
13803, 196.45025634765625
13804, 196.45425415039062
13805, 196.458251953125
13806, 196.46224975585938
13807, 196.46624755859375
13808, 196.4702606201172
13809, 196.47425842285156
13810, 196.47825622558594
13811, 196.4822540283203
13812, 196.4862518310547
13813, 196.49024963378906
13814, 196.49424743652344
13815, 196.49826049804688
13816, 196.50225830078125
13817, 196.50625610351562
13818, 196.51025390625
13819, 196.51425170898438
13820, 196.51824951171875
13821, 196.5222625732422
13822, 196.52626037597656
13823, 196.53025817871094
13824, 196.5342559814453
13825, 196.5382537841797
13826, 196.54225158691406
13827, 196.54624938964844
13828, 196.55026245117188
13829, 196.55426025390625
13830, 196.55825805664062
13831, 196.562255859375
13832, 196.56625366210938
13833, 196.57025146484375
13834, 196.57424926757812
13835, 196.57826232910156
13836, 196.58226013183594
13837, 196.5862579345703
13838, 196.5902557373047
13839, 196.59425354003906
13840, 196.59825134277344
13841, 196.6022491455078
13842, 196.60626220703125
13843, 196.61026000976562
13844, 196.6142578125
13845, 196.61825561523438
13846, 196.62225341796875
13847, 196.62625122070312
13848, 196.6302490234375
13849, 196.63426208496094
13850, 196.6382598876953
13851, 196.6422576904297
13852, 196.64625549316406
13853, 196.65025329589844
13854, 196.6542510986328
13855, 196.6582489013672
13856, 196.66226196289062
13857, 196.666259765625
13858, 196.67025756835938
13859, 196.67425537109375
13860, 196.67825317382812
13861, 196.6822509765625
13862, 196.68624877929688
13863, 196.6902618408203
13864, 196.6942596435547
13865, 196.69825744628906
13866, 196.70225524902344
13867, 196.7062530517578
13868, 196.7102508544922
13869, 196.71424865722656
13870, 196.71826171875
13871, 196.72225952148438
13872, 196.72625732421875
13873, 196.73025512695312
13874, 196.7342529296875
13875, 196.73825073242188
13876, 196.74224853515625
13877, 196.7462615966797
13878, 196.75025939941406
13879, 196.75425720214844
13880, 196.7582550048828
13881, 196.7622528076172
13882, 196.76625061035156
13883, 196.77024841308594
13884, 196.77426147460938
13885, 196.77825927734375
13886, 196.78225708007812
13887, 196.7862548828125
13888, 196.79025268554688
13889, 196.79425048828125
13890, 196.79824829101562
13891, 196.80226135253906
13892, 196.80625915527344
13893, 196.8102569580078
13894, 196.8142547607422
13895, 196.81825256347656
13896, 196.82225036621094
13897, 196.8262481689453
13898, 196.83026123046875
13899, 196.83425903320312
13900, 196.8382568359375
13901, 196.84225463867188
13902, 196.84625244140625
13903, 196.85025024414062
13904, 196.854248046875
13905, 196.85826110839844
13906, 196.8622589111328
13907, 196.8662567138672
13908, 196.87025451660156
13909, 196.87425231933594
13910, 196.8782501220703
13911, 196.8822479248047
13912, 196.88626098632812
13913, 196.8902587890625
13914, 196.89425659179688
13915, 196.89825439453125
13916, 196.90225219726562
13917, 196.90625
13918, 196.91024780273438
13919, 196.9142608642578
13920, 196.9182586669922
13921, 196.92225646972656
13922, 196.92625427246094
13923, 196.9302520751953
13924, 196.9342498779297
13925, 196.93824768066406
13926, 196.9422607421875
13927, 196.94625854492188
13928, 196.95025634765625
13929, 196.95425415039062
13930, 196.958251953125
13931, 196.96224975585938
13932, 196.96624755859375
13933, 196.9702606201172
13934, 196.97425842285156
13935, 196.97825622558594
13936, 196.9822540283203
13937, 196.9862518310547
13938, 196.99024963378906
13939, 196.99424743652344
13940, 196.99826049804688
13941, 197.00225830078125
13942, 197.00625610351562
13943, 197.01025390625
13944, 197.01425170898438
13945, 197.01824951171875
13946, 197.0222625732422
13947, 197.02626037597656
13948, 197.03025817871094
13949, 197.0342559814453
13950, 197.0382537841797
13951, 197.04225158691406
13952, 197.04624938964844
13953, 197.05026245117188
13954, 197.05426025390625
13955, 197.05825805664062
13956, 197.062255859375
13957, 197.06625366210938
13958, 197.07025146484375
13959, 197.07424926757812
13960, 197.07826232910156
13961, 197.08226013183594
13962, 197.0862579345703
13963, 197.0902557373047
13964, 197.09425354003906
13965, 197.09825134277344
13966, 197.1022491455078
13967, 197.10626220703125
13968, 197.11026000976562
13969, 197.1142578125
13970, 197.11825561523438
13971, 197.12225341796875
13972, 197.12625122070312
13973, 197.1302490234375
13974, 197.13426208496094
13975, 197.1382598876953
13976, 197.1422576904297
13977, 197.14625549316406
13978, 197.15025329589844
13979, 197.1542510986328
13980, 197.1582489013672
13981, 197.16226196289062
13982, 197.166259765625
13983, 197.17025756835938
13984, 197.17425537109375
13985, 197.17825317382812
13986, 197.1822509765625
13987, 197.18624877929688
13988, 197.1902618408203
13989, 197.1942596435547
13990, 197.19825744628906
13991, 197.20225524902344
13992, 197.2062530517578
13993, 197.2102508544922
13994, 197.21424865722656
13995, 197.21826171875
13996, 197.22225952148438
13997, 197.22625732421875
13998, 197.23025512695312
13999, 197.2342529296875
14000, 197.23825073242188
14001, 197.24224853515625
14002, 197.2462615966797
14003, 197.25025939941406
14004, 197.25425720214844
14005, 197.2582550048828
14006, 197.2622528076172
14007, 197.26625061035156
14008, 197.27024841308594
14009, 197.27426147460938
14010, 197.27825927734375
14011, 197.28225708007812
14012, 197.2862548828125
14013, 197.29025268554688
14014, 197.29425048828125
14015, 197.29824829101562
14016, 197.30226135253906
14017, 197.30625915527344
14018, 197.3102569580078
14019, 197.3142547607422
14020, 197.31825256347656
14021, 197.32225036621094
14022, 197.3262481689453
14023, 197.33026123046875
14024, 197.33425903320312
14025, 197.3382568359375
14026, 197.34225463867188
14027, 197.34625244140625
14028, 197.35025024414062
14029, 197.354248046875
14030, 197.35826110839844
14031, 197.3622589111328
14032, 197.3662567138672
14033, 197.37025451660156
14034, 197.37425231933594
14035, 197.3782501220703
14036, 197.3822479248047
14037, 197.38626098632812
14038, 197.3902587890625
14039, 197.39425659179688
14040, 197.39825439453125
14041, 197.40225219726562
14042, 197.40625
14043, 197.41024780273438
14044, 197.4142608642578
14045, 197.4182586669922
14046, 197.42225646972656
14047, 197.42625427246094
14048, 197.4302520751953
14049, 197.4342498779297
14050, 197.43824768066406
14051, 197.4422607421875
14052, 197.44625854492188
14053, 197.45025634765625
14054, 197.45425415039062
14055, 197.458251953125
14056, 197.46224975585938
14057, 197.46624755859375
14058, 197.4702606201172
14059, 197.47425842285156
14060, 197.47825622558594
14061, 197.4822540283203
14062, 197.4862518310547
14063, 197.49024963378906
14064, 197.49424743652344
14065, 197.49826049804688
14066, 197.50225830078125
14067, 197.50625610351562
14068, 197.51025390625
14069, 197.51425170898438
14070, 197.51824951171875
14071, 197.5222625732422
14072, 197.52626037597656
14073, 197.53025817871094
14074, 197.5342559814453
14075, 197.5382537841797
14076, 197.54225158691406
14077, 197.54624938964844
14078, 197.55026245117188
14079, 197.55426025390625
14080, 197.55825805664062
14081, 197.562255859375
14082, 197.56625366210938
14083, 197.57025146484375
14084, 197.57424926757812
14085, 197.57826232910156
14086, 197.58226013183594
14087, 197.5862579345703
14088, 197.5902557373047
14089, 197.59425354003906
14090, 197.59825134277344
14091, 197.6022491455078
14092, 197.60626220703125
14093, 197.61026000976562
14094, 197.6142578125
14095, 197.61825561523438
14096, 197.62225341796875
14097, 197.62625122070312
14098, 197.6302490234375
14099, 197.63426208496094
14100, 197.6382598876953
14101, 197.6422576904297
14102, 197.64625549316406
14103, 197.65025329589844
14104, 197.6542510986328
14105, 197.6582489013672
14106, 197.66226196289062
14107, 197.666259765625
14108, 197.67025756835938
14109, 197.67425537109375
14110, 197.67825317382812
14111, 197.6822509765625
14112, 197.68624877929688
14113, 197.6902618408203
14114, 197.6942596435547
14115, 197.69825744628906
14116, 197.70225524902344
14117, 197.7062530517578
14118, 197.7102508544922
14119, 197.71424865722656
14120, 197.71826171875
14121, 197.72225952148438
14122, 197.72625732421875
14123, 197.73025512695312
14124, 197.7342529296875
14125, 197.73825073242188
14126, 197.74224853515625
14127, 197.7462615966797
14128, 197.75025939941406
14129, 197.75425720214844
14130, 197.7582550048828
14131, 197.7622528076172
14132, 197.76625061035156
14133, 197.77024841308594
14134, 197.77426147460938
14135, 197.77825927734375
14136, 197.78225708007812
14137, 197.7862548828125
14138, 197.79025268554688
14139, 197.79425048828125
14140, 197.79824829101562
14141, 197.80226135253906
14142, 197.80625915527344
14143, 197.8102569580078
14144, 197.8142547607422
14145, 197.81825256347656
14146, 197.82225036621094
14147, 197.8262481689453
14148, 197.83026123046875
14149, 197.83425903320312
14150, 197.8382568359375
14151, 197.84225463867188
14152, 197.84625244140625
14153, 197.85025024414062
14154, 197.854248046875
14155, 197.85826110839844
14156, 197.8622589111328
14157, 197.8662567138672
14158, 197.87025451660156
14159, 197.87425231933594
14160, 197.8782501220703
14161, 197.8822479248047
14162, 197.88626098632812
14163, 197.8902587890625
14164, 197.89425659179688
14165, 197.89825439453125
14166, 197.90225219726562
14167, 197.90625
14168, 197.91024780273438
14169, 197.9142608642578
14170, 197.9182586669922
14171, 197.92225646972656
14172, 197.92625427246094
14173, 197.9302520751953
14174, 197.9342498779297
14175, 197.93824768066406
14176, 197.9422607421875
14177, 197.94625854492188
14178, 197.95025634765625
14179, 197.95425415039062
14180, 197.958251953125
14181, 197.96224975585938
14182, 197.96624755859375
14183, 197.9702606201172
14184, 197.97425842285156
14185, 197.97825622558594
14186, 197.9822540283203
14187, 197.9862518310547
14188, 197.99024963378906
14189, 197.99424743652344
14190, 197.99826049804688
14191, 198.00225830078125
14192, 198.00625610351562
14193, 198.01025390625
14194, 198.01425170898438
14195, 198.01824951171875
14196, 198.0222625732422
14197, 198.02626037597656
14198, 198.03025817871094
14199, 198.0342559814453
14200, 198.0382537841797
14201, 198.04225158691406
14202, 198.04624938964844
14203, 198.05026245117188
14204, 198.05426025390625
14205, 198.05825805664062
14206, 198.062255859375
14207, 198.06625366210938
14208, 198.07025146484375
14209, 198.07424926757812
14210, 198.07826232910156
14211, 198.08226013183594
14212, 198.0862579345703
14213, 198.0902557373047
14214, 198.09425354003906
14215, 198.09825134277344
14216, 198.1022491455078
14217, 198.10626220703125
14218, 198.11026000976562
14219, 198.1142578125
14220, 198.11825561523438
14221, 198.12225341796875
14222, 198.12625122070312
14223, 198.1302490234375
14224, 198.13426208496094
14225, 198.1382598876953
14226, 198.1422576904297
14227, 198.14625549316406
14228, 198.15025329589844
14229, 198.1542510986328
14230, 198.1582489013672
14231, 198.16226196289062
14232, 198.166259765625
14233, 198.17025756835938
14234, 198.17425537109375
14235, 198.17825317382812
14236, 198.1822509765625
14237, 198.18624877929688
14238, 198.1902618408203
14239, 198.1942596435547
14240, 198.19825744628906
14241, 198.20225524902344
14242, 198.2062530517578
14243, 198.2102508544922
14244, 198.21424865722656
14245, 198.21826171875
14246, 198.22225952148438
14247, 198.22625732421875
14248, 198.23025512695312
14249, 198.2342529296875
14250, 198.23825073242188
14251, 198.24224853515625
14252, 198.2462615966797
14253, 198.25025939941406
14254, 198.25425720214844
14255, 198.2582550048828
14256, 198.2622528076172
14257, 198.26625061035156
14258, 198.27024841308594
14259, 198.27426147460938
14260, 198.27825927734375
14261, 198.28225708007812
14262, 198.2862548828125
14263, 198.29025268554688
14264, 198.29425048828125
14265, 198.29824829101562
14266, 198.30226135253906
14267, 198.30625915527344
14268, 198.3102569580078
14269, 198.3142547607422
14270, 198.31825256347656
14271, 198.32225036621094
14272, 198.3262481689453
14273, 198.33026123046875
14274, 198.33425903320312
14275, 198.3382568359375
14276, 198.34225463867188
14277, 198.34625244140625
14278, 198.35025024414062
14279, 198.354248046875
14280, 198.35826110839844
14281, 198.3622589111328
14282, 198.3662567138672
14283, 198.37025451660156
14284, 198.37425231933594
14285, 198.3782501220703
14286, 198.3822479248047
14287, 198.38626098632812
14288, 198.3902587890625
14289, 198.39425659179688
14290, 198.39825439453125
14291, 198.40225219726562
14292, 198.40625
14293, 198.41024780273438
14294, 198.4142608642578
14295, 198.4182586669922
14296, 198.42225646972656
14297, 198.42625427246094
14298, 198.4302520751953
14299, 198.4342498779297
14300, 198.43824768066406
14301, 198.4422607421875
14302, 198.44625854492188
14303, 198.45025634765625
14304, 198.45425415039062
14305, 198.458251953125
14306, 198.46224975585938
14307, 198.46624755859375
14308, 198.4702606201172
14309, 198.47425842285156
14310, 198.47825622558594
14311, 198.4822540283203
14312, 198.4862518310547
14313, 198.49024963378906
14314, 198.49424743652344
14315, 198.49826049804688
14316, 198.50225830078125
14317, 198.50625610351562
14318, 198.51025390625
14319, 198.51425170898438
14320, 198.51824951171875
14321, 198.5222625732422
14322, 198.52626037597656
14323, 198.53025817871094
14324, 198.5342559814453
14325, 198.5382537841797
14326, 198.54225158691406
14327, 198.54624938964844
14328, 198.55026245117188
14329, 198.55426025390625
14330, 198.55825805664062
14331, 198.562255859375
14332, 198.56625366210938
14333, 198.57025146484375
14334, 198.57424926757812
14335, 198.57826232910156
14336, 198.58226013183594
14337, 198.5862579345703
14338, 198.5902557373047
14339, 198.59425354003906
14340, 198.59825134277344
14341, 198.6022491455078
14342, 198.60626220703125
14343, 198.61026000976562
14344, 198.6142578125
14345, 198.61825561523438
14346, 198.62225341796875
14347, 198.62625122070312
14348, 198.6302490234375
14349, 198.63426208496094
14350, 198.6382598876953
14351, 198.6422576904297
14352, 198.64625549316406
14353, 198.65025329589844
14354, 198.6542510986328
14355, 198.6582489013672
14356, 198.66226196289062
14357, 198.666259765625
14358, 198.67025756835938
14359, 198.67425537109375
14360, 198.67825317382812
14361, 198.6822509765625
14362, 198.68624877929688
14363, 198.6902618408203
14364, 198.6942596435547
14365, 198.69825744628906
14366, 198.70225524902344
14367, 198.7062530517578
14368, 198.7102508544922
14369, 198.71424865722656
14370, 198.71826171875
14371, 198.72225952148438
14372, 198.72625732421875
14373, 198.73025512695312
14374, 198.7342529296875
14375, 198.73825073242188
14376, 198.74224853515625
14377, 198.7462615966797
14378, 198.75025939941406
14379, 198.75425720214844
14380, 198.7582550048828
14381, 198.7622528076172
14382, 198.76625061035156
14383, 198.77024841308594
14384, 198.77426147460938
14385, 198.77825927734375
14386, 198.78225708007812
14387, 198.7862548828125
14388, 198.79025268554688
14389, 198.79425048828125
14390, 198.79824829101562
14391, 198.80226135253906
14392, 198.80625915527344
14393, 198.8102569580078
14394, 198.8142547607422
14395, 198.81825256347656
14396, 198.82225036621094
14397, 198.8262481689453
14398, 198.83026123046875
14399, 198.83425903320312
14400, 198.8382568359375
14401, 198.84225463867188
14402, 198.84625244140625
14403, 198.85025024414062
14404, 198.854248046875
14405, 198.85826110839844
14406, 198.8622589111328
14407, 198.8662567138672
14408, 198.87025451660156
14409, 198.87425231933594
14410, 198.8782501220703
14411, 198.8822479248047
14412, 198.88626098632812
14413, 198.8902587890625
14414, 198.89425659179688
14415, 198.89825439453125
14416, 198.90225219726562
14417, 198.90625
14418, 198.91024780273438
14419, 198.9142608642578
14420, 198.9182586669922
14421, 198.92225646972656
14422, 198.92625427246094
14423, 198.9302520751953
14424, 198.9342498779297
14425, 198.93824768066406
14426, 198.9422607421875
14427, 198.94625854492188
14428, 198.95025634765625
14429, 198.95425415039062
14430, 198.958251953125
14431, 198.96224975585938
14432, 198.96624755859375
14433, 198.9702606201172
14434, 198.97425842285156
14435, 198.97825622558594
14436, 198.9822540283203
14437, 198.9862518310547
14438, 198.99024963378906
14439, 198.99424743652344
14440, 198.99826049804688
14441, 199.00225830078125
14442, 199.00625610351562
14443, 199.01025390625
14444, 199.01425170898438
14445, 199.01824951171875
14446, 199.0222625732422
14447, 199.02626037597656
14448, 199.03025817871094
14449, 199.0342559814453
14450, 199.0382537841797
14451, 199.04225158691406
14452, 199.04624938964844
14453, 199.05026245117188
14454, 199.05426025390625
14455, 199.05825805664062
14456, 199.062255859375
14457, 199.06625366210938
14458, 199.07025146484375
14459, 199.07424926757812
14460, 199.07826232910156
14461, 199.08226013183594
14462, 199.0862579345703
14463, 199.0902557373047
14464, 199.09425354003906
14465, 199.09825134277344
14466, 199.1022491455078
14467, 199.10626220703125
14468, 199.11026000976562
14469, 199.1142578125
14470, 199.11825561523438
14471, 199.12225341796875
14472, 199.12625122070312
14473, 199.1302490234375
14474, 199.13426208496094
14475, 199.1382598876953
14476, 199.1422576904297
14477, 199.14625549316406
14478, 199.15025329589844
14479, 199.1542510986328
14480, 199.1582489013672
14481, 199.16226196289062
14482, 199.166259765625
14483, 199.17025756835938
14484, 199.17425537109375
14485, 199.17825317382812
14486, 199.1822509765625
14487, 199.18624877929688
14488, 199.1902618408203
14489, 199.1942596435547
14490, 199.19825744628906
14491, 199.20225524902344
14492, 199.2062530517578
14493, 199.2102508544922
14494, 199.21424865722656
14495, 199.21826171875
14496, 199.22225952148438
14497, 199.22625732421875
14498, 199.23025512695312
14499, 199.2342529296875
14500, 199.23825073242188
14501, 199.24224853515625
14502, 199.2462615966797
14503, 199.25025939941406
14504, 199.25425720214844
14505, 199.2582550048828
14506, 199.2622528076172
14507, 199.26625061035156
14508, 199.27024841308594
14509, 199.27426147460938
14510, 199.27825927734375
14511, 199.28225708007812
14512, 199.2862548828125
14513, 199.29025268554688
14514, 199.29425048828125
14515, 199.29824829101562
14516, 199.30226135253906
14517, 199.30625915527344
14518, 199.3102569580078
14519, 199.3142547607422
14520, 199.31825256347656
14521, 199.32225036621094
14522, 199.3262481689453
14523, 199.33026123046875
14524, 199.33425903320312
14525, 199.3382568359375
14526, 199.34225463867188
14527, 199.34625244140625
14528, 199.35025024414062
14529, 199.354248046875
14530, 199.35826110839844
14531, 199.3622589111328
14532, 199.3662567138672
14533, 199.37025451660156
14534, 199.37425231933594
14535, 199.3782501220703
14536, 199.3822479248047
14537, 199.38626098632812
14538, 199.3902587890625
14539, 199.39425659179688
14540, 199.39825439453125
14541, 199.40225219726562
14542, 199.40625
14543, 199.41024780273438
14544, 199.4142608642578
14545, 199.4182586669922
14546, 199.42225646972656
14547, 199.42625427246094
14548, 199.4302520751953
14549, 199.4342498779297
14550, 199.43824768066406
14551, 199.4422607421875
14552, 199.44625854492188
14553, 199.45025634765625
14554, 199.45425415039062
14555, 199.458251953125
14556, 199.46224975585938
14557, 199.46624755859375
14558, 199.4702606201172
14559, 199.47425842285156
14560, 199.47825622558594
14561, 199.4822540283203
14562, 199.4862518310547
14563, 199.49024963378906
14564, 199.49424743652344
14565, 199.49826049804688
14566, 199.50225830078125
14567, 199.50625610351562
14568, 199.51025390625
14569, 199.51425170898438
14570, 199.51824951171875
14571, 199.5222625732422
14572, 199.52626037597656
14573, 199.53025817871094
14574, 199.5342559814453
14575, 199.5382537841797
14576, 199.54225158691406
14577, 199.54624938964844
14578, 199.55026245117188
14579, 199.55426025390625
14580, 199.55825805664062
14581, 199.562255859375
14582, 199.56625366210938
14583, 199.57025146484375
14584, 199.57424926757812
14585, 199.57826232910156
14586, 199.58226013183594
14587, 199.5862579345703
14588, 199.5902557373047
14589, 199.59425354003906
14590, 199.59825134277344
14591, 199.6022491455078
14592, 199.60626220703125
14593, 199.61026000976562
14594, 199.6142578125
14595, 199.61825561523438
14596, 199.62225341796875
14597, 199.62625122070312
14598, 199.6302490234375
14599, 199.63426208496094
14600, 199.6382598876953
14601, 199.6422576904297
14602, 199.64625549316406
14603, 199.65025329589844
14604, 199.6542510986328
14605, 199.6582489013672
14606, 199.66226196289062
14607, 199.666259765625
14608, 199.67025756835938
14609, 199.67425537109375
14610, 199.67825317382812
14611, 199.6822509765625
14612, 199.68624877929688
14613, 199.6902618408203
14614, 199.6942596435547
14615, 199.69825744628906
14616, 199.70225524902344
14617, 199.7062530517578
14618, 199.7102508544922
14619, 199.71424865722656
14620, 199.71826171875
14621, 199.72225952148438
14622, 199.72625732421875
14623, 199.73025512695312
14624, 199.7342529296875
14625, 199.73825073242188
14626, 199.74224853515625
14627, 199.7462615966797
14628, 199.75025939941406
14629, 199.75425720214844
14630, 199.7582550048828
14631, 199.7622528076172
14632, 199.76625061035156
14633, 199.77024841308594
14634, 199.77426147460938
14635, 199.77825927734375
14636, 199.78225708007812
14637, 199.7862548828125
14638, 199.79025268554688
14639, 199.79425048828125
14640, 199.79824829101562
14641, 199.80226135253906
14642, 199.80625915527344
14643, 199.8102569580078
14644, 199.8142547607422
14645, 199.81825256347656
14646, 199.82225036621094
14647, 199.8262481689453
14648, 199.83026123046875
14649, 199.83425903320312
14650, 199.8382568359375
14651, 199.84225463867188
14652, 199.84625244140625
14653, 199.85025024414062
14654, 199.854248046875
14655, 199.85826110839844
14656, 199.8622589111328
14657, 199.8662567138672
14658, 199.87025451660156
14659, 199.87425231933594
14660, 199.8782501220703
14661, 199.8822479248047
14662, 199.88626098632812
14663, 199.8902587890625
14664, 199.89425659179688
14665, 199.89825439453125
14666, 199.90225219726562
14667, 199.90625
14668, 199.91024780273438
14669, 199.9142608642578
14670, 199.9182586669922
14671, 199.92225646972656
14672, 199.92625427246094
14673, 199.9302520751953
14674, 199.9342498779297
14675, 199.93824768066406
14676, 199.9422607421875
14677, 199.94625854492188
14678, 199.95025634765625
14679, 199.95425415039062
14680, 199.958251953125
14681, 199.96224975585938
14682, 199.96624755859375
14683, 199.9702606201172
14684, 199.97425842285156
14685, 199.97825622558594
14686, 199.9822540283203
14687, 199.9862518310547
14688, 199.99024963378906
14689, 199.99424743652344
14690, 199.99826049804688
14691, 200.00225830078125
14692, 200.00625610351562
14693, 200.01025390625
14694, 200.01425170898438
14695, 200.01824951171875
14696, 200.0222625732422
14697, 200.02626037597656
14698, 200.03025817871094
14699, 200.0342559814453
14700, 200.0382537841797
14701, 200.04225158691406
14702, 200.04624938964844
14703, 200.05026245117188
14704, 200.05426025390625
14705, 200.05825805664062
14706, 200.062255859375
14707, 200.06625366210938
14708, 200.07025146484375
14709, 200.07424926757812
14710, 200.07826232910156
14711, 200.08226013183594
14712, 200.0862579345703
14713, 200.0902557373047
14714, 200.09425354003906
14715, 200.09825134277344
14716, 200.1022491455078
14717, 200.10626220703125
14718, 200.11026000976562
14719, 200.1142578125
14720, 200.11825561523438
14721, 200.12225341796875
14722, 200.12625122070312
14723, 200.1302490234375
14724, 200.13426208496094
14725, 200.1382598876953
14726, 200.1422576904297
14727, 200.14625549316406
14728, 200.15025329589844
14729, 200.1542510986328
14730, 200.1582489013672
14731, 200.16226196289062
14732, 200.166259765625
14733, 200.17025756835938
14734, 200.17425537109375
14735, 200.17825317382812
14736, 200.1822509765625
14737, 200.18624877929688
14738, 200.1902618408203
14739, 200.1942596435547
14740, 200.19825744628906
14741, 200.20225524902344
14742, 200.2062530517578
14743, 200.2102508544922
14744, 200.21424865722656
14745, 200.21826171875
14746, 200.22225952148438
14747, 200.22625732421875
14748, 200.23025512695312
14749, 200.2342529296875
14750, 200.23825073242188
14751, 200.24224853515625
14752, 200.2462615966797
14753, 200.25025939941406
14754, 200.25425720214844
14755, 200.2582550048828
14756, 200.2622528076172
14757, 200.26625061035156
14758, 200.27024841308594
14759, 200.27426147460938
14760, 200.27825927734375
14761, 200.28225708007812
14762, 200.2862548828125
14763, 200.29025268554688
14764, 200.29425048828125
14765, 200.29824829101562
14766, 200.30226135253906
14767, 200.30625915527344
14768, 200.3102569580078
14769, 200.3142547607422
14770, 200.31825256347656
14771, 200.32225036621094
14772, 200.3262481689453
14773, 200.33026123046875
14774, 200.33425903320312
14775, 200.3382568359375
14776, 200.34225463867188
14777, 200.34625244140625
14778, 200.35025024414062
14779, 200.354248046875
14780, 200.35826110839844
14781, 200.3622589111328
14782, 200.3662567138672
14783, 200.37025451660156
14784, 200.37425231933594
14785, 200.3782501220703
14786, 200.3822479248047
14787, 200.38626098632812
14788, 200.3902587890625
14789, 200.39425659179688
14790, 200.39825439453125
14791, 200.40225219726562
14792, 200.40625
14793, 200.41024780273438
14794, 200.4142608642578
14795, 200.4182586669922
14796, 200.42225646972656
14797, 200.42625427246094
14798, 200.4302520751953
14799, 200.4342498779297
14800, 200.43824768066406
14801, 200.4422607421875
14802, 200.44625854492188
14803, 200.45025634765625
14804, 200.45425415039062
14805, 200.458251953125
14806, 200.46224975585938
14807, 200.46624755859375
14808, 200.4702606201172
14809, 200.47425842285156
14810, 200.47825622558594
14811, 200.4822540283203
14812, 200.4862518310547
14813, 200.49024963378906
14814, 200.49424743652344
14815, 200.49826049804688
14816, 200.50225830078125
14817, 200.50625610351562
14818, 200.51025390625
14819, 200.51425170898438
14820, 200.51824951171875
14821, 200.5222625732422
14822, 200.52626037597656
14823, 200.53025817871094
14824, 200.5342559814453
14825, 200.5382537841797
14826, 200.54225158691406
14827, 200.54624938964844
14828, 200.55026245117188
14829, 200.55426025390625
14830, 200.55825805664062
14831, 200.562255859375
14832, 200.56625366210938
14833, 200.57025146484375
14834, 200.57424926757812
14835, 200.57826232910156
14836, 200.58226013183594
14837, 200.5862579345703
14838, 200.5902557373047
14839, 200.59425354003906
14840, 200.59825134277344
14841, 200.6022491455078
14842, 200.60626220703125
14843, 200.61026000976562
14844, 200.6142578125
14845, 200.61825561523438
14846, 200.62225341796875
14847, 200.62625122070312
14848, 200.6302490234375
14849, 200.63426208496094
14850, 200.6382598876953
14851, 200.6422576904297
14852, 200.64625549316406
14853, 200.65025329589844
14854, 200.6542510986328
14855, 200.6582489013672
14856, 200.66226196289062
14857, 200.666259765625
14858, 200.67025756835938
14859, 200.67425537109375
14860, 200.67825317382812
14861, 200.6822509765625
14862, 200.68624877929688
14863, 200.6902618408203
14864, 200.6942596435547
14865, 200.69825744628906
14866, 200.70225524902344
14867, 200.7062530517578
14868, 200.7102508544922
14869, 200.71424865722656
14870, 200.71826171875
14871, 200.72225952148438
14872, 200.72625732421875
14873, 200.73025512695312
14874, 200.7342529296875
14875, 200.73825073242188
14876, 200.74224853515625
14877, 200.7462615966797
14878, 200.75025939941406
14879, 200.75425720214844
14880, 200.7582550048828
14881, 200.7622528076172
14882, 200.76625061035156
14883, 200.77024841308594
14884, 200.77426147460938
14885, 200.77825927734375
14886, 200.78225708007812
14887, 200.7862548828125
14888, 200.79025268554688
14889, 200.79425048828125
14890, 200.79824829101562
14891, 200.80226135253906
14892, 200.80625915527344
14893, 200.8102569580078
14894, 200.8142547607422
14895, 200.81825256347656
14896, 200.82225036621094
14897, 200.8262481689453
14898, 200.83026123046875
14899, 200.83425903320312
14900, 200.8382568359375
14901, 200.84225463867188
14902, 200.84625244140625
14903, 200.85025024414062
14904, 200.854248046875
14905, 200.85826110839844
14906, 200.8622589111328
14907, 200.8662567138672
14908, 200.87025451660156
14909, 200.87425231933594
14910, 200.8782501220703
14911, 200.8822479248047
14912, 200.88626098632812
14913, 200.8902587890625
14914, 200.89425659179688
14915, 200.89825439453125
14916, 200.90225219726562
14917, 200.90625
14918, 200.91024780273438
14919, 200.9142608642578
14920, 200.9182586669922
14921, 200.92225646972656
14922, 200.92625427246094
14923, 200.9302520751953
14924, 200.9342498779297
14925, 200.93824768066406
14926, 200.9422607421875
14927, 200.94625854492188
14928, 200.95025634765625
14929, 200.95425415039062
14930, 200.958251953125
14931, 200.96224975585938
14932, 200.96624755859375
14933, 200.9702606201172
14934, 200.97425842285156
14935, 200.97825622558594
14936, 200.9822540283203
14937, 200.9862518310547
14938, 200.99024963378906
14939, 200.99424743652344
14940, 200.99826049804688
14941, 201.00225830078125
14942, 201.00625610351562
14943, 201.01025390625
14944, 201.01425170898438
14945, 201.01824951171875
14946, 201.0222625732422
14947, 201.02626037597656
14948, 201.03025817871094
14949, 201.0342559814453
14950, 201.0382537841797
14951, 201.04225158691406
14952, 201.04624938964844
14953, 201.05026245117188
14954, 201.05426025390625
14955, 201.05825805664062
14956, 201.062255859375
14957, 201.06625366210938
14958, 201.07025146484375
14959, 201.07424926757812
14960, 201.07826232910156
14961, 201.08226013183594
14962, 201.0862579345703
14963, 201.0902557373047
14964, 201.09425354003906
14965, 201.09825134277344
14966, 201.1022491455078
14967, 201.10626220703125
14968, 201.11026000976562
14969, 201.1142578125
14970, 201.11825561523438
14971, 201.12225341796875
14972, 201.12625122070312
14973, 201.1302490234375
14974, 201.13426208496094
14975, 201.1382598876953
14976, 201.1422576904297
14977, 201.14625549316406
14978, 201.15025329589844
14979, 201.1542510986328
14980, 201.1582489013672
14981, 201.16226196289062
14982, 201.166259765625
14983, 201.17025756835938
14984, 201.17425537109375
14985, 201.17825317382812
14986, 201.1822509765625
14987, 201.18624877929688
14988, 201.1902618408203
14989, 201.1942596435547
14990, 201.19825744628906
14991, 201.20225524902344
14992, 201.2062530517578
14993, 201.2102508544922
14994, 201.21424865722656
14995, 201.21826171875
14996, 201.22225952148438
14997, 201.22625732421875
14998, 201.23025512695312
14999, 201.2342529296875
15000, 201.23825073242188
15001, 201.24224853515625
15002, 201.2462615966797
15003, 201.25025939941406
15004, 201.25425720214844
15005, 201.2582550048828
15006, 201.2622528076172
15007, 201.26625061035156
15008, 201.27024841308594
15009, 201.27426147460938
15010, 201.27825927734375
15011, 201.28225708007812
15012, 201.2862548828125
15013, 201.29025268554688
15014, 201.29425048828125
15015, 201.29824829101562
15016, 201.30226135253906
15017, 201.30625915527344
15018, 201.3102569580078
15019, 201.3142547607422
15020, 201.31825256347656
15021, 201.32225036621094
15022, 201.3262481689453
15023, 201.33026123046875
15024, 201.33425903320312
15025, 201.3382568359375
15026, 201.34225463867188
15027, 201.34625244140625
15028, 201.35025024414062
15029, 201.354248046875
15030, 201.35826110839844
15031, 201.3622589111328
15032, 201.3662567138672
15033, 201.37025451660156
15034, 201.37425231933594
15035, 201.3782501220703
15036, 201.3822479248047
15037, 201.38626098632812
15038, 201.3902587890625
15039, 201.39425659179688
15040, 201.39825439453125
15041, 201.40225219726562
15042, 201.40625
15043, 201.41024780273438
15044, 201.4142608642578
15045, 201.4182586669922
15046, 201.42225646972656
15047, 201.42625427246094
15048, 201.4302520751953
15049, 201.4342498779297
15050, 201.43824768066406
15051, 201.4422607421875
15052, 201.44625854492188
15053, 201.45025634765625
15054, 201.45425415039062
15055, 201.458251953125
15056, 201.46224975585938
15057, 201.46624755859375
15058, 201.4702606201172
15059, 201.47425842285156
15060, 201.47825622558594
15061, 201.4822540283203
15062, 201.4862518310547
15063, 201.49024963378906
15064, 201.49424743652344
15065, 201.49826049804688
15066, 201.50225830078125
15067, 201.50625610351562
15068, 201.51025390625
15069, 201.51425170898438
15070, 201.51824951171875
15071, 201.5222625732422
15072, 201.52626037597656
15073, 201.53025817871094
15074, 201.5342559814453
15075, 201.5382537841797
15076, 201.54225158691406
15077, 201.54624938964844
15078, 201.55026245117188
15079, 201.55426025390625
15080, 201.55825805664062
15081, 201.562255859375
15082, 201.56625366210938
15083, 201.57025146484375
15084, 201.57424926757812
15085, 201.57826232910156
15086, 201.58226013183594
15087, 201.5862579345703
15088, 201.5902557373047
15089, 201.59425354003906
15090, 201.59825134277344
15091, 201.6022491455078
15092, 201.60626220703125
15093, 201.61026000976562
15094, 201.6142578125
15095, 201.61825561523438
15096, 201.62225341796875
15097, 201.62625122070312
15098, 201.6302490234375
15099, 201.63426208496094
15100, 201.6382598876953
15101, 201.6422576904297
15102, 201.64625549316406
15103, 201.65025329589844
15104, 201.6542510986328
15105, 201.6582489013672
15106, 201.66226196289062
15107, 201.666259765625
15108, 201.67025756835938
15109, 201.67425537109375
15110, 201.67825317382812
15111, 201.6822509765625
15112, 201.68624877929688
15113, 201.6902618408203
15114, 201.6942596435547
15115, 201.69825744628906
15116, 201.70225524902344
15117, 201.7062530517578
15118, 201.7102508544922
15119, 201.71424865722656
15120, 201.71826171875
15121, 201.72225952148438
15122, 201.72625732421875
15123, 201.73025512695312
15124, 201.7342529296875
15125, 201.73825073242188
15126, 201.74224853515625
15127, 201.7462615966797
15128, 201.75025939941406
15129, 201.75425720214844
15130, 201.7582550048828
15131, 201.7622528076172
15132, 201.76625061035156
15133, 201.77024841308594
15134, 201.77426147460938
15135, 201.77825927734375
15136, 201.78225708007812
15137, 201.7862548828125
15138, 201.79025268554688
15139, 201.79425048828125
15140, 201.79824829101562
15141, 201.80226135253906
15142, 201.80625915527344
15143, 201.8102569580078
15144, 201.8142547607422
15145, 201.81825256347656
15146, 201.82225036621094
15147, 201.8262481689453
15148, 201.83026123046875
15149, 201.83425903320312
15150, 201.8382568359375
15151, 201.84225463867188
15152, 201.84625244140625
15153, 201.85025024414062
15154, 201.854248046875
15155, 201.85826110839844
15156, 201.8622589111328
15157, 201.8662567138672
15158, 201.87025451660156
15159, 201.87425231933594
15160, 201.8782501220703
15161, 201.8822479248047
15162, 201.88626098632812
15163, 201.8902587890625
15164, 201.89425659179688
15165, 201.89825439453125
15166, 201.90225219726562
15167, 201.90625
15168, 201.91024780273438
15169, 201.9142608642578
15170, 201.9182586669922
15171, 201.92225646972656
15172, 201.92625427246094
15173, 201.9302520751953
15174, 201.9342498779297
15175, 201.93824768066406
15176, 201.9422607421875
15177, 201.94625854492188
15178, 201.95025634765625
15179, 201.95425415039062
15180, 201.958251953125
15181, 201.96224975585938
15182, 201.96624755859375
15183, 201.9702606201172
15184, 201.97425842285156
15185, 201.97825622558594
15186, 201.9822540283203
15187, 201.9862518310547
15188, 201.99024963378906
15189, 201.99424743652344
15190, 201.99826049804688
15191, 202.00225830078125
15192, 202.00625610351562
15193, 202.01025390625
15194, 202.01425170898438
15195, 202.01824951171875
15196, 202.0222625732422
15197, 202.02626037597656
15198, 202.03025817871094
15199, 202.0342559814453
15200, 202.0382537841797
15201, 202.04225158691406
15202, 202.04624938964844
15203, 202.05026245117188
15204, 202.05426025390625
15205, 202.05825805664062
15206, 202.062255859375
15207, 202.06625366210938
15208, 202.07025146484375
15209, 202.07424926757812
15210, 202.07826232910156
15211, 202.08226013183594
15212, 202.0862579345703
15213, 202.0902557373047
15214, 202.09425354003906
15215, 202.09825134277344
15216, 202.1022491455078
15217, 202.10626220703125
15218, 202.11026000976562
15219, 202.1142578125
15220, 202.11825561523438
15221, 202.12225341796875
15222, 202.12625122070312
15223, 202.1302490234375
15224, 202.13426208496094
15225, 202.1382598876953
15226, 202.1422576904297
15227, 202.14625549316406
15228, 202.15025329589844
15229, 202.1542510986328
15230, 202.1582489013672
15231, 202.16226196289062
15232, 202.166259765625
15233, 202.17025756835938
15234, 202.17425537109375
15235, 202.17825317382812
15236, 202.1822509765625
15237, 202.18624877929688
15238, 202.1902618408203
15239, 202.1942596435547
15240, 202.19825744628906
15241, 202.20225524902344
15242, 202.2062530517578
15243, 202.2102508544922
15244, 202.21424865722656
15245, 202.21826171875
15246, 202.22225952148438
15247, 202.22625732421875
15248, 202.23025512695312
15249, 202.2342529296875
15250, 202.23825073242188
15251, 202.24224853515625
15252, 202.2462615966797
15253, 202.25025939941406
15254, 202.25425720214844
15255, 202.2582550048828
15256, 202.2622528076172
15257, 202.26625061035156
15258, 202.27024841308594
15259, 202.27426147460938
15260, 202.27825927734375
15261, 202.28225708007812
15262, 202.2862548828125
15263, 202.29025268554688
15264, 202.29425048828125
15265, 202.29824829101562
15266, 202.30226135253906
15267, 202.30625915527344
15268, 202.3102569580078
15269, 202.3142547607422
15270, 202.31825256347656
15271, 202.32225036621094
15272, 202.3262481689453
15273, 202.33026123046875
15274, 202.33425903320312
15275, 202.3382568359375
15276, 202.34225463867188
15277, 202.34625244140625
15278, 202.35025024414062
15279, 202.354248046875
15280, 202.35826110839844
15281, 202.3622589111328
15282, 202.3662567138672
15283, 202.37025451660156
15284, 202.37425231933594
15285, 202.3782501220703
15286, 202.3822479248047
15287, 202.38626098632812
15288, 202.3902587890625
15289, 202.39425659179688
15290, 202.39825439453125
15291, 202.40225219726562
15292, 202.40625
15293, 202.41024780273438
15294, 202.4142608642578
15295, 202.4182586669922
15296, 202.42225646972656
15297, 202.42625427246094
15298, 202.4302520751953
15299, 202.4342498779297
15300, 202.43824768066406
15301, 202.4422607421875
15302, 202.44625854492188
15303, 202.45025634765625
15304, 202.45425415039062
15305, 202.458251953125
15306, 202.46224975585938
15307, 202.46624755859375
15308, 202.4702606201172
15309, 202.47425842285156
15310, 202.47825622558594
15311, 202.4822540283203
15312, 202.4862518310547
15313, 202.49024963378906
15314, 202.49424743652344
15315, 202.49826049804688
15316, 202.50225830078125
15317, 202.50625610351562
15318, 202.51025390625
15319, 202.51425170898438
15320, 202.51824951171875
15321, 202.5222625732422
15322, 202.52626037597656
15323, 202.53025817871094
15324, 202.5342559814453
15325, 202.5382537841797
15326, 202.54225158691406
15327, 202.54624938964844
15328, 202.55026245117188
15329, 202.55426025390625
15330, 202.55825805664062
15331, 202.562255859375
15332, 202.56625366210938
15333, 202.57025146484375
15334, 202.57424926757812
15335, 202.57826232910156
15336, 202.58226013183594
15337, 202.5862579345703
15338, 202.5902557373047
15339, 202.59425354003906
15340, 202.59825134277344
15341, 202.6022491455078
15342, 202.60626220703125
15343, 202.61026000976562
15344, 202.6142578125
15345, 202.61825561523438
15346, 202.62225341796875
15347, 202.62625122070312
15348, 202.6302490234375
15349, 202.63426208496094
15350, 202.6382598876953
15351, 202.6422576904297
15352, 202.64625549316406
15353, 202.65025329589844
15354, 202.6542510986328
15355, 202.6582489013672
15356, 202.66226196289062
15357, 202.666259765625
15358, 202.67025756835938
15359, 202.67425537109375
15360, 202.67825317382812
15361, 202.6822509765625
15362, 202.68624877929688
15363, 202.6902618408203
15364, 202.6942596435547
15365, 202.69825744628906
15366, 202.70225524902344
15367, 202.7062530517578
15368, 202.7102508544922
15369, 202.71424865722656
15370, 202.71826171875
15371, 202.72225952148438
15372, 202.72625732421875
15373, 202.73025512695312
15374, 202.7342529296875
15375, 202.73825073242188
15376, 202.74224853515625
15377, 202.7462615966797
15378, 202.75025939941406
15379, 202.75425720214844
15380, 202.7582550048828
15381, 202.7622528076172
15382, 202.76625061035156
15383, 202.77024841308594
15384, 202.77426147460938
15385, 202.77825927734375
15386, 202.78225708007812
15387, 202.7862548828125
15388, 202.79025268554688
15389, 202.79425048828125
15390, 202.79824829101562
15391, 202.80226135253906
15392, 202.80625915527344
15393, 202.8102569580078
15394, 202.8142547607422
15395, 202.81825256347656
15396, 202.82225036621094
15397, 202.8262481689453
15398, 202.83026123046875
15399, 202.83425903320312
15400, 202.8382568359375
15401, 202.84225463867188
15402, 202.84625244140625
15403, 202.85025024414062
15404, 202.854248046875
15405, 202.85826110839844
15406, 202.8622589111328
15407, 202.8662567138672
15408, 202.87025451660156
15409, 202.87425231933594
15410, 202.8782501220703
15411, 202.8822479248047
15412, 202.88626098632812
15413, 202.8902587890625
15414, 202.89425659179688
15415, 202.89825439453125
15416, 202.90225219726562
15417, 202.90625
15418, 202.91024780273438
15419, 202.9142608642578
15420, 202.9182586669922
15421, 202.92225646972656
15422, 202.92625427246094
15423, 202.9302520751953
15424, 202.9342498779297
15425, 202.93824768066406
15426, 202.9422607421875
15427, 202.94625854492188
15428, 202.95025634765625
15429, 202.95425415039062
15430, 202.958251953125
15431, 202.96224975585938
15432, 202.96624755859375
15433, 202.9702606201172
15434, 202.97425842285156
15435, 202.97825622558594
15436, 202.9822540283203
15437, 202.9862518310547
15438, 202.99024963378906
15439, 202.99424743652344
15440, 202.99826049804688
15441, 203.00225830078125
15442, 203.00625610351562
15443, 203.01025390625
15444, 203.01425170898438
15445, 203.01824951171875
15446, 203.0222625732422
15447, 203.02626037597656
15448, 203.03025817871094
15449, 203.0342559814453
15450, 203.0382537841797
15451, 203.04225158691406
15452, 203.04624938964844
15453, 203.05026245117188
15454, 203.05426025390625
15455, 203.05825805664062
15456, 203.062255859375
15457, 203.06625366210938
15458, 203.07025146484375
15459, 203.07424926757812
15460, 203.07826232910156
15461, 203.08226013183594
15462, 203.0862579345703
15463, 203.0902557373047
15464, 203.09425354003906
15465, 203.09825134277344
15466, 203.1022491455078
15467, 203.10626220703125
15468, 203.11026000976562
15469, 203.1142578125
15470, 203.11825561523438
15471, 203.12225341796875
15472, 203.12625122070312
15473, 203.1302490234375
15474, 203.13426208496094
15475, 203.1382598876953
15476, 203.1422576904297
15477, 203.14625549316406
15478, 203.15025329589844
15479, 203.1542510986328
15480, 203.1582489013672
15481, 203.16226196289062
15482, 203.166259765625
15483, 203.17025756835938
15484, 203.17425537109375
15485, 203.17825317382812
15486, 203.1822509765625
15487, 203.18624877929688
15488, 203.1902618408203
15489, 203.1942596435547
15490, 203.19825744628906
15491, 203.20225524902344
15492, 203.2062530517578
15493, 203.2102508544922
15494, 203.21424865722656
15495, 203.21826171875
15496, 203.22225952148438
15497, 203.22625732421875
15498, 203.23025512695312
15499, 203.2342529296875
15500, 203.23825073242188
15501, 203.24224853515625
15502, 203.2462615966797
15503, 203.25025939941406
15504, 203.25425720214844
15505, 203.2582550048828
15506, 203.2622528076172
15507, 203.26625061035156
15508, 203.27024841308594
15509, 203.27426147460938
15510, 203.27825927734375
15511, 203.28225708007812
15512, 203.2862548828125
15513, 203.29025268554688
15514, 203.29425048828125
15515, 203.29824829101562
15516, 203.30226135253906
15517, 203.30625915527344
15518, 203.3102569580078
15519, 203.3142547607422
15520, 203.31825256347656
15521, 203.32225036621094
15522, 203.3262481689453
15523, 203.33026123046875
15524, 203.33425903320312
15525, 203.3382568359375
15526, 203.34225463867188
15527, 203.34625244140625
15528, 203.35025024414062
15529, 203.354248046875
15530, 203.35826110839844
15531, 203.3622589111328
15532, 203.3662567138672
15533, 203.37025451660156
15534, 203.37425231933594
15535, 203.3782501220703
15536, 203.3822479248047
15537, 203.38626098632812
15538, 203.3902587890625
15539, 203.39425659179688
15540, 203.39825439453125
15541, 203.40225219726562
15542, 203.40625
15543, 203.41024780273438
15544, 203.4142608642578
15545, 203.4182586669922
15546, 203.42225646972656
15547, 203.42625427246094
15548, 203.4302520751953
15549, 203.4342498779297
15550, 203.43824768066406
15551, 203.4422607421875
15552, 203.44625854492188
15553, 203.45025634765625
15554, 203.45425415039062
15555, 203.458251953125
15556, 203.46224975585938
15557, 203.46624755859375
15558, 203.4702606201172
15559, 203.47425842285156
15560, 203.47825622558594
15561, 203.4822540283203
15562, 203.4862518310547
15563, 203.49024963378906
15564, 203.49424743652344
15565, 203.49826049804688
15566, 203.50225830078125
15567, 203.50625610351562
15568, 203.51025390625
15569, 203.51425170898438
15570, 203.51824951171875
15571, 203.5222625732422
15572, 203.52626037597656
15573, 203.53025817871094
15574, 203.5342559814453
15575, 203.5382537841797
15576, 203.54225158691406
15577, 203.54624938964844
15578, 203.55026245117188
15579, 203.55426025390625
15580, 203.55825805664062
15581, 203.562255859375
15582, 203.56625366210938
15583, 203.57025146484375
15584, 203.57424926757812
15585, 203.57826232910156
15586, 203.58226013183594
15587, 203.5862579345703
15588, 203.5902557373047
15589, 203.59425354003906
15590, 203.59825134277344
15591, 203.6022491455078
15592, 203.60626220703125
15593, 203.61026000976562
15594, 203.6142578125
15595, 203.61825561523438
15596, 203.62225341796875
15597, 203.62625122070312
15598, 203.6302490234375
15599, 203.63426208496094
15600, 203.6382598876953
15601, 203.6422576904297
15602, 203.64625549316406
15603, 203.65025329589844
15604, 203.6542510986328
15605, 203.6582489013672
15606, 203.66226196289062
15607, 203.666259765625
15608, 203.67025756835938
15609, 203.67425537109375
15610, 203.67825317382812
15611, 203.6822509765625
15612, 203.68624877929688
15613, 203.6902618408203
15614, 203.6942596435547
15615, 203.69825744628906
15616, 203.70225524902344
15617, 203.7062530517578
15618, 203.7102508544922
15619, 203.71424865722656
15620, 203.71826171875
15621, 203.72225952148438
15622, 203.72625732421875
15623, 203.73025512695312
15624, 203.7342529296875
15625, 203.73825073242188
15626, 203.74224853515625
15627, 203.7462615966797
15628, 203.75025939941406
15629, 203.75425720214844
15630, 203.7582550048828
15631, 203.7622528076172
15632, 203.76625061035156
15633, 203.77024841308594
15634, 203.77426147460938
15635, 203.77825927734375
15636, 203.78225708007812
15637, 203.7862548828125
15638, 203.79025268554688
15639, 203.79425048828125
15640, 203.79824829101562
15641, 203.80226135253906
15642, 203.80625915527344
15643, 203.8102569580078
15644, 203.8142547607422
15645, 203.81825256347656
15646, 203.82225036621094
15647, 203.8262481689453
15648, 203.83026123046875
15649, 203.83425903320312
15650, 203.8382568359375
15651, 203.84225463867188
15652, 203.84625244140625
15653, 203.85025024414062
15654, 203.854248046875
15655, 203.85826110839844
15656, 203.8622589111328
15657, 203.8662567138672
15658, 203.87025451660156
15659, 203.87425231933594
15660, 203.8782501220703
15661, 203.8822479248047
15662, 203.88626098632812
15663, 203.8902587890625
15664, 203.89425659179688
15665, 203.89825439453125
15666, 203.90225219726562
15667, 203.90625
15668, 203.91024780273438
15669, 203.9142608642578
15670, 203.9182586669922
15671, 203.92225646972656
15672, 203.92625427246094
15673, 203.9302520751953
15674, 203.9342498779297
15675, 203.93824768066406
15676, 203.9422607421875
15677, 203.94625854492188
15678, 203.95025634765625
15679, 203.95425415039062
15680, 203.958251953125
15681, 203.96224975585938
15682, 203.96624755859375
15683, 203.9702606201172
15684, 203.97425842285156
15685, 203.97825622558594
15686, 203.9822540283203
15687, 203.9862518310547
15688, 203.99024963378906
15689, 203.99424743652344
15690, 203.99826049804688
15691, 204.00225830078125
15692, 204.00625610351562
15693, 204.01025390625
15694, 204.01425170898438
15695, 204.01824951171875
15696, 204.0222625732422
15697, 204.02626037597656
15698, 204.03025817871094
15699, 204.0342559814453
15700, 204.0382537841797
15701, 204.04225158691406
15702, 204.04624938964844
15703, 204.05026245117188
15704, 204.05426025390625
15705, 204.05825805664062
15706, 204.062255859375
15707, 204.06625366210938
15708, 204.07025146484375
15709, 204.07424926757812
15710, 204.07826232910156
15711, 204.08226013183594
15712, 204.0862579345703
15713, 204.0902557373047
15714, 204.09425354003906
15715, 204.09825134277344
15716, 204.1022491455078
15717, 204.10626220703125
15718, 204.11026000976562
15719, 204.1142578125
15720, 204.11825561523438
15721, 204.12225341796875
15722, 204.12625122070312
15723, 204.1302490234375
15724, 204.13426208496094
15725, 204.1382598876953
15726, 204.1422576904297
15727, 204.14625549316406
15728, 204.15025329589844
15729, 204.1542510986328
15730, 204.1582489013672
15731, 204.16226196289062
15732, 204.166259765625
15733, 204.17025756835938
15734, 204.17425537109375
15735, 204.17825317382812
15736, 204.1822509765625
15737, 204.18624877929688
15738, 204.1902618408203
15739, 204.1942596435547
15740, 204.19825744628906
15741, 204.20225524902344
15742, 204.2062530517578
15743, 204.2102508544922
15744, 204.21424865722656
15745, 204.21826171875
15746, 204.22225952148438
15747, 204.22625732421875
15748, 204.23025512695312
15749, 204.2342529296875
15750, 204.23825073242188
15751, 204.24224853515625
15752, 204.2462615966797
15753, 204.25025939941406
15754, 204.25425720214844
15755, 204.2582550048828
15756, 204.2622528076172
15757, 204.26625061035156
15758, 204.27024841308594
15759, 204.27426147460938
15760, 204.27825927734375
15761, 204.28225708007812
15762, 204.2862548828125
15763, 204.29025268554688
15764, 204.29425048828125
15765, 204.29824829101562
15766, 204.30226135253906
15767, 204.30625915527344
15768, 204.3102569580078
15769, 204.3142547607422
15770, 204.31825256347656
15771, 204.32225036621094
15772, 204.3262481689453
15773, 204.33026123046875
15774, 204.33425903320312
15775, 204.3382568359375
15776, 204.34225463867188
15777, 204.34625244140625
15778, 204.35025024414062
15779, 204.354248046875
15780, 204.35826110839844
15781, 204.3622589111328
15782, 204.3662567138672
15783, 204.37025451660156
15784, 204.37425231933594
15785, 204.3782501220703
15786, 204.3822479248047
15787, 204.38626098632812
15788, 204.3902587890625
15789, 204.39425659179688
15790, 204.39825439453125
15791, 204.40225219726562
15792, 204.40625
15793, 204.41024780273438
15794, 204.4142608642578
15795, 204.4182586669922
15796, 204.42225646972656
15797, 204.42625427246094
15798, 204.4302520751953
15799, 204.4342498779297
15800, 204.43824768066406
15801, 204.4422607421875
15802, 204.44625854492188
15803, 204.45025634765625
15804, 204.45425415039062
15805, 204.458251953125
15806, 204.46224975585938
15807, 204.46624755859375
15808, 204.4702606201172
15809, 204.47425842285156
15810, 204.47825622558594
15811, 204.4822540283203
15812, 204.4862518310547
15813, 204.49024963378906
15814, 204.49424743652344
15815, 204.49826049804688
15816, 204.50225830078125
15817, 204.50625610351562
15818, 204.51025390625
15819, 204.51425170898438
15820, 204.51824951171875
15821, 204.5222625732422
15822, 204.52626037597656
15823, 204.53025817871094
15824, 204.5342559814453
15825, 204.5382537841797
15826, 204.54225158691406
15827, 204.54624938964844
15828, 204.55026245117188
15829, 204.55426025390625
15830, 204.55825805664062
15831, 204.562255859375
15832, 204.56625366210938
15833, 204.57025146484375
15834, 204.57424926757812
15835, 204.57826232910156
15836, 204.58226013183594
15837, 204.5862579345703
15838, 204.5902557373047
15839, 204.59425354003906
15840, 204.59825134277344
15841, 204.6022491455078
15842, 204.60626220703125
15843, 204.61026000976562
15844, 204.6142578125
15845, 204.61825561523438
15846, 204.62225341796875
15847, 204.62625122070312
15848, 204.6302490234375
15849, 204.63426208496094
15850, 204.6382598876953
15851, 204.6422576904297
15852, 204.64625549316406
15853, 204.65025329589844
15854, 204.6542510986328
15855, 204.6582489013672
15856, 204.66226196289062
15857, 204.666259765625
15858, 204.67025756835938
15859, 204.67425537109375
15860, 204.67825317382812
15861, 204.6822509765625
15862, 204.68624877929688
15863, 204.6902618408203
15864, 204.6942596435547
15865, 204.69825744628906
15866, 204.70225524902344
15867, 204.7062530517578
15868, 204.7102508544922
15869, 204.71424865722656
15870, 204.71826171875
15871, 204.72225952148438
15872, 204.72625732421875
15873, 204.73025512695312
15874, 204.7342529296875
15875, 204.73825073242188
15876, 204.74224853515625
15877, 204.7462615966797
15878, 204.75025939941406
15879, 204.75425720214844
15880, 204.7582550048828
15881, 204.7622528076172
15882, 204.76625061035156
15883, 204.77024841308594
15884, 204.77426147460938
15885, 204.77825927734375
15886, 204.78225708007812
15887, 204.7862548828125
15888, 204.79025268554688
15889, 204.79425048828125
15890, 204.79824829101562
15891, 204.80226135253906
15892, 204.80625915527344
15893, 204.8102569580078
15894, 204.8142547607422
15895, 204.81825256347656
15896, 204.82225036621094
15897, 204.8262481689453
15898, 204.83026123046875
15899, 204.83425903320312
15900, 204.8382568359375
15901, 204.84225463867188
15902, 204.84625244140625
15903, 204.85025024414062
15904, 204.854248046875
15905, 204.85826110839844
15906, 204.8622589111328
15907, 204.8662567138672
15908, 204.87025451660156
15909, 204.87425231933594
15910, 204.8782501220703
15911, 204.8822479248047
15912, 204.88626098632812
15913, 204.8902587890625
15914, 204.89425659179688
15915, 204.89825439453125
15916, 204.90225219726562
15917, 204.90625
15918, 204.91024780273438
15919, 204.9142608642578
15920, 204.9182586669922
15921, 204.92225646972656
15922, 204.92625427246094
15923, 204.9302520751953
15924, 204.9342498779297
15925, 204.93824768066406
15926, 204.9422607421875
15927, 204.94625854492188
15928, 204.95025634765625
15929, 204.95425415039062
15930, 204.958251953125
15931, 204.96224975585938
15932, 204.96624755859375
15933, 204.9702606201172
15934, 204.97425842285156
15935, 204.97825622558594
15936, 204.9822540283203
15937, 204.9862518310547
15938, 204.99024963378906
15939, 204.99424743652344
15940, 204.99826049804688
15941, 205.00225830078125
15942, 205.00625610351562
15943, 205.01025390625
15944, 205.01425170898438
15945, 205.01824951171875
15946, 205.0222625732422
15947, 205.02626037597656
15948, 205.03025817871094
15949, 205.0342559814453
15950, 205.0382537841797
15951, 205.04225158691406
15952, 205.04624938964844
15953, 205.05026245117188
15954, 205.05426025390625
15955, 205.05825805664062
15956, 205.062255859375
15957, 205.06625366210938
15958, 205.07025146484375
15959, 205.07424926757812
15960, 205.07826232910156
15961, 205.08226013183594
15962, 205.0862579345703
15963, 205.0902557373047
15964, 205.09425354003906
15965, 205.09825134277344
15966, 205.1022491455078
15967, 205.10626220703125
15968, 205.11026000976562
15969, 205.1142578125
15970, 205.11825561523438
15971, 205.12225341796875
15972, 205.12625122070312
15973, 205.1302490234375
15974, 205.13426208496094
15975, 205.1382598876953
15976, 205.1422576904297
15977, 205.14625549316406
15978, 205.15025329589844
15979, 205.1542510986328
15980, 205.1582489013672
15981, 205.16226196289062
15982, 205.166259765625
15983, 205.17025756835938
15984, 205.17425537109375
15985, 205.17825317382812
15986, 205.1822509765625
15987, 205.18624877929688
15988, 205.1902618408203
15989, 205.1942596435547
15990, 205.19825744628906
15991, 205.20225524902344
15992, 205.2062530517578
15993, 205.2102508544922
15994, 205.21424865722656
15995, 205.21826171875
15996, 205.22225952148438
15997, 205.22625732421875
15998, 205.23025512695312
15999, 205.2342529296875
16000, 205.23825073242188
16001, 205.24224853515625
16002, 205.2462615966797
16003, 205.25025939941406
16004, 205.25425720214844
16005, 205.2582550048828
16006, 205.2622528076172
16007, 205.26625061035156
16008, 205.27024841308594
16009, 205.27426147460938
16010, 205.27825927734375
16011, 205.28225708007812
16012, 205.2862548828125
16013, 205.29025268554688
16014, 205.29425048828125
16015, 205.29824829101562
16016, 205.30226135253906
16017, 205.30625915527344
16018, 205.3102569580078
16019, 205.3142547607422
16020, 205.31825256347656
16021, 205.32225036621094
16022, 205.3262481689453
16023, 205.33026123046875
16024, 205.33425903320312
16025, 205.3382568359375
16026, 205.34225463867188
16027, 205.34625244140625
16028, 205.35025024414062
16029, 205.354248046875
16030, 205.35826110839844
16031, 205.3622589111328
16032, 205.3662567138672
16033, 205.37025451660156
16034, 205.37425231933594
16035, 205.3782501220703
16036, 205.3822479248047
16037, 205.38626098632812
16038, 205.3902587890625
16039, 205.39425659179688
16040, 205.39825439453125
16041, 205.40225219726562
16042, 205.40625
16043, 205.41024780273438
16044, 205.4142608642578
16045, 205.4182586669922
16046, 205.42225646972656
16047, 205.42625427246094
16048, 205.4302520751953
16049, 205.4342498779297
16050, 205.43824768066406
16051, 205.4422607421875
16052, 205.44625854492188
16053, 205.45025634765625
16054, 205.45425415039062
16055, 205.458251953125
16056, 205.46224975585938
16057, 205.46624755859375
16058, 205.4702606201172
16059, 205.47425842285156
16060, 205.47825622558594
16061, 205.4822540283203
16062, 205.4862518310547
16063, 205.49024963378906
16064, 205.49424743652344
16065, 205.49826049804688
16066, 205.50225830078125
16067, 205.50625610351562
16068, 205.51025390625
16069, 205.51425170898438
16070, 205.51824951171875
16071, 205.5222625732422
16072, 205.52626037597656
16073, 205.53025817871094
16074, 205.5342559814453
16075, 205.5382537841797
16076, 205.54225158691406
16077, 205.54624938964844
16078, 205.55026245117188
16079, 205.55426025390625
16080, 205.55825805664062
16081, 205.562255859375
16082, 205.56625366210938
16083, 205.57025146484375
16084, 205.57424926757812
16085, 205.57826232910156
16086, 205.58226013183594
16087, 205.5862579345703
16088, 205.5902557373047
16089, 205.59425354003906
16090, 205.59825134277344
16091, 205.6022491455078
16092, 205.60626220703125
16093, 205.61026000976562
16094, 205.6142578125
16095, 205.61825561523438
16096, 205.62225341796875
16097, 205.62625122070312
16098, 205.6302490234375
16099, 205.63426208496094
16100, 205.6382598876953
16101, 205.6422576904297
16102, 205.64625549316406
16103, 205.65025329589844
16104, 205.6542510986328
16105, 205.6582489013672
16106, 205.66226196289062
16107, 205.666259765625
16108, 205.67025756835938
16109, 205.67425537109375
16110, 205.67825317382812
16111, 205.6822509765625
16112, 205.68624877929688
16113, 205.6902618408203
16114, 205.6942596435547
16115, 205.69825744628906
16116, 205.70225524902344
16117, 205.7062530517578
16118, 205.7102508544922
16119, 205.71424865722656
16120, 205.71826171875
16121, 205.72225952148438
16122, 205.72625732421875
16123, 205.73025512695312
16124, 205.7342529296875
16125, 205.73825073242188
16126, 205.74224853515625
16127, 205.7462615966797
16128, 205.75025939941406
16129, 205.75425720214844
16130, 205.7582550048828
16131, 205.7622528076172
16132, 205.76625061035156
16133, 205.77024841308594
16134, 205.77426147460938
16135, 205.77825927734375
16136, 205.78225708007812
16137, 205.7862548828125
16138, 205.79025268554688
16139, 205.79425048828125
16140, 205.79824829101562
16141, 205.80226135253906
16142, 205.80625915527344
16143, 205.8102569580078
16144, 205.8142547607422
16145, 205.81825256347656
16146, 205.82225036621094
16147, 205.8262481689453
16148, 205.83026123046875
16149, 205.83425903320312
16150, 205.8382568359375
16151, 205.84225463867188
16152, 205.84625244140625
16153, 205.85025024414062
16154, 205.854248046875
16155, 205.85826110839844
16156, 205.8622589111328
16157, 205.8662567138672
16158, 205.87025451660156
16159, 205.87425231933594
16160, 205.8782501220703
16161, 205.8822479248047
16162, 205.88626098632812
16163, 205.8902587890625
16164, 205.89425659179688
16165, 205.89825439453125
16166, 205.90225219726562
16167, 205.90625
16168, 205.91024780273438
16169, 205.9142608642578
16170, 205.9182586669922
16171, 205.92225646972656
16172, 205.92625427246094
16173, 205.9302520751953
16174, 205.9342498779297
16175, 205.93824768066406
16176, 205.9422607421875
16177, 205.94625854492188
16178, 205.95025634765625
16179, 205.95425415039062
16180, 205.958251953125
16181, 205.96224975585938
16182, 205.96624755859375
16183, 205.9702606201172
16184, 205.97425842285156
16185, 205.97825622558594
16186, 205.9822540283203
16187, 205.9862518310547
16188, 205.99024963378906
16189, 205.99424743652344
16190, 205.99826049804688
16191, 206.00225830078125
16192, 206.00625610351562
16193, 206.01025390625
16194, 206.01425170898438
16195, 206.01824951171875
16196, 206.0222625732422
16197, 206.02626037597656
16198, 206.03025817871094
16199, 206.0342559814453
16200, 206.0382537841797
16201, 206.04225158691406
16202, 206.04624938964844
16203, 206.05026245117188
16204, 206.05426025390625
16205, 206.05825805664062
16206, 206.062255859375
16207, 206.06625366210938
16208, 206.07025146484375
16209, 206.07424926757812
16210, 206.07826232910156
16211, 206.08226013183594
16212, 206.0862579345703
16213, 206.0902557373047
16214, 206.09425354003906
16215, 206.09825134277344
16216, 206.1022491455078
16217, 206.10626220703125
16218, 206.11026000976562
16219, 206.1142578125
16220, 206.11825561523438
16221, 206.12225341796875
16222, 206.12625122070312
16223, 206.1302490234375
16224, 206.13426208496094
16225, 206.1382598876953
16226, 206.1422576904297
16227, 206.14625549316406
16228, 206.15025329589844
16229, 206.1542510986328
16230, 206.1582489013672
16231, 206.16226196289062
16232, 206.166259765625
16233, 206.17025756835938
16234, 206.17425537109375
16235, 206.17825317382812
16236, 206.1822509765625
16237, 206.18624877929688
16238, 206.1902618408203
16239, 206.1942596435547
16240, 206.19825744628906
16241, 206.20225524902344
16242, 206.2062530517578
16243, 206.2102508544922
16244, 206.21424865722656
16245, 206.21826171875
16246, 206.22225952148438
16247, 206.22625732421875
16248, 206.23025512695312
16249, 206.2342529296875
16250, 206.23825073242188
16251, 206.24224853515625
16252, 206.2462615966797
16253, 206.25025939941406
16254, 206.25425720214844
16255, 206.2582550048828
16256, 206.2622528076172
16257, 206.26625061035156
16258, 206.27024841308594
16259, 206.27426147460938
16260, 206.27825927734375
16261, 206.28225708007812
16262, 206.2862548828125
16263, 206.29025268554688
16264, 206.29425048828125
16265, 206.29824829101562
16266, 206.30226135253906
16267, 206.30625915527344
16268, 206.3102569580078
16269, 206.3142547607422
16270, 206.31825256347656
16271, 206.32225036621094
16272, 206.3262481689453
16273, 206.33026123046875
16274, 206.33425903320312
16275, 206.3382568359375
16276, 206.34225463867188
16277, 206.34625244140625
16278, 206.35025024414062
16279, 206.354248046875
16280, 206.35826110839844
16281, 206.3622589111328
16282, 206.3662567138672
16283, 206.37025451660156
16284, 206.37425231933594
16285, 206.3782501220703
16286, 206.3822479248047
16287, 206.38626098632812
16288, 206.3902587890625
16289, 206.39425659179688
16290, 206.39825439453125
16291, 206.40225219726562
16292, 206.40625
16293, 206.41024780273438
16294, 206.4142608642578
16295, 206.4182586669922
16296, 206.42225646972656
16297, 206.42625427246094
16298, 206.4302520751953
16299, 206.4342498779297
16300, 206.43824768066406
16301, 206.4422607421875
16302, 206.44625854492188
16303, 206.45025634765625
16304, 206.45425415039062
16305, 206.458251953125
16306, 206.46224975585938
16307, 206.46624755859375
16308, 206.4702606201172
16309, 206.47425842285156
16310, 206.47825622558594
16311, 206.4822540283203
16312, 206.4862518310547
16313, 206.49024963378906
16314, 206.49424743652344
16315, 206.49826049804688
16316, 206.50225830078125
16317, 206.50625610351562
16318, 206.51025390625
16319, 206.51425170898438
16320, 206.51824951171875
16321, 206.5222625732422
16322, 206.52626037597656
16323, 206.53025817871094
16324, 206.5342559814453
16325, 206.5382537841797
16326, 206.54225158691406
16327, 206.54624938964844
16328, 206.55026245117188
16329, 206.55426025390625
16330, 206.55825805664062
16331, 206.562255859375
16332, 206.56625366210938
16333, 206.57025146484375
16334, 206.57424926757812
16335, 206.57826232910156
16336, 206.58226013183594
16337, 206.5862579345703
16338, 206.5902557373047
16339, 206.59425354003906
16340, 206.59825134277344
16341, 206.6022491455078
16342, 206.60626220703125
16343, 206.61026000976562
16344, 206.6142578125
16345, 206.61825561523438
16346, 206.62225341796875
16347, 206.62625122070312
16348, 206.6302490234375
16349, 206.63426208496094
16350, 206.6382598876953
16351, 206.6422576904297
16352, 206.64625549316406
16353, 206.65025329589844
16354, 206.6542510986328
16355, 206.6582489013672
16356, 206.66226196289062
16357, 206.666259765625
16358, 206.67025756835938
16359, 206.67425537109375
16360, 206.67825317382812
16361, 206.6822509765625
16362, 206.68624877929688
16363, 206.6902618408203
16364, 206.6942596435547
16365, 206.69825744628906
16366, 206.70225524902344
16367, 206.7062530517578
16368, 206.7102508544922
16369, 206.71424865722656
16370, 206.71826171875
16371, 206.72225952148438
16372, 206.72625732421875
16373, 206.73025512695312
16374, 206.7342529296875
16375, 206.73825073242188
16376, 206.74224853515625
16377, 206.7462615966797
16378, 206.75025939941406
16379, 206.75425720214844
16380, 206.7582550048828
16381, 206.7622528076172
16382, 206.76625061035156
16383, 206.77024841308594
16384, 206.77426147460938
16385, 206.77825927734375
16386, 206.78225708007812
16387, 206.7862548828125
16388, 206.79025268554688
16389, 206.79425048828125
16390, 206.79824829101562
16391, 206.80226135253906
16392, 206.80625915527344
16393, 206.8102569580078
16394, 206.8142547607422
16395, 206.81825256347656
16396, 206.82225036621094
16397, 206.8262481689453
16398, 206.83026123046875
16399, 206.83425903320312
16400, 206.8382568359375
16401, 206.84225463867188
16402, 206.84625244140625
16403, 206.85025024414062
16404, 206.854248046875
16405, 206.85826110839844
16406, 206.8622589111328
16407, 206.8662567138672
16408, 206.87025451660156
16409, 206.87425231933594
16410, 206.8782501220703
16411, 206.8822479248047
16412, 206.88626098632812
16413, 206.8902587890625
16414, 206.89425659179688
16415, 206.89825439453125
16416, 206.90225219726562
16417, 206.90625
16418, 206.91024780273438
16419, 206.9142608642578
16420, 206.9182586669922
16421, 206.92225646972656
16422, 206.92625427246094
16423, 206.9302520751953
16424, 206.9342498779297
16425, 206.93824768066406
16426, 206.9422607421875
16427, 206.94625854492188
16428, 206.95025634765625
16429, 206.95425415039062
16430, 206.958251953125
16431, 206.96224975585938
16432, 206.96624755859375
16433, 206.9702606201172
16434, 206.97425842285156
16435, 206.97825622558594
16436, 206.9822540283203
16437, 206.9862518310547
16438, 206.99024963378906
16439, 206.99424743652344
16440, 206.99826049804688
16441, 207.00225830078125
16442, 207.00625610351562
16443, 207.01025390625
16444, 207.01425170898438
16445, 207.01824951171875
16446, 207.0222625732422
16447, 207.02626037597656
16448, 207.03025817871094
16449, 207.0342559814453
16450, 207.0382537841797
16451, 207.04225158691406
16452, 207.04624938964844
16453, 207.05026245117188
16454, 207.05426025390625
16455, 207.05825805664062
16456, 207.062255859375
16457, 207.06625366210938
16458, 207.07025146484375
16459, 207.07424926757812
16460, 207.07826232910156
16461, 207.08226013183594
16462, 207.0862579345703
16463, 207.0902557373047
16464, 207.09425354003906
16465, 207.09825134277344
16466, 207.1022491455078
16467, 207.10626220703125
16468, 207.11026000976562
16469, 207.1142578125
16470, 207.11825561523438
16471, 207.12225341796875
16472, 207.12625122070312
16473, 207.1302490234375
16474, 207.13426208496094
16475, 207.1382598876953
16476, 207.1422576904297
16477, 207.14625549316406
16478, 207.15025329589844
16479, 207.1542510986328
16480, 207.1582489013672
16481, 207.16226196289062
16482, 207.166259765625
16483, 207.17025756835938
16484, 207.17425537109375
16485, 207.17825317382812
16486, 207.1822509765625
16487, 207.18624877929688
16488, 207.1902618408203
16489, 207.1942596435547
16490, 207.19825744628906
16491, 207.20225524902344
16492, 207.2062530517578
16493, 207.2102508544922
16494, 207.21424865722656
16495, 207.21826171875
16496, 207.22225952148438
16497, 207.22625732421875
16498, 207.23025512695312
16499, 207.2342529296875
16500, 207.23825073242188
16501, 207.24224853515625
16502, 207.2462615966797
16503, 207.25025939941406
16504, 207.25425720214844
16505, 207.2582550048828
16506, 207.2622528076172
16507, 207.26625061035156
16508, 207.27024841308594
16509, 207.27426147460938
16510, 207.27825927734375
16511, 207.28225708007812
16512, 207.2862548828125
16513, 207.29025268554688
16514, 207.29425048828125
16515, 207.29824829101562
16516, 207.30226135253906
16517, 207.30625915527344
16518, 207.3102569580078
16519, 207.3142547607422
16520, 207.31825256347656
16521, 207.32225036621094
16522, 207.3262481689453
16523, 207.33026123046875
16524, 207.33425903320312
16525, 207.3382568359375
16526, 207.34225463867188
16527, 207.34625244140625
16528, 207.35025024414062
16529, 207.354248046875
16530, 207.35826110839844
16531, 207.3622589111328
16532, 207.3662567138672
16533, 207.37025451660156
16534, 207.37425231933594
16535, 207.3782501220703
16536, 207.3822479248047
16537, 207.38626098632812
16538, 207.3902587890625
16539, 207.39425659179688
16540, 207.39825439453125
16541, 207.40225219726562
16542, 207.40625
16543, 207.41024780273438
16544, 207.4142608642578
16545, 207.4182586669922
16546, 207.42225646972656
16547, 207.42625427246094
16548, 207.4302520751953
16549, 207.4342498779297
16550, 207.43824768066406
16551, 207.4422607421875
16552, 207.44625854492188
16553, 207.45025634765625
16554, 207.45425415039062
16555, 207.458251953125
16556, 207.46224975585938
16557, 207.46624755859375
16558, 207.4702606201172
16559, 207.47425842285156
16560, 207.47825622558594
16561, 207.4822540283203
16562, 207.4862518310547
16563, 207.49024963378906
16564, 207.49424743652344
16565, 207.49826049804688
16566, 207.50225830078125
16567, 207.50625610351562
16568, 207.51025390625
16569, 207.51425170898438
16570, 207.51824951171875
16571, 207.5222625732422
16572, 207.52626037597656
16573, 207.53025817871094
16574, 207.5342559814453
16575, 207.5382537841797
16576, 207.54225158691406
16577, 207.54624938964844
16578, 207.55026245117188
16579, 207.55426025390625
16580, 207.55825805664062
16581, 207.562255859375
16582, 207.56625366210938
16583, 207.57025146484375
16584, 207.57424926757812
16585, 207.57826232910156
16586, 207.58226013183594
16587, 207.5862579345703
16588, 207.5902557373047
16589, 207.59425354003906
16590, 207.59825134277344
16591, 207.6022491455078
16592, 207.60626220703125
16593, 207.61026000976562
16594, 207.6142578125
16595, 207.61825561523438
16596, 207.62225341796875
16597, 207.62625122070312
16598, 207.6302490234375
16599, 207.63426208496094
16600, 207.6382598876953
16601, 207.6422576904297
16602, 207.64625549316406
16603, 207.65025329589844
16604, 207.6542510986328
16605, 207.6582489013672
16606, 207.66226196289062
16607, 207.666259765625
16608, 207.67025756835938
16609, 207.67425537109375
16610, 207.67825317382812
16611, 207.6822509765625
16612, 207.68624877929688
16613, 207.6902618408203
16614, 207.6942596435547
16615, 207.69825744628906
16616, 207.70225524902344
16617, 207.7062530517578
16618, 207.7102508544922
16619, 207.71424865722656
16620, 207.71826171875
16621, 207.72225952148438
16622, 207.72625732421875
16623, 207.73025512695312
16624, 207.7342529296875
16625, 207.73825073242188
16626, 207.74224853515625
16627, 207.7462615966797
16628, 207.75025939941406
16629, 207.75425720214844
16630, 207.7582550048828
16631, 207.7622528076172
16632, 207.76625061035156
16633, 207.77024841308594
16634, 207.77426147460938
16635, 207.77825927734375
16636, 207.78225708007812
16637, 207.7862548828125
16638, 207.79025268554688
16639, 207.79425048828125
16640, 207.79824829101562
16641, 207.80226135253906
16642, 207.80625915527344
16643, 207.8102569580078
16644, 207.8142547607422
16645, 207.81825256347656
16646, 207.82225036621094
16647, 207.8262481689453
16648, 207.83026123046875
16649, 207.83425903320312
16650, 207.8382568359375
16651, 207.84225463867188
16652, 207.84625244140625
16653, 207.85025024414062
16654, 207.854248046875
16655, 207.85826110839844
16656, 207.8622589111328
16657, 207.8662567138672
16658, 207.87025451660156
16659, 207.87425231933594
16660, 207.8782501220703
16661, 207.8822479248047
16662, 207.88626098632812
16663, 207.8902587890625
16664, 207.89425659179688
16665, 207.89825439453125
16666, 207.90225219726562
16667, 207.90625
16668, 207.91024780273438
16669, 207.9142608642578
16670, 207.9182586669922
16671, 207.92225646972656
16672, 207.92625427246094
16673, 207.9302520751953
16674, 207.9342498779297
16675, 207.93824768066406
16676, 207.9422607421875
16677, 207.94625854492188
16678, 207.95025634765625
16679, 207.95425415039062
16680, 207.958251953125
16681, 207.96224975585938
16682, 207.96624755859375
16683, 207.9702606201172
16684, 207.97425842285156
16685, 207.97825622558594
16686, 207.9822540283203
16687, 207.9862518310547
16688, 207.99024963378906
16689, 207.99424743652344
16690, 207.99826049804688
16691, 208.00225830078125
16692, 208.00625610351562
16693, 208.01025390625
16694, 208.01425170898438
16695, 208.01824951171875
16696, 208.0222625732422
16697, 208.02626037597656
16698, 208.03025817871094
16699, 208.0342559814453
16700, 208.0382537841797
16701, 208.04225158691406
16702, 208.04624938964844
16703, 208.05026245117188
16704, 208.05426025390625
16705, 208.05825805664062
16706, 208.062255859375
16707, 208.06625366210938
16708, 208.07025146484375
16709, 208.07424926757812
16710, 208.07826232910156
16711, 208.08226013183594
16712, 208.0862579345703
16713, 208.0902557373047
16714, 208.09425354003906
16715, 208.09825134277344
16716, 208.1022491455078
16717, 208.10626220703125
16718, 208.11026000976562
16719, 208.1142578125
16720, 208.11825561523438
16721, 208.12225341796875
16722, 208.12625122070312
16723, 208.1302490234375
16724, 208.13426208496094
16725, 208.1382598876953
16726, 208.1422576904297
16727, 208.14625549316406
16728, 208.15025329589844
16729, 208.1542510986328
16730, 208.1582489013672
16731, 208.16226196289062
16732, 208.166259765625
16733, 208.17025756835938
16734, 208.17425537109375
16735, 208.17825317382812
16736, 208.1822509765625
16737, 208.18624877929688
16738, 208.1902618408203
16739, 208.1942596435547
16740, 208.19825744628906
16741, 208.20225524902344
16742, 208.2062530517578
16743, 208.2102508544922
16744, 208.21424865722656
16745, 208.21826171875
16746, 208.22225952148438
16747, 208.22625732421875
16748, 208.23025512695312
16749, 208.2342529296875
16750, 208.23825073242188
16751, 208.24224853515625
16752, 208.2462615966797
16753, 208.25025939941406
16754, 208.25425720214844
16755, 208.2582550048828
16756, 208.2622528076172
16757, 208.26625061035156
16758, 208.27024841308594
16759, 208.27426147460938
16760, 208.27825927734375
16761, 208.28225708007812
16762, 208.2862548828125
16763, 208.29025268554688
16764, 208.29425048828125
16765, 208.29824829101562
16766, 208.30226135253906
16767, 208.30625915527344
16768, 208.3102569580078
16769, 208.3142547607422
16770, 208.31825256347656
16771, 208.32225036621094
16772, 208.3262481689453
16773, 208.33026123046875
16774, 208.33425903320312
16775, 208.3382568359375
16776, 208.34225463867188
16777, 208.34625244140625
16778, 208.35025024414062
16779, 208.354248046875
16780, 208.35826110839844
16781, 208.3622589111328
16782, 208.3662567138672
16783, 208.37025451660156
16784, 208.37425231933594
16785, 208.3782501220703
16786, 208.3822479248047
16787, 208.38626098632812
16788, 208.3902587890625
16789, 208.39425659179688
16790, 208.39825439453125
16791, 208.40225219726562
16792, 208.40625
16793, 208.41024780273438
16794, 208.4142608642578
16795, 208.4182586669922
16796, 208.42225646972656
16797, 208.42625427246094
16798, 208.4302520751953
16799, 208.4342498779297
16800, 208.43824768066406
16801, 208.4422607421875
16802, 208.44625854492188
16803, 208.45025634765625
16804, 208.45425415039062
16805, 208.458251953125
16806, 208.46224975585938
16807, 208.46624755859375
16808, 208.4702606201172
16809, 208.47425842285156
16810, 208.47825622558594
16811, 208.4822540283203
16812, 208.4862518310547
16813, 208.49024963378906
16814, 208.49424743652344
16815, 208.49826049804688
16816, 208.50225830078125
16817, 208.50625610351562
16818, 208.51025390625
16819, 208.51425170898438
16820, 208.51824951171875
16821, 208.5222625732422
16822, 208.52626037597656
16823, 208.53025817871094
16824, 208.5342559814453
16825, 208.5382537841797
16826, 208.54225158691406
16827, 208.54624938964844
16828, 208.55026245117188
16829, 208.55426025390625
16830, 208.55825805664062
16831, 208.562255859375
16832, 208.56625366210938
16833, 208.57025146484375
16834, 208.57424926757812
16835, 208.57826232910156
16836, 208.58226013183594
16837, 208.5862579345703
16838, 208.5902557373047
16839, 208.59425354003906
16840, 208.59825134277344
16841, 208.6022491455078
16842, 208.60626220703125
16843, 208.61026000976562
16844, 208.6142578125
16845, 208.61825561523438
16846, 208.62225341796875
16847, 208.62625122070312
16848, 208.6302490234375
16849, 208.63426208496094
16850, 208.6382598876953
16851, 208.6422576904297
16852, 208.64625549316406
16853, 208.65025329589844
16854, 208.6542510986328
16855, 208.6582489013672
16856, 208.66226196289062
16857, 208.666259765625
16858, 208.67025756835938
16859, 208.67425537109375
16860, 208.67825317382812
16861, 208.6822509765625
16862, 208.68624877929688
16863, 208.6902618408203
16864, 208.6942596435547
16865, 208.69825744628906
16866, 208.70225524902344
16867, 208.7062530517578
16868, 208.7102508544922
16869, 208.71424865722656
16870, 208.71826171875
16871, 208.72225952148438
16872, 208.72625732421875
16873, 208.73025512695312
16874, 208.7342529296875
16875, 208.73825073242188
16876, 208.74224853515625
16877, 208.7462615966797
16878, 208.75025939941406
16879, 208.75425720214844
16880, 208.7582550048828
16881, 208.7622528076172
16882, 208.76625061035156
16883, 208.77024841308594
16884, 208.77426147460938
16885, 208.77825927734375
16886, 208.78225708007812
16887, 208.7862548828125
16888, 208.79025268554688
16889, 208.79425048828125
16890, 208.79824829101562
16891, 208.80226135253906
16892, 208.80625915527344
16893, 208.8102569580078
16894, 208.8142547607422
16895, 208.81825256347656
16896, 208.82225036621094
16897, 208.8262481689453
16898, 208.83026123046875
16899, 208.83425903320312
16900, 208.8382568359375
16901, 208.84225463867188
16902, 208.84625244140625
16903, 208.85025024414062
16904, 208.854248046875
16905, 208.85826110839844
16906, 208.8622589111328
16907, 208.8662567138672
16908, 208.87025451660156
16909, 208.87425231933594
16910, 208.8782501220703
16911, 208.8822479248047
16912, 208.88626098632812
16913, 208.8902587890625
16914, 208.89425659179688
16915, 208.89825439453125
16916, 208.90225219726562
16917, 208.90625
16918, 208.91024780273438
16919, 208.9142608642578
16920, 208.9182586669922
16921, 208.92225646972656
16922, 208.92625427246094
16923, 208.9302520751953
16924, 208.9342498779297
16925, 208.93824768066406
16926, 208.9422607421875
16927, 208.94625854492188
16928, 208.95025634765625
16929, 208.95425415039062
16930, 208.958251953125
16931, 208.96224975585938
16932, 208.96624755859375
16933, 208.9702606201172
16934, 208.97425842285156
16935, 208.97825622558594
16936, 208.9822540283203
16937, 208.9862518310547
16938, 208.99024963378906
16939, 208.99424743652344
16940, 208.99826049804688
16941, 209.00225830078125
16942, 209.00625610351562
16943, 209.01025390625
16944, 209.01425170898438
16945, 209.01824951171875
16946, 209.0222625732422
16947, 209.02626037597656
16948, 209.03025817871094
16949, 209.0342559814453
16950, 209.0382537841797
16951, 209.04225158691406
16952, 209.04624938964844
16953, 209.05026245117188
16954, 209.05426025390625
16955, 209.05825805664062
16956, 209.062255859375
16957, 209.06625366210938
16958, 209.07025146484375
16959, 209.07424926757812
16960, 209.07826232910156
16961, 209.08226013183594
16962, 209.0862579345703
16963, 209.0902557373047
16964, 209.09425354003906
16965, 209.09825134277344
16966, 209.1022491455078
16967, 209.10626220703125
16968, 209.11026000976562
16969, 209.1142578125
16970, 209.11825561523438
16971, 209.12225341796875
16972, 209.12625122070312
16973, 209.1302490234375
16974, 209.13426208496094
16975, 209.1382598876953
16976, 209.1422576904297
16977, 209.14625549316406
16978, 209.15025329589844
16979, 209.1542510986328
16980, 209.1582489013672
16981, 209.16226196289062
16982, 209.166259765625
16983, 209.17025756835938
16984, 209.17425537109375
16985, 209.17825317382812
16986, 209.1822509765625
16987, 209.18624877929688
16988, 209.1902618408203
16989, 209.1942596435547
16990, 209.19825744628906
16991, 209.20225524902344
16992, 209.2062530517578
16993, 209.2102508544922
16994, 209.21424865722656
16995, 209.21826171875
16996, 209.22225952148438
16997, 209.22625732421875
16998, 209.23025512695312
16999, 209.2342529296875
17000, 209.23825073242188
17001, 209.24224853515625
17002, 209.2462615966797
17003, 209.25025939941406
17004, 209.25425720214844
17005, 209.2582550048828
17006, 209.2622528076172
17007, 209.26625061035156
17008, 209.27024841308594
17009, 209.27426147460938
17010, 209.27825927734375
17011, 209.28225708007812
17012, 209.2862548828125
17013, 209.29025268554688
17014, 209.29425048828125
17015, 209.29824829101562
17016, 209.30226135253906
17017, 209.30625915527344
17018, 209.3102569580078
17019, 209.3142547607422
17020, 209.31825256347656
17021, 209.32225036621094
17022, 209.3262481689453
17023, 209.33026123046875
17024, 209.33425903320312
17025, 209.3382568359375
17026, 209.34225463867188
17027, 209.34625244140625
17028, 209.35025024414062
17029, 209.354248046875
17030, 209.35826110839844
17031, 209.3622589111328
17032, 209.3662567138672
17033, 209.37025451660156
17034, 209.37425231933594
17035, 209.3782501220703
17036, 209.3822479248047
17037, 209.38626098632812
17038, 209.3902587890625
17039, 209.39425659179688
17040, 209.39825439453125
17041, 209.40225219726562
17042, 209.40625
17043, 209.41024780273438
17044, 209.4142608642578
17045, 209.4182586669922
17046, 209.42225646972656
17047, 209.42625427246094
17048, 209.4302520751953
17049, 209.4342498779297
17050, 209.43824768066406
17051, 209.4422607421875
17052, 209.44625854492188
17053, 209.45025634765625
17054, 209.45425415039062
17055, 209.458251953125
17056, 209.46224975585938
17057, 209.46624755859375
17058, 209.4702606201172
17059, 209.47425842285156
17060, 209.47825622558594
17061, 209.4822540283203
17062, 209.4862518310547
17063, 209.49024963378906
17064, 209.49424743652344
17065, 209.49826049804688
17066, 209.50225830078125
17067, 209.50625610351562
17068, 209.51025390625
17069, 209.51425170898438
17070, 209.51824951171875
17071, 209.5222625732422
17072, 209.52626037597656
17073, 209.53025817871094
17074, 209.5342559814453
17075, 209.5382537841797
17076, 209.54225158691406
17077, 209.54624938964844
17078, 209.55026245117188
17079, 209.55426025390625
17080, 209.55825805664062
17081, 209.562255859375
17082, 209.56625366210938
17083, 209.57025146484375
17084, 209.57424926757812
17085, 209.57826232910156
17086, 209.58226013183594
17087, 209.5862579345703
17088, 209.5902557373047
17089, 209.59425354003906
17090, 209.59825134277344
17091, 209.6022491455078
17092, 209.60626220703125
17093, 209.61026000976562
17094, 209.6142578125
17095, 209.61825561523438
17096, 209.62225341796875
17097, 209.62625122070312
17098, 209.6302490234375
17099, 209.63426208496094
17100, 209.6382598876953
17101, 209.6422576904297
17102, 209.64625549316406
17103, 209.65025329589844
17104, 209.6542510986328
17105, 209.6582489013672
17106, 209.66226196289062
17107, 209.666259765625
17108, 209.67025756835938
17109, 209.67425537109375
17110, 209.67825317382812
17111, 209.6822509765625
17112, 209.68624877929688
17113, 209.6902618408203
17114, 209.6942596435547
17115, 209.69825744628906
17116, 209.70225524902344
17117, 209.7062530517578
17118, 209.7102508544922
17119, 209.71424865722656
17120, 209.71826171875
17121, 209.72225952148438
17122, 209.72625732421875
17123, 209.73025512695312
17124, 209.7342529296875
17125, 209.73825073242188
17126, 209.74224853515625
17127, 209.7462615966797
17128, 209.75025939941406
17129, 209.75425720214844
17130, 209.7582550048828
17131, 209.7622528076172
17132, 209.76625061035156
17133, 209.77024841308594
17134, 209.77426147460938
17135, 209.77825927734375
17136, 209.78225708007812
17137, 209.7862548828125
17138, 209.79025268554688
17139, 209.79425048828125
17140, 209.79824829101562
17141, 209.80226135253906
17142, 209.80625915527344
17143, 209.8102569580078
17144, 209.8142547607422
17145, 209.81825256347656
17146, 209.82225036621094
17147, 209.8262481689453
17148, 209.83026123046875
17149, 209.83425903320312
17150, 209.8382568359375
17151, 209.84225463867188
17152, 209.84625244140625
17153, 209.85025024414062
17154, 209.854248046875
17155, 209.85826110839844
17156, 209.8622589111328
17157, 209.8662567138672
17158, 209.87025451660156
17159, 209.87425231933594
17160, 209.8782501220703
17161, 209.8822479248047
17162, 209.88626098632812
17163, 209.8902587890625
17164, 209.89425659179688
17165, 209.89825439453125
17166, 209.90225219726562
17167, 209.90625
17168, 209.91024780273438
17169, 209.9142608642578
17170, 209.9182586669922
17171, 209.92225646972656
17172, 209.92625427246094
17173, 209.9302520751953
17174, 209.9342498779297
17175, 209.93824768066406
17176, 209.9422607421875
17177, 209.94625854492188
17178, 209.95025634765625
17179, 209.95425415039062
17180, 209.958251953125
17181, 209.96224975585938
17182, 209.96624755859375
17183, 209.9702606201172
17184, 209.97425842285156
17185, 209.97825622558594
17186, 209.9822540283203
17187, 209.9862518310547
17188, 209.99024963378906
17189, 209.99424743652344
17190, 209.99826049804688
17191, 210.00225830078125
17192, 210.00625610351562
17193, 210.01025390625
17194, 210.01425170898438
17195, 210.01824951171875
17196, 210.0222625732422
17197, 210.02626037597656
17198, 210.03025817871094
17199, 210.0342559814453
17200, 210.0382537841797
17201, 210.04225158691406
17202, 210.04624938964844
17203, 210.05026245117188
17204, 210.05426025390625
17205, 210.05825805664062
17206, 210.062255859375
17207, 210.06625366210938
17208, 210.07025146484375
17209, 210.07424926757812
17210, 210.07826232910156
17211, 210.08226013183594
17212, 210.0862579345703
17213, 210.0902557373047
17214, 210.09425354003906
17215, 210.09825134277344
17216, 210.1022491455078
17217, 210.10626220703125
17218, 210.11026000976562
17219, 210.1142578125
17220, 210.11825561523438
17221, 210.12225341796875
17222, 210.12625122070312
17223, 210.1302490234375
17224, 210.13426208496094
17225, 210.1382598876953
17226, 210.1422576904297
17227, 210.14625549316406
17228, 210.15025329589844
17229, 210.1542510986328
17230, 210.1582489013672
17231, 210.16226196289062
17232, 210.166259765625
17233, 210.17025756835938
17234, 210.17425537109375
17235, 210.17825317382812
17236, 210.1822509765625
17237, 210.18624877929688
17238, 210.1902618408203
17239, 210.1942596435547
17240, 210.19825744628906
17241, 210.20225524902344
17242, 210.2062530517578
17243, 210.2102508544922
17244, 210.21424865722656
17245, 210.21826171875
17246, 210.22225952148438
17247, 210.22625732421875
17248, 210.23025512695312
17249, 210.2342529296875
17250, 210.23825073242188
17251, 210.24224853515625
17252, 210.2462615966797
17253, 210.25025939941406
17254, 210.25425720214844
17255, 210.2582550048828
17256, 210.2622528076172
17257, 210.26625061035156
17258, 210.27024841308594
17259, 210.27426147460938
17260, 210.27825927734375
17261, 210.28225708007812
17262, 210.2862548828125
17263, 210.29025268554688
17264, 210.29425048828125
17265, 210.29824829101562
17266, 210.30226135253906
17267, 210.30625915527344
17268, 210.3102569580078
17269, 210.3142547607422
17270, 210.31825256347656
17271, 210.32225036621094
17272, 210.3262481689453
17273, 210.33026123046875
17274, 210.33425903320312
17275, 210.3382568359375
17276, 210.34225463867188
17277, 210.34625244140625
17278, 210.35025024414062
17279, 210.354248046875
17280, 210.35826110839844
17281, 210.3622589111328
17282, 210.3662567138672
17283, 210.37025451660156
17284, 210.37425231933594
17285, 210.3782501220703
17286, 210.3822479248047
17287, 210.38626098632812
17288, 210.3902587890625
17289, 210.39425659179688
17290, 210.39825439453125
17291, 210.40225219726562
17292, 210.40625
17293, 210.41024780273438
17294, 210.4142608642578
17295, 210.4182586669922
17296, 210.42225646972656
17297, 210.42625427246094
17298, 210.4302520751953
17299, 210.4342498779297
17300, 210.43824768066406
17301, 210.4422607421875
17302, 210.44625854492188
17303, 210.45025634765625
17304, 210.45425415039062
17305, 210.458251953125
17306, 210.46224975585938
17307, 210.46624755859375
17308, 210.4702606201172
17309, 210.47425842285156
17310, 210.47825622558594
17311, 210.4822540283203
17312, 210.4862518310547
17313, 210.49024963378906
17314, 210.49424743652344
17315, 210.49826049804688
17316, 210.50225830078125
17317, 210.50625610351562
17318, 210.51025390625
17319, 210.51425170898438
17320, 210.51824951171875
17321, 210.5222625732422
17322, 210.52626037597656
17323, 210.53025817871094
17324, 210.5342559814453
17325, 210.5382537841797
17326, 210.54225158691406
17327, 210.54624938964844
17328, 210.55026245117188
17329, 210.55426025390625
17330, 210.55825805664062
17331, 210.562255859375
17332, 210.56625366210938
17333, 210.57025146484375
17334, 210.57424926757812
17335, 210.57826232910156
17336, 210.58226013183594
17337, 210.5862579345703
17338, 210.5902557373047
17339, 210.59425354003906
17340, 210.59825134277344
17341, 210.6022491455078
17342, 210.60626220703125
17343, 210.61026000976562
17344, 210.6142578125
17345, 210.61825561523438
17346, 210.62225341796875
17347, 210.62625122070312
17348, 210.6302490234375
17349, 210.63426208496094
17350, 210.6382598876953
17351, 210.6422576904297
17352, 210.64625549316406
17353, 210.65025329589844
17354, 210.6542510986328
17355, 210.6582489013672
17356, 210.66226196289062
17357, 210.666259765625
17358, 210.67025756835938
17359, 210.67425537109375
17360, 210.67825317382812
17361, 210.6822509765625
17362, 210.68624877929688
17363, 210.6902618408203
17364, 210.6942596435547
17365, 210.69825744628906
17366, 210.70225524902344
17367, 210.7062530517578
17368, 210.7102508544922
17369, 210.71424865722656
17370, 210.71826171875
17371, 210.72225952148438
17372, 210.72625732421875
17373, 210.73025512695312
17374, 210.7342529296875
17375, 210.73825073242188
17376, 210.74224853515625
17377, 210.7462615966797
17378, 210.75025939941406
17379, 210.75425720214844
17380, 210.7582550048828
17381, 210.7622528076172
17382, 210.76625061035156
17383, 210.77024841308594
17384, 210.77426147460938
17385, 210.77825927734375
17386, 210.78225708007812
17387, 210.7862548828125
17388, 210.79025268554688
17389, 210.79425048828125
17390, 210.79824829101562
17391, 210.80226135253906
17392, 210.80625915527344
17393, 210.8102569580078
17394, 210.8142547607422
17395, 210.81825256347656
17396, 210.82225036621094
17397, 210.8262481689453
17398, 210.83026123046875
17399, 210.83425903320312
17400, 210.8382568359375
17401, 210.84225463867188
17402, 210.84625244140625
17403, 210.85025024414062
17404, 210.854248046875
17405, 210.85826110839844
17406, 210.8622589111328
17407, 210.8662567138672
17408, 210.87025451660156
17409, 210.87425231933594
17410, 210.8782501220703
17411, 210.8822479248047
17412, 210.88626098632812
17413, 210.8902587890625
17414, 210.89425659179688
17415, 210.89825439453125
17416, 210.90225219726562
17417, 210.90625
17418, 210.91024780273438
17419, 210.9142608642578
17420, 210.9182586669922
17421, 210.92225646972656
17422, 210.92625427246094
17423, 210.9302520751953
17424, 210.9342498779297
17425, 210.93824768066406
17426, 210.9422607421875
17427, 210.94625854492188
17428, 210.95025634765625
17429, 210.95425415039062
17430, 210.958251953125
17431, 210.96224975585938
17432, 210.96624755859375
17433, 210.9702606201172
17434, 210.97425842285156
17435, 210.97825622558594
17436, 210.9822540283203
17437, 210.9862518310547
17438, 210.99024963378906
17439, 210.99424743652344
17440, 210.99826049804688
17441, 211.00225830078125
17442, 211.00625610351562
17443, 211.01025390625
17444, 211.01425170898438
17445, 211.01824951171875
17446, 211.0222625732422
17447, 211.02626037597656
17448, 211.03025817871094
17449, 211.0342559814453
17450, 211.0382537841797
17451, 211.04225158691406
17452, 211.04624938964844
17453, 211.05026245117188
17454, 211.05426025390625
17455, 211.05825805664062
17456, 211.062255859375
17457, 211.06625366210938
17458, 211.07025146484375
17459, 211.07424926757812
17460, 211.07826232910156
17461, 211.08226013183594
17462, 211.0862579345703
17463, 211.0902557373047
17464, 211.09425354003906
17465, 211.09825134277344
17466, 211.1022491455078
17467, 211.10626220703125
17468, 211.11026000976562
17469, 211.1142578125
17470, 211.11825561523438
17471, 211.12225341796875
17472, 211.12625122070312
17473, 211.1302490234375
17474, 211.13426208496094
17475, 211.1382598876953
17476, 211.1422576904297
17477, 211.14625549316406
17478, 211.15025329589844
17479, 211.1542510986328
17480, 211.1582489013672
17481, 211.16226196289062
17482, 211.166259765625
17483, 211.17025756835938
17484, 211.17425537109375
17485, 211.17825317382812
17486, 211.1822509765625
17487, 211.18624877929688
17488, 211.1902618408203
17489, 211.1942596435547
17490, 211.19825744628906
17491, 211.20225524902344
17492, 211.2062530517578
17493, 211.2102508544922
17494, 211.21424865722656
17495, 211.21826171875
17496, 211.22225952148438
17497, 211.22625732421875
17498, 211.23025512695312
17499, 211.2342529296875
17500, 211.23825073242188
17501, 211.24224853515625
17502, 211.2462615966797
17503, 211.25025939941406
17504, 211.25425720214844
17505, 211.2582550048828
17506, 211.2622528076172
17507, 211.26625061035156
17508, 211.27024841308594
17509, 211.27426147460938
17510, 211.27825927734375
17511, 211.28225708007812
17512, 211.2862548828125
17513, 211.29025268554688
17514, 211.29425048828125
17515, 211.29824829101562
17516, 211.30226135253906
17517, 211.30625915527344
17518, 211.3102569580078
17519, 211.3142547607422
17520, 211.31825256347656
17521, 211.32225036621094
17522, 211.3262481689453
17523, 211.33026123046875
17524, 211.33425903320312
17525, 211.3382568359375
17526, 211.34225463867188
17527, 211.34625244140625
17528, 211.35025024414062
17529, 211.354248046875
17530, 211.35826110839844
17531, 211.3622589111328
17532, 211.3662567138672
17533, 211.37025451660156
17534, 211.37425231933594
17535, 211.3782501220703
17536, 211.3822479248047
17537, 211.38626098632812
17538, 211.3902587890625
17539, 211.39425659179688
17540, 211.39825439453125
17541, 211.40225219726562
17542, 211.40625
17543, 211.41024780273438
17544, 211.4142608642578
17545, 211.4182586669922
17546, 211.42225646972656
17547, 211.42625427246094
17548, 211.4302520751953
17549, 211.4342498779297
17550, 211.43824768066406
17551, 211.4422607421875
17552, 211.44625854492188
17553, 211.45025634765625
17554, 211.45425415039062
17555, 211.458251953125
17556, 211.46224975585938
17557, 211.46624755859375
17558, 211.4702606201172
17559, 211.47425842285156
17560, 211.47825622558594
17561, 211.4822540283203
17562, 211.4862518310547
17563, 211.49024963378906
17564, 211.49424743652344
17565, 211.49826049804688
17566, 211.50225830078125
17567, 211.50625610351562
17568, 211.51025390625
17569, 211.51425170898438
17570, 211.51824951171875
17571, 211.5222625732422
17572, 211.52626037597656
17573, 211.53025817871094
17574, 211.5342559814453
17575, 211.5382537841797
17576, 211.54225158691406
17577, 211.54624938964844
17578, 211.55026245117188
17579, 211.55426025390625
17580, 211.55825805664062
17581, 211.562255859375
17582, 211.56625366210938
17583, 211.57025146484375
17584, 211.57424926757812
17585, 211.57826232910156
17586, 211.58226013183594
17587, 211.5862579345703
17588, 211.5902557373047
17589, 211.59425354003906
17590, 211.59825134277344
17591, 211.6022491455078
17592, 211.60626220703125
17593, 211.61026000976562
17594, 211.6142578125
17595, 211.61825561523438
17596, 211.62225341796875
17597, 211.62625122070312
17598, 211.6302490234375
17599, 211.63426208496094
17600, 211.6382598876953
17601, 211.6422576904297
17602, 211.64625549316406
17603, 211.65025329589844
17604, 211.6542510986328
17605, 211.6582489013672
17606, 211.66226196289062
17607, 211.666259765625
17608, 211.67025756835938
17609, 211.67425537109375
17610, 211.67825317382812
17611, 211.6822509765625
17612, 211.68624877929688
17613, 211.6902618408203
17614, 211.6942596435547
17615, 211.69825744628906
17616, 211.70225524902344
17617, 211.7062530517578
17618, 211.7102508544922
17619, 211.71424865722656
17620, 211.71826171875
17621, 211.72225952148438
17622, 211.72625732421875
17623, 211.73025512695312
17624, 211.7342529296875
17625, 211.73825073242188
17626, 211.74224853515625
17627, 211.7462615966797
17628, 211.75025939941406
17629, 211.75425720214844
17630, 211.7582550048828
17631, 211.7622528076172
17632, 211.76625061035156
17633, 211.77024841308594
17634, 211.77426147460938
17635, 211.77825927734375
17636, 211.78225708007812
17637, 211.7862548828125
17638, 211.79025268554688
17639, 211.79425048828125
17640, 211.79824829101562
17641, 211.80226135253906
17642, 211.80625915527344
17643, 211.8102569580078
17644, 211.8142547607422
17645, 211.81825256347656
17646, 211.82225036621094
17647, 211.8262481689453
17648, 211.83026123046875
17649, 211.83425903320312
17650, 211.8382568359375
17651, 211.84225463867188
17652, 211.84625244140625
17653, 211.85025024414062
17654, 211.854248046875
17655, 211.85826110839844
17656, 211.8622589111328
17657, 211.8662567138672
17658, 211.87025451660156
17659, 211.87425231933594
17660, 211.8782501220703
17661, 211.8822479248047
17662, 211.88626098632812
17663, 211.8902587890625
17664, 211.89425659179688
17665, 211.89825439453125
17666, 211.90225219726562
17667, 211.90625
17668, 211.91024780273438
17669, 211.9142608642578
17670, 211.9182586669922
17671, 211.92225646972656
17672, 211.92625427246094
17673, 211.9302520751953
17674, 211.9342498779297
17675, 211.93824768066406
17676, 211.9422607421875
17677, 211.94625854492188
17678, 211.95025634765625
17679, 211.95425415039062
17680, 211.958251953125
17681, 211.96224975585938
17682, 211.96624755859375
17683, 211.9702606201172
17684, 211.97425842285156
17685, 211.97825622558594
17686, 211.9822540283203
17687, 211.9862518310547
17688, 211.99024963378906
17689, 211.99424743652344
17690, 211.99826049804688
17691, 212.00225830078125
17692, 212.00625610351562
17693, 212.01025390625
17694, 212.01425170898438
17695, 212.01824951171875
17696, 212.0222625732422
17697, 212.02626037597656
17698, 212.03025817871094
17699, 212.0342559814453
17700, 212.0382537841797
17701, 212.04225158691406
17702, 212.04624938964844
17703, 212.05026245117188
17704, 212.05426025390625
17705, 212.05825805664062
17706, 212.062255859375
17707, 212.06625366210938
17708, 212.07025146484375
17709, 212.07424926757812
17710, 212.07826232910156
17711, 212.08226013183594
17712, 212.0862579345703
17713, 212.0902557373047
17714, 212.09425354003906
17715, 212.09825134277344
17716, 212.1022491455078
17717, 212.10626220703125
17718, 212.11026000976562
17719, 212.1142578125
17720, 212.11825561523438
17721, 212.12225341796875
17722, 212.12625122070312
17723, 212.1302490234375
17724, 212.13426208496094
17725, 212.1382598876953
17726, 212.1422576904297
17727, 212.14625549316406
17728, 212.15025329589844
17729, 212.1542510986328
17730, 212.1582489013672
17731, 212.16226196289062
17732, 212.166259765625
17733, 212.17025756835938
17734, 212.17425537109375
17735, 212.17825317382812
17736, 212.1822509765625
17737, 212.18624877929688
17738, 212.1902618408203
17739, 212.1942596435547
17740, 212.19825744628906
17741, 212.20225524902344
17742, 212.2062530517578
17743, 212.2102508544922
17744, 212.21424865722656
17745, 212.21826171875
17746, 212.22225952148438
17747, 212.22625732421875
17748, 212.23025512695312
17749, 212.2342529296875
17750, 212.23825073242188
17751, 212.24224853515625
17752, 212.2462615966797
17753, 212.25025939941406
17754, 212.25425720214844
17755, 212.2582550048828
17756, 212.2622528076172
17757, 212.26625061035156
17758, 212.27024841308594
17759, 212.27426147460938
17760, 212.27825927734375
17761, 212.28225708007812
17762, 212.2862548828125
17763, 212.29025268554688
17764, 212.29425048828125
17765, 212.29824829101562
17766, 212.30226135253906
17767, 212.30625915527344
17768, 212.3102569580078
17769, 212.3142547607422
17770, 212.31825256347656
17771, 212.32225036621094
17772, 212.3262481689453
17773, 212.33026123046875
17774, 212.33425903320312
17775, 212.3382568359375
17776, 212.34225463867188
17777, 212.34625244140625
17778, 212.35025024414062
17779, 212.354248046875
17780, 212.35826110839844
17781, 212.3622589111328
17782, 212.3662567138672
17783, 212.37025451660156
17784, 212.37425231933594
17785, 212.3782501220703
17786, 212.3822479248047
17787, 212.38626098632812
17788, 212.3902587890625
17789, 212.39425659179688
17790, 212.39825439453125
17791, 212.40225219726562
17792, 212.40625
17793, 212.41024780273438
17794, 212.4142608642578
17795, 212.4182586669922
17796, 212.42225646972656
17797, 212.42625427246094
17798, 212.4302520751953
17799, 212.4342498779297
17800, 212.43824768066406
17801, 212.4422607421875
17802, 212.44625854492188
17803, 212.45025634765625
17804, 212.45425415039062
17805, 212.458251953125
17806, 212.46224975585938
17807, 212.46624755859375
17808, 212.4702606201172
17809, 212.47425842285156
17810, 212.47825622558594
17811, 212.4822540283203
17812, 212.4862518310547
17813, 212.49024963378906
17814, 212.49424743652344
17815, 212.49826049804688
17816, 212.50225830078125
17817, 212.50625610351562
17818, 212.51025390625
17819, 212.51425170898438
17820, 212.51824951171875
17821, 212.5222625732422
17822, 212.52626037597656
17823, 212.53025817871094
17824, 212.5342559814453
17825, 212.5382537841797
17826, 212.54225158691406
17827, 212.54624938964844
17828, 212.55026245117188
17829, 212.55426025390625
17830, 212.55825805664062
17831, 212.562255859375
17832, 212.56625366210938
17833, 212.57025146484375
17834, 212.57424926757812
17835, 212.57826232910156
17836, 212.58226013183594
17837, 212.5862579345703
17838, 212.5902557373047
17839, 212.59425354003906
17840, 212.59825134277344
17841, 212.6022491455078
17842, 212.60626220703125
17843, 212.61026000976562
17844, 212.6142578125
17845, 212.61825561523438
17846, 212.62225341796875
17847, 212.62625122070312
17848, 212.6302490234375
17849, 212.63426208496094
17850, 212.6382598876953
17851, 212.6422576904297
17852, 212.64625549316406
17853, 212.65025329589844
17854, 212.6542510986328
17855, 212.6582489013672
17856, 212.66226196289062
17857, 212.666259765625
17858, 212.67025756835938
17859, 212.67425537109375
17860, 212.67825317382812
17861, 212.6822509765625
17862, 212.68624877929688
17863, 212.6902618408203
17864, 212.6942596435547
17865, 212.69825744628906
17866, 212.70225524902344
17867, 212.7062530517578
17868, 212.7102508544922
17869, 212.71424865722656
17870, 212.71826171875
17871, 212.72225952148438
17872, 212.72625732421875
17873, 212.73025512695312
17874, 212.7342529296875
17875, 212.73825073242188
17876, 212.74224853515625
17877, 212.7462615966797
17878, 212.75025939941406
17879, 212.75425720214844
17880, 212.7582550048828
17881, 212.7622528076172
17882, 212.76625061035156
17883, 212.77024841308594
17884, 212.77426147460938
17885, 212.77825927734375
17886, 212.78225708007812
17887, 212.7862548828125
17888, 212.79025268554688
17889, 212.79425048828125
17890, 212.79824829101562
17891, 212.80226135253906
17892, 212.80625915527344
17893, 212.8102569580078
17894, 212.8142547607422
17895, 212.81825256347656
17896, 212.82225036621094
17897, 212.8262481689453
17898, 212.83026123046875
17899, 212.83425903320312
17900, 212.8382568359375
17901, 212.84225463867188
17902, 212.84625244140625
17903, 212.85025024414062
17904, 212.854248046875
17905, 212.85826110839844
17906, 212.8622589111328
17907, 212.8662567138672
17908, 212.87025451660156
17909, 212.87425231933594
17910, 212.8782501220703
17911, 212.8822479248047
17912, 212.88626098632812
17913, 212.8902587890625
17914, 212.89425659179688
17915, 212.89825439453125
17916, 212.90225219726562
17917, 212.90625
17918, 212.91024780273438
17919, 212.9142608642578
17920, 212.9182586669922
17921, 212.92225646972656
17922, 212.92625427246094
17923, 212.9302520751953
17924, 212.9342498779297
17925, 212.93824768066406
17926, 212.9422607421875
17927, 212.94625854492188
17928, 212.95025634765625
17929, 212.95425415039062
17930, 212.958251953125
17931, 212.96224975585938
17932, 212.96624755859375
17933, 212.9702606201172
17934, 212.97425842285156
17935, 212.97825622558594
17936, 212.9822540283203
17937, 212.9862518310547
17938, 212.99024963378906
17939, 212.99424743652344
17940, 212.99826049804688
17941, 213.00225830078125
17942, 213.00625610351562
17943, 213.01025390625
17944, 213.01425170898438
17945, 213.01824951171875
17946, 213.0222625732422
17947, 213.02626037597656
17948, 213.03025817871094
17949, 213.0342559814453
17950, 213.0382537841797
17951, 213.04225158691406
17952, 213.04624938964844
17953, 213.05026245117188
17954, 213.05426025390625
17955, 213.05825805664062
17956, 213.062255859375
17957, 213.06625366210938
17958, 213.07025146484375
17959, 213.07424926757812
17960, 213.07826232910156
17961, 213.08226013183594
17962, 213.0862579345703
17963, 213.0902557373047
17964, 213.09425354003906
17965, 213.09825134277344
17966, 213.1022491455078
17967, 213.10626220703125
17968, 213.11026000976562
17969, 213.1142578125
17970, 213.11825561523438
17971, 213.12225341796875
17972, 213.12625122070312
17973, 213.1302490234375
17974, 213.13426208496094
17975, 213.1382598876953
17976, 213.1422576904297
17977, 213.14625549316406
17978, 213.15025329589844
17979, 213.1542510986328
17980, 213.1582489013672
17981, 213.16226196289062
17982, 213.166259765625
17983, 213.17025756835938
17984, 213.17425537109375
17985, 213.17825317382812
17986, 213.1822509765625
17987, 213.18624877929688
17988, 213.1902618408203
17989, 213.1942596435547
17990, 213.19825744628906
17991, 213.20225524902344
17992, 213.2062530517578
17993, 213.2102508544922
17994, 213.21424865722656
17995, 213.21826171875
17996, 213.22225952148438
17997, 213.22625732421875
17998, 213.23025512695312
17999, 213.2342529296875
18000, 213.23825073242188
18001, 213.24224853515625
18002, 213.2462615966797
18003, 213.25025939941406
18004, 213.25425720214844
18005, 213.2582550048828
18006, 213.2622528076172
18007, 213.26625061035156
18008, 213.27024841308594
18009, 213.27426147460938
18010, 213.27825927734375
18011, 213.28225708007812
18012, 213.2862548828125
18013, 213.29025268554688
18014, 213.29425048828125
18015, 213.29824829101562
18016, 213.30226135253906
18017, 213.30625915527344
18018, 213.3102569580078
18019, 213.3142547607422
18020, 213.31825256347656
18021, 213.32225036621094
18022, 213.3262481689453
18023, 213.33026123046875
18024, 213.33425903320312
18025, 213.3382568359375
18026, 213.34225463867188
18027, 213.34625244140625
18028, 213.35025024414062
18029, 213.354248046875
18030, 213.35826110839844
18031, 213.3622589111328
18032, 213.3662567138672
18033, 213.37025451660156
18034, 213.37425231933594
18035, 213.3782501220703
18036, 213.3822479248047
18037, 213.38626098632812
18038, 213.3902587890625
18039, 213.39425659179688
18040, 213.39825439453125
18041, 213.40225219726562
18042, 213.40625
18043, 213.41024780273438
18044, 213.4142608642578
18045, 213.4182586669922
18046, 213.42225646972656
18047, 213.42625427246094
18048, 213.4302520751953
18049, 213.4342498779297
18050, 213.43824768066406
18051, 213.4422607421875
18052, 213.44625854492188
18053, 213.45025634765625
18054, 213.45425415039062
18055, 213.458251953125
18056, 213.46224975585938
18057, 213.46624755859375
18058, 213.4702606201172
18059, 213.47425842285156
18060, 213.47825622558594
18061, 213.4822540283203
18062, 213.4862518310547
18063, 213.49024963378906
18064, 213.49424743652344
18065, 213.49826049804688
18066, 213.50225830078125
18067, 213.50625610351562
18068, 213.51025390625
18069, 213.51425170898438
18070, 213.51824951171875
18071, 213.5222625732422
18072, 213.52626037597656
18073, 213.53025817871094
18074, 213.5342559814453
18075, 213.5382537841797
18076, 213.54225158691406
18077, 213.54624938964844
18078, 213.55026245117188
18079, 213.55426025390625
18080, 213.55825805664062
18081, 213.562255859375
18082, 213.56625366210938
18083, 213.57025146484375
18084, 213.57424926757812
18085, 213.57826232910156
18086, 213.58226013183594
18087, 213.5862579345703
18088, 213.5902557373047
18089, 213.59425354003906
18090, 213.59825134277344
18091, 213.6022491455078
18092, 213.60626220703125
18093, 213.61026000976562
18094, 213.6142578125
18095, 213.61825561523438
18096, 213.62225341796875
18097, 213.62625122070312
18098, 213.6302490234375
18099, 213.63426208496094
18100, 213.6382598876953
18101, 213.6422576904297
18102, 213.64625549316406
18103, 213.65025329589844
18104, 213.6542510986328
18105, 213.6582489013672
18106, 213.66226196289062
18107, 213.666259765625
18108, 213.67025756835938
18109, 213.67425537109375
18110, 213.67825317382812
18111, 213.6822509765625
18112, 213.68624877929688
18113, 213.6902618408203
18114, 213.6942596435547
18115, 213.69825744628906
18116, 213.70225524902344
18117, 213.7062530517578
18118, 213.7102508544922
18119, 213.71424865722656
18120, 213.71826171875
18121, 213.72225952148438
18122, 213.72625732421875
18123, 213.73025512695312
18124, 213.7342529296875
18125, 213.73825073242188
18126, 213.74224853515625
18127, 213.7462615966797
18128, 213.75025939941406
18129, 213.75425720214844
18130, 213.7582550048828
18131, 213.7622528076172
18132, 213.76625061035156
18133, 213.77024841308594
18134, 213.77426147460938
18135, 213.77825927734375
18136, 213.78225708007812
18137, 213.7862548828125
18138, 213.79025268554688
18139, 213.79425048828125
18140, 213.79824829101562
18141, 213.80226135253906
18142, 213.80625915527344
18143, 213.8102569580078
18144, 213.8142547607422
18145, 213.81825256347656
18146, 213.82225036621094
18147, 213.8262481689453
18148, 213.83026123046875
18149, 213.83425903320312
18150, 213.8382568359375
18151, 213.84225463867188
18152, 213.84625244140625
18153, 213.85025024414062
18154, 213.854248046875
18155, 213.85826110839844
18156, 213.8622589111328
18157, 213.8662567138672
18158, 213.87025451660156
18159, 213.87425231933594
18160, 213.8782501220703
18161, 213.8822479248047
18162, 213.88626098632812
18163, 213.8902587890625
18164, 213.89425659179688
18165, 213.89825439453125
18166, 213.90225219726562
18167, 213.90625
18168, 213.91024780273438
18169, 213.9142608642578
18170, 213.9182586669922
18171, 213.92225646972656
18172, 213.92625427246094
18173, 213.9302520751953
18174, 213.9342498779297
18175, 213.93824768066406
18176, 213.9422607421875
18177, 213.94625854492188
18178, 213.95025634765625
18179, 213.95425415039062
18180, 213.958251953125
18181, 213.96224975585938
18182, 213.96624755859375
18183, 213.9702606201172
18184, 213.97425842285156
18185, 213.97825622558594
18186, 213.9822540283203
18187, 213.9862518310547
18188, 213.99024963378906
18189, 213.99424743652344
18190, 213.99826049804688
18191, 214.00225830078125
18192, 214.00625610351562
18193, 214.01025390625
18194, 214.01425170898438
18195, 214.01824951171875
18196, 214.0222625732422
18197, 214.02626037597656
18198, 214.03025817871094
18199, 214.0342559814453
18200, 214.0382537841797
18201, 214.04225158691406
18202, 214.04624938964844
18203, 214.05026245117188
18204, 214.05426025390625
18205, 214.05825805664062
18206, 214.062255859375
18207, 214.06625366210938
18208, 214.07025146484375
18209, 214.07424926757812
18210, 214.07826232910156
18211, 214.08226013183594
18212, 214.0862579345703
18213, 214.0902557373047
18214, 214.09425354003906
18215, 214.09825134277344
18216, 214.1022491455078
18217, 214.10626220703125
18218, 214.11026000976562
18219, 214.1142578125
18220, 214.11825561523438
18221, 214.12225341796875
18222, 214.12625122070312
18223, 214.1302490234375
18224, 214.13426208496094
18225, 214.1382598876953
18226, 214.1422576904297
18227, 214.14625549316406
18228, 214.15025329589844
18229, 214.1542510986328
18230, 214.1582489013672
18231, 214.16226196289062
18232, 214.166259765625
18233, 214.17025756835938
18234, 214.17425537109375
18235, 214.17825317382812
18236, 214.1822509765625
18237, 214.18624877929688
18238, 214.1902618408203
18239, 214.1942596435547
18240, 214.19825744628906
18241, 214.20225524902344
18242, 214.2062530517578
18243, 214.2102508544922
18244, 214.21424865722656
18245, 214.21826171875
18246, 214.22225952148438
18247, 214.22625732421875
18248, 214.23025512695312
18249, 214.2342529296875
18250, 214.23825073242188
18251, 214.24224853515625
18252, 214.2462615966797
18253, 214.25025939941406
18254, 214.25425720214844
18255, 214.2582550048828
18256, 214.2622528076172
18257, 214.26625061035156
18258, 214.27024841308594
18259, 214.27426147460938
18260, 214.27825927734375
18261, 214.28225708007812
18262, 214.2862548828125
18263, 214.29025268554688
18264, 214.29425048828125
18265, 214.29824829101562
18266, 214.30226135253906
18267, 214.30625915527344
18268, 214.3102569580078
18269, 214.3142547607422
18270, 214.31825256347656
18271, 214.32225036621094
18272, 214.3262481689453
18273, 214.33026123046875
18274, 214.33425903320312
18275, 214.3382568359375
18276, 214.34225463867188
18277, 214.34625244140625
18278, 214.35025024414062
18279, 214.354248046875
18280, 214.35826110839844
18281, 214.3622589111328
18282, 214.3662567138672
18283, 214.37025451660156
18284, 214.37425231933594
18285, 214.3782501220703
18286, 214.3822479248047
18287, 214.38626098632812
18288, 214.3902587890625
18289, 214.39425659179688
18290, 214.39825439453125
18291, 214.40225219726562
18292, 214.40625
18293, 214.41024780273438
18294, 214.4142608642578
18295, 214.4182586669922
18296, 214.42225646972656
18297, 214.42625427246094
18298, 214.4302520751953
18299, 214.4342498779297
18300, 214.43824768066406
18301, 214.4422607421875
18302, 214.44625854492188
18303, 214.45025634765625
18304, 214.45425415039062
18305, 214.458251953125
18306, 214.46224975585938
18307, 214.46624755859375
18308, 214.4702606201172
18309, 214.47425842285156
18310, 214.47825622558594
18311, 214.4822540283203
18312, 214.4862518310547
18313, 214.49024963378906
18314, 214.49424743652344
18315, 214.49826049804688
18316, 214.50225830078125
18317, 214.50625610351562
18318, 214.51025390625
18319, 214.51425170898438
18320, 214.51824951171875
18321, 214.5222625732422
18322, 214.52626037597656
18323, 214.53025817871094
18324, 214.5342559814453
18325, 214.5382537841797
18326, 214.54225158691406
18327, 214.54624938964844
18328, 214.55026245117188
18329, 214.55426025390625
18330, 214.55825805664062
18331, 214.562255859375
18332, 214.56625366210938
18333, 214.57025146484375
18334, 214.57424926757812
18335, 214.57826232910156
18336, 214.58226013183594
18337, 214.5862579345703
18338, 214.5902557373047
18339, 214.59425354003906
18340, 214.59825134277344
18341, 214.6022491455078
18342, 214.60626220703125
18343, 214.61026000976562
18344, 214.6142578125
18345, 214.61825561523438
18346, 214.62225341796875
18347, 214.62625122070312
18348, 214.6302490234375
18349, 214.63426208496094
18350, 214.6382598876953
18351, 214.6422576904297
18352, 214.64625549316406
18353, 214.65025329589844
18354, 214.6542510986328
18355, 214.6582489013672
18356, 214.66226196289062
18357, 214.666259765625
18358, 214.67025756835938
18359, 214.67425537109375
18360, 214.67825317382812
18361, 214.6822509765625
18362, 214.68624877929688
18363, 214.6902618408203
18364, 214.6942596435547
18365, 214.69825744628906
18366, 214.70225524902344
18367, 214.7062530517578
18368, 214.7102508544922
18369, 214.71424865722656
18370, 214.71826171875
18371, 214.72225952148438
18372, 214.72625732421875
18373, 214.73025512695312
18374, 214.7342529296875
18375, 214.73825073242188
18376, 214.74224853515625
18377, 214.7462615966797
18378, 214.75025939941406
18379, 214.75425720214844
18380, 214.7582550048828
18381, 214.7622528076172
18382, 214.76625061035156
18383, 214.77024841308594
18384, 214.77426147460938
18385, 214.77825927734375
18386, 214.78225708007812
18387, 214.7862548828125
18388, 214.79025268554688
18389, 214.79425048828125
18390, 214.79824829101562
18391, 214.80226135253906
18392, 214.80625915527344
18393, 214.8102569580078
18394, 214.8142547607422
18395, 214.81825256347656
18396, 214.82225036621094
18397, 214.8262481689453
18398, 214.83026123046875
18399, 214.83425903320312
18400, 214.8382568359375
18401, 214.84225463867188
18402, 214.84625244140625
18403, 214.85025024414062
18404, 214.854248046875
18405, 214.85826110839844
18406, 214.8622589111328
18407, 214.8662567138672
18408, 214.87025451660156
18409, 214.87425231933594
18410, 214.8782501220703
18411, 214.8822479248047
18412, 214.88626098632812
18413, 214.8902587890625
18414, 214.89425659179688
18415, 214.89825439453125
18416, 214.90225219726562
18417, 214.90625
18418, 214.91024780273438
18419, 214.9142608642578
18420, 214.9182586669922
18421, 214.92225646972656
18422, 214.92625427246094
18423, 214.9302520751953
18424, 214.9342498779297
18425, 214.93824768066406
18426, 214.9422607421875
18427, 214.94625854492188
18428, 214.95025634765625
18429, 214.95425415039062
18430, 214.958251953125
18431, 214.96224975585938
18432, 214.96624755859375
18433, 214.9702606201172
18434, 214.97425842285156
18435, 214.97825622558594
18436, 214.9822540283203
18437, 214.9862518310547
18438, 214.99024963378906
18439, 214.99424743652344
18440, 214.99826049804688
18441, 215.00225830078125
18442, 215.00625610351562
18443, 215.01025390625
18444, 215.01425170898438
18445, 215.01824951171875
18446, 215.0222625732422
18447, 215.02626037597656
18448, 215.03025817871094
18449, 215.0342559814453
18450, 215.0382537841797
18451, 215.04225158691406
18452, 215.04624938964844
18453, 215.05026245117188
18454, 215.05426025390625
18455, 215.05825805664062
18456, 215.062255859375
18457, 215.06625366210938
18458, 215.07025146484375
18459, 215.07424926757812
18460, 215.07826232910156
18461, 215.08226013183594
18462, 215.0862579345703
18463, 215.0902557373047
18464, 215.09425354003906
18465, 215.09825134277344
18466, 215.1022491455078
18467, 215.10626220703125
18468, 215.11026000976562
18469, 215.1142578125
18470, 215.11825561523438
18471, 215.12225341796875
18472, 215.12625122070312
18473, 215.1302490234375
18474, 215.13426208496094
18475, 215.1382598876953
18476, 215.1422576904297
18477, 215.14625549316406
18478, 215.15025329589844
18479, 215.1542510986328
18480, 215.1582489013672
18481, 215.16226196289062
18482, 215.166259765625
18483, 215.17025756835938
18484, 215.17425537109375
18485, 215.17825317382812
18486, 215.1822509765625
18487, 215.18624877929688
18488, 215.1902618408203
18489, 215.1942596435547
18490, 215.19825744628906
18491, 215.20225524902344
18492, 215.2062530517578
18493, 215.2102508544922
18494, 215.21424865722656
18495, 215.21826171875
18496, 215.22225952148438
18497, 215.22625732421875
18498, 215.23025512695312
18499, 215.2342529296875
18500, 215.23825073242188
18501, 215.24224853515625
18502, 215.2462615966797
18503, 215.25025939941406
18504, 215.25425720214844
18505, 215.2582550048828
18506, 215.2622528076172
18507, 215.26625061035156
18508, 215.27024841308594
18509, 215.27426147460938
18510, 215.27825927734375
18511, 215.28225708007812
18512, 215.2862548828125
18513, 215.29025268554688
18514, 215.29425048828125
18515, 215.29824829101562
18516, 215.30226135253906
18517, 215.30625915527344
18518, 215.3102569580078
18519, 215.3142547607422
18520, 215.31825256347656
18521, 215.32225036621094
18522, 215.3262481689453
18523, 215.33026123046875
18524, 215.33425903320312
18525, 215.3382568359375
18526, 215.34225463867188
18527, 215.34625244140625
18528, 215.35025024414062
18529, 215.354248046875
18530, 215.35826110839844
18531, 215.3622589111328
18532, 215.3662567138672
18533, 215.37025451660156
18534, 215.37425231933594
18535, 215.3782501220703
18536, 215.3822479248047
18537, 215.38626098632812
18538, 215.3902587890625
18539, 215.39425659179688
18540, 215.39825439453125
18541, 215.40225219726562
18542, 215.40625
18543, 215.41024780273438
18544, 215.4142608642578
18545, 215.4182586669922
18546, 215.42225646972656
18547, 215.42625427246094
18548, 215.4302520751953
18549, 215.4342498779297
18550, 215.43824768066406
18551, 215.4422607421875
18552, 215.44625854492188
18553, 215.45025634765625
18554, 215.45425415039062
18555, 215.458251953125
18556, 215.46224975585938
18557, 215.46624755859375
18558, 215.4702606201172
18559, 215.47425842285156
18560, 215.47825622558594
18561, 215.4822540283203
18562, 215.4862518310547
18563, 215.49024963378906
18564, 215.49424743652344
18565, 215.49826049804688
18566, 215.50225830078125
18567, 215.50625610351562
18568, 215.51025390625
18569, 215.51425170898438
18570, 215.51824951171875
18571, 215.5222625732422
18572, 215.52626037597656
18573, 215.53025817871094
18574, 215.5342559814453
18575, 215.5382537841797
18576, 215.54225158691406
18577, 215.54624938964844
18578, 215.55026245117188
18579, 215.55426025390625
18580, 215.55825805664062
18581, 215.562255859375
18582, 215.56625366210938
18583, 215.57025146484375
18584, 215.57424926757812
18585, 215.57826232910156
18586, 215.58226013183594
18587, 215.5862579345703
18588, 215.5902557373047
18589, 215.59425354003906
18590, 215.59825134277344
18591, 215.6022491455078
18592, 215.60626220703125
18593, 215.61026000976562
18594, 215.6142578125
18595, 215.61825561523438
18596, 215.62225341796875
18597, 215.62625122070312
18598, 215.6302490234375
18599, 215.63426208496094
18600, 215.6382598876953
18601, 215.6422576904297
18602, 215.64625549316406
18603, 215.65025329589844
18604, 215.6542510986328
18605, 215.6582489013672
18606, 215.66226196289062
18607, 215.666259765625
18608, 215.67025756835938
18609, 215.67425537109375
18610, 215.67825317382812
18611, 215.6822509765625
18612, 215.68624877929688
18613, 215.6902618408203
18614, 215.6942596435547
18615, 215.69825744628906
18616, 215.70225524902344
18617, 215.7062530517578
18618, 215.7102508544922
18619, 215.71424865722656
18620, 215.71826171875
18621, 215.72225952148438
18622, 215.72625732421875
18623, 215.73025512695312
18624, 215.7342529296875
18625, 215.73825073242188
18626, 215.74224853515625
18627, 215.7462615966797
18628, 215.75025939941406
18629, 215.75425720214844
18630, 215.7582550048828
18631, 215.7622528076172
18632, 215.76625061035156
18633, 215.77024841308594
18634, 215.77426147460938
18635, 215.77825927734375
18636, 215.78225708007812
18637, 215.7862548828125
18638, 215.79025268554688
18639, 215.79425048828125
18640, 215.79824829101562
18641, 215.80226135253906
18642, 215.80625915527344
18643, 215.8102569580078
18644, 215.8142547607422
18645, 215.81825256347656
18646, 215.82225036621094
18647, 215.8262481689453
18648, 215.83026123046875
18649, 215.83425903320312
18650, 215.8382568359375
18651, 215.84225463867188
18652, 215.84625244140625
18653, 215.85025024414062
18654, 215.854248046875
18655, 215.85826110839844
18656, 215.8622589111328
18657, 215.8662567138672
18658, 215.87025451660156
18659, 215.87425231933594
18660, 215.8782501220703
18661, 215.8822479248047
18662, 215.88626098632812
18663, 215.8902587890625
18664, 215.89425659179688
18665, 215.89825439453125
18666, 215.90225219726562
18667, 215.90625
18668, 215.91024780273438
18669, 215.9142608642578
18670, 215.9182586669922
18671, 215.92225646972656
18672, 215.92625427246094
18673, 215.9302520751953
18674, 215.9342498779297
18675, 215.93824768066406
18676, 215.9422607421875
18677, 215.94625854492188
18678, 215.95025634765625
18679, 215.95425415039062
18680, 215.958251953125
18681, 215.96224975585938
18682, 215.96624755859375
18683, 215.9702606201172
18684, 215.97425842285156
18685, 215.97825622558594
18686, 215.9822540283203
18687, 215.9862518310547
18688, 215.99024963378906
18689, 215.99424743652344
18690, 215.99826049804688
18691, 216.00225830078125
18692, 216.00625610351562
18693, 216.01025390625
18694, 216.01425170898438
18695, 216.01824951171875
18696, 216.0222625732422
18697, 216.02626037597656
18698, 216.03025817871094
18699, 216.0342559814453
18700, 216.0382537841797
18701, 216.04225158691406
18702, 216.04624938964844
18703, 216.05026245117188
18704, 216.05426025390625
18705, 216.05825805664062
18706, 216.062255859375
18707, 216.06625366210938
18708, 216.07025146484375
18709, 216.07424926757812
18710, 216.07826232910156
18711, 216.08226013183594
18712, 216.0862579345703
18713, 216.0902557373047
18714, 216.09425354003906
18715, 216.09825134277344
18716, 216.1022491455078
18717, 216.10626220703125
18718, 216.11026000976562
18719, 216.1142578125
18720, 216.11825561523438
18721, 216.12225341796875
18722, 216.12625122070312
18723, 216.1302490234375
18724, 216.13426208496094
18725, 216.1382598876953
18726, 216.1422576904297
18727, 216.14625549316406
18728, 216.15025329589844
18729, 216.1542510986328
18730, 216.1582489013672
18731, 216.16226196289062
18732, 216.166259765625
18733, 216.17025756835938
18734, 216.17425537109375
18735, 216.17825317382812
18736, 216.1822509765625
18737, 216.18624877929688
18738, 216.1902618408203
18739, 216.1942596435547
18740, 216.19825744628906
18741, 216.20225524902344
18742, 216.2062530517578
18743, 216.2102508544922
18744, 216.21424865722656
18745, 216.21826171875
18746, 216.22225952148438
18747, 216.22625732421875
18748, 216.23025512695312
18749, 216.2342529296875
18750, 216.23825073242188
18751, 216.24224853515625
18752, 216.2462615966797
18753, 216.25025939941406
18754, 216.25425720214844
18755, 216.2582550048828
18756, 216.2622528076172
18757, 216.26625061035156
18758, 216.27024841308594
18759, 216.27426147460938
18760, 216.27825927734375
18761, 216.28225708007812
18762, 216.2862548828125
18763, 216.29025268554688
18764, 216.29425048828125
18765, 216.29824829101562
18766, 216.30226135253906
18767, 216.30625915527344
18768, 216.3102569580078
18769, 216.3142547607422
18770, 216.31825256347656
18771, 216.32225036621094
18772, 216.3262481689453
18773, 216.33026123046875
18774, 216.33425903320312
18775, 216.3382568359375
18776, 216.34225463867188
18777, 216.34625244140625
18778, 216.35025024414062
18779, 216.354248046875
18780, 216.35826110839844
18781, 216.3622589111328
18782, 216.3662567138672
18783, 216.37025451660156
18784, 216.37425231933594
18785, 216.3782501220703
18786, 216.3822479248047
18787, 216.38626098632812
18788, 216.3902587890625
18789, 216.39425659179688
18790, 216.39825439453125
18791, 216.40225219726562
18792, 216.40625
18793, 216.41024780273438
18794, 216.4142608642578
18795, 216.4182586669922
18796, 216.42225646972656
18797, 216.42625427246094
18798, 216.4302520751953
18799, 216.4342498779297
18800, 216.43824768066406
18801, 216.4422607421875
18802, 216.44625854492188
18803, 216.45025634765625
18804, 216.45425415039062
18805, 216.458251953125
18806, 216.46224975585938
18807, 216.46624755859375
18808, 216.4702606201172
18809, 216.47425842285156
18810, 216.47825622558594
18811, 216.4822540283203
18812, 216.4862518310547
18813, 216.49024963378906
18814, 216.49424743652344
18815, 216.49826049804688
18816, 216.50225830078125
18817, 216.50625610351562
18818, 216.51025390625
18819, 216.51425170898438
18820, 216.51824951171875
18821, 216.5222625732422
18822, 216.52626037597656
18823, 216.53025817871094
18824, 216.5342559814453
18825, 216.5382537841797
18826, 216.54225158691406
18827, 216.54624938964844
18828, 216.55026245117188
18829, 216.55426025390625
18830, 216.55825805664062
18831, 216.562255859375
18832, 216.56625366210938
18833, 216.57025146484375
18834, 216.57424926757812
18835, 216.57826232910156
18836, 216.58226013183594
18837, 216.5862579345703
18838, 216.5902557373047
18839, 216.59425354003906
18840, 216.59825134277344
18841, 216.6022491455078
18842, 216.60626220703125
18843, 216.61026000976562
18844, 216.6142578125
18845, 216.61825561523438
18846, 216.62225341796875
18847, 216.62625122070312
18848, 216.6302490234375
18849, 216.63426208496094
18850, 216.6382598876953
18851, 216.6422576904297
18852, 216.64625549316406
18853, 216.65025329589844
18854, 216.6542510986328
18855, 216.6582489013672
18856, 216.66226196289062
18857, 216.666259765625
18858, 216.67025756835938
18859, 216.67425537109375
18860, 216.67825317382812
18861, 216.6822509765625
18862, 216.68624877929688
18863, 216.6902618408203
18864, 216.6942596435547
18865, 216.69825744628906
18866, 216.70225524902344
18867, 216.7062530517578
18868, 216.7102508544922
18869, 216.71424865722656
18870, 216.71826171875
18871, 216.72225952148438
18872, 216.72625732421875
18873, 216.73025512695312
18874, 216.7342529296875
18875, 216.73825073242188
18876, 216.74224853515625
18877, 216.7462615966797
18878, 216.75025939941406
18879, 216.75425720214844
18880, 216.7582550048828
18881, 216.7622528076172
18882, 216.76625061035156
18883, 216.77024841308594
18884, 216.77426147460938
18885, 216.77825927734375
18886, 216.78225708007812
18887, 216.7862548828125
18888, 216.79025268554688
18889, 216.79425048828125
18890, 216.79824829101562
18891, 216.80226135253906
18892, 216.80625915527344
18893, 216.8102569580078
18894, 216.8142547607422
18895, 216.81825256347656
18896, 216.82225036621094
18897, 216.8262481689453
18898, 216.83026123046875
18899, 216.83425903320312
18900, 216.8382568359375
18901, 216.84225463867188
18902, 216.84625244140625
18903, 216.85025024414062
18904, 216.854248046875
18905, 216.85826110839844
18906, 216.8622589111328
18907, 216.8662567138672
18908, 216.87025451660156
18909, 216.87425231933594
18910, 216.8782501220703
18911, 216.8822479248047
18912, 216.88626098632812
18913, 216.8902587890625
18914, 216.89425659179688
18915, 216.89825439453125
18916, 216.90225219726562
18917, 216.90625
18918, 216.91024780273438
18919, 216.9142608642578
18920, 216.9182586669922
18921, 216.92225646972656
18922, 216.92625427246094
18923, 216.9302520751953
18924, 216.9342498779297
18925, 216.93824768066406
18926, 216.9422607421875
18927, 216.94625854492188
18928, 216.95025634765625
18929, 216.95425415039062
18930, 216.958251953125
18931, 216.96224975585938
18932, 216.96624755859375
18933, 216.9702606201172
18934, 216.97425842285156
18935, 216.97825622558594
18936, 216.9822540283203
18937, 216.9862518310547
18938, 216.99024963378906
18939, 216.99424743652344
18940, 216.99826049804688
18941, 217.00225830078125
18942, 217.00625610351562
18943, 217.01025390625
18944, 217.01425170898438
18945, 217.01824951171875
18946, 217.0222625732422
18947, 217.02626037597656
18948, 217.03025817871094
18949, 217.0342559814453
18950, 217.0382537841797
18951, 217.04225158691406
18952, 217.04624938964844
18953, 217.05026245117188
18954, 217.05426025390625
18955, 217.05825805664062
18956, 217.062255859375
18957, 217.06625366210938
18958, 217.07025146484375
18959, 217.07424926757812
18960, 217.07826232910156
18961, 217.08226013183594
18962, 217.0862579345703
18963, 217.0902557373047
18964, 217.09425354003906
18965, 217.09825134277344
18966, 217.1022491455078
18967, 217.10626220703125
18968, 217.11026000976562
18969, 217.1142578125
18970, 217.11825561523438
18971, 217.12225341796875
18972, 217.12625122070312
18973, 217.1302490234375
18974, 217.13426208496094
18975, 217.1382598876953
18976, 217.1422576904297
18977, 217.14625549316406
18978, 217.15025329589844
18979, 217.1542510986328
18980, 217.1582489013672
18981, 217.16226196289062
18982, 217.166259765625
18983, 217.17025756835938
18984, 217.17425537109375
18985, 217.17825317382812
18986, 217.1822509765625
18987, 217.18624877929688
18988, 217.1902618408203
18989, 217.1942596435547
18990, 217.19825744628906
18991, 217.20225524902344
18992, 217.2062530517578
18993, 217.2102508544922
18994, 217.21424865722656
18995, 217.21826171875
18996, 217.22225952148438
18997, 217.22625732421875
18998, 217.23025512695312
18999, 217.2342529296875
19000, 217.23825073242188
19001, 217.24224853515625
19002, 217.2462615966797
19003, 217.25025939941406
19004, 217.25425720214844
19005, 217.2582550048828
19006, 217.2622528076172
19007, 217.26625061035156
19008, 217.27024841308594
19009, 217.27426147460938
19010, 217.27825927734375
19011, 217.28225708007812
19012, 217.2862548828125
19013, 217.29025268554688
19014, 217.29425048828125
19015, 217.29824829101562
19016, 217.30226135253906
19017, 217.30625915527344
19018, 217.3102569580078
19019, 217.3142547607422
19020, 217.31825256347656
19021, 217.32225036621094
19022, 217.3262481689453
19023, 217.33026123046875
19024, 217.33425903320312
19025, 217.3382568359375
19026, 217.34225463867188
19027, 217.34625244140625
19028, 217.35025024414062
19029, 217.354248046875
19030, 217.35826110839844
19031, 217.3622589111328
19032, 217.3662567138672
19033, 217.37025451660156
19034, 217.37425231933594
19035, 217.3782501220703
19036, 217.3822479248047
19037, 217.38626098632812
19038, 217.3902587890625
19039, 217.39425659179688
19040, 217.39825439453125
19041, 217.40225219726562
19042, 217.40625
19043, 217.41024780273438
19044, 217.4142608642578
19045, 217.4182586669922
19046, 217.42225646972656
19047, 217.42625427246094
19048, 217.4302520751953
19049, 217.4342498779297
19050, 217.43824768066406
19051, 217.4422607421875
19052, 217.44625854492188
19053, 217.45025634765625
19054, 217.45425415039062
19055, 217.458251953125
19056, 217.46224975585938
19057, 217.46624755859375
19058, 217.4702606201172
19059, 217.47425842285156
19060, 217.47825622558594
19061, 217.4822540283203
19062, 217.4862518310547
19063, 217.49024963378906
19064, 217.49424743652344
19065, 217.49826049804688
19066, 217.50225830078125
19067, 217.50625610351562
19068, 217.51025390625
19069, 217.51425170898438
19070, 217.51824951171875
19071, 217.5222625732422
19072, 217.52626037597656
19073, 217.53025817871094
19074, 217.5342559814453
19075, 217.5382537841797
19076, 217.54225158691406
19077, 217.54624938964844
19078, 217.55026245117188
19079, 217.55426025390625
19080, 217.55825805664062
19081, 217.562255859375
19082, 217.56625366210938
19083, 217.57025146484375
19084, 217.57424926757812
19085, 217.57826232910156
19086, 217.58226013183594
19087, 217.5862579345703
19088, 217.5902557373047
19089, 217.59425354003906
19090, 217.59825134277344
19091, 217.6022491455078
19092, 217.60626220703125
19093, 217.61026000976562
19094, 217.6142578125
19095, 217.61825561523438
19096, 217.62225341796875
19097, 217.62625122070312
19098, 217.6302490234375
19099, 217.63426208496094
19100, 217.6382598876953
19101, 217.6422576904297
19102, 217.64625549316406
19103, 217.65025329589844
19104, 217.6542510986328
19105, 217.6582489013672
19106, 217.66226196289062
19107, 217.666259765625
19108, 217.67025756835938
19109, 217.67425537109375
19110, 217.67825317382812
19111, 217.6822509765625
19112, 217.68624877929688
19113, 217.6902618408203
19114, 217.6942596435547
19115, 217.69825744628906
19116, 217.70225524902344
19117, 217.7062530517578
19118, 217.7102508544922
19119, 217.71424865722656
19120, 217.71826171875
19121, 217.72225952148438
19122, 217.72625732421875
19123, 217.73025512695312
19124, 217.7342529296875
19125, 217.73825073242188
19126, 217.74224853515625
19127, 217.7462615966797
19128, 217.75025939941406
19129, 217.75425720214844
19130, 217.7582550048828
19131, 217.7622528076172
19132, 217.76625061035156
19133, 217.77024841308594
19134, 217.77426147460938
19135, 217.77825927734375
19136, 217.78225708007812
19137, 217.7862548828125
19138, 217.79025268554688
19139, 217.79425048828125
19140, 217.79824829101562
19141, 217.80226135253906
19142, 217.80625915527344
19143, 217.8102569580078
19144, 217.8142547607422
19145, 217.81825256347656
19146, 217.82225036621094
19147, 217.8262481689453
19148, 217.83026123046875
19149, 217.83425903320312
19150, 217.8382568359375
19151, 217.84225463867188
19152, 217.84625244140625
19153, 217.85025024414062
19154, 217.854248046875
19155, 217.85826110839844
19156, 217.8622589111328
19157, 217.8662567138672
19158, 217.87025451660156
19159, 217.87425231933594
19160, 217.8782501220703
19161, 217.8822479248047
19162, 217.88626098632812
19163, 217.8902587890625
19164, 217.89425659179688
19165, 217.89825439453125
19166, 217.90225219726562
19167, 217.90625
19168, 217.91024780273438
19169, 217.9142608642578
19170, 217.9182586669922
19171, 217.92225646972656
19172, 217.92625427246094
19173, 217.9302520751953
19174, 217.9342498779297
19175, 217.93824768066406
19176, 217.9422607421875
19177, 217.94625854492188
19178, 217.95025634765625
19179, 217.95425415039062
19180, 217.958251953125
19181, 217.96224975585938
19182, 217.96624755859375
19183, 217.9702606201172
19184, 217.97425842285156
19185, 217.97825622558594
19186, 217.9822540283203
19187, 217.9862518310547
19188, 217.99024963378906
19189, 217.99424743652344
19190, 217.99826049804688
19191, 218.00225830078125
19192, 218.00625610351562
19193, 218.01025390625
19194, 218.01425170898438
19195, 218.01824951171875
19196, 218.0222625732422
19197, 218.02626037597656
19198, 218.03025817871094
19199, 218.0342559814453
19200, 218.0382537841797
19201, 218.04225158691406
19202, 218.04624938964844
19203, 218.05026245117188
19204, 218.05426025390625
19205, 218.05825805664062
19206, 218.062255859375
19207, 218.06625366210938
19208, 218.07025146484375
19209, 218.07424926757812
19210, 218.07826232910156
19211, 218.08226013183594
19212, 218.0862579345703
19213, 218.0902557373047
19214, 218.09425354003906
19215, 218.09825134277344
19216, 218.1022491455078
19217, 218.10626220703125
19218, 218.11026000976562
19219, 218.1142578125
19220, 218.11825561523438
19221, 218.12225341796875
19222, 218.12625122070312
19223, 218.1302490234375
19224, 218.13426208496094
19225, 218.1382598876953
19226, 218.1422576904297
19227, 218.14625549316406
19228, 218.15025329589844
19229, 218.1542510986328
19230, 218.1582489013672
19231, 218.16226196289062
19232, 218.166259765625
19233, 218.17025756835938
19234, 218.17425537109375
19235, 218.17825317382812
19236, 218.1822509765625
19237, 218.18624877929688
19238, 218.1902618408203
19239, 218.1942596435547
19240, 218.19825744628906
19241, 218.20225524902344
19242, 218.2062530517578
19243, 218.2102508544922
19244, 218.21424865722656
19245, 218.21826171875
19246, 218.22225952148438
19247, 218.22625732421875
19248, 218.23025512695312
19249, 218.2342529296875
19250, 218.23825073242188
19251, 218.24224853515625
19252, 218.2462615966797
19253, 218.25025939941406
19254, 218.25425720214844
19255, 218.2582550048828
19256, 218.2622528076172
19257, 218.26625061035156
19258, 218.27024841308594
19259, 218.27426147460938
19260, 218.27825927734375
19261, 218.28225708007812
19262, 218.2862548828125
19263, 218.29025268554688
19264, 218.29425048828125
19265, 218.29824829101562
19266, 218.30226135253906
19267, 218.30625915527344
19268, 218.3102569580078
19269, 218.3142547607422
19270, 218.31825256347656
19271, 218.32225036621094
19272, 218.3262481689453
19273, 218.33026123046875
19274, 218.33425903320312
19275, 218.3382568359375
19276, 218.34225463867188
19277, 218.34625244140625
19278, 218.35025024414062
19279, 218.354248046875
19280, 218.35826110839844
19281, 218.3622589111328
19282, 218.3662567138672
19283, 218.37025451660156
19284, 218.37425231933594
19285, 218.3782501220703
19286, 218.3822479248047
19287, 218.38626098632812
19288, 218.3902587890625
19289, 218.39425659179688
19290, 218.39825439453125
19291, 218.40225219726562
19292, 218.40625
19293, 218.41024780273438
19294, 218.4142608642578
19295, 218.4182586669922
19296, 218.42225646972656
19297, 218.42625427246094
19298, 218.4302520751953
19299, 218.4342498779297
19300, 218.43824768066406
19301, 218.4422607421875
19302, 218.44625854492188
19303, 218.45025634765625
19304, 218.45425415039062
19305, 218.458251953125
19306, 218.46224975585938
19307, 218.46624755859375
19308, 218.4702606201172
19309, 218.47425842285156
19310, 218.47825622558594
19311, 218.4822540283203
19312, 218.4862518310547
19313, 218.49024963378906
19314, 218.49424743652344
19315, 218.49826049804688
19316, 218.50225830078125
19317, 218.50625610351562
19318, 218.51025390625
19319, 218.51425170898438
19320, 218.51824951171875
19321, 218.5222625732422
19322, 218.52626037597656
19323, 218.53025817871094
19324, 218.5342559814453
19325, 218.5382537841797
19326, 218.54225158691406
19327, 218.54624938964844
19328, 218.55026245117188
19329, 218.55426025390625
19330, 218.55825805664062
19331, 218.562255859375
19332, 218.56625366210938
19333, 218.57025146484375
19334, 218.57424926757812
19335, 218.57826232910156
19336, 218.58226013183594
19337, 218.5862579345703
19338, 218.5902557373047
19339, 218.59425354003906
19340, 218.59825134277344
19341, 218.6022491455078
19342, 218.60626220703125
19343, 218.61026000976562
19344, 218.6142578125
19345, 218.61825561523438
19346, 218.62225341796875
19347, 218.62625122070312
19348, 218.6302490234375
19349, 218.63426208496094
19350, 218.6382598876953
19351, 218.6422576904297
19352, 218.64625549316406
19353, 218.65025329589844
19354, 218.6542510986328
19355, 218.6582489013672
19356, 218.66226196289062
19357, 218.666259765625
19358, 218.67025756835938
19359, 218.67425537109375
19360, 218.67825317382812
19361, 218.6822509765625
19362, 218.68624877929688
19363, 218.6902618408203
19364, 218.6942596435547
19365, 218.69825744628906
19366, 218.70225524902344
19367, 218.7062530517578
19368, 218.7102508544922
19369, 218.71424865722656
19370, 218.71826171875
19371, 218.72225952148438
19372, 218.72625732421875
19373, 218.73025512695312
19374, 218.7342529296875
19375, 218.73825073242188
19376, 218.74224853515625
19377, 218.7462615966797
19378, 218.75025939941406
19379, 218.75425720214844
19380, 218.7582550048828
19381, 218.7622528076172
19382, 218.76625061035156
19383, 218.77024841308594
19384, 218.77426147460938
19385, 218.77825927734375
19386, 218.78225708007812
19387, 218.7862548828125
19388, 218.79025268554688
19389, 218.79425048828125
19390, 218.79824829101562
19391, 218.80226135253906
19392, 218.80625915527344
19393, 218.8102569580078
19394, 218.8142547607422
19395, 218.81825256347656
19396, 218.82225036621094
19397, 218.8262481689453
19398, 218.83026123046875
19399, 218.83425903320312
19400, 218.8382568359375
19401, 218.84225463867188
19402, 218.84625244140625
19403, 218.85025024414062
19404, 218.854248046875
19405, 218.85826110839844
19406, 218.8622589111328
19407, 218.8662567138672
19408, 218.87025451660156
19409, 218.87425231933594
19410, 218.8782501220703
19411, 218.8822479248047
19412, 218.88626098632812
19413, 218.8902587890625
19414, 218.89425659179688
19415, 218.89825439453125
19416, 218.90225219726562
19417, 218.90625
19418, 218.91024780273438
19419, 218.9142608642578
19420, 218.9182586669922
19421, 218.92225646972656
19422, 218.92625427246094
19423, 218.9302520751953
19424, 218.9342498779297
19425, 218.93824768066406
19426, 218.9422607421875
19427, 218.94625854492188
19428, 218.95025634765625
19429, 218.95425415039062
19430, 218.958251953125
19431, 218.96224975585938
19432, 218.96624755859375
19433, 218.9702606201172
19434, 218.97425842285156
19435, 218.97825622558594
19436, 218.9822540283203
19437, 218.9862518310547
19438, 218.99024963378906
19439, 218.99424743652344
19440, 218.99826049804688
19441, 219.00225830078125
19442, 219.00625610351562
19443, 219.01025390625
19444, 219.01425170898438
19445, 219.01824951171875
19446, 219.0222625732422
19447, 219.02626037597656
19448, 219.03025817871094
19449, 219.0342559814453
19450, 219.0382537841797
19451, 219.04225158691406
19452, 219.04624938964844
19453, 219.05026245117188
19454, 219.05426025390625
19455, 219.05825805664062
19456, 219.062255859375
19457, 219.06625366210938
19458, 219.07025146484375
19459, 219.07424926757812
19460, 219.07826232910156
19461, 219.08226013183594
19462, 219.0862579345703
19463, 219.0902557373047
19464, 219.09425354003906
19465, 219.09825134277344
19466, 219.1022491455078
19467, 219.10626220703125
19468, 219.11026000976562
19469, 219.1142578125
19470, 219.11825561523438
19471, 219.12225341796875
19472, 219.12625122070312
19473, 219.1302490234375
19474, 219.13426208496094
19475, 219.1382598876953
19476, 219.1422576904297
19477, 219.14625549316406
19478, 219.15025329589844
19479, 219.1542510986328
19480, 219.1582489013672
19481, 219.16226196289062
19482, 219.166259765625
19483, 219.17025756835938
19484, 219.17425537109375
19485, 219.17825317382812
19486, 219.1822509765625
19487, 219.18624877929688
19488, 219.1902618408203
19489, 219.1942596435547
19490, 219.19825744628906
19491, 219.20225524902344
19492, 219.2062530517578
19493, 219.2102508544922
19494, 219.21424865722656
19495, 219.21826171875
19496, 219.22225952148438
19497, 219.22625732421875
19498, 219.23025512695312
19499, 219.2342529296875
19500, 219.23825073242188
19501, 219.24224853515625
19502, 219.2462615966797
19503, 219.25025939941406
19504, 219.25425720214844
19505, 219.2582550048828
19506, 219.2622528076172
19507, 219.26625061035156
19508, 219.27024841308594
19509, 219.27426147460938
19510, 219.27825927734375
19511, 219.28225708007812
19512, 219.2862548828125
19513, 219.29025268554688
19514, 219.29425048828125
19515, 219.29824829101562
19516, 219.30226135253906
19517, 219.30625915527344
19518, 219.3102569580078
19519, 219.3142547607422
19520, 219.31825256347656
19521, 219.32225036621094
19522, 219.3262481689453
19523, 219.33026123046875
19524, 219.33425903320312
19525, 219.3382568359375
19526, 219.34225463867188
19527, 219.34625244140625
19528, 219.35025024414062
19529, 219.354248046875
19530, 219.35826110839844
19531, 219.3622589111328
19532, 219.3662567138672
19533, 219.37025451660156
19534, 219.37425231933594
19535, 219.3782501220703
19536, 219.3822479248047
19537, 219.38626098632812
19538, 219.3902587890625
19539, 219.39425659179688
19540, 219.39825439453125
19541, 219.40225219726562
19542, 219.40625
19543, 219.41024780273438
19544, 219.4142608642578
19545, 219.4182586669922
19546, 219.42225646972656
19547, 219.42625427246094
19548, 219.4302520751953
19549, 219.4342498779297
19550, 219.43824768066406
19551, 219.4422607421875
19552, 219.44625854492188
19553, 219.45025634765625
19554, 219.45425415039062
19555, 219.458251953125
19556, 219.46224975585938
19557, 219.46624755859375
19558, 219.4702606201172
19559, 219.47425842285156
19560, 219.47825622558594
19561, 219.4822540283203
19562, 219.4862518310547
19563, 219.49024963378906
19564, 219.49424743652344
19565, 219.49826049804688
19566, 219.50225830078125
19567, 219.50625610351562
19568, 219.51025390625
19569, 219.51425170898438
19570, 219.51824951171875
19571, 219.5222625732422
19572, 219.52626037597656
19573, 219.53025817871094
19574, 219.5342559814453
19575, 219.5382537841797
19576, 219.54225158691406
19577, 219.54624938964844
19578, 219.55026245117188
19579, 219.55426025390625
19580, 219.55825805664062
19581, 219.562255859375
19582, 219.56625366210938
19583, 219.57025146484375
19584, 219.57424926757812
19585, 219.57826232910156
19586, 219.58226013183594
19587, 219.5862579345703
19588, 219.5902557373047
19589, 219.59425354003906
19590, 219.59825134277344
19591, 219.6022491455078
19592, 219.60626220703125
19593, 219.61026000976562
19594, 219.6142578125
19595, 219.61825561523438
19596, 219.62225341796875
19597, 219.62625122070312
19598, 219.6302490234375
19599, 219.63426208496094
19600, 219.6382598876953
19601, 219.6422576904297
19602, 219.64625549316406
19603, 219.65025329589844
19604, 219.6542510986328
19605, 219.6582489013672
19606, 219.66226196289062
19607, 219.666259765625
19608, 219.67025756835938
19609, 219.67425537109375
19610, 219.67825317382812
19611, 219.6822509765625
19612, 219.68624877929688
19613, 219.6902618408203
19614, 219.6942596435547
19615, 219.69825744628906
19616, 219.70225524902344
19617, 219.7062530517578
19618, 219.7102508544922
19619, 219.71424865722656
19620, 219.71826171875
19621, 219.72225952148438
19622, 219.72625732421875
19623, 219.73025512695312
19624, 219.7342529296875
19625, 219.73825073242188
19626, 219.74224853515625
19627, 219.7462615966797
19628, 219.75025939941406
19629, 219.75425720214844
19630, 219.7582550048828
19631, 219.7622528076172
19632, 219.76625061035156
19633, 219.77024841308594
19634, 219.77426147460938
19635, 219.77825927734375
19636, 219.78225708007812
19637, 219.7862548828125
19638, 219.79025268554688
19639, 219.79425048828125
19640, 219.79824829101562
19641, 219.80226135253906
19642, 219.80625915527344
19643, 219.8102569580078
19644, 219.8142547607422
19645, 219.81825256347656
19646, 219.82225036621094
19647, 219.8262481689453
19648, 219.83026123046875
19649, 219.83425903320312
19650, 219.8382568359375
19651, 219.84225463867188
19652, 219.84625244140625
19653, 219.85025024414062
19654, 219.854248046875
19655, 219.85826110839844
19656, 219.8622589111328
19657, 219.8662567138672
19658, 219.87025451660156
19659, 219.87425231933594
19660, 219.8782501220703
19661, 219.8822479248047
19662, 219.88626098632812
19663, 219.8902587890625
19664, 219.89425659179688
19665, 219.89825439453125
19666, 219.90225219726562
19667, 219.90625
19668, 219.91024780273438
19669, 219.9142608642578
19670, 219.9182586669922
19671, 219.92225646972656
19672, 219.92625427246094
19673, 219.9302520751953
19674, 219.9342498779297
19675, 219.93824768066406
19676, 219.9422607421875
19677, 219.94625854492188
19678, 219.95025634765625
19679, 219.95425415039062
19680, 219.958251953125
19681, 219.96224975585938
19682, 219.96624755859375
19683, 219.9702606201172
19684, 219.97425842285156
19685, 219.97825622558594
19686, 219.9822540283203
19687, 219.9862518310547
19688, 219.99024963378906
19689, 219.99424743652344
19690, 219.99826049804688
19691, 220.00225830078125
19692, 220.00625610351562
19693, 220.01025390625
19694, 220.01425170898438
19695, 220.01824951171875
19696, 220.0222625732422
19697, 220.02626037597656
19698, 220.03025817871094
19699, 220.0342559814453
19700, 220.0382537841797
19701, 220.04225158691406
19702, 220.04624938964844
19703, 220.05026245117188
19704, 220.05426025390625
19705, 220.05825805664062
19706, 220.062255859375
19707, 220.06625366210938
19708, 220.07025146484375
19709, 220.07424926757812
19710, 220.07826232910156
19711, 220.08226013183594
19712, 220.0862579345703
19713, 220.0902557373047
19714, 220.09425354003906
19715, 220.09825134277344
19716, 220.1022491455078
19717, 220.10626220703125
19718, 220.11026000976562
19719, 220.1142578125
19720, 220.11825561523438
19721, 220.12225341796875
19722, 220.12625122070312
19723, 220.1302490234375
19724, 220.13426208496094
19725, 220.1382598876953
19726, 220.1422576904297
19727, 220.14625549316406
19728, 220.15025329589844
19729, 220.1542510986328
19730, 220.1582489013672
19731, 220.16226196289062
19732, 220.166259765625
19733, 220.17025756835938
19734, 220.17425537109375
19735, 220.17825317382812
19736, 220.1822509765625
19737, 220.18624877929688
19738, 220.1902618408203
19739, 220.1942596435547
19740, 220.19825744628906
19741, 220.20225524902344
19742, 220.2062530517578
19743, 220.2102508544922
19744, 220.21424865722656
19745, 220.21826171875
19746, 220.22225952148438
19747, 220.22625732421875
19748, 220.23025512695312
19749, 220.2342529296875
19750, 220.23825073242188
19751, 220.24224853515625
19752, 220.2462615966797
19753, 220.25025939941406
19754, 220.25425720214844
19755, 220.2582550048828
19756, 220.2622528076172
19757, 220.26625061035156
19758, 220.27024841308594
19759, 220.27426147460938
19760, 220.27825927734375
19761, 220.28225708007812
19762, 220.2862548828125
19763, 220.29025268554688
19764, 220.29425048828125
19765, 220.29824829101562
19766, 220.30226135253906
19767, 220.30625915527344
19768, 220.3102569580078
19769, 220.3142547607422
19770, 220.31825256347656
19771, 220.32225036621094
19772, 220.3262481689453
19773, 220.33026123046875
19774, 220.33425903320312
19775, 220.3382568359375
19776, 220.34225463867188
19777, 220.34625244140625
19778, 220.35025024414062
19779, 220.354248046875
19780, 220.35826110839844
19781, 220.3622589111328
19782, 220.3662567138672
19783, 220.37025451660156
19784, 220.37425231933594
19785, 220.3782501220703
19786, 220.3822479248047
19787, 220.38626098632812
19788, 220.3902587890625
19789, 220.39425659179688
19790, 220.39825439453125
19791, 220.40225219726562
19792, 220.40625
19793, 220.41024780273438
19794, 220.4142608642578
19795, 220.4182586669922
19796, 220.42225646972656
19797, 220.42625427246094
19798, 220.4302520751953
19799, 220.4342498779297
19800, 220.43824768066406
19801, 220.4422607421875
19802, 220.44625854492188
19803, 220.45025634765625
19804, 220.45425415039062
19805, 220.458251953125
19806, 220.46224975585938
19807, 220.46624755859375
19808, 220.4702606201172
19809, 220.47425842285156
19810, 220.47825622558594
19811, 220.4822540283203
19812, 220.4862518310547
19813, 220.49024963378906
19814, 220.49424743652344
19815, 220.49826049804688
19816, 220.50225830078125
19817, 220.50625610351562
19818, 220.51025390625
19819, 220.51425170898438
19820, 220.51824951171875
19821, 220.5222625732422
19822, 220.52626037597656
19823, 220.53025817871094
19824, 220.5342559814453
19825, 220.5382537841797
19826, 220.54225158691406
19827, 220.54624938964844
19828, 220.55026245117188
19829, 220.55426025390625
19830, 220.55825805664062
19831, 220.562255859375
19832, 220.56625366210938
19833, 220.57025146484375
19834, 220.57424926757812
19835, 220.57826232910156
19836, 220.58226013183594
19837, 220.5862579345703
19838, 220.5902557373047
19839, 220.59425354003906
19840, 220.59825134277344
19841, 220.6022491455078
19842, 220.60626220703125
19843, 220.61026000976562
19844, 220.6142578125
19845, 220.61825561523438
19846, 220.62225341796875
19847, 220.62625122070312
19848, 220.6302490234375
19849, 220.63426208496094
19850, 220.6382598876953
19851, 220.6422576904297
19852, 220.64625549316406
19853, 220.65025329589844
19854, 220.6542510986328
19855, 220.6582489013672
19856, 220.66226196289062
19857, 220.666259765625
19858, 220.67025756835938
19859, 220.67425537109375
19860, 220.67825317382812
19861, 220.6822509765625
19862, 220.68624877929688
19863, 220.6902618408203
19864, 220.6942596435547
19865, 220.69825744628906
19866, 220.70225524902344
19867, 220.7062530517578
19868, 220.7102508544922
19869, 220.71424865722656
19870, 220.71826171875
19871, 220.72225952148438
19872, 220.72625732421875
19873, 220.73025512695312
19874, 220.7342529296875
19875, 220.73825073242188
19876, 220.74224853515625
19877, 220.7462615966797
19878, 220.75025939941406
19879, 220.75425720214844
19880, 220.7582550048828
19881, 220.7622528076172
19882, 220.76625061035156
19883, 220.77024841308594
19884, 220.77426147460938
19885, 220.77825927734375
19886, 220.78225708007812
19887, 220.7862548828125
19888, 220.79025268554688
19889, 220.79425048828125
19890, 220.79824829101562
19891, 220.80226135253906
19892, 220.80625915527344
19893, 220.8102569580078
19894, 220.8142547607422
19895, 220.81825256347656
19896, 220.82225036621094
19897, 220.8262481689453
19898, 220.83026123046875
19899, 220.83425903320312
19900, 220.8382568359375
19901, 220.84225463867188
19902, 220.84625244140625
19903, 220.85025024414062
19904, 220.854248046875
19905, 220.85826110839844
19906, 220.8622589111328
19907, 220.8662567138672
19908, 220.87025451660156
19909, 220.87425231933594
19910, 220.8782501220703
19911, 220.8822479248047
19912, 220.88626098632812
19913, 220.8902587890625
19914, 220.89425659179688
19915, 220.89825439453125
19916, 220.90225219726562
19917, 220.90625
19918, 220.91024780273438
19919, 220.9142608642578
19920, 220.9182586669922
19921, 220.92225646972656
19922, 220.92625427246094
19923, 220.9302520751953
19924, 220.9342498779297
19925, 220.93824768066406
19926, 220.9422607421875
19927, 220.94625854492188
19928, 220.95025634765625
19929, 220.95425415039062
19930, 220.958251953125
19931, 220.96224975585938
19932, 220.96624755859375
19933, 220.9702606201172
19934, 220.97425842285156
19935, 220.97825622558594
19936, 220.9822540283203
19937, 220.9862518310547
19938, 220.99024963378906
19939, 220.99424743652344
19940, 220.99826049804688
19941, 221.00225830078125
19942, 221.00625610351562
19943, 221.01025390625
19944, 221.01425170898438
19945, 221.01824951171875
19946, 221.0222625732422
19947, 221.02626037597656
19948, 221.03025817871094
19949, 221.0342559814453
19950, 221.0382537841797
19951, 221.04225158691406
19952, 221.04624938964844
19953, 221.05026245117188
19954, 221.05426025390625
19955, 221.05825805664062
19956, 221.062255859375
19957, 221.06625366210938
19958, 221.07025146484375
19959, 221.07424926757812
19960, 221.07826232910156
19961, 221.08226013183594
19962, 221.0862579345703
19963, 221.0902557373047
19964, 221.09425354003906
19965, 221.09825134277344
19966, 221.1022491455078
19967, 221.10626220703125
19968, 221.11026000976562
19969, 221.1142578125
19970, 221.11825561523438
19971, 221.12225341796875
19972, 221.12625122070312
19973, 221.1302490234375
19974, 221.13426208496094
19975, 221.1382598876953
19976, 221.1422576904297
19977, 221.14625549316406
19978, 221.15025329589844
19979, 221.1542510986328
19980, 221.1582489013672
19981, 221.16226196289062
19982, 221.166259765625
19983, 221.17025756835938
19984, 221.17425537109375
19985, 221.17825317382812
19986, 221.1822509765625
19987, 221.18624877929688
19988, 221.1902618408203
19989, 221.1942596435547
19990, 221.19825744628906
19991, 221.20225524902344
19992, 221.2062530517578
19993, 221.2102508544922
19994, 221.21424865722656
19995, 221.21826171875
19996, 221.22225952148438
19997, 221.22625732421875
19998, 221.23025512695312
19999, 221.2342529296875
20000, 221.23825073242188
20001, 221.24224853515625
20002, 221.2462615966797
20003, 221.25025939941406
20004, 221.25425720214844
20005, 221.2582550048828
20006, 221.2622528076172
20007, 221.26625061035156
20008, 221.27024841308594
20009, 221.27426147460938
20010, 221.27825927734375
20011, 221.28225708007812
20012, 221.2862548828125
20013, 221.29025268554688
20014, 221.29425048828125
20015, 221.29824829101562
20016, 221.30226135253906
20017, 221.30625915527344
20018, 221.3102569580078
20019, 221.3142547607422
20020, 221.31825256347656
20021, 221.32225036621094
20022, 221.3262481689453
20023, 221.33026123046875
20024, 221.33425903320312
20025, 221.3382568359375
20026, 221.34225463867188
20027, 221.34625244140625
20028, 221.35025024414062
20029, 221.354248046875
20030, 221.35826110839844
20031, 221.3622589111328
20032, 221.3662567138672
20033, 221.37025451660156
20034, 221.37425231933594
20035, 221.3782501220703
20036, 221.3822479248047
20037, 221.38626098632812
20038, 221.3902587890625
20039, 221.39425659179688
20040, 221.39825439453125
20041, 221.40225219726562
20042, 221.40625
20043, 221.41024780273438
20044, 221.4142608642578
20045, 221.4182586669922
20046, 221.42225646972656
20047, 221.42625427246094
20048, 221.4302520751953
20049, 221.4342498779297
20050, 221.43824768066406
20051, 221.4422607421875
20052, 221.44625854492188
20053, 221.45025634765625
20054, 221.45425415039062
20055, 221.458251953125
20056, 221.46224975585938
20057, 221.46624755859375
20058, 221.4702606201172
20059, 221.47425842285156
20060, 221.47825622558594
20061, 221.4822540283203
20062, 221.4862518310547
20063, 221.49024963378906
20064, 221.49424743652344
20065, 221.49826049804688
20066, 221.50225830078125
20067, 221.50625610351562
20068, 221.51025390625
20069, 221.51425170898438
20070, 221.51824951171875
20071, 221.5222625732422
20072, 221.52626037597656
20073, 221.53025817871094
20074, 221.5342559814453
20075, 221.5382537841797
20076, 221.54225158691406
20077, 221.54624938964844
20078, 221.55026245117188
20079, 221.55426025390625
20080, 221.55825805664062
20081, 221.562255859375
20082, 221.56625366210938
20083, 221.57025146484375
20084, 221.57424926757812
20085, 221.57826232910156
20086, 221.58226013183594
20087, 221.5862579345703
20088, 221.5902557373047
20089, 221.59425354003906
20090, 221.59825134277344
20091, 221.6022491455078
20092, 221.60626220703125
20093, 221.61026000976562
20094, 221.6142578125
20095, 221.61825561523438
20096, 221.62225341796875
20097, 221.62625122070312
20098, 221.6302490234375
20099, 221.63426208496094
20100, 221.6382598876953
20101, 221.6422576904297
20102, 221.64625549316406
20103, 221.65025329589844
20104, 221.6542510986328
20105, 221.6582489013672
20106, 221.66226196289062
20107, 221.666259765625
20108, 221.67025756835938
20109, 221.67425537109375
20110, 221.67825317382812
20111, 221.6822509765625
20112, 221.68624877929688
20113, 221.6902618408203
20114, 221.6942596435547
20115, 221.69825744628906
20116, 221.70225524902344
20117, 221.7062530517578
20118, 221.7102508544922
20119, 221.71424865722656
20120, 221.71826171875
20121, 221.72225952148438
20122, 221.72625732421875
20123, 221.73025512695312
20124, 221.7342529296875
20125, 221.73825073242188
20126, 221.74224853515625
20127, 221.7462615966797
20128, 221.75025939941406
20129, 221.75425720214844
20130, 221.7582550048828
20131, 221.7622528076172
20132, 221.76625061035156
20133, 221.77024841308594
20134, 221.77426147460938
20135, 221.77825927734375
20136, 221.78225708007812
20137, 221.7862548828125
20138, 221.79025268554688
20139, 221.79425048828125
20140, 221.79824829101562
20141, 221.80226135253906
20142, 221.80625915527344
20143, 221.8102569580078
20144, 221.8142547607422
20145, 221.81825256347656
20146, 221.82225036621094
20147, 221.8262481689453
20148, 221.83026123046875
20149, 221.83425903320312
20150, 221.8382568359375
20151, 221.84225463867188
20152, 221.84625244140625
20153, 221.85025024414062
20154, 221.854248046875
20155, 221.85826110839844
20156, 221.8622589111328
20157, 221.8662567138672
20158, 221.87025451660156
20159, 221.87425231933594
20160, 221.8782501220703
20161, 221.8822479248047
20162, 221.88626098632812
20163, 221.8902587890625
20164, 221.89425659179688
20165, 221.89825439453125
20166, 221.90225219726562
20167, 221.90625
20168, 221.91024780273438
20169, 221.9142608642578
20170, 221.9182586669922
20171, 221.92225646972656
20172, 221.92625427246094
20173, 221.9302520751953
20174, 221.9342498779297
20175, 221.93824768066406
20176, 221.9422607421875
20177, 221.94625854492188
20178, 221.95025634765625
20179, 221.95425415039062
20180, 221.958251953125
20181, 221.96224975585938
20182, 221.96624755859375
20183, 221.9702606201172
20184, 221.97425842285156
20185, 221.97825622558594
20186, 221.9822540283203
20187, 221.9862518310547
20188, 221.99024963378906
20189, 221.99424743652344
20190, 221.99826049804688
20191, 222.00225830078125
20192, 222.00625610351562
20193, 222.01025390625
20194, 222.01425170898438
20195, 222.01824951171875
20196, 222.0222625732422
20197, 222.02626037597656
20198, 222.03025817871094
20199, 222.0342559814453
20200, 222.0382537841797
20201, 222.04225158691406
20202, 222.04624938964844
20203, 222.05026245117188
20204, 222.05426025390625
20205, 222.05825805664062
20206, 222.062255859375
20207, 222.06625366210938
20208, 222.07025146484375
20209, 222.07424926757812
20210, 222.07826232910156
20211, 222.08226013183594
20212, 222.0862579345703
20213, 222.0902557373047
20214, 222.09425354003906
20215, 222.09825134277344
20216, 222.1022491455078
20217, 222.10626220703125
20218, 222.11026000976562
20219, 222.1142578125
20220, 222.11825561523438
20221, 222.12225341796875
20222, 222.12625122070312
20223, 222.1302490234375
20224, 222.13426208496094
20225, 222.1382598876953
20226, 222.1422576904297
20227, 222.14625549316406
20228, 222.15025329589844
20229, 222.1542510986328
20230, 222.1582489013672
20231, 222.16226196289062
20232, 222.166259765625
20233, 222.17025756835938
20234, 222.17425537109375
20235, 222.17825317382812
20236, 222.1822509765625
20237, 222.18624877929688
20238, 222.1902618408203
20239, 222.1942596435547
20240, 222.19825744628906
20241, 222.20225524902344
20242, 222.2062530517578
20243, 222.2102508544922
20244, 222.21424865722656
20245, 222.21826171875
20246, 222.22225952148438
20247, 222.22625732421875
20248, 222.23025512695312
20249, 222.2342529296875
20250, 222.23825073242188
20251, 222.24224853515625
20252, 222.2462615966797
20253, 222.25025939941406
20254, 222.25425720214844
20255, 222.2582550048828
20256, 222.2622528076172
20257, 222.26625061035156
20258, 222.27024841308594
20259, 222.27426147460938
20260, 222.27825927734375
20261, 222.28225708007812
20262, 222.2862548828125
20263, 222.29025268554688
20264, 222.29425048828125
20265, 222.29824829101562
20266, 222.30226135253906
20267, 222.30625915527344
20268, 222.3102569580078
20269, 222.3142547607422
20270, 222.31825256347656
20271, 222.32225036621094
20272, 222.3262481689453
20273, 222.33026123046875
20274, 222.33425903320312
20275, 222.3382568359375
20276, 222.34225463867188
20277, 222.34625244140625
20278, 222.35025024414062
20279, 222.354248046875
20280, 222.35826110839844
20281, 222.3622589111328
20282, 222.3662567138672
20283, 222.37025451660156
20284, 222.37425231933594
20285, 222.3782501220703
20286, 222.3822479248047
20287, 222.38626098632812
20288, 222.3902587890625
20289, 222.39425659179688
20290, 222.39825439453125
20291, 222.40225219726562
20292, 222.40625
20293, 222.41024780273438
20294, 222.4142608642578
20295, 222.4182586669922
20296, 222.42225646972656
20297, 222.42625427246094
20298, 222.4302520751953
20299, 222.4342498779297
20300, 222.43824768066406
20301, 222.4422607421875
20302, 222.44625854492188
20303, 222.45025634765625
20304, 222.45425415039062
20305, 222.458251953125
20306, 222.46224975585938
20307, 222.46624755859375
20308, 222.4702606201172
20309, 222.47425842285156
20310, 222.47825622558594
20311, 222.4822540283203
20312, 222.4862518310547
20313, 222.49024963378906
20314, 222.49424743652344
20315, 222.49826049804688
20316, 222.50225830078125
20317, 222.50625610351562
20318, 222.51025390625
20319, 222.51425170898438
20320, 222.51824951171875
20321, 222.5222625732422
20322, 222.52626037597656
20323, 222.53025817871094
20324, 222.5342559814453
20325, 222.5382537841797
20326, 222.54225158691406
20327, 222.54624938964844
20328, 222.55026245117188
20329, 222.55426025390625
20330, 222.55825805664062
20331, 222.562255859375
20332, 222.56625366210938
20333, 222.57025146484375
20334, 222.57424926757812
20335, 222.57826232910156
20336, 222.58226013183594
20337, 222.5862579345703
20338, 222.5902557373047
20339, 222.59425354003906
20340, 222.59825134277344
20341, 222.6022491455078
20342, 222.60626220703125
20343, 222.61026000976562
20344, 222.6142578125
20345, 222.61825561523438
20346, 222.62225341796875
20347, 222.62625122070312
20348, 222.6302490234375
20349, 222.63426208496094
20350, 222.6382598876953
20351, 222.6422576904297
20352, 222.64625549316406
20353, 222.65025329589844
20354, 222.6542510986328
20355, 222.6582489013672
20356, 222.66226196289062
20357, 222.666259765625
20358, 222.67025756835938
20359, 222.67425537109375
20360, 222.67825317382812
20361, 222.6822509765625
20362, 222.68624877929688
20363, 222.6902618408203
20364, 222.6942596435547
20365, 222.69825744628906
20366, 222.70225524902344
20367, 222.7062530517578
20368, 222.7102508544922
20369, 222.71424865722656
20370, 222.71826171875
20371, 222.72225952148438
20372, 222.72625732421875
20373, 222.73025512695312
20374, 222.7342529296875
20375, 222.73825073242188
20376, 222.74224853515625
20377, 222.7462615966797
20378, 222.75025939941406
20379, 222.75425720214844
20380, 222.7582550048828
20381, 222.7622528076172
20382, 222.76625061035156
20383, 222.77024841308594
20384, 222.77426147460938
20385, 222.77825927734375
20386, 222.78225708007812
20387, 222.7862548828125
20388, 222.79025268554688
20389, 222.79425048828125
20390, 222.79824829101562
20391, 222.80226135253906
20392, 222.80625915527344
20393, 222.8102569580078
20394, 222.8142547607422
20395, 222.81825256347656
20396, 222.82225036621094
20397, 222.8262481689453
20398, 222.83026123046875
20399, 222.83425903320312
20400, 222.8382568359375
20401, 222.84225463867188
20402, 222.84625244140625
20403, 222.85025024414062
20404, 222.854248046875
20405, 222.85826110839844
20406, 222.8622589111328
20407, 222.8662567138672
20408, 222.87025451660156
20409, 222.87425231933594
20410, 222.8782501220703
20411, 222.8822479248047
20412, 222.88626098632812
20413, 222.8902587890625
20414, 222.89425659179688
20415, 222.89825439453125
20416, 222.90225219726562
20417, 222.90625
20418, 222.91024780273438
20419, 222.9142608642578
20420, 222.9182586669922
20421, 222.92225646972656
20422, 222.92625427246094
20423, 222.9302520751953
20424, 222.9342498779297
20425, 222.93824768066406
20426, 222.9422607421875
20427, 222.94625854492188
20428, 222.95025634765625
20429, 222.95425415039062
20430, 222.958251953125
20431, 222.96224975585938
20432, 222.96624755859375
20433, 222.9702606201172
20434, 222.97425842285156
20435, 222.97825622558594
20436, 222.9822540283203
20437, 222.9862518310547
20438, 222.99024963378906
20439, 222.99424743652344
20440, 222.99826049804688
20441, 223.00225830078125
20442, 223.00625610351562
20443, 223.01025390625
20444, 223.01425170898438
20445, 223.01824951171875
20446, 223.0222625732422
20447, 223.02626037597656
20448, 223.03025817871094
20449, 223.0342559814453
20450, 223.0382537841797
20451, 223.04225158691406
20452, 223.04624938964844
20453, 223.05026245117188
20454, 223.05426025390625
20455, 223.05825805664062
20456, 223.062255859375
20457, 223.06625366210938
20458, 223.07025146484375
20459, 223.07424926757812
20460, 223.07826232910156
20461, 223.08226013183594
20462, 223.0862579345703
20463, 223.0902557373047
20464, 223.09425354003906
20465, 223.09825134277344
20466, 223.1022491455078
20467, 223.10626220703125
20468, 223.11026000976562
20469, 223.1142578125
20470, 223.11825561523438
20471, 223.12225341796875
20472, 223.12625122070312
20473, 223.1302490234375
20474, 223.13426208496094
20475, 223.1382598876953
20476, 223.1422576904297
20477, 223.14625549316406
20478, 223.15025329589844
20479, 223.1542510986328
20480, 223.1582489013672
20481, 223.16226196289062
20482, 223.166259765625
20483, 223.17025756835938
20484, 223.17425537109375
20485, 223.17825317382812
20486, 223.1822509765625
20487, 223.18624877929688
20488, 223.1902618408203
20489, 223.1942596435547
20490, 223.19825744628906
20491, 223.20225524902344
20492, 223.2062530517578
20493, 223.2102508544922
20494, 223.21424865722656
20495, 223.21826171875
20496, 223.22225952148438
20497, 223.22625732421875
20498, 223.23025512695312
20499, 223.2342529296875
20500, 223.23825073242188
20501, 223.24224853515625
20502, 223.2462615966797
20503, 223.25025939941406
20504, 223.25425720214844
20505, 223.2582550048828
20506, 223.2622528076172
20507, 223.26625061035156
20508, 223.27024841308594
20509, 223.27426147460938
20510, 223.27825927734375
20511, 223.28225708007812
20512, 223.2862548828125
20513, 223.29025268554688
20514, 223.29425048828125
20515, 223.29824829101562
20516, 223.30226135253906
20517, 223.30625915527344
20518, 223.3102569580078
20519, 223.3142547607422
20520, 223.31825256347656
20521, 223.32225036621094
20522, 223.3262481689453
20523, 223.33026123046875
20524, 223.33425903320312
20525, 223.3382568359375
20526, 223.34225463867188
20527, 223.34625244140625
20528, 223.35025024414062
20529, 223.354248046875
20530, 223.35826110839844
20531, 223.3622589111328
20532, 223.3662567138672
20533, 223.37025451660156
20534, 223.37425231933594
20535, 223.3782501220703
20536, 223.3822479248047
20537, 223.38626098632812
20538, 223.3902587890625
20539, 223.39425659179688
20540, 223.39825439453125
20541, 223.40225219726562
20542, 223.40625
20543, 223.41024780273438
20544, 223.4142608642578
20545, 223.4182586669922
20546, 223.42225646972656
20547, 223.42625427246094
20548, 223.4302520751953
20549, 223.4342498779297
20550, 223.43824768066406
20551, 223.4422607421875
20552, 223.44625854492188
20553, 223.45025634765625
20554, 223.45425415039062
20555, 223.458251953125
20556, 223.46224975585938
20557, 223.46624755859375
20558, 223.4702606201172
20559, 223.47425842285156
20560, 223.47825622558594
20561, 223.4822540283203
20562, 223.4862518310547
20563, 223.49024963378906
20564, 223.49424743652344
20565, 223.49826049804688
20566, 223.50225830078125
20567, 223.50625610351562
20568, 223.51025390625
20569, 223.51425170898438
20570, 223.51824951171875
20571, 223.5222625732422
20572, 223.52626037597656
20573, 223.53025817871094
20574, 223.5342559814453
20575, 223.5382537841797
20576, 223.54225158691406
20577, 223.54624938964844
20578, 223.55026245117188
20579, 223.55426025390625
20580, 223.55825805664062
20581, 223.562255859375
20582, 223.56625366210938
20583, 223.57025146484375
20584, 223.57424926757812
20585, 223.57826232910156
20586, 223.58226013183594
20587, 223.5862579345703
20588, 223.5902557373047
20589, 223.59425354003906
20590, 223.59825134277344
20591, 223.6022491455078
20592, 223.60626220703125
20593, 223.61026000976562
20594, 223.6142578125
20595, 223.61825561523438
20596, 223.62225341796875
20597, 223.62625122070312
20598, 223.6302490234375
20599, 223.63426208496094
20600, 223.6382598876953
20601, 223.6422576904297
20602, 223.64625549316406
20603, 223.65025329589844
20604, 223.6542510986328
20605, 223.6582489013672
20606, 223.66226196289062
20607, 223.666259765625
20608, 223.67025756835938
20609, 223.67425537109375
20610, 223.67825317382812
20611, 223.6822509765625
20612, 223.68624877929688
20613, 223.6902618408203
20614, 223.6942596435547
20615, 223.69825744628906
20616, 223.70225524902344
20617, 223.7062530517578
20618, 223.7102508544922
20619, 223.71424865722656
20620, 223.71826171875
20621, 223.72225952148438
20622, 223.72625732421875
20623, 223.73025512695312
20624, 223.7342529296875
20625, 223.73825073242188
20626, 223.74224853515625
20627, 223.7462615966797
20628, 223.75025939941406
20629, 223.75425720214844
20630, 223.7582550048828
20631, 223.7622528076172
20632, 223.76625061035156
20633, 223.77024841308594
20634, 223.77426147460938
20635, 223.77825927734375
20636, 223.78225708007812
20637, 223.7862548828125
20638, 223.79025268554688
20639, 223.79425048828125
20640, 223.79824829101562
20641, 223.80226135253906
20642, 223.80625915527344
20643, 223.8102569580078
20644, 223.8142547607422
20645, 223.81825256347656
20646, 223.82225036621094
20647, 223.8262481689453
20648, 223.83026123046875
20649, 223.83425903320312
20650, 223.8382568359375
20651, 223.84225463867188
20652, 223.84625244140625
20653, 223.85025024414062
20654, 223.854248046875
20655, 223.85826110839844
20656, 223.8622589111328
20657, 223.8662567138672
20658, 223.87025451660156
20659, 223.87425231933594
20660, 223.8782501220703
20661, 223.8822479248047
20662, 223.88626098632812
20663, 223.8902587890625
20664, 223.89425659179688
20665, 223.89825439453125
20666, 223.90225219726562
20667, 223.90625
20668, 223.91024780273438
20669, 223.9142608642578
20670, 223.9182586669922
20671, 223.92225646972656
20672, 223.92625427246094
20673, 223.9302520751953
20674, 223.9342498779297
20675, 223.93824768066406
20676, 223.9422607421875
20677, 223.94625854492188
20678, 223.95025634765625
20679, 223.95425415039062
20680, 223.958251953125
20681, 223.96224975585938
20682, 223.96624755859375
20683, 223.9702606201172
20684, 223.97425842285156
20685, 223.97825622558594
20686, 223.9822540283203
20687, 223.9862518310547
20688, 223.99024963378906
20689, 223.99424743652344
20690, 223.99826049804688
20691, 224.00225830078125
20692, 224.00625610351562
20693, 224.01025390625
20694, 224.01425170898438
20695, 224.01824951171875
20696, 224.0222625732422
20697, 224.02626037597656
20698, 224.03025817871094
20699, 224.0342559814453
20700, 224.0382537841797
20701, 224.04225158691406
20702, 224.04624938964844
20703, 224.05026245117188
20704, 224.05426025390625
20705, 224.05825805664062
20706, 224.062255859375
20707, 224.06625366210938
20708, 224.07025146484375
20709, 224.07424926757812
20710, 224.07826232910156
20711, 224.08226013183594
20712, 224.0862579345703
20713, 224.0902557373047
20714, 224.09425354003906
20715, 224.09825134277344
20716, 224.1022491455078
20717, 224.10626220703125
20718, 224.11026000976562
20719, 224.1142578125
20720, 224.11825561523438
20721, 224.12225341796875
20722, 224.12625122070312
20723, 224.1302490234375
20724, 224.13426208496094
20725, 224.1382598876953
20726, 224.1422576904297
20727, 224.14625549316406
20728, 224.15025329589844
20729, 224.1542510986328
20730, 224.1582489013672
20731, 224.16226196289062
20732, 224.166259765625
20733, 224.17025756835938
20734, 224.17425537109375
20735, 224.17825317382812
20736, 224.1822509765625
20737, 224.18624877929688
20738, 224.1902618408203
20739, 224.1942596435547
20740, 224.19825744628906
20741, 224.20225524902344
20742, 224.2062530517578
20743, 224.2102508544922
20744, 224.21424865722656
20745, 224.21826171875
20746, 224.22225952148438
20747, 224.22625732421875
20748, 224.23025512695312
20749, 224.2342529296875
20750, 224.23825073242188
20751, 224.24224853515625
20752, 224.2462615966797
20753, 224.25025939941406
20754, 224.25425720214844
20755, 224.2582550048828
20756, 224.2622528076172
20757, 224.26625061035156
20758, 224.27024841308594
20759, 224.27426147460938
20760, 224.27825927734375
20761, 224.28225708007812
20762, 224.2862548828125
20763, 224.29025268554688
20764, 224.29425048828125
20765, 224.29824829101562
20766, 224.30226135253906
20767, 224.30625915527344
20768, 224.3102569580078
20769, 224.3142547607422
20770, 224.31825256347656
20771, 224.32225036621094
20772, 224.3262481689453
20773, 224.33026123046875
20774, 224.33425903320312
20775, 224.3382568359375
20776, 224.34225463867188
20777, 224.34625244140625
20778, 224.35025024414062
20779, 224.354248046875
20780, 224.35826110839844
20781, 224.3622589111328
20782, 224.3662567138672
20783, 224.37025451660156
20784, 224.37425231933594
20785, 224.3782501220703
20786, 224.3822479248047
20787, 224.38626098632812
20788, 224.3902587890625
20789, 224.39425659179688
20790, 224.39825439453125
20791, 224.40225219726562
20792, 224.40625
20793, 224.41024780273438
20794, 224.4142608642578
20795, 224.4182586669922
20796, 224.42225646972656
20797, 224.42625427246094
20798, 224.4302520751953
20799, 224.4342498779297
20800, 224.43824768066406
20801, 224.4422607421875
20802, 224.44625854492188
20803, 224.45025634765625
20804, 224.45425415039062
20805, 224.458251953125
20806, 224.46224975585938
20807, 224.46624755859375
20808, 224.4702606201172
20809, 224.47425842285156
20810, 224.47825622558594
20811, 224.4822540283203
20812, 224.4862518310547
20813, 224.49024963378906
20814, 224.49424743652344
20815, 224.49826049804688
20816, 224.50225830078125
20817, 224.50625610351562
20818, 224.51025390625
20819, 224.51425170898438
20820, 224.51824951171875
20821, 224.5222625732422
20822, 224.52626037597656
20823, 224.53025817871094
20824, 224.5342559814453
20825, 224.5382537841797
20826, 224.54225158691406
20827, 224.54624938964844
20828, 224.55026245117188
20829, 224.55426025390625
20830, 224.55825805664062
20831, 224.562255859375
20832, 224.56625366210938
20833, 224.57025146484375
20834, 224.57424926757812
20835, 224.57826232910156
20836, 224.58226013183594
20837, 224.5862579345703
20838, 224.5902557373047
20839, 224.59425354003906
20840, 224.59825134277344
20841, 224.6022491455078
20842, 224.60626220703125
20843, 224.61026000976562
20844, 224.6142578125
20845, 224.61825561523438
20846, 224.62225341796875
20847, 224.62625122070312
20848, 224.6302490234375
20849, 224.63426208496094
20850, 224.6382598876953
20851, 224.6422576904297
20852, 224.64625549316406
20853, 224.65025329589844
20854, 224.6542510986328
20855, 224.6582489013672
20856, 224.66226196289062
20857, 224.666259765625
20858, 224.67025756835938
20859, 224.67425537109375
20860, 224.67825317382812
20861, 224.6822509765625
20862, 224.68624877929688
20863, 224.6902618408203
20864, 224.6942596435547
20865, 224.69825744628906
20866, 224.70225524902344
20867, 224.7062530517578
20868, 224.7102508544922
20869, 224.71424865722656
20870, 224.71826171875
20871, 224.72225952148438
20872, 224.72625732421875
20873, 224.73025512695312
20874, 224.7342529296875
20875, 224.73825073242188
20876, 224.74224853515625
20877, 224.7462615966797
20878, 224.75025939941406
20879, 224.75425720214844
20880, 224.7582550048828
20881, 224.7622528076172
20882, 224.76625061035156
20883, 224.77024841308594
20884, 224.77426147460938
20885, 224.77825927734375
20886, 224.78225708007812
20887, 224.7862548828125
20888, 224.79025268554688
20889, 224.79425048828125
20890, 224.79824829101562
20891, 224.80226135253906
20892, 224.80625915527344
20893, 224.8102569580078
20894, 224.8142547607422
20895, 224.81825256347656
20896, 224.82225036621094
20897, 224.8262481689453
20898, 224.83026123046875
20899, 224.83425903320312
20900, 224.8382568359375
20901, 224.84225463867188
20902, 224.84625244140625
20903, 224.85025024414062
20904, 224.854248046875
20905, 224.85826110839844
20906, 224.8622589111328
20907, 224.8662567138672
20908, 224.87025451660156
20909, 224.87425231933594
20910, 224.8782501220703
20911, 224.8822479248047
20912, 224.88626098632812
20913, 224.8902587890625
20914, 224.89425659179688
20915, 224.89825439453125
20916, 224.90225219726562
20917, 224.90625
20918, 224.91024780273438
20919, 224.9142608642578
20920, 224.9182586669922
20921, 224.92225646972656
20922, 224.92625427246094
20923, 224.9302520751953
20924, 224.9342498779297
20925, 224.93824768066406
20926, 224.9422607421875
20927, 224.94625854492188
20928, 224.95025634765625
20929, 224.95425415039062
20930, 224.958251953125
20931, 224.96224975585938
20932, 224.96624755859375
20933, 224.9702606201172
20934, 224.97425842285156
20935, 224.97825622558594
20936, 224.9822540283203
20937, 224.9862518310547
20938, 224.99024963378906
20939, 224.99424743652344
20940, 224.99826049804688
20941, 225.00225830078125
20942, 225.00625610351562
20943, 225.01025390625
20944, 225.01425170898438
20945, 225.01824951171875
20946, 225.0222625732422
20947, 225.02626037597656
20948, 225.03025817871094
20949, 225.0342559814453
20950, 225.0382537841797
20951, 225.04225158691406
20952, 225.04624938964844
20953, 225.05026245117188
20954, 225.05426025390625
20955, 225.05825805664062
20956, 225.062255859375
20957, 225.06625366210938
20958, 225.07025146484375
20959, 225.07424926757812
20960, 225.07826232910156
20961, 225.08226013183594
20962, 225.0862579345703
20963, 225.0902557373047
20964, 225.09425354003906
20965, 225.09825134277344
20966, 225.1022491455078
20967, 225.10626220703125
20968, 225.11026000976562
20969, 225.1142578125
20970, 225.11825561523438
20971, 225.12225341796875
20972, 225.12625122070312
20973, 225.1302490234375
20974, 225.13426208496094
20975, 225.1382598876953
20976, 225.1422576904297
20977, 225.14625549316406
20978, 225.15025329589844
20979, 225.1542510986328
20980, 225.1582489013672
20981, 225.16226196289062
20982, 225.166259765625
20983, 225.17025756835938
20984, 225.17425537109375
20985, 225.17825317382812
20986, 225.1822509765625
20987, 225.18624877929688
20988, 225.1902618408203
20989, 225.1942596435547
20990, 225.19825744628906
20991, 225.20225524902344
20992, 225.2062530517578
20993, 225.2102508544922
20994, 225.21424865722656
20995, 225.21826171875
20996, 225.22225952148438
20997, 225.22625732421875
20998, 225.23025512695312
20999, 225.2342529296875
21000, 225.23825073242188
21001, 225.24224853515625
21002, 225.2462615966797
21003, 225.25025939941406
21004, 225.25425720214844
21005, 225.2582550048828
21006, 225.2622528076172
21007, 225.26625061035156
21008, 225.27024841308594
21009, 225.27426147460938
21010, 225.27825927734375
21011, 225.28225708007812
21012, 225.2862548828125
21013, 225.29025268554688
21014, 225.29425048828125
21015, 225.29824829101562
21016, 225.30226135253906
21017, 225.30625915527344
21018, 225.3102569580078
21019, 225.3142547607422
21020, 225.31825256347656
21021, 225.32225036621094
21022, 225.3262481689453
21023, 225.33026123046875
21024, 225.33425903320312
21025, 225.3382568359375
21026, 225.34225463867188
21027, 225.34625244140625
21028, 225.35025024414062
21029, 225.354248046875
21030, 225.35826110839844
21031, 225.3622589111328
21032, 225.3662567138672
21033, 225.37025451660156
21034, 225.37425231933594
21035, 225.3782501220703
21036, 225.3822479248047
21037, 225.38626098632812
21038, 225.3902587890625
21039, 225.39425659179688
21040, 225.39825439453125
21041, 225.40225219726562
21042, 225.40625
21043, 225.41024780273438
21044, 225.4142608642578
21045, 225.4182586669922
21046, 225.42225646972656
21047, 225.42625427246094
21048, 225.4302520751953
21049, 225.4342498779297
21050, 225.43824768066406
21051, 225.4422607421875
21052, 225.44625854492188
21053, 225.45025634765625
21054, 225.45425415039062
21055, 225.458251953125
21056, 225.46224975585938
21057, 225.46624755859375
21058, 225.4702606201172
21059, 225.47425842285156
21060, 225.47825622558594
21061, 225.4822540283203
21062, 225.4862518310547
21063, 225.49024963378906
21064, 225.49424743652344
21065, 225.49826049804688
21066, 225.50225830078125
21067, 225.50625610351562
21068, 225.51025390625
21069, 225.51425170898438
21070, 225.51824951171875
21071, 225.5222625732422
21072, 225.52626037597656
21073, 225.53025817871094
21074, 225.5342559814453
21075, 225.5382537841797
21076, 225.54225158691406
21077, 225.54624938964844
21078, 225.55026245117188
21079, 225.55426025390625
21080, 225.55825805664062
21081, 225.562255859375
21082, 225.56625366210938
21083, 225.57025146484375
21084, 225.57424926757812
21085, 225.57826232910156
21086, 225.58226013183594
21087, 225.5862579345703
21088, 225.5902557373047
21089, 225.59425354003906
21090, 225.59825134277344
21091, 225.6022491455078
21092, 225.60626220703125
21093, 225.61026000976562
21094, 225.6142578125
21095, 225.61825561523438
21096, 225.62225341796875
21097, 225.62625122070312
21098, 225.6302490234375
21099, 225.63426208496094
21100, 225.6382598876953
21101, 225.6422576904297
21102, 225.64625549316406
21103, 225.65025329589844
21104, 225.6542510986328
21105, 225.6582489013672
21106, 225.66226196289062
21107, 225.666259765625
21108, 225.67025756835938
21109, 225.67425537109375
21110, 225.67825317382812
21111, 225.6822509765625
21112, 225.68624877929688
21113, 225.6902618408203
21114, 225.6942596435547
21115, 225.69825744628906
21116, 225.70225524902344
21117, 225.7062530517578
21118, 225.7102508544922
21119, 225.71424865722656
21120, 225.71826171875
21121, 225.72225952148438
21122, 225.72625732421875
21123, 225.73025512695312
21124, 225.7342529296875
21125, 225.73825073242188
21126, 225.74224853515625
21127, 225.7462615966797
21128, 225.75025939941406
21129, 225.75425720214844
21130, 225.7582550048828
21131, 225.7622528076172
21132, 225.76625061035156
21133, 225.77024841308594
21134, 225.77426147460938
21135, 225.77825927734375
21136, 225.78225708007812
21137, 225.7862548828125
21138, 225.79025268554688
21139, 225.79425048828125
21140, 225.79824829101562
21141, 225.80226135253906
21142, 225.80625915527344
21143, 225.8102569580078
21144, 225.8142547607422
21145, 225.81825256347656
21146, 225.82225036621094
21147, 225.8262481689453
21148, 225.83026123046875
21149, 225.83425903320312
21150, 225.8382568359375
21151, 225.84225463867188
21152, 225.84625244140625
21153, 225.85025024414062
21154, 225.854248046875
21155, 225.85826110839844
21156, 225.8622589111328
21157, 225.8662567138672
21158, 225.87025451660156
21159, 225.87425231933594
21160, 225.8782501220703
21161, 225.8822479248047
21162, 225.88626098632812
21163, 225.8902587890625
21164, 225.89425659179688
21165, 225.89825439453125
21166, 225.90225219726562
21167, 225.90625
21168, 225.91024780273438
21169, 225.9142608642578
21170, 225.9182586669922
21171, 225.92225646972656
21172, 225.92625427246094
21173, 225.9302520751953
21174, 225.9342498779297
21175, 225.93824768066406
21176, 225.9422607421875
21177, 225.94625854492188
21178, 225.95025634765625
21179, 225.95425415039062
21180, 225.958251953125
21181, 225.96224975585938
21182, 225.96624755859375
21183, 225.9702606201172
21184, 225.97425842285156
21185, 225.97825622558594
21186, 225.9822540283203
21187, 225.9862518310547
21188, 225.99024963378906
21189, 225.99424743652344
21190, 225.99826049804688
21191, 226.00225830078125
21192, 226.00625610351562
21193, 226.01025390625
21194, 226.01425170898438
21195, 226.01824951171875
21196, 226.0222625732422
21197, 226.02626037597656
21198, 226.03025817871094
21199, 226.0342559814453
21200, 226.0382537841797
21201, 226.04225158691406
21202, 226.04624938964844
21203, 226.05026245117188
21204, 226.05426025390625
21205, 226.05825805664062
21206, 226.062255859375
21207, 226.06625366210938
21208, 226.07025146484375
21209, 226.07424926757812
21210, 226.07826232910156
21211, 226.08226013183594
21212, 226.0862579345703
21213, 226.0902557373047
21214, 226.09425354003906
21215, 226.09825134277344
21216, 226.1022491455078
21217, 226.10626220703125
21218, 226.11026000976562
21219, 226.1142578125
21220, 226.11825561523438
21221, 226.12225341796875
21222, 226.12625122070312
21223, 226.1302490234375
21224, 226.13426208496094
21225, 226.1382598876953
21226, 226.1422576904297
21227, 226.14625549316406
21228, 226.15025329589844
21229, 226.1542510986328
21230, 226.1582489013672
21231, 226.16226196289062
21232, 226.166259765625
21233, 226.17025756835938
21234, 226.17425537109375
21235, 226.17825317382812
21236, 226.1822509765625
21237, 226.18624877929688
21238, 226.1902618408203
21239, 226.1942596435547
21240, 226.19825744628906
21241, 226.20225524902344
21242, 226.2062530517578
21243, 226.2102508544922
21244, 226.21424865722656
21245, 226.21826171875
21246, 226.22225952148438
21247, 226.22625732421875
21248, 226.23025512695312
21249, 226.2342529296875
21250, 226.23825073242188
21251, 226.24224853515625
21252, 226.2462615966797
21253, 226.25025939941406
21254, 226.25425720214844
21255, 226.2582550048828
21256, 226.2622528076172
21257, 226.26625061035156
21258, 226.27024841308594
21259, 226.27426147460938
21260, 226.27825927734375
21261, 226.28225708007812
21262, 226.2862548828125
21263, 226.29025268554688
21264, 226.29425048828125
21265, 226.29824829101562
21266, 226.30226135253906
21267, 226.30625915527344
21268, 226.3102569580078
21269, 226.3142547607422
21270, 226.31825256347656
21271, 226.32225036621094
21272, 226.3262481689453
21273, 226.33026123046875
21274, 226.33425903320312
21275, 226.3382568359375
21276, 226.34225463867188
21277, 226.34625244140625
21278, 226.35025024414062
21279, 226.354248046875
21280, 226.35826110839844
21281, 226.3622589111328
21282, 226.3662567138672
21283, 226.37025451660156
21284, 226.37425231933594
21285, 226.3782501220703
21286, 226.3822479248047
21287, 226.38626098632812
21288, 226.3902587890625
21289, 226.39425659179688
21290, 226.39825439453125
21291, 226.40225219726562
21292, 226.40625
21293, 226.41024780273438
21294, 226.4142608642578
21295, 226.4182586669922
21296, 226.42225646972656
21297, 226.42625427246094
21298, 226.4302520751953
21299, 226.4342498779297
21300, 226.43824768066406
21301, 226.4422607421875
21302, 226.44625854492188
21303, 226.45025634765625
21304, 226.45425415039062
21305, 226.458251953125
21306, 226.46224975585938
21307, 226.46624755859375
21308, 226.4702606201172
21309, 226.47425842285156
21310, 226.47825622558594
21311, 226.4822540283203
21312, 226.4862518310547
21313, 226.49024963378906
21314, 226.49424743652344
21315, 226.49826049804688
21316, 226.50225830078125
21317, 226.50625610351562
21318, 226.51025390625
21319, 226.51425170898438
21320, 226.51824951171875
21321, 226.5222625732422
21322, 226.52626037597656
21323, 226.53025817871094
21324, 226.5342559814453
21325, 226.5382537841797
21326, 226.54225158691406
21327, 226.54624938964844
21328, 226.55026245117188
21329, 226.55426025390625
21330, 226.55825805664062
21331, 226.562255859375
21332, 226.56625366210938
21333, 226.57025146484375
21334, 226.57424926757812
21335, 226.57826232910156
21336, 226.58226013183594
21337, 226.5862579345703
21338, 226.5902557373047
21339, 226.59425354003906
21340, 226.59825134277344
21341, 226.6022491455078
21342, 226.60626220703125
21343, 226.61026000976562
21344, 226.6142578125
21345, 226.61825561523438
21346, 226.62225341796875
21347, 226.62625122070312
21348, 226.6302490234375
21349, 226.63426208496094
21350, 226.6382598876953
21351, 226.6422576904297
21352, 226.64625549316406
21353, 226.65025329589844
21354, 226.6542510986328
21355, 226.6582489013672
21356, 226.66226196289062
21357, 226.666259765625
21358, 226.67025756835938
21359, 226.67425537109375
21360, 226.67825317382812
21361, 226.6822509765625
21362, 226.68624877929688
21363, 226.6902618408203
21364, 226.6942596435547
21365, 226.69825744628906
21366, 226.70225524902344
21367, 226.7062530517578
21368, 226.7102508544922
21369, 226.71424865722656
21370, 226.71826171875
21371, 226.72225952148438
21372, 226.72625732421875
21373, 226.73025512695312
21374, 226.7342529296875
21375, 226.73825073242188
21376, 226.74224853515625
21377, 226.7462615966797
21378, 226.75025939941406
21379, 226.75425720214844
21380, 226.7582550048828
21381, 226.7622528076172
21382, 226.76625061035156
21383, 226.77024841308594
21384, 226.77426147460938
21385, 226.77825927734375
21386, 226.78225708007812
21387, 226.7862548828125
21388, 226.79025268554688
21389, 226.79425048828125
21390, 226.79824829101562
21391, 226.80226135253906
21392, 226.80625915527344
21393, 226.8102569580078
21394, 226.8142547607422
21395, 226.81825256347656
21396, 226.82225036621094
21397, 226.8262481689453
21398, 226.83026123046875
21399, 226.83425903320312
21400, 226.8382568359375
21401, 226.84225463867188
21402, 226.84625244140625
21403, 226.85025024414062
21404, 226.854248046875
21405, 226.85826110839844
21406, 226.8622589111328
21407, 226.8662567138672
21408, 226.87025451660156
21409, 226.87425231933594
21410, 226.8782501220703
21411, 226.8822479248047
21412, 226.88626098632812
21413, 226.8902587890625
21414, 226.89425659179688
21415, 226.89825439453125
21416, 226.90225219726562
21417, 226.90625
21418, 226.91024780273438
21419, 226.9142608642578
21420, 226.9182586669922
21421, 226.92225646972656
21422, 226.92625427246094
21423, 226.9302520751953
21424, 226.9342498779297
21425, 226.93824768066406
21426, 226.9422607421875
21427, 226.94625854492188
21428, 226.95025634765625
21429, 226.95425415039062
21430, 226.958251953125
21431, 226.96224975585938
21432, 226.96624755859375
21433, 226.9702606201172
21434, 226.97425842285156
21435, 226.97825622558594
21436, 226.9822540283203
21437, 226.9862518310547
21438, 226.99024963378906
21439, 226.99424743652344
21440, 226.99826049804688
21441, 227.00225830078125
21442, 227.00625610351562
21443, 227.01025390625
21444, 227.01425170898438
21445, 227.01824951171875
21446, 227.0222625732422
21447, 227.02626037597656
21448, 227.03025817871094
21449, 227.0342559814453
21450, 227.0382537841797
21451, 227.04225158691406
21452, 227.04624938964844
21453, 227.05026245117188
21454, 227.05426025390625
21455, 227.05825805664062
21456, 227.062255859375
21457, 227.06625366210938
21458, 227.07025146484375
21459, 227.07424926757812
21460, 227.07826232910156
21461, 227.08226013183594
21462, 227.0862579345703
21463, 227.0902557373047
21464, 227.09425354003906
21465, 227.09825134277344
21466, 227.1022491455078
21467, 227.10626220703125
21468, 227.11026000976562
21469, 227.1142578125
21470, 227.11825561523438
21471, 227.12225341796875
21472, 227.12625122070312
21473, 227.1302490234375
21474, 227.13426208496094
21475, 227.1382598876953
21476, 227.1422576904297
21477, 227.14625549316406
21478, 227.15025329589844
21479, 227.1542510986328
21480, 227.1582489013672
21481, 227.16226196289062
21482, 227.166259765625
21483, 227.17025756835938
21484, 227.17425537109375
21485, 227.17825317382812
21486, 227.1822509765625
21487, 227.18624877929688
21488, 227.1902618408203
21489, 227.1942596435547
21490, 227.19825744628906
21491, 227.20225524902344
21492, 227.2062530517578
21493, 227.2102508544922
21494, 227.21424865722656
21495, 227.21826171875
21496, 227.22225952148438
21497, 227.22625732421875
21498, 227.23025512695312
21499, 227.2342529296875
21500, 227.23825073242188
21501, 227.24224853515625
21502, 227.2462615966797
21503, 227.25025939941406
21504, 227.25425720214844
21505, 227.2582550048828
21506, 227.2622528076172
21507, 227.26625061035156
21508, 227.27024841308594
21509, 227.27426147460938
21510, 227.27825927734375
21511, 227.28225708007812
21512, 227.2862548828125
21513, 227.29025268554688
21514, 227.29425048828125
21515, 227.29824829101562
21516, 227.30226135253906
21517, 227.30625915527344
21518, 227.3102569580078
21519, 227.3142547607422
21520, 227.31825256347656
21521, 227.32225036621094
21522, 227.3262481689453
21523, 227.33026123046875
21524, 227.33425903320312
21525, 227.3382568359375
21526, 227.34225463867188
21527, 227.34625244140625
21528, 227.35025024414062
21529, 227.354248046875
21530, 227.35826110839844
21531, 227.3622589111328
21532, 227.3662567138672
21533, 227.37025451660156
21534, 227.37425231933594
21535, 227.3782501220703
21536, 227.3822479248047
21537, 227.38626098632812
21538, 227.3902587890625
21539, 227.39425659179688
21540, 227.39825439453125
21541, 227.40225219726562
21542, 227.40625
21543, 227.41024780273438
21544, 227.4142608642578
21545, 227.4182586669922
21546, 227.42225646972656
21547, 227.42625427246094
21548, 227.4302520751953
21549, 227.4342498779297
21550, 227.43824768066406
21551, 227.4422607421875
21552, 227.44625854492188
21553, 227.45025634765625
21554, 227.45425415039062
21555, 227.458251953125
21556, 227.46224975585938
21557, 227.46624755859375
21558, 227.4702606201172
21559, 227.47425842285156
21560, 227.47825622558594
21561, 227.4822540283203
21562, 227.4862518310547
21563, 227.49024963378906
21564, 227.49424743652344
21565, 227.49826049804688
21566, 227.50225830078125
21567, 227.50625610351562
21568, 227.51025390625
21569, 227.51425170898438
21570, 227.51824951171875
21571, 227.5222625732422
21572, 227.52626037597656
21573, 227.53025817871094
21574, 227.5342559814453
21575, 227.5382537841797
21576, 227.54225158691406
21577, 227.54624938964844
21578, 227.55026245117188
21579, 227.55426025390625
21580, 227.55825805664062
21581, 227.562255859375
21582, 227.56625366210938
21583, 227.57025146484375
21584, 227.57424926757812
21585, 227.57826232910156
21586, 227.58226013183594
21587, 227.5862579345703
21588, 227.5902557373047
21589, 227.59425354003906
21590, 227.59825134277344
21591, 227.6022491455078
21592, 227.60626220703125
21593, 227.61026000976562
21594, 227.6142578125
21595, 227.61825561523438
21596, 227.62225341796875
21597, 227.62625122070312
21598, 227.6302490234375
21599, 227.63426208496094
21600, 227.6382598876953
21601, 227.6422576904297
21602, 227.64625549316406
21603, 227.65025329589844
21604, 227.6542510986328
21605, 227.6582489013672
21606, 227.66226196289062
21607, 227.666259765625
21608, 227.67025756835938
21609, 227.67425537109375
21610, 227.67825317382812
21611, 227.6822509765625
21612, 227.68624877929688
21613, 227.6902618408203
21614, 227.6942596435547
21615, 227.69825744628906
21616, 227.70225524902344
21617, 227.7062530517578
21618, 227.7102508544922
21619, 227.71424865722656
21620, 227.71826171875
21621, 227.72225952148438
21622, 227.72625732421875
21623, 227.73025512695312
21624, 227.7342529296875
21625, 227.73825073242188
21626, 227.74224853515625
21627, 227.7462615966797
21628, 227.75025939941406
21629, 227.75425720214844
21630, 227.7582550048828
21631, 227.7622528076172
21632, 227.76625061035156
21633, 227.77024841308594
21634, 227.77426147460938
21635, 227.77825927734375
21636, 227.78225708007812
21637, 227.7862548828125
21638, 227.79025268554688
21639, 227.79425048828125
21640, 227.79824829101562
21641, 227.80226135253906
21642, 227.80625915527344
21643, 227.8102569580078
21644, 227.8142547607422
21645, 227.81825256347656
21646, 227.82225036621094
21647, 227.8262481689453
21648, 227.83026123046875
21649, 227.83425903320312
21650, 227.8382568359375
21651, 227.84225463867188
21652, 227.84625244140625
21653, 227.85025024414062
21654, 227.854248046875
21655, 227.85826110839844
21656, 227.8622589111328
21657, 227.8662567138672
21658, 227.87025451660156
21659, 227.87425231933594
21660, 227.8782501220703
21661, 227.8822479248047
21662, 227.88626098632812
21663, 227.8902587890625
21664, 227.89425659179688
21665, 227.89825439453125
21666, 227.90225219726562
21667, 227.90625
21668, 227.91024780273438
21669, 227.9142608642578
21670, 227.9182586669922
21671, 227.92225646972656
21672, 227.92625427246094
21673, 227.9302520751953
21674, 227.9342498779297
21675, 227.93824768066406
21676, 227.9422607421875
21677, 227.94625854492188
21678, 227.95025634765625
21679, 227.95425415039062
21680, 227.958251953125
21681, 227.96224975585938
21682, 227.96624755859375
21683, 227.9702606201172
21684, 227.97425842285156
21685, 227.97825622558594
21686, 227.9822540283203
21687, 227.9862518310547
21688, 227.99024963378906
21689, 227.99424743652344
21690, 227.99826049804688
21691, 228.00225830078125
21692, 228.00625610351562
21693, 228.01025390625
21694, 228.01425170898438
21695, 228.01824951171875
21696, 228.0222625732422
21697, 228.02626037597656
21698, 228.03025817871094
21699, 228.0342559814453
21700, 228.0382537841797
21701, 228.04225158691406
21702, 228.04624938964844
21703, 228.05026245117188
21704, 228.05426025390625
21705, 228.05825805664062
21706, 228.062255859375
21707, 228.06625366210938
21708, 228.07025146484375
21709, 228.07424926757812
21710, 228.07826232910156
21711, 228.08226013183594
21712, 228.0862579345703
21713, 228.0902557373047
21714, 228.09425354003906
21715, 228.09825134277344
21716, 228.1022491455078
21717, 228.10626220703125
21718, 228.11026000976562
21719, 228.1142578125
21720, 228.11825561523438
21721, 228.12225341796875
21722, 228.12625122070312
21723, 228.1302490234375
21724, 228.13426208496094
21725, 228.1382598876953
21726, 228.1422576904297
21727, 228.14625549316406
21728, 228.15025329589844
21729, 228.1542510986328
21730, 228.1582489013672
21731, 228.16226196289062
21732, 228.166259765625
21733, 228.17025756835938
21734, 228.17425537109375
21735, 228.17825317382812
21736, 228.1822509765625
21737, 228.18624877929688
21738, 228.1902618408203
21739, 228.1942596435547
21740, 228.19825744628906
21741, 228.20225524902344
21742, 228.2062530517578
21743, 228.2102508544922
21744, 228.21424865722656
21745, 228.21826171875
21746, 228.22225952148438
21747, 228.22625732421875
21748, 228.23025512695312
21749, 228.2342529296875
21750, 228.23825073242188
21751, 228.24224853515625
21752, 228.2462615966797
21753, 228.25025939941406
21754, 228.25425720214844
21755, 228.2582550048828
21756, 228.2622528076172
21757, 228.26625061035156
21758, 228.27024841308594
21759, 228.27426147460938
21760, 228.27825927734375
21761, 228.28225708007812
21762, 228.2862548828125
21763, 228.29025268554688
21764, 228.29425048828125
21765, 228.29824829101562
21766, 228.30226135253906
21767, 228.30625915527344
21768, 228.3102569580078
21769, 228.3142547607422
21770, 228.31825256347656
21771, 228.32225036621094
21772, 228.3262481689453
21773, 228.33026123046875
21774, 228.33425903320312
21775, 228.3382568359375
21776, 228.34225463867188
21777, 228.34625244140625
21778, 228.35025024414062
21779, 228.354248046875
21780, 228.35826110839844
21781, 228.3622589111328
21782, 228.3662567138672
21783, 228.37025451660156
21784, 228.37425231933594
21785, 228.3782501220703
21786, 228.3822479248047
21787, 228.38626098632812
21788, 228.3902587890625
21789, 228.39425659179688
21790, 228.39825439453125
21791, 228.40225219726562
21792, 228.40625
21793, 228.41024780273438
21794, 228.4142608642578
21795, 228.4182586669922
21796, 228.42225646972656
21797, 228.42625427246094
21798, 228.4302520751953
21799, 228.4342498779297
21800, 228.43824768066406
21801, 228.4422607421875
21802, 228.44625854492188
21803, 228.45025634765625
21804, 228.45425415039062
21805, 228.458251953125
21806, 228.46224975585938
21807, 228.46624755859375
21808, 228.4702606201172
21809, 228.47425842285156
21810, 228.47825622558594
21811, 228.4822540283203
21812, 228.4862518310547
21813, 228.49024963378906
21814, 228.49424743652344
21815, 228.49826049804688
21816, 228.50225830078125
21817, 228.50625610351562
21818, 228.51025390625
21819, 228.51425170898438
21820, 228.51824951171875
21821, 228.5222625732422
21822, 228.52626037597656
21823, 228.53025817871094
21824, 228.5342559814453
21825, 228.5382537841797
21826, 228.54225158691406
21827, 228.54624938964844
21828, 228.55026245117188
21829, 228.55426025390625
21830, 228.55825805664062
21831, 228.562255859375
21832, 228.56625366210938
21833, 228.57025146484375
21834, 228.57424926757812
21835, 228.57826232910156
21836, 228.58226013183594
21837, 228.5862579345703
21838, 228.5902557373047
21839, 228.59425354003906
21840, 228.59825134277344
21841, 228.6022491455078
21842, 228.60626220703125
21843, 228.61026000976562
21844, 228.6142578125
21845, 228.61825561523438
21846, 228.62225341796875
21847, 228.62625122070312
21848, 228.6302490234375
21849, 228.63426208496094
21850, 228.6382598876953
21851, 228.6422576904297
21852, 228.64625549316406
21853, 228.65025329589844
21854, 228.6542510986328
21855, 228.6582489013672
21856, 228.66226196289062
21857, 228.666259765625
21858, 228.67025756835938
21859, 228.67425537109375
21860, 228.67825317382812
21861, 228.6822509765625
21862, 228.68624877929688
21863, 228.6902618408203
21864, 228.6942596435547
21865, 228.69825744628906
21866, 228.70225524902344
21867, 228.7062530517578
21868, 228.7102508544922
21869, 228.71424865722656
21870, 228.71826171875
21871, 228.72225952148438
21872, 228.72625732421875
21873, 228.73025512695312
21874, 228.7342529296875
21875, 228.73825073242188
21876, 228.74224853515625
21877, 228.7462615966797
21878, 228.75025939941406
21879, 228.75425720214844
21880, 228.7582550048828
21881, 228.7622528076172
21882, 228.76625061035156
21883, 228.77024841308594
21884, 228.77426147460938
21885, 228.77825927734375
21886, 228.78225708007812
21887, 228.7862548828125
21888, 228.79025268554688
21889, 228.79425048828125
21890, 228.79824829101562
21891, 228.80226135253906
21892, 228.80625915527344
21893, 228.8102569580078
21894, 228.8142547607422
21895, 228.81825256347656
21896, 228.82225036621094
21897, 228.8262481689453
21898, 228.83026123046875
21899, 228.83425903320312
21900, 228.8382568359375
21901, 228.84225463867188
21902, 228.84625244140625
21903, 228.85025024414062
21904, 228.854248046875
21905, 228.85826110839844
21906, 228.8622589111328
21907, 228.8662567138672
21908, 228.87025451660156
21909, 228.87425231933594
21910, 228.8782501220703
21911, 228.8822479248047
21912, 228.88626098632812
21913, 228.8902587890625
21914, 228.89425659179688
21915, 228.89825439453125
21916, 228.90225219726562
21917, 228.90625
21918, 228.91024780273438
21919, 228.9142608642578
21920, 228.9182586669922
21921, 228.92225646972656
21922, 228.92625427246094
21923, 228.9302520751953
21924, 228.9342498779297
21925, 228.93824768066406
21926, 228.9422607421875
21927, 228.94625854492188
21928, 228.95025634765625
21929, 228.95425415039062
21930, 228.958251953125
21931, 228.96224975585938
21932, 228.96624755859375
21933, 228.9702606201172
21934, 228.97425842285156
21935, 228.97825622558594
21936, 228.9822540283203
21937, 228.9862518310547
21938, 228.99024963378906
21939, 228.99424743652344
21940, 228.99826049804688
21941, 229.00225830078125
21942, 229.00625610351562
21943, 229.01025390625
21944, 229.01425170898438
21945, 229.01824951171875
21946, 229.0222625732422
21947, 229.02626037597656
21948, 229.03025817871094
21949, 229.0342559814453
21950, 229.0382537841797
21951, 229.04225158691406
21952, 229.04624938964844
21953, 229.05026245117188
21954, 229.05426025390625
21955, 229.05825805664062
21956, 229.062255859375
21957, 229.06625366210938
21958, 229.07025146484375
21959, 229.07424926757812
21960, 229.07826232910156
21961, 229.08226013183594
21962, 229.0862579345703
21963, 229.0902557373047
21964, 229.09425354003906
21965, 229.09825134277344
21966, 229.1022491455078
21967, 229.10626220703125
21968, 229.11026000976562
21969, 229.1142578125
21970, 229.11825561523438
21971, 229.12225341796875
21972, 229.12625122070312
21973, 229.1302490234375
21974, 229.13426208496094
21975, 229.1382598876953
21976, 229.1422576904297
21977, 229.14625549316406
21978, 229.15025329589844
21979, 229.1542510986328
21980, 229.1582489013672
21981, 229.16226196289062
21982, 229.166259765625
21983, 229.17025756835938
21984, 229.17425537109375
21985, 229.17825317382812
21986, 229.1822509765625
21987, 229.18624877929688
21988, 229.1902618408203
21989, 229.1942596435547
21990, 229.19825744628906
21991, 229.20225524902344
21992, 229.2062530517578
21993, 229.2102508544922
21994, 229.21424865722656
21995, 229.21826171875
21996, 229.22225952148438
21997, 229.22625732421875
21998, 229.23025512695312
21999, 229.2342529296875
22000, 229.23825073242188
22001, 229.24224853515625
22002, 229.2462615966797
22003, 229.25025939941406
22004, 229.25425720214844
22005, 229.2582550048828
22006, 229.2622528076172
22007, 229.26625061035156
22008, 229.27024841308594
22009, 229.27426147460938
22010, 229.27825927734375
22011, 229.28225708007812
22012, 229.2862548828125
22013, 229.29025268554688
22014, 229.29425048828125
22015, 229.29824829101562
22016, 229.30226135253906
22017, 229.30625915527344
22018, 229.3102569580078
22019, 229.3142547607422
22020, 229.31825256347656
22021, 229.32225036621094
22022, 229.3262481689453
22023, 229.33026123046875
22024, 229.33425903320312
22025, 229.3382568359375
22026, 229.34225463867188
22027, 229.34625244140625
22028, 229.35025024414062
22029, 229.354248046875
22030, 229.35826110839844
22031, 229.3622589111328
22032, 229.3662567138672
22033, 229.37025451660156
22034, 229.37425231933594
22035, 229.3782501220703
22036, 229.3822479248047
22037, 229.38626098632812
22038, 229.3902587890625
22039, 229.39425659179688
22040, 229.39825439453125
22041, 229.40225219726562
22042, 229.40625
22043, 229.41024780273438
22044, 229.4142608642578
22045, 229.4182586669922
22046, 229.42225646972656
22047, 229.42625427246094
22048, 229.4302520751953
22049, 229.4342498779297
22050, 229.43824768066406
22051, 229.4422607421875
22052, 229.44625854492188
22053, 229.45025634765625
22054, 229.45425415039062
22055, 229.458251953125
22056, 229.46224975585938
22057, 229.46624755859375
22058, 229.4702606201172
22059, 229.47425842285156
22060, 229.47825622558594
22061, 229.4822540283203
22062, 229.4862518310547
22063, 229.49024963378906
22064, 229.49424743652344
22065, 229.49826049804688
22066, 229.50225830078125
22067, 229.50625610351562
22068, 229.51025390625
22069, 229.51425170898438
22070, 229.51824951171875
22071, 229.5222625732422
22072, 229.52626037597656
22073, 229.53025817871094
22074, 229.5342559814453
22075, 229.5382537841797
22076, 229.54225158691406
22077, 229.54624938964844
22078, 229.55026245117188
22079, 229.55426025390625
22080, 229.55825805664062
22081, 229.562255859375
22082, 229.56625366210938
22083, 229.57025146484375
22084, 229.57424926757812
22085, 229.57826232910156
22086, 229.58226013183594
22087, 229.5862579345703
22088, 229.5902557373047
22089, 229.59425354003906
22090, 229.59825134277344
22091, 229.6022491455078
22092, 229.60626220703125
22093, 229.61026000976562
22094, 229.6142578125
22095, 229.61825561523438
22096, 229.62225341796875
22097, 229.62625122070312
22098, 229.6302490234375
22099, 229.63426208496094
22100, 229.6382598876953
22101, 229.6422576904297
22102, 229.64625549316406
22103, 229.65025329589844
22104, 229.6542510986328
22105, 229.6582489013672
22106, 229.66226196289062
22107, 229.666259765625
22108, 229.67025756835938
22109, 229.67425537109375
22110, 229.67825317382812
22111, 229.6822509765625
22112, 229.68624877929688
22113, 229.6902618408203
22114, 229.6942596435547
22115, 229.69825744628906
22116, 229.70225524902344
22117, 229.7062530517578
22118, 229.7102508544922
22119, 229.71424865722656
22120, 229.71826171875
22121, 229.72225952148438
22122, 229.72625732421875
22123, 229.73025512695312
22124, 229.7342529296875
22125, 229.73825073242188
22126, 229.74224853515625
22127, 229.7462615966797
22128, 229.75025939941406
22129, 229.75425720214844
22130, 229.7582550048828
22131, 229.7622528076172
22132, 229.76625061035156
22133, 229.77024841308594
22134, 229.77426147460938
22135, 229.77825927734375
22136, 229.78225708007812
22137, 229.7862548828125
22138, 229.79025268554688
22139, 229.79425048828125
22140, 229.79824829101562
22141, 229.80226135253906
22142, 229.80625915527344
22143, 229.8102569580078
22144, 229.8142547607422
22145, 229.81825256347656
22146, 229.82225036621094
22147, 229.8262481689453
22148, 229.83026123046875
22149, 229.83425903320312
22150, 229.8382568359375
22151, 229.84225463867188
22152, 229.84625244140625
22153, 229.85025024414062
22154, 229.854248046875
22155, 229.85826110839844
22156, 229.8622589111328
22157, 229.8662567138672
22158, 229.87025451660156
22159, 229.87425231933594
22160, 229.8782501220703
22161, 229.8822479248047
22162, 229.88626098632812
22163, 229.8902587890625
22164, 229.89425659179688
22165, 229.89825439453125
22166, 229.90225219726562
22167, 229.90625
22168, 229.91024780273438
22169, 229.9142608642578
22170, 229.9182586669922
22171, 229.92225646972656
22172, 229.92625427246094
22173, 229.9302520751953
22174, 229.9342498779297
22175, 229.93824768066406
22176, 229.9422607421875
22177, 229.94625854492188
22178, 229.95025634765625
22179, 229.95425415039062
22180, 229.958251953125
22181, 229.96224975585938
22182, 229.96624755859375
22183, 229.9702606201172
22184, 229.97425842285156
22185, 229.97825622558594
22186, 229.9822540283203
22187, 229.9862518310547
22188, 229.99024963378906
22189, 229.99424743652344
22190, 229.99826049804688
22191, 230.00225830078125
22192, 230.00625610351562
22193, 230.01025390625
22194, 230.01425170898438
22195, 230.01824951171875
22196, 230.0222625732422
22197, 230.02626037597656
22198, 230.03025817871094
22199, 230.0342559814453
22200, 230.0382537841797
22201, 230.04225158691406
22202, 230.04624938964844
22203, 230.05026245117188
22204, 230.05426025390625
22205, 230.05825805664062
22206, 230.062255859375
22207, 230.06625366210938
22208, 230.07025146484375
22209, 230.07424926757812
22210, 230.07826232910156
22211, 230.08226013183594
22212, 230.0862579345703
22213, 230.0902557373047
22214, 230.09425354003906
22215, 230.09825134277344
22216, 230.1022491455078
22217, 230.10626220703125
22218, 230.11026000976562
22219, 230.1142578125
22220, 230.11825561523438
22221, 230.12225341796875
22222, 230.12625122070312
22223, 230.1302490234375
22224, 230.13426208496094
22225, 230.1382598876953
22226, 230.1422576904297
22227, 230.14625549316406
22228, 230.15025329589844
22229, 230.1542510986328
22230, 230.1582489013672
22231, 230.16226196289062
22232, 230.166259765625
22233, 230.17025756835938
22234, 230.17425537109375
22235, 230.17825317382812
22236, 230.1822509765625
22237, 230.18624877929688
22238, 230.1902618408203
22239, 230.1942596435547
22240, 230.19825744628906
22241, 230.20225524902344
22242, 230.2062530517578
22243, 230.2102508544922
22244, 230.21424865722656
22245, 230.21826171875
22246, 230.22225952148438
22247, 230.22625732421875
22248, 230.23025512695312
22249, 230.2342529296875
22250, 230.23825073242188
22251, 230.24224853515625
22252, 230.2462615966797
22253, 230.25025939941406
22254, 230.25425720214844
22255, 230.2582550048828
22256, 230.2622528076172
22257, 230.26625061035156
22258, 230.27024841308594
22259, 230.27426147460938
22260, 230.27825927734375
22261, 230.28225708007812
22262, 230.2862548828125
22263, 230.29025268554688
22264, 230.29425048828125
22265, 230.29824829101562
22266, 230.30226135253906
22267, 230.30625915527344
22268, 230.3102569580078
22269, 230.3142547607422
22270, 230.31825256347656
22271, 230.32225036621094
22272, 230.3262481689453
22273, 230.33026123046875
22274, 230.33425903320312
22275, 230.3382568359375
22276, 230.34225463867188
22277, 230.34625244140625
22278, 230.35025024414062
22279, 230.354248046875
22280, 230.35826110839844
22281, 230.3622589111328
22282, 230.3662567138672
22283, 230.37025451660156
22284, 230.37425231933594
22285, 230.3782501220703
22286, 230.3822479248047
22287, 230.38626098632812
22288, 230.3902587890625
22289, 230.39425659179688
22290, 230.39825439453125
22291, 230.40225219726562
22292, 230.40625
22293, 230.41024780273438
22294, 230.4142608642578
22295, 230.4182586669922
22296, 230.42225646972656
22297, 230.42625427246094
22298, 230.4302520751953
22299, 230.4342498779297
22300, 230.43824768066406
22301, 230.4422607421875
22302, 230.44625854492188
22303, 230.45025634765625
22304, 230.45425415039062
22305, 230.458251953125
22306, 230.46224975585938
22307, 230.46624755859375
22308, 230.4702606201172
22309, 230.47425842285156
22310, 230.47825622558594
22311, 230.4822540283203
22312, 230.4862518310547
22313, 230.49024963378906
22314, 230.49424743652344
22315, 230.49826049804688
22316, 230.50225830078125
22317, 230.50625610351562
22318, 230.51025390625
22319, 230.51425170898438
22320, 230.51824951171875
22321, 230.5222625732422
22322, 230.52626037597656
22323, 230.53025817871094
22324, 230.5342559814453
22325, 230.5382537841797
22326, 230.54225158691406
22327, 230.54624938964844
22328, 230.55026245117188
22329, 230.55426025390625
22330, 230.55825805664062
22331, 230.562255859375
22332, 230.56625366210938
22333, 230.57025146484375
22334, 230.57424926757812
22335, 230.57826232910156
22336, 230.58226013183594
22337, 230.5862579345703
22338, 230.5902557373047
22339, 230.59425354003906
22340, 230.59825134277344
22341, 230.6022491455078
22342, 230.60626220703125
22343, 230.61026000976562
22344, 230.6142578125
22345, 230.61825561523438
22346, 230.62225341796875
22347, 230.62625122070312
22348, 230.6302490234375
22349, 230.63426208496094
22350, 230.6382598876953
22351, 230.6422576904297
22352, 230.64625549316406
22353, 230.65025329589844
22354, 230.6542510986328
22355, 230.6582489013672
22356, 230.66226196289062
22357, 230.666259765625
22358, 230.67025756835938
22359, 230.67425537109375
22360, 230.67825317382812
22361, 230.6822509765625
22362, 230.68624877929688
22363, 230.6902618408203
22364, 230.6942596435547
22365, 230.69825744628906
22366, 230.70225524902344
22367, 230.7062530517578
22368, 230.7102508544922
22369, 230.71424865722656
22370, 230.71826171875
22371, 230.72225952148438
22372, 230.72625732421875
22373, 230.73025512695312
22374, 230.7342529296875
22375, 230.73825073242188
22376, 230.74224853515625
22377, 230.7462615966797
22378, 230.75025939941406
22379, 230.75425720214844
22380, 230.7582550048828
22381, 230.7622528076172
22382, 230.76625061035156
22383, 230.77024841308594
22384, 230.77426147460938
22385, 230.77825927734375
22386, 230.78225708007812
22387, 230.7862548828125
22388, 230.79025268554688
22389, 230.79425048828125
22390, 230.79824829101562
22391, 230.80226135253906
22392, 230.80625915527344
22393, 230.8102569580078
22394, 230.8142547607422
22395, 230.81825256347656
22396, 230.82225036621094
22397, 230.8262481689453
22398, 230.83026123046875
22399, 230.83425903320312
22400, 230.8382568359375
22401, 230.84225463867188
22402, 230.84625244140625
22403, 230.85025024414062
22404, 230.854248046875
22405, 230.85826110839844
22406, 230.8622589111328
22407, 230.8662567138672
22408, 230.87025451660156
22409, 230.87425231933594
22410, 230.8782501220703
22411, 230.8822479248047
22412, 230.88626098632812
22413, 230.8902587890625
22414, 230.89425659179688
22415, 230.89825439453125
22416, 230.90225219726562
22417, 230.90625
22418, 230.91024780273438
22419, 230.9142608642578
22420, 230.9182586669922
22421, 230.92225646972656
22422, 230.92625427246094
22423, 230.9302520751953
22424, 230.9342498779297
22425, 230.93824768066406
22426, 230.9422607421875
22427, 230.94625854492188
22428, 230.95025634765625
22429, 230.95425415039062
22430, 230.958251953125
22431, 230.96224975585938
22432, 230.96624755859375
22433, 230.9702606201172
22434, 230.97425842285156
22435, 230.97825622558594
22436, 230.9822540283203
22437, 230.9862518310547
22438, 230.99024963378906
22439, 230.99424743652344
22440, 230.99826049804688
22441, 231.00225830078125
22442, 231.00625610351562
22443, 231.01025390625
22444, 231.01425170898438
22445, 231.01824951171875
22446, 231.0222625732422
22447, 231.02626037597656
22448, 231.03025817871094
22449, 231.0342559814453
22450, 231.0382537841797
22451, 231.04225158691406
22452, 231.04624938964844
22453, 231.05026245117188
22454, 231.05426025390625
22455, 231.05825805664062
22456, 231.062255859375
22457, 231.06625366210938
22458, 231.07025146484375
22459, 231.07424926757812
22460, 231.07826232910156
22461, 231.08226013183594
22462, 231.0862579345703
22463, 231.0902557373047
22464, 231.09425354003906
22465, 231.09825134277344
22466, 231.1022491455078
22467, 231.10626220703125
22468, 231.11026000976562
22469, 231.1142578125
22470, 231.11825561523438
22471, 231.12225341796875
22472, 231.12625122070312
22473, 231.1302490234375
22474, 231.13426208496094
22475, 231.1382598876953
22476, 231.1422576904297
22477, 231.14625549316406
22478, 231.15025329589844
22479, 231.1542510986328
22480, 231.1582489013672
22481, 231.16226196289062
22482, 231.166259765625
22483, 231.17025756835938
22484, 231.17425537109375
22485, 231.17825317382812
22486, 231.1822509765625
22487, 231.18624877929688
22488, 231.1902618408203
22489, 231.1942596435547
22490, 231.19825744628906
22491, 231.20225524902344
22492, 231.2062530517578
22493, 231.2102508544922
22494, 231.21424865722656
22495, 231.21826171875
22496, 231.22225952148438
22497, 231.22625732421875
22498, 231.23025512695312
22499, 231.2342529296875
22500, 231.23825073242188
22501, 231.24224853515625
22502, 231.2462615966797
22503, 231.25025939941406
22504, 231.25425720214844
22505, 231.2582550048828
22506, 231.2622528076172
22507, 231.26625061035156
22508, 231.27024841308594
22509, 231.27426147460938
22510, 231.27825927734375
22511, 231.28225708007812
22512, 231.2862548828125
22513, 231.29025268554688
22514, 231.29425048828125
22515, 231.29824829101562
22516, 231.30226135253906
22517, 231.30625915527344
22518, 231.3102569580078
22519, 231.3142547607422
22520, 231.31825256347656
22521, 231.32225036621094
22522, 231.3262481689453
22523, 231.33026123046875
22524, 231.33425903320312
22525, 231.3382568359375
22526, 231.34225463867188
22527, 231.34625244140625
22528, 231.35025024414062
22529, 231.354248046875
22530, 231.35826110839844
22531, 231.3622589111328
22532, 231.3662567138672
22533, 231.37025451660156
22534, 231.37425231933594
22535, 231.3782501220703
22536, 231.3822479248047
22537, 231.38626098632812
22538, 231.3902587890625
22539, 231.39425659179688
22540, 231.39825439453125
22541, 231.40225219726562
22542, 231.40625
22543, 231.41024780273438
22544, 231.4142608642578
22545, 231.4182586669922
22546, 231.42225646972656
22547, 231.42625427246094
22548, 231.4302520751953
22549, 231.4342498779297
22550, 231.43824768066406
22551, 231.4422607421875
22552, 231.44625854492188
22553, 231.45025634765625
22554, 231.45425415039062
22555, 231.458251953125
22556, 231.46224975585938
22557, 231.46624755859375
22558, 231.4702606201172
22559, 231.47425842285156
22560, 231.47825622558594
22561, 231.4822540283203
22562, 231.4862518310547
22563, 231.49024963378906
22564, 231.49424743652344
22565, 231.49826049804688
22566, 231.50225830078125
22567, 231.50625610351562
22568, 231.51025390625
22569, 231.51425170898438
22570, 231.51824951171875
22571, 231.5222625732422
22572, 231.52626037597656
22573, 231.53025817871094
22574, 231.5342559814453
22575, 231.5382537841797
22576, 231.54225158691406
22577, 231.54624938964844
22578, 231.55026245117188
22579, 231.55426025390625
22580, 231.55825805664062
22581, 231.562255859375
22582, 231.56625366210938
22583, 231.57025146484375
22584, 231.57424926757812
22585, 231.57826232910156
22586, 231.58226013183594
22587, 231.5862579345703
22588, 231.5902557373047
22589, 231.59425354003906
22590, 231.59825134277344
22591, 231.6022491455078
22592, 231.60626220703125
22593, 231.61026000976562
22594, 231.6142578125
22595, 231.61825561523438
22596, 231.62225341796875
22597, 231.62625122070312
22598, 231.6302490234375
22599, 231.63426208496094
22600, 231.6382598876953
22601, 231.6422576904297
22602, 231.64625549316406
22603, 231.65025329589844
22604, 231.6542510986328
22605, 231.6582489013672
22606, 231.66226196289062
22607, 231.666259765625
22608, 231.67025756835938
22609, 231.67425537109375
22610, 231.67825317382812
22611, 231.6822509765625
22612, 231.68624877929688
22613, 231.6902618408203
22614, 231.6942596435547
22615, 231.69825744628906
22616, 231.70225524902344
22617, 231.7062530517578
22618, 231.7102508544922
22619, 231.71424865722656
22620, 231.71826171875
22621, 231.72225952148438
22622, 231.72625732421875
22623, 231.73025512695312
22624, 231.7342529296875
22625, 231.73825073242188
22626, 231.74224853515625
22627, 231.7462615966797
22628, 231.75025939941406
22629, 231.75425720214844
22630, 231.7582550048828
22631, 231.7622528076172
22632, 231.76625061035156
22633, 231.77024841308594
22634, 231.77426147460938
22635, 231.77825927734375
22636, 231.78225708007812
22637, 231.7862548828125
22638, 231.79025268554688
22639, 231.79425048828125
22640, 231.79824829101562
22641, 231.80226135253906
22642, 231.80625915527344
22643, 231.8102569580078
22644, 231.8142547607422
22645, 231.81825256347656
22646, 231.82225036621094
22647, 231.8262481689453
22648, 231.83026123046875
22649, 231.83425903320312
22650, 231.8382568359375
22651, 231.84225463867188
22652, 231.84625244140625
22653, 231.85025024414062
22654, 231.854248046875
22655, 231.85826110839844
22656, 231.8622589111328
22657, 231.8662567138672
22658, 231.87025451660156
22659, 231.87425231933594
22660, 231.8782501220703
22661, 231.8822479248047
22662, 231.88626098632812
22663, 231.8902587890625
22664, 231.89425659179688
22665, 231.89825439453125
22666, 231.90225219726562
22667, 231.90625
22668, 231.91024780273438
22669, 231.9142608642578
22670, 231.9182586669922
22671, 231.92225646972656
22672, 231.92625427246094
22673, 231.9302520751953
22674, 231.9342498779297
22675, 231.93824768066406
22676, 231.9422607421875
22677, 231.94625854492188
22678, 231.95025634765625
22679, 231.95425415039062
22680, 231.958251953125
22681, 231.96224975585938
22682, 231.96624755859375
22683, 231.9702606201172
22684, 231.97425842285156
22685, 231.97825622558594
22686, 231.9822540283203
22687, 231.9862518310547
22688, 231.99024963378906
22689, 231.99424743652344
22690, 231.99826049804688
22691, 232.00225830078125
22692, 232.00625610351562
22693, 232.01025390625
22694, 232.01425170898438
22695, 232.01824951171875
22696, 232.0222625732422
22697, 232.02626037597656
22698, 232.03025817871094
22699, 232.0342559814453
22700, 232.0382537841797
22701, 232.04225158691406
22702, 232.04624938964844
22703, 232.05026245117188
22704, 232.05426025390625
22705, 232.05825805664062
22706, 232.062255859375
22707, 232.06625366210938
22708, 232.07025146484375
22709, 232.07424926757812
22710, 232.07826232910156
22711, 232.08226013183594
22712, 232.0862579345703
22713, 232.0902557373047
22714, 232.09425354003906
22715, 232.09825134277344
22716, 232.1022491455078
22717, 232.10626220703125
22718, 232.11026000976562
22719, 232.1142578125
22720, 232.11825561523438
22721, 232.12225341796875
22722, 232.12625122070312
22723, 232.1302490234375
22724, 232.13426208496094
22725, 232.1382598876953
22726, 232.1422576904297
22727, 232.14625549316406
22728, 232.15025329589844
22729, 232.1542510986328
22730, 232.1582489013672
22731, 232.16226196289062
22732, 232.166259765625
22733, 232.17025756835938
22734, 232.17425537109375
22735, 232.17825317382812
22736, 232.1822509765625
22737, 232.18624877929688
22738, 232.1902618408203
22739, 232.1942596435547
22740, 232.19825744628906
22741, 232.20225524902344
22742, 232.2062530517578
22743, 232.2102508544922
22744, 232.21424865722656
22745, 232.21826171875
22746, 232.22225952148438
22747, 232.22625732421875
22748, 232.23025512695312
22749, 232.2342529296875
22750, 232.23825073242188
22751, 232.24224853515625
22752, 232.2462615966797
22753, 232.25025939941406
22754, 232.25425720214844
22755, 232.2582550048828
22756, 232.2622528076172
22757, 232.26625061035156
22758, 232.27024841308594
22759, 232.27426147460938
22760, 232.27825927734375
22761, 232.28225708007812
22762, 232.2862548828125
22763, 232.29025268554688
22764, 232.29425048828125
22765, 232.29824829101562
22766, 232.30226135253906
22767, 232.30625915527344
22768, 232.3102569580078
22769, 232.3142547607422
22770, 232.31825256347656
22771, 232.32225036621094
22772, 232.3262481689453
22773, 232.33026123046875
22774, 232.33425903320312
22775, 232.3382568359375
22776, 232.34225463867188
22777, 232.34625244140625
22778, 232.35025024414062
22779, 232.354248046875
22780, 232.35826110839844
22781, 232.3622589111328
22782, 232.3662567138672
22783, 232.37025451660156
22784, 232.37425231933594
22785, 232.3782501220703
22786, 232.3822479248047
22787, 232.38626098632812
22788, 232.3902587890625
22789, 232.39425659179688
22790, 232.39825439453125
22791, 232.40225219726562
22792, 232.40625
22793, 232.41024780273438
22794, 232.4142608642578
22795, 232.4182586669922
22796, 232.42225646972656
22797, 232.42625427246094
22798, 232.4302520751953
22799, 232.4342498779297
22800, 232.43824768066406
22801, 232.4422607421875
22802, 232.44625854492188
22803, 232.45025634765625
22804, 232.45425415039062
22805, 232.458251953125
22806, 232.46224975585938
22807, 232.46624755859375
22808, 232.4702606201172
22809, 232.47425842285156
22810, 232.47825622558594
22811, 232.4822540283203
22812, 232.4862518310547
22813, 232.49024963378906
22814, 232.49424743652344
22815, 232.49826049804688
22816, 232.50225830078125
22817, 232.50625610351562
22818, 232.51025390625
22819, 232.51425170898438
22820, 232.51824951171875
22821, 232.5222625732422
22822, 232.52626037597656
22823, 232.53025817871094
22824, 232.5342559814453
22825, 232.5382537841797
22826, 232.54225158691406
22827, 232.54624938964844
22828, 232.55026245117188
22829, 232.55426025390625
22830, 232.55825805664062
22831, 232.562255859375
22832, 232.56625366210938
22833, 232.57025146484375
22834, 232.57424926757812
22835, 232.57826232910156
22836, 232.58226013183594
22837, 232.5862579345703
22838, 232.5902557373047
22839, 232.59425354003906
22840, 232.59825134277344
22841, 232.6022491455078
22842, 232.60626220703125
22843, 232.61026000976562
22844, 232.6142578125
22845, 232.61825561523438
22846, 232.62225341796875
22847, 232.62625122070312
22848, 232.6302490234375
22849, 232.63426208496094
22850, 232.6382598876953
22851, 232.6422576904297
22852, 232.64625549316406
22853, 232.65025329589844
22854, 232.6542510986328
22855, 232.6582489013672
22856, 232.66226196289062
22857, 232.666259765625
22858, 232.67025756835938
22859, 232.67425537109375
22860, 232.67825317382812
22861, 232.6822509765625
22862, 232.68624877929688
22863, 232.6902618408203
22864, 232.6942596435547
22865, 232.69825744628906
22866, 232.70225524902344
22867, 232.7062530517578
22868, 232.7102508544922
22869, 232.71424865722656
22870, 232.71826171875
22871, 232.72225952148438
22872, 232.72625732421875
22873, 232.73025512695312
22874, 232.7342529296875
22875, 232.73825073242188
22876, 232.74224853515625
22877, 232.7462615966797
22878, 232.75025939941406
22879, 232.75425720214844
22880, 232.7582550048828
22881, 232.7622528076172
22882, 232.76625061035156
22883, 232.77024841308594
22884, 232.77426147460938
22885, 232.77825927734375
22886, 232.78225708007812
22887, 232.7862548828125
22888, 232.79025268554688
22889, 232.79425048828125
22890, 232.79824829101562
22891, 232.80226135253906
22892, 232.80625915527344
22893, 232.8102569580078
22894, 232.8142547607422
22895, 232.81825256347656
22896, 232.82225036621094
22897, 232.8262481689453
22898, 232.83026123046875
22899, 232.83425903320312
22900, 232.8382568359375
22901, 232.84225463867188
22902, 232.84625244140625
22903, 232.85025024414062
22904, 232.854248046875
22905, 232.85826110839844
22906, 232.8622589111328
22907, 232.8662567138672
22908, 232.87025451660156
22909, 232.87425231933594
22910, 232.8782501220703
22911, 232.8822479248047
22912, 232.88626098632812
22913, 232.8902587890625
22914, 232.89425659179688
22915, 232.89825439453125
22916, 232.90225219726562
22917, 232.90625
22918, 232.91024780273438
22919, 232.9142608642578
22920, 232.9182586669922
22921, 232.92225646972656
22922, 232.92625427246094
22923, 232.9302520751953
22924, 232.9342498779297
22925, 232.93824768066406
22926, 232.9422607421875
22927, 232.94625854492188
22928, 232.95025634765625
22929, 232.95425415039062
22930, 232.958251953125
22931, 232.96224975585938
22932, 232.96624755859375
22933, 232.9702606201172
22934, 232.97425842285156
22935, 232.97825622558594
22936, 232.9822540283203
22937, 232.9862518310547
22938, 232.99024963378906
22939, 232.99424743652344
22940, 232.99826049804688
22941, 233.00225830078125
22942, 233.00625610351562
22943, 233.01025390625
22944, 233.01425170898438
22945, 233.01824951171875
22946, 233.0222625732422
22947, 233.02626037597656
22948, 233.03025817871094
22949, 233.0342559814453
22950, 233.0382537841797
22951, 233.04225158691406
22952, 233.04624938964844
22953, 233.05026245117188
22954, 233.05426025390625
22955, 233.05825805664062
22956, 233.062255859375
22957, 233.06625366210938
22958, 233.07025146484375
22959, 233.07424926757812
22960, 233.07826232910156
22961, 233.08226013183594
22962, 233.0862579345703
22963, 233.0902557373047
22964, 233.09425354003906
22965, 233.09825134277344
22966, 233.1022491455078
22967, 233.10626220703125
22968, 233.11026000976562
22969, 233.1142578125
22970, 233.11825561523438
22971, 233.12225341796875
22972, 233.12625122070312
22973, 233.1302490234375
22974, 233.13426208496094
22975, 233.1382598876953
22976, 233.1422576904297
22977, 233.14625549316406
22978, 233.15025329589844
22979, 233.1542510986328
22980, 233.1582489013672
22981, 233.16226196289062
22982, 233.166259765625
22983, 233.17025756835938
22984, 233.17425537109375
22985, 233.17825317382812
22986, 233.1822509765625
22987, 233.18624877929688
22988, 233.1902618408203
22989, 233.1942596435547
22990, 233.19825744628906
22991, 233.20225524902344
22992, 233.2062530517578
22993, 233.2102508544922
22994, 233.21424865722656
22995, 233.21826171875
22996, 233.22225952148438
22997, 233.22625732421875
22998, 233.23025512695312
22999, 233.2342529296875
23000, 233.23825073242188
23001, 233.24224853515625
23002, 233.2462615966797
23003, 233.25025939941406
23004, 233.25425720214844
23005, 233.2582550048828
23006, 233.2622528076172
23007, 233.26625061035156
23008, 233.27024841308594
23009, 233.27426147460938
23010, 233.27825927734375
23011, 233.28225708007812
23012, 233.2862548828125
23013, 233.29025268554688
23014, 233.29425048828125
23015, 233.29824829101562
23016, 233.30226135253906
23017, 233.30625915527344
23018, 233.3102569580078
23019, 233.3142547607422
23020, 233.31825256347656
23021, 233.32225036621094
23022, 233.3262481689453
23023, 233.33026123046875
23024, 233.33425903320312
23025, 233.3382568359375
23026, 233.34225463867188
23027, 233.34625244140625
23028, 233.35025024414062
23029, 233.354248046875
23030, 233.35826110839844
23031, 233.3622589111328
23032, 233.3662567138672
23033, 233.37025451660156
23034, 233.37425231933594
23035, 233.3782501220703
23036, 233.3822479248047
23037, 233.38626098632812
23038, 233.3902587890625
23039, 233.39425659179688
23040, 233.39825439453125
23041, 233.40225219726562
23042, 233.40625
23043, 233.41024780273438
23044, 233.4142608642578
23045, 233.4182586669922
23046, 233.42225646972656
23047, 233.42625427246094
23048, 233.4302520751953
23049, 233.4342498779297
23050, 233.43824768066406
23051, 233.4422607421875
23052, 233.44625854492188
23053, 233.45025634765625
23054, 233.45425415039062
23055, 233.458251953125
23056, 233.46224975585938
23057, 233.46624755859375
23058, 233.4702606201172
23059, 233.47425842285156
23060, 233.47825622558594
23061, 233.4822540283203
23062, 233.4862518310547
23063, 233.49024963378906
23064, 233.49424743652344
23065, 233.49826049804688
23066, 233.50225830078125
23067, 233.50625610351562
23068, 233.51025390625
23069, 233.51425170898438
23070, 233.51824951171875
23071, 233.5222625732422
23072, 233.52626037597656
23073, 233.53025817871094
23074, 233.5342559814453
23075, 233.5382537841797
23076, 233.54225158691406
23077, 233.54624938964844
23078, 233.55026245117188
23079, 233.55426025390625
23080, 233.55825805664062
23081, 233.562255859375
23082, 233.56625366210938
23083, 233.57025146484375
23084, 233.57424926757812
23085, 233.57826232910156
23086, 233.58226013183594
23087, 233.5862579345703
23088, 233.5902557373047
23089, 233.59425354003906
23090, 233.59825134277344
23091, 233.6022491455078
23092, 233.60626220703125
23093, 233.61026000976562
23094, 233.6142578125
23095, 233.61825561523438
23096, 233.62225341796875
23097, 233.62625122070312
23098, 233.6302490234375
23099, 233.63426208496094
23100, 233.6382598876953
23101, 233.6422576904297
23102, 233.64625549316406
23103, 233.65025329589844
23104, 233.6542510986328
23105, 233.6582489013672
23106, 233.66226196289062
23107, 233.666259765625
23108, 233.67025756835938
23109, 233.67425537109375
23110, 233.67825317382812
23111, 233.6822509765625
23112, 233.68624877929688
23113, 233.6902618408203
23114, 233.6942596435547
23115, 233.69825744628906
23116, 233.70225524902344
23117, 233.7062530517578
23118, 233.7102508544922
23119, 233.71424865722656
23120, 233.71826171875
23121, 233.72225952148438
23122, 233.72625732421875
23123, 233.73025512695312
23124, 233.7342529296875
23125, 233.73825073242188
23126, 233.74224853515625
23127, 233.7462615966797
23128, 233.75025939941406
23129, 233.75425720214844
23130, 233.7582550048828
23131, 233.7622528076172
23132, 233.76625061035156
23133, 233.77024841308594
23134, 233.77426147460938
23135, 233.77825927734375
23136, 233.78225708007812
23137, 233.7862548828125
23138, 233.79025268554688
23139, 233.79425048828125
23140, 233.79824829101562
23141, 233.80226135253906
23142, 233.80625915527344
23143, 233.8102569580078
23144, 233.8142547607422
23145, 233.81825256347656
23146, 233.82225036621094
23147, 233.8262481689453
23148, 233.83026123046875
23149, 233.83425903320312
23150, 233.8382568359375
23151, 233.84225463867188
23152, 233.84625244140625
23153, 233.85025024414062
23154, 233.854248046875
23155, 233.85826110839844
23156, 233.8622589111328
23157, 233.8662567138672
23158, 233.87025451660156
23159, 233.87425231933594
23160, 233.8782501220703
23161, 233.8822479248047
23162, 233.88626098632812
23163, 233.8902587890625
23164, 233.89425659179688
23165, 233.89825439453125
23166, 233.90225219726562
23167, 233.90625
23168, 233.91024780273438
23169, 233.9142608642578
23170, 233.9182586669922
23171, 233.92225646972656
23172, 233.92625427246094
23173, 233.9302520751953
23174, 233.9342498779297
23175, 233.93824768066406
23176, 233.9422607421875
23177, 233.94625854492188
23178, 233.95025634765625
23179, 233.95425415039062
23180, 233.958251953125
23181, 233.96224975585938
23182, 233.96624755859375
23183, 233.9702606201172
23184, 233.97425842285156
23185, 233.97825622558594
23186, 233.9822540283203
23187, 233.9862518310547
23188, 233.99024963378906
23189, 233.99424743652344
23190, 233.99826049804688
23191, 234.00225830078125
23192, 234.00625610351562
23193, 234.01025390625
23194, 234.01425170898438
23195, 234.01824951171875
23196, 234.0222625732422
23197, 234.02626037597656
23198, 234.03025817871094
23199, 234.0342559814453
23200, 234.0382537841797
23201, 234.04225158691406
23202, 234.04624938964844
23203, 234.05026245117188
23204, 234.05426025390625
23205, 234.05825805664062
23206, 234.062255859375
23207, 234.06625366210938
23208, 234.07025146484375
23209, 234.07424926757812
23210, 234.07826232910156
23211, 234.08226013183594
23212, 234.0862579345703
23213, 234.0902557373047
23214, 234.09425354003906
23215, 234.09825134277344
23216, 234.1022491455078
23217, 234.10626220703125
23218, 234.11026000976562
23219, 234.1142578125
23220, 234.11825561523438
23221, 234.12225341796875
23222, 234.12625122070312
23223, 234.1302490234375
23224, 234.13426208496094
23225, 234.1382598876953
23226, 234.1422576904297
23227, 234.14625549316406
23228, 234.15025329589844
23229, 234.1542510986328
23230, 234.1582489013672
23231, 234.16226196289062
23232, 234.166259765625
23233, 234.17025756835938
23234, 234.17425537109375
23235, 234.17825317382812
23236, 234.1822509765625
23237, 234.18624877929688
23238, 234.1902618408203
23239, 234.1942596435547
23240, 234.19825744628906
23241, 234.20225524902344
23242, 234.2062530517578
23243, 234.2102508544922
23244, 234.21424865722656
23245, 234.21826171875
23246, 234.22225952148438
23247, 234.22625732421875
23248, 234.23025512695312
23249, 234.2342529296875
23250, 234.23825073242188
23251, 234.24224853515625
23252, 234.2462615966797
23253, 234.25025939941406
23254, 234.25425720214844
23255, 234.2582550048828
23256, 234.2622528076172
23257, 234.26625061035156
23258, 234.27024841308594
23259, 234.27426147460938
23260, 234.27825927734375
23261, 234.28225708007812
23262, 234.2862548828125
23263, 234.29025268554688
23264, 234.29425048828125
23265, 234.29824829101562
23266, 234.30226135253906
23267, 234.30625915527344
23268, 234.3102569580078
23269, 234.3142547607422
23270, 234.31825256347656
23271, 234.32225036621094
23272, 234.3262481689453
23273, 234.33026123046875
23274, 234.33425903320312
23275, 234.3382568359375
23276, 234.34225463867188
23277, 234.34625244140625
23278, 234.35025024414062
23279, 234.354248046875
23280, 234.35826110839844
23281, 234.3622589111328
23282, 234.3662567138672
23283, 234.37025451660156
23284, 234.37425231933594
23285, 234.3782501220703
23286, 234.3822479248047
23287, 234.38626098632812
23288, 234.3902587890625
23289, 234.39425659179688
23290, 234.39825439453125
23291, 234.40225219726562
23292, 234.40625
23293, 234.41024780273438
23294, 234.4142608642578
23295, 234.4182586669922
23296, 234.42225646972656
23297, 234.42625427246094
23298, 234.4302520751953
23299, 234.4342498779297
23300, 234.43824768066406
23301, 234.4422607421875
23302, 234.44625854492188
23303, 234.45025634765625
23304, 234.45425415039062
23305, 234.458251953125
23306, 234.46224975585938
23307, 234.46624755859375
23308, 234.4702606201172
23309, 234.47425842285156
23310, 234.47825622558594
23311, 234.4822540283203
23312, 234.4862518310547
23313, 234.49024963378906
23314, 234.49424743652344
23315, 234.49826049804688
23316, 234.50225830078125
23317, 234.50625610351562
23318, 234.51025390625
23319, 234.51425170898438
23320, 234.51824951171875
23321, 234.5222625732422
23322, 234.52626037597656
23323, 234.53025817871094
23324, 234.5342559814453
23325, 234.5382537841797
23326, 234.54225158691406
23327, 234.54624938964844
23328, 234.55026245117188
23329, 234.55426025390625
23330, 234.55825805664062
23331, 234.562255859375
23332, 234.56625366210938
23333, 234.57025146484375
23334, 234.57424926757812
23335, 234.57826232910156
23336, 234.58226013183594
23337, 234.5862579345703
23338, 234.5902557373047
23339, 234.59425354003906
23340, 234.59825134277344
23341, 234.6022491455078
23342, 234.60626220703125
23343, 234.61026000976562
23344, 234.6142578125
23345, 234.61825561523438
23346, 234.62225341796875
23347, 234.62625122070312
23348, 234.6302490234375
23349, 234.63426208496094
23350, 234.6382598876953
23351, 234.6422576904297
23352, 234.64625549316406
23353, 234.65025329589844
23354, 234.6542510986328
23355, 234.6582489013672
23356, 234.66226196289062
23357, 234.666259765625
23358, 234.67025756835938
23359, 234.67425537109375
23360, 234.67825317382812
23361, 234.6822509765625
23362, 234.68624877929688
23363, 234.6902618408203
23364, 234.6942596435547
23365, 234.69825744628906
23366, 234.70225524902344
23367, 234.7062530517578
23368, 234.7102508544922
23369, 234.71424865722656
23370, 234.71826171875
23371, 234.72225952148438
23372, 234.72625732421875
23373, 234.73025512695312
23374, 234.7342529296875
23375, 234.73825073242188
23376, 234.74224853515625
23377, 234.7462615966797
23378, 234.75025939941406
23379, 234.75425720214844
23380, 234.7582550048828
23381, 234.7622528076172
23382, 234.76625061035156
23383, 234.77024841308594
23384, 234.77426147460938
23385, 234.77825927734375
23386, 234.78225708007812
23387, 234.7862548828125
23388, 234.79025268554688
23389, 234.79425048828125
23390, 234.79824829101562
23391, 234.80226135253906
23392, 234.80625915527344
23393, 234.8102569580078
23394, 234.8142547607422
23395, 234.81825256347656
23396, 234.82225036621094
23397, 234.8262481689453
23398, 234.83026123046875
23399, 234.83425903320312
23400, 234.8382568359375
23401, 234.84225463867188
23402, 234.84625244140625
23403, 234.85025024414062
23404, 234.854248046875
23405, 234.85826110839844
23406, 234.8622589111328
23407, 234.8662567138672
23408, 234.87025451660156
23409, 234.87425231933594
23410, 234.8782501220703
23411, 234.8822479248047
23412, 234.88626098632812
23413, 234.8902587890625
23414, 234.89425659179688
23415, 234.89825439453125
23416, 234.90225219726562
23417, 234.90625
23418, 234.91024780273438
23419, 234.9142608642578
23420, 234.9182586669922
23421, 234.92225646972656
23422, 234.92625427246094
23423, 234.9302520751953
23424, 234.9342498779297
23425, 234.93824768066406
23426, 234.9422607421875
23427, 234.94625854492188
23428, 234.95025634765625
23429, 234.95425415039062
23430, 234.958251953125
23431, 234.96224975585938
23432, 234.96624755859375
23433, 234.9702606201172
23434, 234.97425842285156
23435, 234.97825622558594
23436, 234.9822540283203
23437, 234.9862518310547
23438, 234.99024963378906
23439, 234.99424743652344
23440, 234.99826049804688
23441, 235.00225830078125
23442, 235.00625610351562
23443, 235.01025390625
23444, 235.01425170898438
23445, 235.01824951171875
23446, 235.0222625732422
23447, 235.02626037597656
23448, 235.03025817871094
23449, 235.0342559814453
23450, 235.0382537841797
23451, 235.04225158691406
23452, 235.04624938964844
23453, 235.05026245117188
23454, 235.05426025390625
23455, 235.05825805664062
23456, 235.062255859375
23457, 235.06625366210938
23458, 235.07025146484375
23459, 235.07424926757812
23460, 235.07826232910156
23461, 235.08226013183594
23462, 235.0862579345703
23463, 235.0902557373047
23464, 235.09425354003906
23465, 235.09825134277344
23466, 235.1022491455078
23467, 235.10626220703125
23468, 235.11026000976562
23469, 235.1142578125
23470, 235.11825561523438
23471, 235.12225341796875
23472, 235.12625122070312
23473, 235.1302490234375
23474, 235.13426208496094
23475, 235.1382598876953
23476, 235.1422576904297
23477, 235.14625549316406
23478, 235.15025329589844
23479, 235.1542510986328
23480, 235.1582489013672
23481, 235.16226196289062
23482, 235.166259765625
23483, 235.17025756835938
23484, 235.17425537109375
23485, 235.17825317382812
23486, 235.1822509765625
23487, 235.18624877929688
23488, 235.1902618408203
23489, 235.1942596435547
23490, 235.19825744628906
23491, 235.20225524902344
23492, 235.2062530517578
23493, 235.2102508544922
23494, 235.21424865722656
23495, 235.21826171875
23496, 235.22225952148438
23497, 235.22625732421875
23498, 235.23025512695312
23499, 235.2342529296875
23500, 235.23825073242188
23501, 235.24224853515625
23502, 235.2462615966797
23503, 235.25025939941406
23504, 235.25425720214844
23505, 235.2582550048828
23506, 235.2622528076172
23507, 235.26625061035156
23508, 235.27024841308594
23509, 235.27426147460938
23510, 235.27825927734375
23511, 235.28225708007812
23512, 235.2862548828125
23513, 235.29025268554688
23514, 235.29425048828125
23515, 235.29824829101562
23516, 235.30226135253906
23517, 235.30625915527344
23518, 235.3102569580078
23519, 235.3142547607422
23520, 235.31825256347656
23521, 235.32225036621094
23522, 235.3262481689453
23523, 235.33026123046875
23524, 235.33425903320312
23525, 235.3382568359375
23526, 235.34225463867188
23527, 235.34625244140625
23528, 235.35025024414062
23529, 235.354248046875
23530, 235.35826110839844
23531, 235.3622589111328
23532, 235.3662567138672
23533, 235.37025451660156
23534, 235.37425231933594
23535, 235.3782501220703
23536, 235.3822479248047
23537, 235.38626098632812
23538, 235.3902587890625
23539, 235.39425659179688
23540, 235.39825439453125
23541, 235.40225219726562
23542, 235.40625
23543, 235.41024780273438
23544, 235.4142608642578
23545, 235.4182586669922
23546, 235.42225646972656
23547, 235.42625427246094
23548, 235.4302520751953
23549, 235.4342498779297
23550, 235.43824768066406
23551, 235.4422607421875
23552, 235.44625854492188
23553, 235.45025634765625
23554, 235.45425415039062
23555, 235.458251953125
23556, 235.46224975585938
23557, 235.46624755859375
23558, 235.4702606201172
23559, 235.47425842285156
23560, 235.47825622558594
23561, 235.4822540283203
23562, 235.4862518310547
23563, 235.49024963378906
23564, 235.49424743652344
23565, 235.49826049804688
23566, 235.50225830078125
23567, 235.50625610351562
23568, 235.51025390625
23569, 235.51425170898438
23570, 235.51824951171875
23571, 235.5222625732422
23572, 235.52626037597656
23573, 235.53025817871094
23574, 235.5342559814453
23575, 235.5382537841797
23576, 235.54225158691406
23577, 235.54624938964844
23578, 235.55026245117188
23579, 235.55426025390625
23580, 235.55825805664062
23581, 235.562255859375
23582, 235.56625366210938
23583, 235.57025146484375
23584, 235.57424926757812
23585, 235.57826232910156
23586, 235.58226013183594
23587, 235.5862579345703
23588, 235.5902557373047
23589, 235.59425354003906
23590, 235.59825134277344
23591, 235.6022491455078
23592, 235.60626220703125
23593, 235.61026000976562
23594, 235.6142578125
23595, 235.61825561523438
23596, 235.62225341796875
23597, 235.62625122070312
23598, 235.6302490234375
23599, 235.63426208496094
23600, 235.6382598876953
23601, 235.6422576904297
23602, 235.64625549316406
23603, 235.65025329589844
23604, 235.6542510986328
23605, 235.6582489013672
23606, 235.66226196289062
23607, 235.666259765625
23608, 235.67025756835938
23609, 235.67425537109375
23610, 235.67825317382812
23611, 235.6822509765625
23612, 235.68624877929688
23613, 235.6902618408203
23614, 235.6942596435547
23615, 235.69825744628906
23616, 235.70225524902344
23617, 235.7062530517578
23618, 235.7102508544922
23619, 235.71424865722656
23620, 235.71826171875
23621, 235.72225952148438
23622, 235.72625732421875
23623, 235.73025512695312
23624, 235.7342529296875
23625, 235.73825073242188
23626, 235.74224853515625
23627, 235.7462615966797
23628, 235.75025939941406
23629, 235.75425720214844
23630, 235.7582550048828
23631, 235.7622528076172
23632, 235.76625061035156
23633, 235.77024841308594
23634, 235.77426147460938
23635, 235.77825927734375
23636, 235.78225708007812
23637, 235.7862548828125
23638, 235.79025268554688
23639, 235.79425048828125
23640, 235.79824829101562
23641, 235.80226135253906
23642, 235.80625915527344
23643, 235.8102569580078
23644, 235.8142547607422
23645, 235.81825256347656
23646, 235.82225036621094
23647, 235.8262481689453
23648, 235.83026123046875
23649, 235.83425903320312
23650, 235.8382568359375
23651, 235.84225463867188
23652, 235.84625244140625
23653, 235.85025024414062
23654, 235.854248046875
23655, 235.85826110839844
23656, 235.8622589111328
23657, 235.8662567138672
23658, 235.87025451660156
23659, 235.87425231933594
23660, 235.8782501220703
23661, 235.8822479248047
23662, 235.88626098632812
23663, 235.8902587890625
23664, 235.89425659179688
23665, 235.89825439453125
23666, 235.90225219726562
23667, 235.90625
23668, 235.91024780273438
23669, 235.9142608642578
23670, 235.9182586669922
23671, 235.92225646972656
23672, 235.92625427246094
23673, 235.9302520751953
23674, 235.9342498779297
23675, 235.93824768066406
23676, 235.9422607421875
23677, 235.94625854492188
23678, 235.95025634765625
23679, 235.95425415039062
23680, 235.958251953125
23681, 235.96224975585938
23682, 235.96624755859375
23683, 235.9702606201172
23684, 235.97425842285156
23685, 235.97825622558594
23686, 235.9822540283203
23687, 235.9862518310547
23688, 235.99024963378906
23689, 235.99424743652344
23690, 235.99826049804688
23691, 236.00225830078125
23692, 236.00625610351562
23693, 236.01025390625
23694, 236.01425170898438
23695, 236.01824951171875
23696, 236.0222625732422
23697, 236.02626037597656
23698, 236.03025817871094
23699, 236.0342559814453
23700, 236.0382537841797
23701, 236.04225158691406
23702, 236.04624938964844
23703, 236.05026245117188
23704, 236.05426025390625
23705, 236.05825805664062
23706, 236.062255859375
23707, 236.06625366210938
23708, 236.07025146484375
23709, 236.07424926757812
23710, 236.07826232910156
23711, 236.08226013183594
23712, 236.0862579345703
23713, 236.0902557373047
23714, 236.09425354003906
23715, 236.09825134277344
23716, 236.1022491455078
23717, 236.10626220703125
23718, 236.11026000976562
23719, 236.1142578125
23720, 236.11825561523438
23721, 236.12225341796875
23722, 236.12625122070312
23723, 236.1302490234375
23724, 236.13426208496094
23725, 236.1382598876953
23726, 236.1422576904297
23727, 236.14625549316406
23728, 236.15025329589844
23729, 236.1542510986328
23730, 236.1582489013672
23731, 236.16226196289062
23732, 236.166259765625
23733, 236.17025756835938
23734, 236.17425537109375
23735, 236.17825317382812
23736, 236.1822509765625
23737, 236.18624877929688
23738, 236.1902618408203
23739, 236.1942596435547
23740, 236.19825744628906
23741, 236.20225524902344
23742, 236.2062530517578
23743, 236.2102508544922
23744, 236.21424865722656
23745, 236.21826171875
23746, 236.22225952148438
23747, 236.22625732421875
23748, 236.23025512695312
23749, 236.2342529296875
23750, 236.23825073242188
23751, 236.24224853515625
23752, 236.2462615966797
23753, 236.25025939941406
23754, 236.25425720214844
23755, 236.2582550048828
23756, 236.2622528076172
23757, 236.26625061035156
23758, 236.27024841308594
23759, 236.27426147460938
23760, 236.27825927734375
23761, 236.28225708007812
23762, 236.2862548828125
23763, 236.29025268554688
23764, 236.29425048828125
23765, 236.29824829101562
23766, 236.30226135253906
23767, 236.30625915527344
23768, 236.3102569580078
23769, 236.3142547607422
23770, 236.31825256347656
23771, 236.32225036621094
23772, 236.3262481689453
23773, 236.33026123046875
23774, 236.33425903320312
23775, 236.3382568359375
23776, 236.34225463867188
23777, 236.34625244140625
23778, 236.35025024414062
23779, 236.354248046875
23780, 236.35826110839844
23781, 236.3622589111328
23782, 236.3662567138672
23783, 236.37025451660156
23784, 236.37425231933594
23785, 236.3782501220703
23786, 236.3822479248047
23787, 236.38626098632812
23788, 236.3902587890625
23789, 236.39425659179688
23790, 236.39825439453125
23791, 236.40225219726562
23792, 236.40625
23793, 236.41024780273438
23794, 236.4142608642578
23795, 236.4182586669922
23796, 236.42225646972656
23797, 236.42625427246094
23798, 236.4302520751953
23799, 236.4342498779297
23800, 236.43824768066406
23801, 236.4422607421875
23802, 236.44625854492188
23803, 236.45025634765625
23804, 236.45425415039062
23805, 236.458251953125
23806, 236.46224975585938
23807, 236.46624755859375
23808, 236.4702606201172
23809, 236.47425842285156
23810, 236.47825622558594
23811, 236.4822540283203
23812, 236.4862518310547
23813, 236.49024963378906
23814, 236.49424743652344
23815, 236.49826049804688
23816, 236.50225830078125
23817, 236.50625610351562
23818, 236.51025390625
23819, 236.51425170898438
23820, 236.51824951171875
23821, 236.5222625732422
23822, 236.52626037597656
23823, 236.53025817871094
23824, 236.5342559814453
23825, 236.5382537841797
23826, 236.54225158691406
23827, 236.54624938964844
23828, 236.55026245117188
23829, 236.55426025390625
23830, 236.55825805664062
23831, 236.562255859375
23832, 236.56625366210938
23833, 236.57025146484375
23834, 236.57424926757812
23835, 236.57826232910156
23836, 236.58226013183594
23837, 236.5862579345703
23838, 236.5902557373047
23839, 236.59425354003906
23840, 236.59825134277344
23841, 236.6022491455078
23842, 236.60626220703125
23843, 236.61026000976562
23844, 236.6142578125
23845, 236.61825561523438
23846, 236.62225341796875
23847, 236.62625122070312
23848, 236.6302490234375
23849, 236.63426208496094
23850, 236.6382598876953
23851, 236.6422576904297
23852, 236.64625549316406
23853, 236.65025329589844
23854, 236.6542510986328
23855, 236.6582489013672
23856, 236.66226196289062
23857, 236.666259765625
23858, 236.67025756835938
23859, 236.67425537109375
23860, 236.67825317382812
23861, 236.6822509765625
23862, 236.68624877929688
23863, 236.6902618408203
23864, 236.6942596435547
23865, 236.69825744628906
23866, 236.70225524902344
23867, 236.7062530517578
23868, 236.7102508544922
23869, 236.71424865722656
23870, 236.71826171875
23871, 236.72225952148438
23872, 236.72625732421875
23873, 236.73025512695312
23874, 236.7342529296875
23875, 236.73825073242188
23876, 236.74224853515625
23877, 236.7462615966797
23878, 236.75025939941406
23879, 236.75425720214844
23880, 236.7582550048828
23881, 236.7622528076172
23882, 236.76625061035156
23883, 236.77024841308594
23884, 236.77426147460938
23885, 236.77825927734375
23886, 236.78225708007812
23887, 236.7862548828125
23888, 236.79025268554688
23889, 236.79425048828125
23890, 236.79824829101562
23891, 236.80226135253906
23892, 236.80625915527344
23893, 236.8102569580078
23894, 236.8142547607422
23895, 236.81825256347656
23896, 236.82225036621094
23897, 236.8262481689453
23898, 236.83026123046875
23899, 236.83425903320312
23900, 236.8382568359375
23901, 236.84225463867188
23902, 236.84625244140625
23903, 236.85025024414062
23904, 236.854248046875
23905, 236.85826110839844
23906, 236.8622589111328
23907, 236.8662567138672
23908, 236.87025451660156
23909, 236.87425231933594
23910, 236.8782501220703
23911, 236.8822479248047
23912, 236.88626098632812
23913, 236.8902587890625
23914, 236.89425659179688
23915, 236.89825439453125
23916, 236.90225219726562
23917, 236.90625
23918, 236.91024780273438
23919, 236.9142608642578
23920, 236.9182586669922
23921, 236.92225646972656
23922, 236.92625427246094
23923, 236.9302520751953
23924, 236.9342498779297
23925, 236.93824768066406
23926, 236.9422607421875
23927, 236.94625854492188
23928, 236.95025634765625
23929, 236.95425415039062
23930, 236.958251953125
23931, 236.96224975585938
23932, 236.96624755859375
23933, 236.9702606201172
23934, 236.97425842285156
23935, 236.97825622558594
23936, 236.9822540283203
23937, 236.9862518310547
23938, 236.99024963378906
23939, 236.99424743652344
23940, 236.99826049804688
23941, 237.00225830078125
23942, 237.00625610351562
23943, 237.01025390625
23944, 237.01425170898438
23945, 237.01824951171875
23946, 237.0222625732422
23947, 237.02626037597656
23948, 237.03025817871094
23949, 237.0342559814453
23950, 237.0382537841797
23951, 237.04225158691406
23952, 237.04624938964844
23953, 237.05026245117188
23954, 237.05426025390625
23955, 237.05825805664062
23956, 237.062255859375
23957, 237.06625366210938
23958, 237.07025146484375
23959, 237.07424926757812
23960, 237.07826232910156
23961, 237.08226013183594
23962, 237.0862579345703
23963, 237.0902557373047
23964, 237.09425354003906
23965, 237.09825134277344
23966, 237.1022491455078
23967, 237.10626220703125
23968, 237.11026000976562
23969, 237.1142578125
23970, 237.11825561523438
23971, 237.12225341796875
23972, 237.12625122070312
23973, 237.1302490234375
23974, 237.13426208496094
23975, 237.1382598876953
23976, 237.1422576904297
23977, 237.14625549316406
23978, 237.15025329589844
23979, 237.1542510986328
23980, 237.1582489013672
23981, 237.16226196289062
23982, 237.166259765625
23983, 237.17025756835938
23984, 237.17425537109375
23985, 237.17825317382812
23986, 237.1822509765625
23987, 237.18624877929688
23988, 237.1902618408203
23989, 237.1942596435547
23990, 237.19825744628906
23991, 237.20225524902344
23992, 237.2062530517578
23993, 237.2102508544922
23994, 237.21424865722656
23995, 237.21826171875
23996, 237.22225952148438
23997, 237.22625732421875
23998, 237.23025512695312
23999, 237.2342529296875
24000, 237.23825073242188
24001, 237.24224853515625
24002, 237.2462615966797
24003, 237.25025939941406
24004, 237.25425720214844
24005, 237.2582550048828
24006, 237.2622528076172
24007, 237.26625061035156
24008, 237.27024841308594
24009, 237.27426147460938
24010, 237.27825927734375
24011, 237.28225708007812
24012, 237.2862548828125
24013, 237.29025268554688
24014, 237.29425048828125
24015, 237.29824829101562
24016, 237.30226135253906
24017, 237.30625915527344
24018, 237.3102569580078
24019, 237.3142547607422
24020, 237.31825256347656
24021, 237.32225036621094
24022, 237.3262481689453
24023, 237.33026123046875
24024, 237.33425903320312
24025, 237.3382568359375
24026, 237.34225463867188
24027, 237.34625244140625
24028, 237.35025024414062
24029, 237.354248046875
24030, 237.35826110839844
24031, 237.3622589111328
24032, 237.3662567138672
24033, 237.37025451660156
24034, 237.37425231933594
24035, 237.3782501220703
24036, 237.3822479248047
24037, 237.38626098632812
24038, 237.3902587890625
24039, 237.39425659179688
24040, 237.39825439453125
24041, 237.40225219726562
24042, 237.40625
24043, 237.41024780273438
24044, 237.4142608642578
24045, 237.4182586669922
24046, 237.42225646972656
24047, 237.42625427246094
24048, 237.4302520751953
24049, 237.4342498779297
24050, 237.43824768066406
24051, 237.4422607421875
24052, 237.44625854492188
24053, 237.45025634765625
24054, 237.45425415039062
24055, 237.458251953125
24056, 237.46224975585938
24057, 237.46624755859375
24058, 237.4702606201172
24059, 237.47425842285156
24060, 237.47825622558594
24061, 237.4822540283203
24062, 237.4862518310547
24063, 237.49024963378906
24064, 237.49424743652344
24065, 237.49826049804688
24066, 237.50225830078125
24067, 237.50625610351562
24068, 237.51025390625
24069, 237.51425170898438
24070, 237.51824951171875
24071, 237.5222625732422
24072, 237.52626037597656
24073, 237.53025817871094
24074, 237.5342559814453
24075, 237.5382537841797
24076, 237.54225158691406
24077, 237.54624938964844
24078, 237.55026245117188
24079, 237.55426025390625
24080, 237.55825805664062
24081, 237.562255859375
24082, 237.56625366210938
24083, 237.57025146484375
24084, 237.57424926757812
24085, 237.57826232910156
24086, 237.58226013183594
24087, 237.5862579345703
24088, 237.5902557373047
24089, 237.59425354003906
24090, 237.59825134277344
24091, 237.6022491455078
24092, 237.60626220703125
24093, 237.61026000976562
24094, 237.6142578125
24095, 237.61825561523438
24096, 237.62225341796875
24097, 237.62625122070312
24098, 237.6302490234375
24099, 237.63426208496094
24100, 237.6382598876953
24101, 237.6422576904297
24102, 237.64625549316406
24103, 237.65025329589844
24104, 237.6542510986328
24105, 237.6582489013672
24106, 237.66226196289062
24107, 237.666259765625
24108, 237.67025756835938
24109, 237.67425537109375
24110, 237.67825317382812
24111, 237.6822509765625
24112, 237.68624877929688
24113, 237.6902618408203
24114, 237.6942596435547
24115, 237.69825744628906
24116, 237.70225524902344
24117, 237.7062530517578
24118, 237.7102508544922
24119, 237.71424865722656
24120, 237.71826171875
24121, 237.72225952148438
24122, 237.72625732421875
24123, 237.73025512695312
24124, 237.7342529296875
24125, 237.73825073242188
24126, 237.74224853515625
24127, 237.7462615966797
24128, 237.75025939941406
24129, 237.75425720214844
24130, 237.7582550048828
24131, 237.7622528076172
24132, 237.76625061035156
24133, 237.77024841308594
24134, 237.77426147460938
24135, 237.77825927734375
24136, 237.78225708007812
24137, 237.7862548828125
24138, 237.79025268554688
24139, 237.79425048828125
24140, 237.79824829101562
24141, 237.80226135253906
24142, 237.80625915527344
24143, 237.8102569580078
24144, 237.8142547607422
24145, 237.81825256347656
24146, 237.82225036621094
24147, 237.8262481689453
24148, 237.83026123046875
24149, 237.83425903320312
24150, 237.8382568359375
24151, 237.84225463867188
24152, 237.84625244140625
24153, 237.85025024414062
24154, 237.854248046875
24155, 237.85826110839844
24156, 237.8622589111328
24157, 237.8662567138672
24158, 237.87025451660156
24159, 237.87425231933594
24160, 237.8782501220703
24161, 237.8822479248047
24162, 237.88626098632812
24163, 237.8902587890625
24164, 237.89425659179688
24165, 237.89825439453125
24166, 237.90225219726562
24167, 237.90625
24168, 237.91024780273438
24169, 237.9142608642578
24170, 237.9182586669922
24171, 237.92225646972656
24172, 237.92625427246094
24173, 237.9302520751953
24174, 237.9342498779297
24175, 237.93824768066406
24176, 237.9422607421875
24177, 237.94625854492188
24178, 237.95025634765625
24179, 237.95425415039062
24180, 237.958251953125
24181, 237.96224975585938
24182, 237.96624755859375
24183, 237.9702606201172
24184, 237.97425842285156
24185, 237.97825622558594
24186, 237.9822540283203
24187, 237.9862518310547
24188, 237.99024963378906
24189, 237.99424743652344
24190, 237.99826049804688
24191, 238.00225830078125
24192, 238.00625610351562
24193, 238.01025390625
24194, 238.01425170898438
24195, 238.01824951171875
24196, 238.0222625732422
24197, 238.02626037597656
24198, 238.03025817871094
24199, 238.0342559814453
24200, 238.0382537841797
24201, 238.04225158691406
24202, 238.04624938964844
24203, 238.05026245117188
24204, 238.05426025390625
24205, 238.05825805664062
24206, 238.062255859375
24207, 238.06625366210938
24208, 238.07025146484375
24209, 238.07424926757812
24210, 238.07826232910156
24211, 238.08226013183594
24212, 238.0862579345703
24213, 238.0902557373047
24214, 238.09425354003906
24215, 238.09825134277344
24216, 238.1022491455078
24217, 238.10626220703125
24218, 238.11026000976562
24219, 238.1142578125
24220, 238.11825561523438
24221, 238.12225341796875
24222, 238.12625122070312
24223, 238.1302490234375
24224, 238.13426208496094
24225, 238.1382598876953
24226, 238.1422576904297
24227, 238.14625549316406
24228, 238.15025329589844
24229, 238.1542510986328
24230, 238.1582489013672
24231, 238.16226196289062
24232, 238.166259765625
24233, 238.17025756835938
24234, 238.17425537109375
24235, 238.17825317382812
24236, 238.1822509765625
24237, 238.18624877929688
24238, 238.1902618408203
24239, 238.1942596435547
24240, 238.19825744628906
24241, 238.20225524902344
24242, 238.2062530517578
24243, 238.2102508544922
24244, 238.21424865722656
24245, 238.21826171875
24246, 238.22225952148438
24247, 238.22625732421875
24248, 238.23025512695312
24249, 238.2342529296875
24250, 238.23825073242188
24251, 238.24224853515625
24252, 238.2462615966797
24253, 238.25025939941406
24254, 238.25425720214844
24255, 238.2582550048828
24256, 238.2622528076172
24257, 238.26625061035156
24258, 238.27024841308594
24259, 238.27426147460938
24260, 238.27825927734375
24261, 238.28225708007812
24262, 238.2862548828125
24263, 238.29025268554688
24264, 238.29425048828125
24265, 238.29824829101562
24266, 238.30226135253906
24267, 238.30625915527344
24268, 238.3102569580078
24269, 238.3142547607422
24270, 238.31825256347656
24271, 238.32225036621094
24272, 238.3262481689453
24273, 238.33026123046875
24274, 238.33425903320312
24275, 238.3382568359375
24276, 238.34225463867188
24277, 238.34625244140625
24278, 238.35025024414062
24279, 238.354248046875
24280, 238.35826110839844
24281, 238.3622589111328
24282, 238.3662567138672
24283, 238.37025451660156
24284, 238.37425231933594
24285, 238.3782501220703
24286, 238.3822479248047
24287, 238.38626098632812
24288, 238.3902587890625
24289, 238.39425659179688
24290, 238.39825439453125
24291, 238.40225219726562
24292, 238.40625
24293, 238.41024780273438
24294, 238.4142608642578
24295, 238.4182586669922
24296, 238.42225646972656
24297, 238.42625427246094
24298, 238.4302520751953
24299, 238.4342498779297
24300, 238.43824768066406
24301, 238.4422607421875
24302, 238.44625854492188
24303, 238.45025634765625
24304, 238.45425415039062
24305, 238.458251953125
24306, 238.46224975585938
24307, 238.46624755859375
24308, 238.4702606201172
24309, 238.47425842285156
24310, 238.47825622558594
24311, 238.4822540283203
24312, 238.4862518310547
24313, 238.49024963378906
24314, 238.49424743652344
24315, 238.49826049804688
24316, 238.50225830078125
24317, 238.50625610351562
24318, 238.51025390625
24319, 238.51425170898438
24320, 238.51824951171875
24321, 238.5222625732422
24322, 238.52626037597656
24323, 238.53025817871094
24324, 238.5342559814453
24325, 238.5382537841797
24326, 238.54225158691406
24327, 238.54624938964844
24328, 238.55026245117188
24329, 238.55426025390625
24330, 238.55825805664062
24331, 238.562255859375
24332, 238.56625366210938
24333, 238.57025146484375
24334, 238.57424926757812
24335, 238.57826232910156
24336, 238.58226013183594
24337, 238.5862579345703
24338, 238.5902557373047
24339, 238.59425354003906
24340, 238.59825134277344
24341, 238.6022491455078
24342, 238.60626220703125
24343, 238.61026000976562
24344, 238.6142578125
24345, 238.61825561523438
24346, 238.62225341796875
24347, 238.62625122070312
24348, 238.6302490234375
24349, 238.63426208496094
24350, 238.6382598876953
24351, 238.6422576904297
24352, 238.64625549316406
24353, 238.65025329589844
24354, 238.6542510986328
24355, 238.6582489013672
24356, 238.66226196289062
24357, 238.666259765625
24358, 238.67025756835938
24359, 238.67425537109375
24360, 238.67825317382812
24361, 238.6822509765625
24362, 238.68624877929688
24363, 238.6902618408203
24364, 238.6942596435547
24365, 238.69825744628906
24366, 238.70225524902344
24367, 238.7062530517578
24368, 238.7102508544922
24369, 238.71424865722656
24370, 238.71826171875
24371, 238.72225952148438
24372, 238.72625732421875
24373, 238.73025512695312
24374, 238.7342529296875
24375, 238.73825073242188
24376, 238.74224853515625
24377, 238.7462615966797
24378, 238.75025939941406
24379, 238.75425720214844
24380, 238.7582550048828
24381, 238.7622528076172
24382, 238.76625061035156
24383, 238.77024841308594
24384, 238.77426147460938
24385, 238.77825927734375
24386, 238.78225708007812
24387, 238.7862548828125
24388, 238.79025268554688
24389, 238.79425048828125
24390, 238.79824829101562
24391, 238.80226135253906
24392, 238.80625915527344
24393, 238.8102569580078
24394, 238.8142547607422
24395, 238.81825256347656
24396, 238.82225036621094
24397, 238.8262481689453
24398, 238.83026123046875
24399, 238.83425903320312
24400, 238.8382568359375
24401, 238.84225463867188
24402, 238.84625244140625
24403, 238.85025024414062
24404, 238.854248046875
24405, 238.85826110839844
24406, 238.8622589111328
24407, 238.8662567138672
24408, 238.87025451660156
24409, 238.87425231933594
24410, 238.8782501220703
24411, 238.8822479248047
24412, 238.88626098632812
24413, 238.8902587890625
24414, 238.89425659179688
24415, 238.89825439453125
24416, 238.90225219726562
24417, 238.90625
24418, 238.91024780273438
24419, 238.9142608642578
24420, 238.9182586669922
24421, 238.92225646972656
24422, 238.92625427246094
24423, 238.9302520751953
24424, 238.9342498779297
24425, 238.93824768066406
24426, 238.9422607421875
24427, 238.94625854492188
24428, 238.95025634765625
24429, 238.95425415039062
24430, 238.958251953125
24431, 238.96224975585938
24432, 238.96624755859375
24433, 238.9702606201172
24434, 238.97425842285156
24435, 238.97825622558594
24436, 238.9822540283203
24437, 238.9862518310547
24438, 238.99024963378906
24439, 238.99424743652344
24440, 238.99826049804688
24441, 239.00225830078125
24442, 239.00625610351562
24443, 239.01025390625
24444, 239.01425170898438
24445, 239.01824951171875
24446, 239.0222625732422
24447, 239.02626037597656
24448, 239.03025817871094
24449, 239.0342559814453
24450, 239.0382537841797
24451, 239.04225158691406
24452, 239.04624938964844
24453, 239.05026245117188
24454, 239.05426025390625
24455, 239.05825805664062
24456, 239.062255859375
24457, 239.06625366210938
24458, 239.07025146484375
24459, 239.07424926757812
24460, 239.07826232910156
24461, 239.08226013183594
24462, 239.0862579345703
24463, 239.0902557373047
24464, 239.09425354003906
24465, 239.09825134277344
24466, 239.1022491455078
24467, 239.10626220703125
24468, 239.11026000976562
24469, 239.1142578125
24470, 239.11825561523438
24471, 239.12225341796875
24472, 239.12625122070312
24473, 239.1302490234375
24474, 239.13426208496094
24475, 239.1382598876953
24476, 239.1422576904297
24477, 239.14625549316406
24478, 239.15025329589844
24479, 239.1542510986328
24480, 239.1582489013672
24481, 239.16226196289062
24482, 239.166259765625
24483, 239.17025756835938
24484, 239.17425537109375
24485, 239.17825317382812
24486, 239.1822509765625
24487, 239.18624877929688
24488, 239.1902618408203
24489, 239.1942596435547
24490, 239.19825744628906
24491, 239.20225524902344
24492, 239.2062530517578
24493, 239.2102508544922
24494, 239.21424865722656
24495, 239.21826171875
24496, 239.22225952148438
24497, 239.22625732421875
24498, 239.23025512695312
24499, 239.2342529296875
24500, 239.23825073242188
24501, 239.24224853515625
24502, 239.2462615966797
24503, 239.25025939941406
24504, 239.25425720214844
24505, 239.2582550048828
24506, 239.2622528076172
24507, 239.26625061035156
24508, 239.27024841308594
24509, 239.27426147460938
24510, 239.27825927734375
24511, 239.28225708007812
24512, 239.2862548828125
24513, 239.29025268554688
24514, 239.29425048828125
24515, 239.29824829101562
24516, 239.30226135253906
24517, 239.30625915527344
24518, 239.3102569580078
24519, 239.3142547607422
24520, 239.31825256347656
24521, 239.32225036621094
24522, 239.3262481689453
24523, 239.33026123046875
24524, 239.33425903320312
24525, 239.3382568359375
24526, 239.34225463867188
24527, 239.34625244140625
24528, 239.35025024414062
24529, 239.354248046875
24530, 239.35826110839844
24531, 239.3622589111328
24532, 239.3662567138672
24533, 239.37025451660156
24534, 239.37425231933594
24535, 239.3782501220703
24536, 239.3822479248047
24537, 239.38626098632812
24538, 239.3902587890625
24539, 239.39425659179688
24540, 239.39825439453125
24541, 239.40225219726562
24542, 239.40625
24543, 239.41024780273438
24544, 239.4142608642578
24545, 239.4182586669922
24546, 239.42225646972656
24547, 239.42625427246094
24548, 239.4302520751953
24549, 239.4342498779297
24550, 239.43824768066406
24551, 239.4422607421875
24552, 239.44625854492188
24553, 239.45025634765625
24554, 239.45425415039062
24555, 239.458251953125
24556, 239.46224975585938
24557, 239.46624755859375
24558, 239.4702606201172
24559, 239.47425842285156
24560, 239.47825622558594
24561, 239.4822540283203
24562, 239.4862518310547
24563, 239.49024963378906
24564, 239.49424743652344
24565, 239.49826049804688
24566, 239.50225830078125
24567, 239.50625610351562
24568, 239.51025390625
24569, 239.51425170898438
24570, 239.51824951171875
24571, 239.5222625732422
24572, 239.52626037597656
24573, 239.53025817871094
24574, 239.5342559814453
24575, 239.5382537841797
24576, 239.54225158691406
24577, 239.54624938964844
24578, 239.55026245117188
24579, 239.55426025390625
24580, 239.55825805664062
24581, 239.562255859375
24582, 239.56625366210938
24583, 239.57025146484375
24584, 239.57424926757812
24585, 239.57826232910156
24586, 239.58226013183594
24587, 239.5862579345703
24588, 239.5902557373047
24589, 239.59425354003906
24590, 239.59825134277344
24591, 239.6022491455078
24592, 239.60626220703125
24593, 239.61026000976562
24594, 239.6142578125
24595, 239.61825561523438
24596, 239.62225341796875
24597, 239.62625122070312
24598, 239.6302490234375
24599, 239.63426208496094
24600, 239.6382598876953
24601, 239.6422576904297
24602, 239.64625549316406
24603, 239.65025329589844
24604, 239.6542510986328
24605, 239.6582489013672
24606, 239.66226196289062
24607, 239.666259765625
24608, 239.67025756835938
24609, 239.67425537109375
24610, 239.67825317382812
24611, 239.6822509765625
24612, 239.68624877929688
24613, 239.6902618408203
24614, 239.6942596435547
24615, 239.69825744628906
24616, 239.70225524902344
24617, 239.7062530517578
24618, 239.7102508544922
24619, 239.71424865722656
24620, 239.71826171875
24621, 239.72225952148438
24622, 239.72625732421875
24623, 239.73025512695312
24624, 239.7342529296875
24625, 239.73825073242188
24626, 239.74224853515625
24627, 239.7462615966797
24628, 239.75025939941406
24629, 239.75425720214844
24630, 239.7582550048828
24631, 239.7622528076172
24632, 239.76625061035156
24633, 239.77024841308594
24634, 239.77426147460938
24635, 239.77825927734375
24636, 239.78225708007812
24637, 239.7862548828125
24638, 239.79025268554688
24639, 239.79425048828125
24640, 239.79824829101562
24641, 239.80226135253906
24642, 239.80625915527344
24643, 239.8102569580078
24644, 239.8142547607422
24645, 239.81825256347656
24646, 239.82225036621094
24647, 239.8262481689453
24648, 239.83026123046875
24649, 239.83425903320312
24650, 239.8382568359375
24651, 239.84225463867188
24652, 239.84625244140625
24653, 239.85025024414062
24654, 239.854248046875
24655, 239.85826110839844
24656, 239.8622589111328
24657, 239.8662567138672
24658, 239.87025451660156
24659, 239.87425231933594
24660, 239.8782501220703
24661, 239.8822479248047
24662, 239.88626098632812
24663, 239.8902587890625
24664, 239.89425659179688
24665, 239.89825439453125
24666, 239.90225219726562
24667, 239.90625
24668, 239.91024780273438
24669, 239.9142608642578
24670, 239.9182586669922
24671, 239.92225646972656
24672, 239.92625427246094
24673, 239.9302520751953
24674, 239.9342498779297
24675, 239.93824768066406
24676, 239.9422607421875
24677, 239.94625854492188
24678, 239.95025634765625
24679, 239.95425415039062
24680, 239.958251953125
24681, 239.96224975585938
24682, 239.96624755859375
24683, 239.9702606201172
24684, 239.97425842285156
24685, 239.97825622558594
24686, 239.9822540283203
24687, 239.9862518310547
24688, 239.99024963378906
24689, 239.99424743652344
24690, 239.99826049804688
24691, 240.00225830078125
24692, 240.00625610351562
24693, 240.01025390625
24694, 240.01425170898438
24695, 240.01824951171875
24696, 240.0222625732422
24697, 240.02626037597656
24698, 240.03025817871094
24699, 240.0342559814453
24700, 240.0382537841797
24701, 240.04225158691406
24702, 240.04624938964844
24703, 240.05026245117188
24704, 240.05426025390625
24705, 240.05825805664062
24706, 240.062255859375
24707, 240.06625366210938
24708, 240.07025146484375
24709, 240.07424926757812
24710, 240.07826232910156
24711, 240.08226013183594
24712, 240.0862579345703
24713, 240.0902557373047
24714, 240.09425354003906
24715, 240.09825134277344
24716, 240.1022491455078
24717, 240.10626220703125
24718, 240.11026000976562
24719, 240.1142578125
24720, 240.11825561523438
24721, 240.12225341796875
24722, 240.12625122070312
24723, 240.1302490234375
24724, 240.13426208496094
24725, 240.1382598876953
24726, 240.1422576904297
24727, 240.14625549316406
24728, 240.15025329589844
24729, 240.1542510986328
24730, 240.1582489013672
24731, 240.16226196289062
24732, 240.166259765625
24733, 240.17025756835938
24734, 240.17425537109375
24735, 240.17825317382812
24736, 240.1822509765625
24737, 240.18624877929688
24738, 240.1902618408203
24739, 240.1942596435547
24740, 240.19825744628906
24741, 240.20225524902344
24742, 240.2062530517578
24743, 240.2102508544922
24744, 240.21424865722656
24745, 240.21826171875
24746, 240.22225952148438
24747, 240.22625732421875
24748, 240.23025512695312
24749, 240.2342529296875
24750, 240.23825073242188
24751, 240.24224853515625
24752, 240.2462615966797
24753, 240.25025939941406
24754, 240.25425720214844
24755, 240.2582550048828
24756, 240.2622528076172
24757, 240.26625061035156
24758, 240.27024841308594
24759, 240.27426147460938
24760, 240.27825927734375
24761, 240.28225708007812
24762, 240.2862548828125
24763, 240.29025268554688
24764, 240.29425048828125
24765, 240.29824829101562
24766, 240.30226135253906
24767, 240.30625915527344
24768, 240.3102569580078
24769, 240.3142547607422
24770, 240.31825256347656
24771, 240.32225036621094
24772, 240.3262481689453
24773, 240.33026123046875
24774, 240.33425903320312
24775, 240.3382568359375
24776, 240.34225463867188
24777, 240.34625244140625
24778, 240.35025024414062
24779, 240.354248046875
24780, 240.35826110839844
24781, 240.3622589111328
24782, 240.3662567138672
24783, 240.37025451660156
24784, 240.37425231933594
24785, 240.3782501220703
24786, 240.3822479248047
24787, 240.38626098632812
24788, 240.3902587890625
24789, 240.39425659179688
24790, 240.39825439453125
24791, 240.40225219726562
24792, 240.40625
24793, 240.41024780273438
24794, 240.4142608642578
24795, 240.4182586669922
24796, 240.42225646972656
24797, 240.42625427246094
24798, 240.4302520751953
24799, 240.4342498779297
24800, 240.43824768066406
24801, 240.4422607421875
24802, 240.44625854492188
24803, 240.45025634765625
24804, 240.45425415039062
24805, 240.458251953125
24806, 240.46224975585938
24807, 240.46624755859375
24808, 240.4702606201172
24809, 240.47425842285156
24810, 240.47825622558594
24811, 240.4822540283203
24812, 240.4862518310547
24813, 240.49024963378906
24814, 240.49424743652344
24815, 240.49826049804688
24816, 240.50225830078125
24817, 240.50625610351562
24818, 240.51025390625
24819, 240.51425170898438
24820, 240.51824951171875
24821, 240.5222625732422
24822, 240.52626037597656
24823, 240.53025817871094
24824, 240.5342559814453
24825, 240.5382537841797
24826, 240.54225158691406
24827, 240.54624938964844
24828, 240.55026245117188
24829, 240.55426025390625
24830, 240.55825805664062
24831, 240.562255859375
24832, 240.56625366210938
24833, 240.57025146484375
24834, 240.57424926757812
24835, 240.57826232910156
24836, 240.58226013183594
24837, 240.5862579345703
24838, 240.5902557373047
24839, 240.59425354003906
24840, 240.59825134277344
24841, 240.6022491455078
24842, 240.60626220703125
24843, 240.61026000976562
24844, 240.6142578125
24845, 240.61825561523438
24846, 240.62225341796875
24847, 240.62625122070312
24848, 240.6302490234375
24849, 240.63426208496094
24850, 240.6382598876953
24851, 240.6422576904297
24852, 240.64625549316406
24853, 240.65025329589844
24854, 240.6542510986328
24855, 240.6582489013672
24856, 240.66226196289062
24857, 240.666259765625
24858, 240.67025756835938
24859, 240.67425537109375
24860, 240.67825317382812
24861, 240.6822509765625
24862, 240.68624877929688
24863, 240.6902618408203
24864, 240.6942596435547
24865, 240.69825744628906
24866, 240.70225524902344
24867, 240.7062530517578
24868, 240.7102508544922
24869, 240.71424865722656
24870, 240.71826171875
24871, 240.72225952148438
24872, 240.72625732421875
24873, 240.73025512695312
24874, 240.7342529296875
24875, 240.73825073242188
24876, 240.74224853515625
24877, 240.7462615966797
24878, 240.75025939941406
24879, 240.75425720214844
24880, 240.7582550048828
24881, 240.7622528076172
24882, 240.76625061035156
24883, 240.77024841308594
24884, 240.77426147460938
24885, 240.77825927734375
24886, 240.78225708007812
24887, 240.7862548828125
24888, 240.79025268554688
24889, 240.79425048828125
24890, 240.79824829101562
24891, 240.80226135253906
24892, 240.80625915527344
24893, 240.8102569580078
24894, 240.8142547607422
24895, 240.81825256347656
24896, 240.82225036621094
24897, 240.8262481689453
24898, 240.83026123046875
24899, 240.83425903320312
24900, 240.8382568359375
24901, 240.84225463867188
24902, 240.84625244140625
24903, 240.85025024414062
24904, 240.854248046875
24905, 240.85826110839844
24906, 240.8622589111328
24907, 240.8662567138672
24908, 240.87025451660156
24909, 240.87425231933594
24910, 240.8782501220703
24911, 240.8822479248047
24912, 240.88626098632812
24913, 240.8902587890625
24914, 240.89425659179688
24915, 240.89825439453125
24916, 240.90225219726562
24917, 240.90625
24918, 240.91024780273438
24919, 240.9142608642578
24920, 240.9182586669922
24921, 240.92225646972656
24922, 240.92625427246094
24923, 240.9302520751953
24924, 240.9342498779297
24925, 240.93824768066406
24926, 240.9422607421875
24927, 240.94625854492188
24928, 240.95025634765625
24929, 240.95425415039062
24930, 240.958251953125
24931, 240.96224975585938
24932, 240.96624755859375
24933, 240.9702606201172
24934, 240.97425842285156
24935, 240.97825622558594
24936, 240.9822540283203
24937, 240.9862518310547
24938, 240.99024963378906
24939, 240.99424743652344
24940, 240.99826049804688
24941, 241.00225830078125
24942, 241.00625610351562
24943, 241.01025390625
24944, 241.01425170898438
24945, 241.01824951171875
24946, 241.0222625732422
24947, 241.02626037597656
24948, 241.03025817871094
24949, 241.0342559814453
24950, 241.0382537841797
24951, 241.04225158691406
24952, 241.04624938964844
24953, 241.05026245117188
24954, 241.05426025390625
24955, 241.05825805664062
24956, 241.062255859375
24957, 241.06625366210938
24958, 241.07025146484375
24959, 241.07424926757812
24960, 241.07826232910156
24961, 241.08226013183594
24962, 241.0862579345703
24963, 241.0902557373047
24964, 241.09425354003906
24965, 241.09825134277344
24966, 241.1022491455078
24967, 241.10626220703125
24968, 241.11026000976562
24969, 241.1142578125
24970, 241.11825561523438
24971, 241.12225341796875
24972, 241.12625122070312
24973, 241.1302490234375
24974, 241.13426208496094
24975, 241.1382598876953
24976, 241.1422576904297
24977, 241.14625549316406
24978, 241.15025329589844
24979, 241.1542510986328
24980, 241.1582489013672
24981, 241.16226196289062
24982, 241.166259765625
24983, 241.17025756835938
24984, 241.17425537109375
24985, 241.17825317382812
24986, 241.1822509765625
24987, 241.18624877929688
24988, 241.1902618408203
24989, 241.1942596435547
24990, 241.19825744628906
24991, 241.20225524902344
24992, 241.2062530517578
24993, 241.2102508544922
24994, 241.21424865722656
24995, 241.21826171875
24996, 241.22225952148438
24997, 241.22625732421875
24998, 241.23025512695312
24999, 241.2342529296875
25000, 241.23825073242188
25001, 241.24224853515625
25002, 241.2462615966797
25003, 241.25025939941406
25004, 241.25425720214844
25005, 241.2582550048828
25006, 241.2622528076172
25007, 241.26625061035156
25008, 241.27024841308594
25009, 241.27426147460938
25010, 241.27825927734375
25011, 241.28225708007812
25012, 241.2862548828125
25013, 241.29025268554688
25014, 241.29425048828125
25015, 241.29824829101562
25016, 241.30226135253906
25017, 241.30625915527344
25018, 241.3102569580078
25019, 241.3142547607422
25020, 241.31825256347656
25021, 241.32225036621094
25022, 241.3262481689453
25023, 241.33026123046875
25024, 241.33425903320312
25025, 241.3382568359375
25026, 241.34225463867188
25027, 241.34625244140625
25028, 241.35025024414062
25029, 241.354248046875
25030, 241.35826110839844
25031, 241.3622589111328
25032, 241.3662567138672
25033, 241.37025451660156
25034, 241.37425231933594
25035, 241.3782501220703
25036, 241.3822479248047
25037, 241.38626098632812
25038, 241.3902587890625
25039, 241.39425659179688
25040, 241.39825439453125
25041, 241.40225219726562
25042, 241.40625
25043, 241.41024780273438
25044, 241.4142608642578
25045, 241.4182586669922
25046, 241.42225646972656
25047, 241.42625427246094
25048, 241.4302520751953
25049, 241.4342498779297
25050, 241.43824768066406
25051, 241.4422607421875
25052, 241.44625854492188
25053, 241.45025634765625
25054, 241.45425415039062
25055, 241.458251953125
25056, 241.46224975585938
25057, 241.46624755859375
25058, 241.4702606201172
25059, 241.47425842285156
25060, 241.47825622558594
25061, 241.4822540283203
25062, 241.4862518310547
25063, 241.49024963378906
25064, 241.49424743652344
25065, 241.49826049804688
25066, 241.50225830078125
25067, 241.50625610351562
25068, 241.51025390625
25069, 241.51425170898438
25070, 241.51824951171875
25071, 241.5222625732422
25072, 241.52626037597656
25073, 241.53025817871094
25074, 241.5342559814453
25075, 241.5382537841797
25076, 241.54225158691406
25077, 241.54624938964844
25078, 241.55026245117188
25079, 241.55426025390625
25080, 241.55825805664062
25081, 241.562255859375
25082, 241.56625366210938
25083, 241.57025146484375
25084, 241.57424926757812
25085, 241.57826232910156
25086, 241.58226013183594
25087, 241.5862579345703
25088, 241.5902557373047
25089, 241.59425354003906
25090, 241.59825134277344
25091, 241.6022491455078
25092, 241.60626220703125
25093, 241.61026000976562
25094, 241.6142578125
25095, 241.61825561523438
25096, 241.62225341796875
25097, 241.62625122070312
25098, 241.6302490234375
25099, 241.63426208496094
25100, 241.6382598876953
25101, 241.6422576904297
25102, 241.64625549316406
25103, 241.65025329589844
25104, 241.6542510986328
25105, 241.6582489013672
25106, 241.66226196289062
25107, 241.666259765625
25108, 241.67025756835938
25109, 241.67425537109375
25110, 241.67825317382812
25111, 241.6822509765625
25112, 241.68624877929688
25113, 241.6902618408203
25114, 241.6942596435547
25115, 241.69825744628906
25116, 241.70225524902344
25117, 241.7062530517578
25118, 241.7102508544922
25119, 241.71424865722656
25120, 241.71826171875
25121, 241.72225952148438
25122, 241.72625732421875
25123, 241.73025512695312
25124, 241.7342529296875
25125, 241.73825073242188
25126, 241.74224853515625
25127, 241.7462615966797
25128, 241.75025939941406
25129, 241.75425720214844
25130, 241.7582550048828
25131, 241.7622528076172
25132, 241.76625061035156
25133, 241.77024841308594
25134, 241.77426147460938
25135, 241.77825927734375
25136, 241.78225708007812
25137, 241.7862548828125
25138, 241.79025268554688
25139, 241.79425048828125
25140, 241.79824829101562
25141, 241.80226135253906
25142, 241.80625915527344
25143, 241.8102569580078
25144, 241.8142547607422
25145, 241.81825256347656
25146, 241.82225036621094
25147, 241.8262481689453
25148, 241.83026123046875
25149, 241.83425903320312
25150, 241.8382568359375
25151, 241.84225463867188
25152, 241.84625244140625
25153, 241.85025024414062
25154, 241.854248046875
25155, 241.85826110839844
25156, 241.8622589111328
25157, 241.8662567138672
25158, 241.87025451660156
25159, 241.87425231933594
25160, 241.8782501220703
25161, 241.8822479248047
25162, 241.88626098632812
25163, 241.8902587890625
25164, 241.89425659179688
25165, 241.89825439453125
25166, 241.90225219726562
25167, 241.90625
25168, 241.91024780273438
25169, 241.9142608642578
25170, 241.9182586669922
25171, 241.92225646972656
25172, 241.92625427246094
25173, 241.9302520751953
25174, 241.9342498779297
25175, 241.93824768066406
25176, 241.9422607421875
25177, 241.94625854492188
25178, 241.95025634765625
25179, 241.95425415039062
25180, 241.958251953125
25181, 241.96224975585938
25182, 241.96624755859375
25183, 241.9702606201172
25184, 241.97425842285156
25185, 241.97825622558594
25186, 241.9822540283203
25187, 241.9862518310547
25188, 241.99024963378906
25189, 241.99424743652344
25190, 241.99826049804688
25191, 242.00225830078125
25192, 242.00625610351562
25193, 242.01025390625
25194, 242.01425170898438
25195, 242.01824951171875
25196, 242.0222625732422
25197, 242.02626037597656
25198, 242.03025817871094
25199, 242.0342559814453
25200, 242.0382537841797
25201, 242.04225158691406
25202, 242.04624938964844
25203, 242.05026245117188
25204, 242.05426025390625
25205, 242.05825805664062
25206, 242.062255859375
25207, 242.06625366210938
25208, 242.07025146484375
25209, 242.07424926757812
25210, 242.07826232910156
25211, 242.08226013183594
25212, 242.0862579345703
25213, 242.0902557373047
25214, 242.09425354003906
25215, 242.09825134277344
25216, 242.1022491455078
25217, 242.10626220703125
25218, 242.11026000976562
25219, 242.1142578125
25220, 242.11825561523438
25221, 242.12225341796875
25222, 242.12625122070312
25223, 242.1302490234375
25224, 242.13426208496094
25225, 242.1382598876953
25226, 242.1422576904297
25227, 242.14625549316406
25228, 242.15025329589844
25229, 242.1542510986328
25230, 242.1582489013672
25231, 242.16226196289062
25232, 242.166259765625
25233, 242.17025756835938
25234, 242.17425537109375
25235, 242.17825317382812
25236, 242.1822509765625
25237, 242.18624877929688
25238, 242.1902618408203
25239, 242.1942596435547
25240, 242.19825744628906
25241, 242.20225524902344
25242, 242.2062530517578
25243, 242.2102508544922
25244, 242.21424865722656
25245, 242.21826171875
25246, 242.22225952148438
25247, 242.22625732421875
25248, 242.23025512695312
25249, 242.2342529296875
25250, 242.23825073242188
25251, 242.24224853515625
25252, 242.2462615966797
25253, 242.25025939941406
25254, 242.25425720214844
25255, 242.2582550048828
25256, 242.2622528076172
25257, 242.26625061035156
25258, 242.27024841308594
25259, 242.27426147460938
25260, 242.27825927734375
25261, 242.28225708007812
25262, 242.2862548828125
25263, 242.29025268554688
25264, 242.29425048828125
25265, 242.29824829101562
25266, 242.30226135253906
25267, 242.30625915527344
25268, 242.3102569580078
25269, 242.3142547607422
25270, 242.31825256347656
25271, 242.32225036621094
25272, 242.3262481689453
25273, 242.33026123046875
25274, 242.33425903320312
25275, 242.3382568359375
25276, 242.34225463867188
25277, 242.34625244140625
25278, 242.35025024414062
25279, 242.354248046875
25280, 242.35826110839844
25281, 242.3622589111328
25282, 242.3662567138672
25283, 242.37025451660156
25284, 242.37425231933594
25285, 242.3782501220703
25286, 242.3822479248047
25287, 242.38626098632812
25288, 242.3902587890625
25289, 242.39425659179688
25290, 242.39825439453125
25291, 242.40225219726562
25292, 242.40625
25293, 242.41024780273438
25294, 242.4142608642578
25295, 242.4182586669922
25296, 242.42225646972656
25297, 242.42625427246094
25298, 242.4302520751953
25299, 242.4342498779297
25300, 242.43824768066406
25301, 242.4422607421875
25302, 242.44625854492188
25303, 242.45025634765625
25304, 242.45425415039062
25305, 242.458251953125
25306, 242.46224975585938
25307, 242.46624755859375
25308, 242.4702606201172
25309, 242.47425842285156
25310, 242.47825622558594
25311, 242.4822540283203
25312, 242.4862518310547
25313, 242.49024963378906
25314, 242.49424743652344
25315, 242.49826049804688
25316, 242.50225830078125
25317, 242.50625610351562
25318, 242.51025390625
25319, 242.51425170898438
25320, 242.51824951171875
25321, 242.5222625732422
25322, 242.52626037597656
25323, 242.53025817871094
25324, 242.5342559814453
25325, 242.5382537841797
25326, 242.54225158691406
25327, 242.54624938964844
25328, 242.55026245117188
25329, 242.55426025390625
25330, 242.55825805664062
25331, 242.562255859375
25332, 242.56625366210938
25333, 242.57025146484375
25334, 242.57424926757812
25335, 242.57826232910156
25336, 242.58226013183594
25337, 242.5862579345703
25338, 242.5902557373047
25339, 242.59425354003906
25340, 242.59825134277344
25341, 242.6022491455078
25342, 242.60626220703125
25343, 242.61026000976562
25344, 242.6142578125
25345, 242.61825561523438
25346, 242.62225341796875
25347, 242.62625122070312
25348, 242.6302490234375
25349, 242.63426208496094
25350, 242.6382598876953
25351, 242.6422576904297
25352, 242.64625549316406
25353, 242.65025329589844
25354, 242.6542510986328
25355, 242.6582489013672
25356, 242.66226196289062
25357, 242.666259765625
25358, 242.67025756835938
25359, 242.67425537109375
25360, 242.67825317382812
25361, 242.6822509765625
25362, 242.68624877929688
25363, 242.6902618408203
25364, 242.6942596435547
25365, 242.69825744628906
25366, 242.70225524902344
25367, 242.7062530517578
25368, 242.7102508544922
25369, 242.71424865722656
25370, 242.71826171875
25371, 242.72225952148438
25372, 242.72625732421875
25373, 242.73025512695312
25374, 242.7342529296875
25375, 242.73825073242188
25376, 242.74224853515625
25377, 242.7462615966797
25378, 242.75025939941406
25379, 242.75425720214844
25380, 242.7582550048828
25381, 242.7622528076172
25382, 242.76625061035156
25383, 242.77024841308594
25384, 242.77426147460938
25385, 242.77825927734375
25386, 242.78225708007812
25387, 242.7862548828125
25388, 242.79025268554688
25389, 242.79425048828125
25390, 242.79824829101562
25391, 242.80226135253906
25392, 242.80625915527344
25393, 242.8102569580078
25394, 242.8142547607422
25395, 242.81825256347656
25396, 242.82225036621094
25397, 242.8262481689453
25398, 242.83026123046875
25399, 242.83425903320312
25400, 242.8382568359375
25401, 242.84225463867188
25402, 242.84625244140625
25403, 242.85025024414062
25404, 242.854248046875
25405, 242.85826110839844
25406, 242.8622589111328
25407, 242.8662567138672
25408, 242.87025451660156
25409, 242.87425231933594
25410, 242.8782501220703
25411, 242.8822479248047
25412, 242.88626098632812
25413, 242.8902587890625
25414, 242.89425659179688
25415, 242.89825439453125
25416, 242.90225219726562
25417, 242.90625
25418, 242.91024780273438
25419, 242.9142608642578
25420, 242.9182586669922
25421, 242.92225646972656
25422, 242.92625427246094
25423, 242.9302520751953
25424, 242.9342498779297
25425, 242.93824768066406
25426, 242.9422607421875
25427, 242.94625854492188
25428, 242.95025634765625
25429, 242.95425415039062
25430, 242.958251953125
25431, 242.96224975585938
25432, 242.96624755859375
25433, 242.9702606201172
25434, 242.97425842285156
25435, 242.97825622558594
25436, 242.9822540283203
25437, 242.9862518310547
25438, 242.99024963378906
25439, 242.99424743652344
25440, 242.99826049804688
25441, 243.00225830078125
25442, 243.00625610351562
25443, 243.01025390625
25444, 243.01425170898438
25445, 243.01824951171875
25446, 243.0222625732422
25447, 243.02626037597656
25448, 243.03025817871094
25449, 243.0342559814453
25450, 243.0382537841797
25451, 243.04225158691406
25452, 243.04624938964844
25453, 243.05026245117188
25454, 243.05426025390625
25455, 243.05825805664062
25456, 243.062255859375
25457, 243.06625366210938
25458, 243.07025146484375
25459, 243.07424926757812
25460, 243.07826232910156
25461, 243.08226013183594
25462, 243.0862579345703
25463, 243.0902557373047
25464, 243.09425354003906
25465, 243.09825134277344
25466, 243.1022491455078
25467, 243.10626220703125
25468, 243.11026000976562
25469, 243.1142578125
25470, 243.11825561523438
25471, 243.12225341796875
25472, 243.12625122070312
25473, 243.1302490234375
25474, 243.13426208496094
25475, 243.1382598876953
25476, 243.1422576904297
25477, 243.14625549316406
25478, 243.15025329589844
25479, 243.1542510986328
25480, 243.1582489013672
25481, 243.16226196289062
25482, 243.166259765625
25483, 243.17025756835938
25484, 243.17425537109375
25485, 243.17825317382812
25486, 243.1822509765625
25487, 243.18624877929688
25488, 243.1902618408203
25489, 243.1942596435547
25490, 243.19825744628906
25491, 243.20225524902344
25492, 243.2062530517578
25493, 243.2102508544922
25494, 243.21424865722656
25495, 243.21826171875
25496, 243.22225952148438
25497, 243.22625732421875
25498, 243.23025512695312
25499, 243.2342529296875
25500, 243.23825073242188
25501, 243.24224853515625
25502, 243.2462615966797
25503, 243.25025939941406
25504, 243.25425720214844
25505, 243.2582550048828
25506, 243.2622528076172
25507, 243.26625061035156
25508, 243.27024841308594
25509, 243.27426147460938
25510, 243.27825927734375
25511, 243.28225708007812
25512, 243.2862548828125
25513, 243.29025268554688
25514, 243.29425048828125
25515, 243.29824829101562
25516, 243.30226135253906
25517, 243.30625915527344
25518, 243.3102569580078
25519, 243.3142547607422
25520, 243.31825256347656
25521, 243.32225036621094
25522, 243.3262481689453
25523, 243.33026123046875
25524, 243.33425903320312
25525, 243.3382568359375
25526, 243.34225463867188
25527, 243.34625244140625
25528, 243.35025024414062
25529, 243.354248046875
25530, 243.35826110839844
25531, 243.3622589111328
25532, 243.3662567138672
25533, 243.37025451660156
25534, 243.37425231933594
25535, 243.3782501220703
25536, 243.3822479248047
25537, 243.38626098632812
25538, 243.3902587890625
25539, 243.39425659179688
25540, 243.39825439453125
25541, 243.40225219726562
25542, 243.40625
25543, 243.41024780273438
25544, 243.4142608642578
25545, 243.4182586669922
25546, 243.42225646972656
25547, 243.42625427246094
25548, 243.4302520751953
25549, 243.4342498779297
25550, 243.43824768066406
25551, 243.4422607421875
25552, 243.44625854492188
25553, 243.45025634765625
25554, 243.45425415039062
25555, 243.458251953125
25556, 243.46224975585938
25557, 243.46624755859375
25558, 243.4702606201172
25559, 243.47425842285156
25560, 243.47825622558594
25561, 243.4822540283203
25562, 243.4862518310547
25563, 243.49024963378906
25564, 243.49424743652344
25565, 243.49826049804688
25566, 243.50225830078125
25567, 243.50625610351562
25568, 243.51025390625
25569, 243.51425170898438
25570, 243.51824951171875
25571, 243.5222625732422
25572, 243.52626037597656
25573, 243.53025817871094
25574, 243.5342559814453
25575, 243.5382537841797
25576, 243.54225158691406
25577, 243.54624938964844
25578, 243.55026245117188
25579, 243.55426025390625
25580, 243.55825805664062
25581, 243.562255859375
25582, 243.56625366210938
25583, 243.57025146484375
25584, 243.57424926757812
25585, 243.57826232910156
25586, 243.58226013183594
25587, 243.5862579345703
25588, 243.5902557373047
25589, 243.59425354003906
25590, 243.59825134277344
25591, 243.6022491455078
25592, 243.60626220703125
25593, 243.61026000976562
25594, 243.6142578125
25595, 243.61825561523438
25596, 243.62225341796875
25597, 243.62625122070312
25598, 243.6302490234375
25599, 243.63426208496094
25600, 243.6382598876953
25601, 243.6422576904297
25602, 243.64625549316406
25603, 243.65025329589844
25604, 243.6542510986328
25605, 243.6582489013672
25606, 243.66226196289062
25607, 243.666259765625
25608, 243.67025756835938
25609, 243.67425537109375
25610, 243.67825317382812
25611, 243.6822509765625
25612, 243.68624877929688
25613, 243.6902618408203
25614, 243.6942596435547
25615, 243.69825744628906
25616, 243.70225524902344
25617, 243.7062530517578
25618, 243.7102508544922
25619, 243.71424865722656
25620, 243.71826171875
25621, 243.72225952148438
25622, 243.72625732421875
25623, 243.73025512695312
25624, 243.7342529296875
25625, 243.73825073242188
25626, 243.74224853515625
25627, 243.7462615966797
25628, 243.75025939941406
25629, 243.75425720214844
25630, 243.7582550048828
25631, 243.7622528076172
25632, 243.76625061035156
25633, 243.77024841308594
25634, 243.77426147460938
25635, 243.77825927734375
25636, 243.78225708007812
25637, 243.7862548828125
25638, 243.79025268554688
25639, 243.79425048828125
25640, 243.79824829101562
25641, 243.80226135253906
25642, 243.80625915527344
25643, 243.8102569580078
25644, 243.8142547607422
25645, 243.81825256347656
25646, 243.82225036621094
25647, 243.8262481689453
25648, 243.83026123046875
25649, 243.83425903320312
25650, 243.8382568359375
25651, 243.84225463867188
25652, 243.84625244140625
25653, 243.85025024414062
25654, 243.854248046875
25655, 243.85826110839844
25656, 243.8622589111328
25657, 243.8662567138672
25658, 243.87025451660156
25659, 243.87425231933594
25660, 243.8782501220703
25661, 243.8822479248047
25662, 243.88626098632812
25663, 243.8902587890625
25664, 243.89425659179688
25665, 243.89825439453125
25666, 243.90225219726562
25667, 243.90625
25668, 243.91024780273438
25669, 243.9142608642578
25670, 243.9182586669922
25671, 243.92225646972656
25672, 243.92625427246094
25673, 243.9302520751953
25674, 243.9342498779297
25675, 243.93824768066406
25676, 243.9422607421875
25677, 243.94625854492188
25678, 243.95025634765625
25679, 243.95425415039062
25680, 243.958251953125
25681, 243.96224975585938
25682, 243.96624755859375
25683, 243.9702606201172
25684, 243.97425842285156
25685, 243.97825622558594
25686, 243.9822540283203
25687, 243.9862518310547
25688, 243.99024963378906
25689, 243.99424743652344
25690, 243.99826049804688
25691, 244.00225830078125
25692, 244.00625610351562
25693, 244.01025390625
25694, 244.01425170898438
25695, 244.01824951171875
25696, 244.0222625732422
25697, 244.02626037597656
25698, 244.03025817871094
25699, 244.0342559814453
25700, 244.0382537841797
25701, 244.04225158691406
25702, 244.04624938964844
25703, 244.05026245117188
25704, 244.05426025390625
25705, 244.05825805664062
25706, 244.062255859375
25707, 244.06625366210938
25708, 244.07025146484375
25709, 244.07424926757812
25710, 244.07826232910156
25711, 244.08226013183594
25712, 244.0862579345703
25713, 244.0902557373047
25714, 244.09425354003906
25715, 244.09825134277344
25716, 244.1022491455078
25717, 244.10626220703125
25718, 244.11026000976562
25719, 244.1142578125
25720, 244.11825561523438
25721, 244.12225341796875
25722, 244.12625122070312
25723, 244.1302490234375
25724, 244.13426208496094
25725, 244.1382598876953
25726, 244.1422576904297
25727, 244.14625549316406
25728, 244.15025329589844
25729, 244.1542510986328
25730, 244.1582489013672
25731, 244.16226196289062
25732, 244.166259765625
25733, 244.17025756835938
25734, 244.17425537109375
25735, 244.17825317382812
25736, 244.1822509765625
25737, 244.18624877929688
25738, 244.1902618408203
25739, 244.1942596435547
25740, 244.19825744628906
25741, 244.20225524902344
25742, 244.2062530517578
25743, 244.2102508544922
25744, 244.21424865722656
25745, 244.21826171875
25746, 244.22225952148438
25747, 244.22625732421875
25748, 244.23025512695312
25749, 244.2342529296875
25750, 244.23825073242188
25751, 244.24224853515625
25752, 244.2462615966797
25753, 244.25025939941406
25754, 244.25425720214844
25755, 244.2582550048828
25756, 244.2622528076172
25757, 244.26625061035156
25758, 244.27024841308594
25759, 244.27426147460938
25760, 244.27825927734375
25761, 244.28225708007812
25762, 244.2862548828125
25763, 244.29025268554688
25764, 244.29425048828125
25765, 244.29824829101562
25766, 244.30226135253906
25767, 244.30625915527344
25768, 244.3102569580078
25769, 244.3142547607422
25770, 244.31825256347656
25771, 244.32225036621094
25772, 244.3262481689453
25773, 244.33026123046875
25774, 244.33425903320312
25775, 244.3382568359375
25776, 244.34225463867188
25777, 244.34625244140625
25778, 244.35025024414062
25779, 244.354248046875
25780, 244.35826110839844
25781, 244.3622589111328
25782, 244.3662567138672
25783, 244.37025451660156
25784, 244.37425231933594
25785, 244.3782501220703
25786, 244.3822479248047
25787, 244.38626098632812
25788, 244.3902587890625
25789, 244.39425659179688
25790, 244.39825439453125
25791, 244.40225219726562
25792, 244.40625
25793, 244.41024780273438
25794, 244.4142608642578
25795, 244.4182586669922
25796, 244.42225646972656
25797, 244.42625427246094
25798, 244.4302520751953
25799, 244.4342498779297
25800, 244.43824768066406
25801, 244.4422607421875
25802, 244.44625854492188
25803, 244.45025634765625
25804, 244.45425415039062
25805, 244.458251953125
25806, 244.46224975585938
25807, 244.46624755859375
25808, 244.4702606201172
25809, 244.47425842285156
25810, 244.47825622558594
25811, 244.4822540283203
25812, 244.4862518310547
25813, 244.49024963378906
25814, 244.49424743652344
25815, 244.49826049804688
25816, 244.50225830078125
25817, 244.50625610351562
25818, 244.51025390625
25819, 244.51425170898438
25820, 244.51824951171875
25821, 244.5222625732422
25822, 244.52626037597656
25823, 244.53025817871094
25824, 244.5342559814453
25825, 244.5382537841797
25826, 244.54225158691406
25827, 244.54624938964844
25828, 244.55026245117188
25829, 244.55426025390625
25830, 244.55825805664062
25831, 244.562255859375
25832, 244.56625366210938
25833, 244.57025146484375
25834, 244.57424926757812
25835, 244.57826232910156
25836, 244.58226013183594
25837, 244.5862579345703
25838, 244.5902557373047
25839, 244.59425354003906
25840, 244.59825134277344
25841, 244.6022491455078
25842, 244.60626220703125
25843, 244.61026000976562
25844, 244.6142578125
25845, 244.61825561523438
25846, 244.62225341796875
25847, 244.62625122070312
25848, 244.6302490234375
25849, 244.63426208496094
25850, 244.6382598876953
25851, 244.6422576904297
25852, 244.64625549316406
25853, 244.65025329589844
25854, 244.6542510986328
25855, 244.6582489013672
25856, 244.66226196289062
25857, 244.666259765625
25858, 244.67025756835938
25859, 244.67425537109375
25860, 244.67825317382812
25861, 244.6822509765625
25862, 244.68624877929688
25863, 244.6902618408203
25864, 244.6942596435547
25865, 244.69825744628906
25866, 244.70225524902344
25867, 244.7062530517578
25868, 244.7102508544922
25869, 244.71424865722656
25870, 244.71826171875
25871, 244.72225952148438
25872, 244.72625732421875
25873, 244.73025512695312
25874, 244.7342529296875
25875, 244.73825073242188
25876, 244.74224853515625
25877, 244.7462615966797
25878, 244.75025939941406
25879, 244.75425720214844
25880, 244.7582550048828
25881, 244.7622528076172
25882, 244.76625061035156
25883, 244.77024841308594
25884, 244.77426147460938
25885, 244.77825927734375
25886, 244.78225708007812
25887, 244.7862548828125
25888, 244.79025268554688
25889, 244.79425048828125
25890, 244.79824829101562
25891, 244.80226135253906
25892, 244.80625915527344
25893, 244.8102569580078
25894, 244.8142547607422
25895, 244.81825256347656
25896, 244.82225036621094
25897, 244.8262481689453
25898, 244.83026123046875
25899, 244.83425903320312
25900, 244.8382568359375
25901, 244.84225463867188
25902, 244.84625244140625
25903, 244.85025024414062
25904, 244.854248046875
25905, 244.85826110839844
25906, 244.8622589111328
25907, 244.8662567138672
25908, 244.87025451660156
25909, 244.87425231933594
25910, 244.8782501220703
25911, 244.8822479248047
25912, 244.88626098632812
25913, 244.8902587890625
25914, 244.89425659179688
25915, 244.89825439453125
25916, 244.90225219726562
25917, 244.90625
25918, 244.91024780273438
25919, 244.9142608642578
25920, 244.9182586669922
25921, 244.92225646972656
25922, 244.92625427246094
25923, 244.9302520751953
25924, 244.9342498779297
25925, 244.93824768066406
25926, 244.9422607421875
25927, 244.94625854492188
25928, 244.95025634765625
25929, 244.95425415039062
25930, 244.958251953125
25931, 244.96224975585938
25932, 244.96624755859375
25933, 244.9702606201172
25934, 244.97425842285156
25935, 244.97825622558594
25936, 244.9822540283203
25937, 244.9862518310547
25938, 244.99024963378906
25939, 244.99424743652344
25940, 244.99826049804688
25941, 245.00225830078125
25942, 245.00625610351562
25943, 245.01025390625
25944, 245.01425170898438
25945, 245.01824951171875
25946, 245.0222625732422
25947, 245.02626037597656
25948, 245.03025817871094
25949, 245.0342559814453
25950, 245.0382537841797
25951, 245.04225158691406
25952, 245.04624938964844
25953, 245.05026245117188
25954, 245.05426025390625
25955, 245.05825805664062
25956, 245.062255859375
25957, 245.06625366210938
25958, 245.07025146484375
25959, 245.07424926757812
25960, 245.07826232910156
25961, 245.08226013183594
25962, 245.0862579345703
25963, 245.0902557373047
25964, 245.09425354003906
25965, 245.09825134277344
25966, 245.1022491455078
25967, 245.10626220703125
25968, 245.11026000976562
25969, 245.1142578125
25970, 245.11825561523438
25971, 245.12225341796875
25972, 245.12625122070312
25973, 245.1302490234375
25974, 245.13426208496094
25975, 245.1382598876953
25976, 245.1422576904297
25977, 245.14625549316406
25978, 245.15025329589844
25979, 245.1542510986328
25980, 245.1582489013672
25981, 245.16226196289062
25982, 245.166259765625
25983, 245.17025756835938
25984, 245.17425537109375
25985, 245.17825317382812
25986, 245.1822509765625
25987, 245.18624877929688
25988, 245.1902618408203
25989, 245.1942596435547
25990, 245.19825744628906
25991, 245.20225524902344
25992, 245.2062530517578
25993, 245.2102508544922
25994, 245.21424865722656
25995, 245.21826171875
25996, 245.22225952148438
25997, 245.22625732421875
25998, 245.23025512695312
25999, 245.2342529296875
26000, 245.23825073242188
26001, 245.24224853515625
26002, 245.2462615966797
26003, 245.25025939941406
26004, 245.25425720214844
26005, 245.2582550048828
26006, 245.2622528076172
26007, 245.26625061035156
26008, 245.27024841308594
26009, 245.27426147460938
26010, 245.27825927734375
26011, 245.28225708007812
26012, 245.2862548828125
26013, 245.29025268554688
26014, 245.29425048828125
26015, 245.29824829101562
26016, 245.30226135253906
26017, 245.30625915527344
26018, 245.3102569580078
26019, 245.3142547607422
26020, 245.31825256347656
26021, 245.32225036621094
26022, 245.3262481689453
26023, 245.33026123046875
26024, 245.33425903320312
26025, 245.3382568359375
26026, 245.34225463867188
26027, 245.34625244140625
26028, 245.35025024414062
26029, 245.354248046875
26030, 245.35826110839844
26031, 245.3622589111328
26032, 245.3662567138672
26033, 245.37025451660156
26034, 245.37425231933594
26035, 245.3782501220703
26036, 245.3822479248047
26037, 245.38626098632812
26038, 245.3902587890625
26039, 245.39425659179688
26040, 245.39825439453125
26041, 245.40225219726562
26042, 245.40625
26043, 245.41024780273438
26044, 245.4142608642578
26045, 245.4182586669922
26046, 245.42225646972656
26047, 245.42625427246094
26048, 245.4302520751953
26049, 245.4342498779297
26050, 245.43824768066406
26051, 245.4422607421875
26052, 245.44625854492188
26053, 245.45025634765625
26054, 245.45425415039062
26055, 245.458251953125
26056, 245.46224975585938
26057, 245.46624755859375
26058, 245.4702606201172
26059, 245.47425842285156
26060, 245.47825622558594
26061, 245.4822540283203
26062, 245.4862518310547
26063, 245.49024963378906
26064, 245.49424743652344
26065, 245.49826049804688
26066, 245.50225830078125
26067, 245.50625610351562
26068, 245.51025390625
26069, 245.51425170898438
26070, 245.51824951171875
26071, 245.5222625732422
26072, 245.52626037597656
26073, 245.53025817871094
26074, 245.5342559814453
26075, 245.5382537841797
26076, 245.54225158691406
26077, 245.54624938964844
26078, 245.55026245117188
26079, 245.55426025390625
26080, 245.55825805664062
26081, 245.562255859375
26082, 245.56625366210938
26083, 245.57025146484375
26084, 245.57424926757812
26085, 245.57826232910156
26086, 245.58226013183594
26087, 245.5862579345703
26088, 245.5902557373047
26089, 245.59425354003906
26090, 245.59825134277344
26091, 245.6022491455078
26092, 245.60626220703125
26093, 245.61026000976562
26094, 245.6142578125
26095, 245.61825561523438
26096, 245.62225341796875
26097, 245.62625122070312
26098, 245.6302490234375
26099, 245.63426208496094
26100, 245.6382598876953
26101, 245.6422576904297
26102, 245.64625549316406
26103, 245.65025329589844
26104, 245.6542510986328
26105, 245.6582489013672
26106, 245.66226196289062
26107, 245.666259765625
26108, 245.67025756835938
26109, 245.67425537109375
26110, 245.67825317382812
26111, 245.6822509765625
26112, 245.68624877929688
26113, 245.6902618408203
26114, 245.6942596435547
26115, 245.69825744628906
26116, 245.70225524902344
26117, 245.7062530517578
26118, 245.7102508544922
26119, 245.71424865722656
26120, 245.71826171875
26121, 245.72225952148438
26122, 245.72625732421875
26123, 245.73025512695312
26124, 245.7342529296875
26125, 245.73825073242188
26126, 245.74224853515625
26127, 245.7462615966797
26128, 245.75025939941406
26129, 245.75425720214844
26130, 245.7582550048828
26131, 245.7622528076172
26132, 245.76625061035156
26133, 245.77024841308594
26134, 245.77426147460938
26135, 245.77825927734375
26136, 245.78225708007812
26137, 245.7862548828125
26138, 245.79025268554688
26139, 245.79425048828125
26140, 245.79824829101562
26141, 245.80226135253906
26142, 245.80625915527344
26143, 245.8102569580078
26144, 245.8142547607422
26145, 245.81825256347656
26146, 245.82225036621094
26147, 245.8262481689453
26148, 245.83026123046875
26149, 245.83425903320312
26150, 245.8382568359375
26151, 245.84225463867188
26152, 245.84625244140625
26153, 245.85025024414062
26154, 245.854248046875
26155, 245.85826110839844
26156, 245.8622589111328
26157, 245.8662567138672
26158, 245.87025451660156
26159, 245.87425231933594
26160, 245.8782501220703
26161, 245.8822479248047
26162, 245.88626098632812
26163, 245.8902587890625
26164, 245.89425659179688
26165, 245.89825439453125
26166, 245.90225219726562
26167, 245.90625
26168, 245.91024780273438
26169, 245.9142608642578
26170, 245.9182586669922
26171, 245.92225646972656
26172, 245.92625427246094
26173, 245.9302520751953
26174, 245.9342498779297
26175, 245.93824768066406
26176, 245.9422607421875
26177, 245.94625854492188
26178, 245.95025634765625
26179, 245.95425415039062
26180, 245.958251953125
26181, 245.96224975585938
26182, 245.96624755859375
26183, 245.9702606201172
26184, 245.97425842285156
26185, 245.97825622558594
26186, 245.9822540283203
26187, 245.9862518310547
26188, 245.99024963378906
26189, 245.99424743652344
26190, 245.99826049804688
26191, 246.00225830078125
26192, 246.00625610351562
26193, 246.01025390625
26194, 246.01425170898438
26195, 246.01824951171875
26196, 246.0222625732422
26197, 246.02626037597656
26198, 246.03025817871094
26199, 246.0342559814453
26200, 246.0382537841797
26201, 246.04225158691406
26202, 246.04624938964844
26203, 246.05026245117188
26204, 246.05426025390625
26205, 246.05825805664062
26206, 246.062255859375
26207, 246.06625366210938
26208, 246.07025146484375
26209, 246.07424926757812
26210, 246.07826232910156
26211, 246.08226013183594
26212, 246.0862579345703
26213, 246.0902557373047
26214, 246.09425354003906
26215, 246.09825134277344
26216, 246.1022491455078
26217, 246.10626220703125
26218, 246.11026000976562
26219, 246.1142578125
26220, 246.11825561523438
26221, 246.12225341796875
26222, 246.12625122070312
26223, 246.1302490234375
26224, 246.13426208496094
26225, 246.1382598876953
26226, 246.1422576904297
26227, 246.14625549316406
26228, 246.15025329589844
26229, 246.1542510986328
26230, 246.1582489013672
26231, 246.16226196289062
26232, 246.166259765625
26233, 246.17025756835938
26234, 246.17425537109375
26235, 246.17825317382812
26236, 246.1822509765625
26237, 246.18624877929688
26238, 246.1902618408203
26239, 246.1942596435547
26240, 246.19825744628906
26241, 246.20225524902344
26242, 246.2062530517578
26243, 246.2102508544922
26244, 246.21424865722656
26245, 246.21826171875
26246, 246.22225952148438
26247, 246.22625732421875
26248, 246.23025512695312
26249, 246.2342529296875
26250, 246.23825073242188
26251, 246.24224853515625
26252, 246.2462615966797
26253, 246.25025939941406
26254, 246.25425720214844
26255, 246.2582550048828
26256, 246.2622528076172
26257, 246.26625061035156
26258, 246.27024841308594
26259, 246.27426147460938
26260, 246.27825927734375
26261, 246.28225708007812
26262, 246.2862548828125
26263, 246.29025268554688
26264, 246.29425048828125
26265, 246.29824829101562
26266, 246.30226135253906
26267, 246.30625915527344
26268, 246.3102569580078
26269, 246.3142547607422
26270, 246.31825256347656
26271, 246.32225036621094
26272, 246.3262481689453
26273, 246.33026123046875
26274, 246.33425903320312
26275, 246.3382568359375
26276, 246.34225463867188
26277, 246.34625244140625
26278, 246.35025024414062
26279, 246.354248046875
26280, 246.35826110839844
26281, 246.3622589111328
26282, 246.3662567138672
26283, 246.37025451660156
26284, 246.37425231933594
26285, 246.3782501220703
26286, 246.3822479248047
26287, 246.38626098632812
26288, 246.3902587890625
26289, 246.39425659179688
26290, 246.39825439453125
26291, 246.40225219726562
26292, 246.40625
26293, 246.41024780273438
26294, 246.4142608642578
26295, 246.4182586669922
26296, 246.42225646972656
26297, 246.42625427246094
26298, 246.4302520751953
26299, 246.4342498779297
26300, 246.43824768066406
26301, 246.4422607421875
26302, 246.44625854492188
26303, 246.45025634765625
26304, 246.45425415039062
26305, 246.458251953125
26306, 246.46224975585938
26307, 246.46624755859375
26308, 246.4702606201172
26309, 246.47425842285156
26310, 246.47825622558594
26311, 246.4822540283203
26312, 246.4862518310547
26313, 246.49024963378906
26314, 246.49424743652344
26315, 246.49826049804688
26316, 246.50225830078125
26317, 246.50625610351562
26318, 246.51025390625
26319, 246.51425170898438
26320, 246.51824951171875
26321, 246.5222625732422
