3, 141.25025939941406
7, 141.26625061035156
11, 141.28225708007812
15, 141.29824829101562
19, 141.3142547607422
23, 141.33026123046875
27, 141.34625244140625
31, 141.3622589111328
35, 141.3782501220703
39, 141.39425659179688
43, 141.41024780273438
47, 141.42625427246094
51, 141.4422607421875
55, 141.458251953125
59, 141.47425842285156
63, 141.49024963378906
67, 141.50625610351562
71, 141.5222625732422
75, 141.5382537841797
79, 141.55426025390625
83, 141.57025146484375
87, 141.5862579345703
91, 141.6022491455078
95, 141.61825561523438
99, 141.63426208496094
103, 141.65025329589844
107, 141.666259765625
111, 141.6822509765625
115, 141.69825744628906
119, 141.71424865722656
123, 141.73025512695312
127, 141.7462615966797
131, 141.7622528076172
135, 141.77825927734375
139, 141.79425048828125
143, 141.8102569580078
147, 141.8262481689453
151, 141.84225463867188
155, 141.85826110839844
159, 141.87425231933594
163, 141.8902587890625
167, 141.90625
171, 141.92225646972656
175, 141.93824768066406
179, 141.95425415039062
183, 141.9702606201172
187, 141.9862518310547
191, 142.00225830078125
195, 142.01824951171875
199, 142.0342559814453
203, 142.05026245117188
207, 142.06625366210938
211, 142.08226013183594
215, 142.09825134277344
219, 142.1142578125
223, 142.1302490234375
227, 142.14625549316406
231, 142.16226196289062
235, 142.17825317382812
239, 142.1942596435547
243, 142.2102508544922
247, 142.22625732421875
251, 142.24224853515625
255, 142.2582550048828
259, 142.27426147460938
263, 142.29025268554688
267, 142.30625915527344
271, 142.32225036621094
275, 142.3382568359375
279, 142.354248046875
283, 142.37025451660156
287, 142.38626098632812
291, 142.40225219726562
295, 142.4182586669922
299, 142.4342498779297
303, 142.45025634765625
307, 142.46624755859375
311, 142.4822540283203
315, 142.49826049804688
319, 142.51425170898438
323, 142.53025817871094
327, 142.54624938964844
331, 142.562255859375
335, 142.57826232910156
339, 142.59425354003906
343, 142.61026000976562
347, 142.62625122070312
351, 142.6422576904297
355, 142.6582489013672
359, 142.67425537109375
363, 142.6902618408203
367, 142.7062530517578
371, 142.72225952148438
375, 142.73825073242188
379, 142.75425720214844
383, 142.77024841308594
387, 142.7862548828125
391, 142.80226135253906
395, 142.81825256347656
399, 142.83425903320312
403, 142.85025024414062
407, 142.8662567138672
411, 142.8822479248047
415, 142.89825439453125
419, 142.9142608642578
423, 142.9302520751953
427, 142.94625854492188
431, 142.96224975585938
435, 142.97825622558594
439, 142.99424743652344
443, 143.01025390625
447, 143.02626037597656
451, 143.04225158691406
455, 143.05825805664062
459, 143.07424926757812
463, 143.0902557373047
467, 143.10626220703125
471, 143.12225341796875
475, 143.1382598876953
479, 143.1542510986328
483, 143.17025756835938
487, 143.18624877929688
491, 143.20225524902344
495, 143.21826171875
499, 143.2342529296875
503, 143.25025939941406
507, 143.26625061035156
511, 143.28225708007812
515, 143.29824829101562
519, 143.3142547607422
523, 143.33026123046875
527, 143.34625244140625
531, 143.3622589111328
535, 143.3782501220703
539, 143.39425659179688
543, 143.41024780273438
547, 143.42625427246094
551, 143.4422607421875
555, 143.458251953125
559, 143.47425842285156
563, 143.49024963378906
567, 143.50625610351562
571, 143.5222625732422
575, 143.5382537841797
579, 143.55426025390625
583, 143.57025146484375
587, 143.5862579345703
591, 143.6022491455078
595, 143.61825561523438
599, 143.63426208496094
603, 143.65025329589844
607, 143.666259765625
611, 143.6822509765625
615, 143.69825744628906
619, 143.71424865722656
623, 143.73025512695312
627, 143.7462615966797
631, 143.7622528076172
635, 143.77825927734375
639, 143.79425048828125
643, 143.8102569580078
647, 143.8262481689453
651, 143.84225463867188
655, 143.85826110839844
659, 143.87425231933594
663, 143.8902587890625
667, 143.90625
671, 143.92225646972656
675, 143.93824768066406
679, 143.95425415039062
683, 143.9702606201172
687, 143.9862518310547
691, 144.00225830078125
695, 144.01824951171875
699, 144.0342559814453
703, 144.05026245117188
707, 144.06625366210938
711, 144.08226013183594
715, 144.09825134277344
719, 144.1142578125
723, 144.1302490234375
727, 144.14625549316406
731, 144.16226196289062
735, 144.17825317382812
739, 144.1942596435547
743, 144.2102508544922
747, 144.22625732421875
751, 144.24224853515625
755, 144.2582550048828
759, 144.27426147460938
763, 144.29025268554688
767, 144.30625915527344
771, 144.32225036621094
775, 144.3382568359375
779, 144.354248046875
783, 144.37025451660156
787, 144.38626098632812
791, 144.40225219726562
795, 144.4182586669922
799, 144.4342498779297
803, 144.45025634765625
807, 144.46624755859375
811, 144.4822540283203
815, 144.49826049804688
819, 144.51425170898438
823, 144.53025817871094
827, 144.54624938964844
831, 144.562255859375
835, 144.57826232910156
839, 144.59425354003906
843, 144.61026000976562
847, 144.62625122070312
851, 144.6422576904297
855, 144.6582489013672
859, 144.67425537109375
863, 144.6902618408203
867, 144.7062530517578
871, 144.72225952148438
875, 144.73825073242188
879, 144.75425720214844
883, 144.77024841308594
887, 144.7862548828125
891, 144.80226135253906
895, 144.81825256347656
899, 144.83425903320312
903, 144.85025024414062
907, 144.8662567138672
911, 144.8822479248047
915, 144.89825439453125
919, 144.9142608642578
923, 144.9302520751953
927, 144.94625854492188
931, 144.96224975585938
935, 144.97825622558594
939, 144.99424743652344
943, 145.01025390625
947, 145.02626037597656
951, 145.04225158691406
955, 145.05825805664062
959, 145.07424926757812
963, 145.0902557373047
967, 145.10626220703125
971, 145.12225341796875
975, 145.1382598876953
979, 145.1542510986328
983, 145.17025756835938
987, 145.18624877929688
991, 145.20225524902344
995, 145.21826171875
999, 145.2342529296875
1003, 145.25025939941406
1007, 145.26625061035156
1011, 145.28225708007812
1015, 145.29824829101562
1019, 145.3142547607422
1023, 145.33026123046875
1027, 145.34625244140625
1031, 145.3622589111328
1035, 145.3782501220703
1039, 145.39425659179688
1043, 145.41024780273438
1047, 145.42625427246094
1051, 145.4422607421875
1055, 145.458251953125
1059, 145.47425842285156
1063, 145.49024963378906
1067, 145.50625610351562
1071, 145.5222625732422
1075, 145.5382537841797
1079, 145.55426025390625
1083, 145.57025146484375
1087, 145.5862579345703
1091, 145.6022491455078
1095, 145.61825561523438
1099, 145.63426208496094
1103, 145.65025329589844
1107, 145.666259765625
1111, 145.6822509765625
1115, 145.69825744628906
1119, 145.71424865722656
1123, 145.73025512695312
1127, 145.7462615966797
1131, 145.7622528076172
1135, 145.77825927734375
1139, 145.79425048828125
1143, 145.8102569580078
1147, 145.8262481689453
1151, 145.84225463867188
1155, 145.85826110839844
1159, 145.87425231933594
1163, 145.8902587890625
1167, 145.90625
1171, 145.92225646972656
1175, 145.93824768066406
1179, 145.95425415039062
1183, 145.9702606201172
1187, 145.9862518310547
1191, 146.00225830078125
1195, 146.01824951171875
1199, 146.0342559814453
1203, 146.05026245117188
1207, 146.06625366210938
1211, 146.08226013183594
1215, 146.09825134277344
1219, 146.1142578125
1223, 146.1302490234375
1227, 146.14625549316406
1231, 146.16226196289062
1235, 146.17825317382812
1239, 146.1942596435547
1243, 146.2102508544922
1247, 146.22625732421875
1251, 146.24224853515625
1255, 146.2582550048828
1259, 146.27426147460938
1263, 146.29025268554688
1267, 146.30625915527344
1271, 146.32225036621094
1275, 146.3382568359375
1279, 146.354248046875
1283, 146.37025451660156
1287, 146.38626098632812
1291, 146.40225219726562
1295, 146.4182586669922
1299, 146.4342498779297
1303, 146.45025634765625
1307, 146.46624755859375
1311, 146.4822540283203
1315, 146.49826049804688
1319, 146.51425170898438
1323, 146.53025817871094
1327, 146.54624938964844
1331, 146.562255859375
1335, 146.57826232910156
1339, 146.59425354003906
1343, 146.61026000976562
1347, 146.62625122070312
1351, 146.6422576904297
1355, 146.6582489013672
1359, 146.67425537109375
1363, 146.6902618408203
1367, 146.7062530517578
1371, 146.72225952148438
1375, 146.73825073242188
1379, 146.75425720214844
1383, 146.77024841308594
1387, 146.7862548828125
1391, 146.80226135253906
1395, 146.81825256347656
1399, 146.83425903320312
1403, 146.85025024414062
1407, 146.8662567138672
1411, 146.8822479248047
1415, 146.89825439453125
1419, 146.9142608642578
1423, 146.9302520751953
1427, 146.94625854492188
1431, 146.96224975585938
1435, 146.97825622558594
1439, 146.99424743652344
1443, 147.01025390625
1447, 147.02626037597656
1451, 147.04225158691406
1455, 147.05825805664062
1459, 147.07424926757812
1463, 147.0902557373047
1467, 147.10626220703125
1471, 147.12225341796875
1475, 147.1382598876953
1479, 147.1542510986328
1483, 147.17025756835938
1487, 147.18624877929688
1491, 147.20225524902344
1495, 147.21826171875
1499, 147.2342529296875
1503, 147.25025939941406
1507, 147.26625061035156
1511, 147.28225708007812
1515, 147.29824829101562
1519, 147.3142547607422
1523, 147.33026123046875
1527, 147.34625244140625
1531, 147.3622589111328
1535, 147.3782501220703
1539, 147.39425659179688
1543, 147.41024780273438
1547, 147.42625427246094
1551, 147.4422607421875
1555, 147.458251953125
1559, 147.47425842285156
1563, 147.49024963378906
1567, 147.50625610351562
1571, 147.5222625732422
1575, 147.5382537841797
1579, 147.55426025390625
1583, 147.57025146484375
1587, 147.5862579345703
1591, 147.6022491455078
1595, 147.61825561523438
1599, 147.63426208496094
1603, 147.65025329589844
1607, 147.666259765625
1611, 147.6822509765625
1615, 147.69825744628906
1619, 147.71424865722656
1623, 147.73025512695312
1627, 147.7462615966797
1631, 147.7622528076172
1635, 147.77825927734375
1639, 147.79425048828125
1643, 147.8102569580078
1647, 147.8262481689453
1651, 147.84225463867188
1655, 147.85826110839844
1659, 147.87425231933594
1663, 147.8902587890625
1667, 147.90625
1671, 147.92225646972656
1675, 147.93824768066406
1679, 147.95425415039062
1683, 147.9702606201172
1687, 147.9862518310547
1691, 148.00225830078125
1695, 148.01824951171875
1699, 148.0342559814453
1703, 148.05026245117188
1707, 148.06625366210938
1711, 148.08226013183594
1715, 148.09825134277344
1719, 148.1142578125
1723, 148.1302490234375
1727, 148.14625549316406
1731, 148.16226196289062
1735, 148.17825317382812
1739, 148.1942596435547
1743, 148.2102508544922
1747, 148.22625732421875
1751, 148.24224853515625
1755, 148.2582550048828
1759, 148.27426147460938
1763, 148.29025268554688
1767, 148.30625915527344
1771, 148.32225036621094
1775, 148.3382568359375
1779, 148.354248046875
1783, 148.37025451660156
1787, 148.38626098632812
1791, 148.40225219726562
1795, 148.4182586669922
1799, 148.4342498779297
1803, 148.45025634765625
1807, 148.46624755859375
1811, 148.4822540283203
1815, 148.49826049804688
1819, 148.51425170898438
1823, 148.53025817871094
1827, 148.54624938964844
1831, 148.562255859375
1835, 148.57826232910156
1839, 148.59425354003906
1843, 148.61026000976562
1847, 148.62625122070312
1851, 148.6422576904297
1855, 148.6582489013672
1859, 148.67425537109375
1863, 148.6902618408203
1867, 148.7062530517578
1871, 148.72225952148438
1875, 148.73825073242188
1879, 148.75425720214844
1883, 148.77024841308594
1887, 148.7862548828125
1891, 148.80226135253906
1895, 148.81825256347656
1899, 148.83425903320312
1903, 148.85025024414062
1907, 148.8662567138672
1911, 148.8822479248047
1915, 148.89825439453125
1919, 148.9142608642578
1923, 148.9302520751953
1927, 148.94625854492188
1931, 148.96224975585938
1935, 148.97825622558594
1939, 148.99424743652344
1943, 149.01025390625
1947, 149.02626037597656
1951, 149.04225158691406
1955, 149.05825805664062
1959, 149.07424926757812
1963, 149.0902557373047
1967, 149.10626220703125
1971, 149.12225341796875
1975, 149.1382598876953
1979, 149.1542510986328
1983, 149.17025756835938
1987, 149.18624877929688
1991, 149.20225524902344
1995, 149.21826171875
1999, 149.2342529296875
2003, 149.25025939941406
2007, 149.26625061035156
2011, 149.28225708007812
2015, 149.29824829101562
2019, 149.3142547607422
2023, 149.33026123046875
2027, 149.34625244140625
2031, 149.3622589111328
2035, 149.3782501220703
2039, 149.39425659179688
2043, 149.41024780273438
2047, 149.42625427246094
2051, 149.4422607421875
2055, 149.458251953125
2059, 149.47425842285156
2063, 149.49024963378906
2067, 149.50625610351562
2071, 149.5222625732422
2075, 149.5382537841797
2079, 149.55426025390625
2083, 149.57025146484375
2087, 149.5862579345703
2091, 149.6022491455078
2095, 149.61825561523438
2099, 149.63426208496094
2103, 149.65025329589844
2107, 149.666259765625
2111, 149.6822509765625
2115, 149.69825744628906
2119, 149.71424865722656
2123, 149.73025512695312
2127, 149.7462615966797
2131, 149.7622528076172
2135, 149.77825927734375
2139, 149.79425048828125
2143, 149.8102569580078
2147, 149.8262481689453
2151, 149.84225463867188
2155, 149.85826110839844
2159, 149.87425231933594
2163, 149.8902587890625
2167, 149.90625
2171, 149.92225646972656
2175, 149.93824768066406
2179, 149.95425415039062
2183, 149.9702606201172
2187, 149.9862518310547
2191, 150.00225830078125
2195, 150.01824951171875
2199, 150.0342559814453
2203, 150.05026245117188
2207, 150.06625366210938
2211, 150.08226013183594
2215, 150.09825134277344
2219, 150.1142578125
2223, 150.1302490234375
2227, 150.14625549316406
2231, 150.16226196289062
2235, 150.17825317382812
2239, 150.1942596435547
2243, 150.2102508544922
2247, 150.22625732421875
2251, 150.24224853515625
2255, 150.2582550048828
2259, 150.27426147460938
2263, 150.29025268554688
2267, 150.30625915527344
2271, 150.32225036621094
2275, 150.3382568359375
2279, 150.354248046875
2283, 150.37025451660156
2287, 150.38626098632812
2291, 150.40225219726562
2295, 150.4182586669922
2299, 150.4342498779297
2303, 150.45025634765625
2307, 150.46624755859375
2311, 150.4822540283203
2315, 150.49826049804688
2319, 150.51425170898438
2323, 150.53025817871094
2327, 150.54624938964844
2331, 150.562255859375
2335, 150.57826232910156
2339, 150.59425354003906
2343, 150.61026000976562
2347, 150.62625122070312
2351, 150.6422576904297
2355, 150.6582489013672
2359, 150.67425537109375
2363, 150.6902618408203
2367, 150.7062530517578
2371, 150.72225952148438
2375, 150.73825073242188
2379, 150.75425720214844
2383, 150.77024841308594
2387, 150.7862548828125
2391, 150.80226135253906
2395, 150.81825256347656
2399, 150.83425903320312
2403, 150.85025024414062
2407, 150.8662567138672
2411, 150.8822479248047
2415, 150.89825439453125
2419, 150.9142608642578
2423, 150.9302520751953
2427, 150.94625854492188
2431, 150.96224975585938
2435, 150.97825622558594
2439, 150.99424743652344
2443, 151.01025390625
2447, 151.02626037597656
2451, 151.04225158691406
2455, 151.05825805664062
2459, 151.07424926757812
2463, 151.0902557373047
2467, 151.10626220703125
2471, 151.12225341796875
2475, 151.1382598876953
2479, 151.1542510986328
2483, 151.17025756835938
2487, 151.18624877929688
2491, 151.20225524902344
2495, 151.21826171875
2499, 151.2342529296875
2503, 151.25025939941406
2507, 151.26625061035156
2511, 151.28225708007812
2515, 151.29824829101562
2519, 151.3142547607422
2523, 151.33026123046875
2527, 151.34625244140625
2531, 151.3622589111328
2535, 151.3782501220703
2539, 151.39425659179688
2543, 151.41024780273438
2547, 151.42625427246094
2551, 151.4422607421875
2555, 151.458251953125
2559, 151.47425842285156
2563, 151.49024963378906
2567, 151.50625610351562
2571, 151.5222625732422
2575, 151.5382537841797
2579, 151.55426025390625
2583, 151.57025146484375
2587, 151.5862579345703
2591, 151.6022491455078
2595, 151.61825561523438
2599, 151.63426208496094
2603, 151.65025329589844
2607, 151.666259765625
2611, 151.6822509765625
2615, 151.69825744628906
2619, 151.71424865722656
2623, 151.73025512695312
2627, 151.7462615966797
2631, 151.7622528076172
2635, 151.77825927734375
2639, 151.79425048828125
2643, 151.8102569580078
2647, 151.8262481689453
2651, 151.84225463867188
2655, 151.85826110839844
2659, 151.87425231933594
2663, 151.8902587890625
2667, 151.90625
2671, 151.92225646972656
2675, 151.93824768066406
2679, 151.95425415039062
2683, 151.9702606201172
2687, 151.9862518310547
2691, 152.00225830078125
2695, 152.01824951171875
2699, 152.0342559814453
2703, 152.05026245117188
2707, 152.06625366210938
2711, 152.08226013183594
2715, 152.09825134277344
2719, 152.1142578125
2723, 152.1302490234375
2727, 152.14625549316406
2731, 152.16226196289062
2735, 152.17825317382812
2739, 152.1942596435547
2743, 152.2102508544922
2747, 152.22625732421875
2751, 152.24224853515625
2755, 152.2582550048828
2759, 152.27426147460938
2763, 152.29025268554688
2767, 152.30625915527344
2771, 152.32225036621094
2775, 152.3382568359375
2779, 152.354248046875
2783, 152.37025451660156
2787, 152.38626098632812
2791, 152.40225219726562
2795, 152.4182586669922
2799, 152.4342498779297
2803, 152.45025634765625
2807, 152.46624755859375
2811, 152.4822540283203
2815, 152.49826049804688
2819, 152.51425170898438
2823, 152.53025817871094
2827, 152.54624938964844
2831, 152.562255859375
2835, 152.57826232910156
2839, 152.59425354003906
2843, 152.61026000976562
2847, 152.62625122070312
2851, 152.6422576904297
2855, 152.6582489013672
2859, 152.67425537109375
2863, 152.6902618408203
2867, 152.7062530517578
2871, 152.72225952148438
2875, 152.73825073242188
2879, 152.75425720214844
2883, 152.77024841308594
2887, 152.7862548828125
2891, 152.80226135253906
2895, 152.81825256347656
2899, 152.83425903320312
2903, 152.85025024414062
2907, 152.8662567138672
2911, 152.8822479248047
2915, 152.89825439453125
2919, 152.9142608642578
2923, 152.9302520751953
2927, 152.94625854492188
2931, 152.96224975585938
2935, 152.97825622558594
2939, 152.99424743652344
2943, 153.01025390625
2947, 153.02626037597656
2951, 153.04225158691406
2955, 153.05825805664062
2959, 153.07424926757812
2963, 153.0902557373047
2967, 153.10626220703125
2971, 153.12225341796875
2975, 153.1382598876953
2979, 153.1542510986328
2983, 153.17025756835938
2987, 153.18624877929688
2991, 153.20225524902344
2995, 153.21826171875
2999, 153.2342529296875
3003, 153.25025939941406
3007, 153.26625061035156
3011, 153.28225708007812
3015, 153.29824829101562
3019, 153.3142547607422
3023, 153.33026123046875
3027, 153.34625244140625
3031, 153.3622589111328
3035, 153.3782501220703
3039, 153.39425659179688
3043, 153.41024780273438
3047, 153.42625427246094
3051, 153.4422607421875
3055, 153.458251953125
3059, 153.47425842285156
3063, 153.49024963378906
3067, 153.50625610351562
3071, 153.5222625732422
3075, 153.5382537841797
3079, 153.55426025390625
3083, 153.57025146484375
3087, 153.5862579345703
3091, 153.6022491455078
3095, 153.61825561523438
3099, 153.63426208496094
3103, 153.65025329589844
3107, 153.666259765625
3111, 153.6822509765625
3115, 153.69825744628906
3119, 153.71424865722656
3123, 153.73025512695312
3127, 153.7462615966797
3131, 153.7622528076172
3135, 153.77825927734375
3139, 153.79425048828125
3143, 153.8102569580078
3147, 153.8262481689453
3151, 153.84225463867188
3155, 153.85826110839844
3159, 153.87425231933594
3163, 153.8902587890625
3167, 153.90625
3171, 153.92225646972656
3175, 153.93824768066406
3179, 153.95425415039062
3183, 153.9702606201172
3187, 153.9862518310547
3191, 154.00225830078125
3195, 154.01824951171875
3199, 154.0342559814453
3203, 154.05026245117188
3207, 154.06625366210938
3211, 154.08226013183594
3215, 154.09825134277344
3219, 154.1142578125
3223, 154.1302490234375
3227, 154.14625549316406
3231, 154.16226196289062
3235, 154.17825317382812
3239, 154.1942596435547
3243, 154.2102508544922
3247, 154.22625732421875
3251, 154.24224853515625
3255, 154.2582550048828
3259, 154.27426147460938
3263, 154.29025268554688
3267, 154.30625915527344
3271, 154.32225036621094
3275, 154.3382568359375
3279, 154.354248046875
3283, 154.37025451660156
3287, 154.38626098632812
3291, 154.40225219726562
3295, 154.4182586669922
3299, 154.4342498779297
3303, 154.45025634765625
3307, 154.46624755859375
3311, 154.4822540283203
3315, 154.49826049804688
3319, 154.51425170898438
3323, 154.53025817871094
3327, 154.54624938964844
3331, 154.562255859375
3335, 154.57826232910156
3339, 154.59425354003906
3343, 154.61026000976562
3347, 154.62625122070312
3351, 154.6422576904297
3355, 154.6582489013672
3359, 154.67425537109375
3363, 154.6902618408203
3367, 154.7062530517578
3371, 154.72225952148438
3375, 154.73825073242188
3379, 154.75425720214844
3383, 154.77024841308594
3387, 154.7862548828125
3391, 154.80226135253906
3395, 154.81825256347656
3399, 154.83425903320312
3403, 154.85025024414062
3407, 154.8662567138672
3411, 154.8822479248047
3415, 154.89825439453125
3419, 154.9142608642578
3423, 154.9302520751953
3427, 154.94625854492188
3431, 154.96224975585938
3435, 154.97825622558594
3439, 154.99424743652344
3443, 155.01025390625
3447, 155.02626037597656
3451, 155.04225158691406
3455, 155.05825805664062
3459, 155.07424926757812
3463, 155.0902557373047
3467, 155.10626220703125
3471, 155.12225341796875
3475, 155.1382598876953
3479, 155.1542510986328
3483, 155.17025756835938
3487, 155.18624877929688
3491, 155.20225524902344
3495, 155.21826171875
3499, 155.2342529296875
3503, 155.25025939941406
3507, 155.26625061035156
3511, 155.28225708007812
3515, 155.29824829101562
3519, 155.3142547607422
3523, 155.33026123046875
3527, 155.34625244140625
3531, 155.3622589111328
3535, 155.3782501220703
3539, 155.39425659179688
3543, 155.41024780273438
3547, 155.42625427246094
3551, 155.4422607421875
3555, 155.458251953125
3559, 155.47425842285156
3563, 155.49024963378906
3567, 155.50625610351562
3571, 155.5222625732422
3575, 155.5382537841797
3579, 155.55426025390625
3583, 155.57025146484375
3587, 155.5862579345703
3591, 155.6022491455078
3595, 155.61825561523438
3599, 155.63426208496094
3603, 155.65025329589844
3607, 155.666259765625
3611, 155.6822509765625
3615, 155.69825744628906
3619, 155.71424865722656
3623, 155.73025512695312
3627, 155.7462615966797
3631, 155.7622528076172
3635, 155.77825927734375
3639, 155.79425048828125
3643, 155.8102569580078
3647, 155.8262481689453
3651, 155.84225463867188
3655, 155.85826110839844
3659, 155.87425231933594
3663, 155.8902587890625
3667, 155.90625
3671, 155.92225646972656
3675, 155.93824768066406
3679, 155.95425415039062
3683, 155.9702606201172
3687, 155.9862518310547
3691, 156.00225830078125
3695, 156.01824951171875
3699, 156.0342559814453
3703, 156.05026245117188
3707, 156.06625366210938
3711, 156.08226013183594
3715, 156.09825134277344
3719, 156.1142578125
3723, 156.1302490234375
3727, 156.14625549316406
3731, 156.16226196289062
3735, 156.17825317382812
3739, 156.1942596435547
3743, 156.2102508544922
3747, 156.22625732421875
3751, 156.24224853515625
3755, 156.2582550048828
3759, 156.27426147460938
3763, 156.29025268554688
3767, 156.30625915527344
3771, 156.32225036621094
3775, 156.3382568359375
3779, 156.354248046875
3783, 156.37025451660156
3787, 156.38626098632812
3791, 156.40225219726562
3795, 156.4182586669922
3799, 156.4342498779297
3803, 156.45025634765625
3807, 156.46624755859375
3811, 156.4822540283203
3815, 156.49826049804688
3819, 156.51425170898438
3823, 156.53025817871094
3827, 156.54624938964844
3831, 156.562255859375
3835, 156.57826232910156
3839, 156.59425354003906
3843, 156.61026000976562
3847, 156.62625122070312
3851, 156.6422576904297
3855, 156.6582489013672
3859, 156.67425537109375
3863, 156.6902618408203
3867, 156.7062530517578
3871, 156.72225952148438
3875, 156.73825073242188
3879, 156.75425720214844
3883, 156.77024841308594
3887, 156.7862548828125
3891, 156.80226135253906
3895, 156.81825256347656
3899, 156.83425903320312
3903, 156.85025024414062
3907, 156.8662567138672
3911, 156.8822479248047
3915, 156.89825439453125
3919, 156.9142608642578
3923, 156.9302520751953
3927, 156.94625854492188
3931, 156.96224975585938
3935, 156.97825622558594
3939, 156.99424743652344
3943, 157.01025390625
3947, 157.02626037597656
3951, 157.04225158691406
3955, 157.05825805664062
3959, 157.07424926757812
3963, 157.0902557373047
3967, 157.10626220703125
3971, 157.12225341796875
3975, 157.1382598876953
3979, 157.1542510986328
3983, 157.17025756835938
3987, 157.18624877929688
3991, 157.20225524902344
3995, 157.21826171875
3999, 157.2342529296875
4003, 157.25025939941406
4007, 157.26625061035156
4011, 157.28225708007812
4015, 157.29824829101562
4019, 157.3142547607422
4023, 157.33026123046875
4027, 157.34625244140625
4031, 157.3622589111328
4035, 157.3782501220703
4039, 157.39425659179688
4043, 157.41024780273438
4047, 157.42625427246094
4051, 157.4422607421875
4055, 157.458251953125
4059, 157.47425842285156
4063, 157.49024963378906
4067, 157.50625610351562
4071, 157.5222625732422
4075, 157.5382537841797
4079, 157.55426025390625
4083, 157.57025146484375
4087, 157.5862579345703
4091, 157.6022491455078
4095, 157.61825561523438
4099, 157.63426208496094
4103, 157.65025329589844
4107, 157.666259765625
4111, 157.6822509765625
4115, 157.69825744628906
4119, 157.71424865722656
4123, 157.73025512695312
4127, 157.7462615966797
4131, 157.7622528076172
4135, 157.77825927734375
4139, 157.79425048828125
4143, 157.8102569580078
4147, 157.8262481689453
4151, 157.84225463867188
4155, 157.85826110839844
4159, 157.87425231933594
4163, 157.8902587890625
4167, 157.90625
4171, 157.92225646972656
4175, 157.93824768066406
4179, 157.95425415039062
4183, 157.9702606201172
4187, 157.9862518310547
4191, 158.00225830078125
4195, 158.01824951171875
4199, 158.0342559814453
4203, 158.05026245117188
4207, 158.06625366210938
4211, 158.08226013183594
4215, 158.09825134277344
4219, 158.1142578125
4223, 158.1302490234375
4227, 158.14625549316406
4231, 158.16226196289062
4235, 158.17825317382812
4239, 158.1942596435547
4243, 158.2102508544922
4247, 158.22625732421875
4251, 158.24224853515625
4255, 158.2582550048828
4259, 158.27426147460938
4263, 158.29025268554688
4267, 158.30625915527344
4271, 158.32225036621094
4275, 158.3382568359375
4279, 158.354248046875
4283, 158.37025451660156
4287, 158.38626098632812
4291, 158.40225219726562
4295, 158.4182586669922
4299, 158.4342498779297
4303, 158.45025634765625
4307, 158.46624755859375
4311, 158.4822540283203
4315, 158.49826049804688
4319, 158.51425170898438
4323, 158.53025817871094
4327, 158.54624938964844
4331, 158.562255859375
4335, 158.57826232910156
4339, 158.59425354003906
4343, 158.61026000976562
4347, 158.62625122070312
4351, 158.6422576904297
4355, 158.6582489013672
4359, 158.67425537109375
4363, 158.6902618408203
4367, 158.7062530517578
4371, 158.72225952148438
4375, 158.73825073242188
4379, 158.75425720214844
4383, 158.77024841308594
4387, 158.7862548828125
4391, 158.80226135253906
4395, 158.81825256347656
4399, 158.83425903320312
4403, 158.85025024414062
4407, 158.8662567138672
4411, 158.8822479248047
4415, 158.89825439453125
4419, 158.9142608642578
4423, 158.9302520751953
4427, 158.94625854492188
4431, 158.96224975585938
4435, 158.97825622558594
4439, 158.99424743652344
4443, 159.01025390625
4447, 159.02626037597656
4451, 159.04225158691406
4455, 159.05825805664062
4459, 159.07424926757812
4463, 159.0902557373047
4467, 159.10626220703125
4471, 159.12225341796875
4475, 159.1382598876953
4479, 159.1542510986328
4483, 159.17025756835938
4487, 159.18624877929688
4491, 159.20225524902344
4495, 159.21826171875
4499, 159.2342529296875
4503, 159.25025939941406
4507, 159.26625061035156
4511, 159.28225708007812
4515, 159.29824829101562
4519, 159.3142547607422
4523, 159.33026123046875
4527, 159.34625244140625
4531, 159.3622589111328
4535, 159.3782501220703
4539, 159.39425659179688
4543, 159.41024780273438
4547, 159.42625427246094
4551, 159.4422607421875
4555, 159.458251953125
4559, 159.47425842285156
4563, 159.49024963378906
4567, 159.50625610351562
4571, 159.5222625732422
4575, 159.5382537841797
4579, 159.55426025390625
4583, 159.57025146484375
4587, 159.5862579345703
4591, 159.6022491455078
4595, 159.61825561523438
4599, 159.63426208496094
4603, 159.65025329589844
4607, 159.666259765625
4611, 159.6822509765625
4615, 159.69825744628906
4619, 159.71424865722656
4623, 159.73025512695312
4627, 159.7462615966797
4631, 159.7622528076172
4635, 159.77825927734375
4639, 159.79425048828125
4643, 159.8102569580078
4647, 159.8262481689453
4651, 159.84225463867188
4655, 159.85826110839844
4659, 159.87425231933594
4663, 159.8902587890625
4667, 159.90625
4671, 159.92225646972656
4675, 159.93824768066406
4679, 159.95425415039062
4683, 159.9702606201172
4687, 159.9862518310547
4691, 160.00225830078125
4695, 160.01824951171875
4699, 160.0342559814453
4703, 160.05026245117188
4707, 160.06625366210938
4711, 160.08226013183594
4715, 160.09825134277344
4719, 160.1142578125
4723, 160.1302490234375
4727, 160.14625549316406
4731, 160.16226196289062
4735, 160.17825317382812
4739, 160.1942596435547
4743, 160.2102508544922
4747, 160.22625732421875
4751, 160.24224853515625
4755, 160.2582550048828
4759, 160.27426147460938
4763, 160.29025268554688
4767, 160.30625915527344
4771, 160.32225036621094
4775, 160.3382568359375
4779, 160.354248046875
4783, 160.37025451660156
4787, 160.38626098632812
4791, 160.40225219726562
4795, 160.4182586669922
4799, 160.4342498779297
4803, 160.45025634765625
4807, 160.46624755859375
4811, 160.4822540283203
4815, 160.49826049804688
4819, 160.51425170898438
4823, 160.53025817871094
4827, 160.54624938964844
4831, 160.562255859375
4835, 160.57826232910156
4839, 160.59425354003906
4843, 160.61026000976562
4847, 160.62625122070312
4851, 160.6422576904297
4855, 160.6582489013672
4859, 160.67425537109375
4863, 160.6902618408203
4867, 160.7062530517578
4871, 160.72225952148438
4875, 160.73825073242188
4879, 160.75425720214844
4883, 160.77024841308594
4887, 160.7862548828125
4891, 160.80226135253906
4895, 160.81825256347656
4899, 160.83425903320312
4903, 160.85025024414062
4907, 160.8662567138672
4911, 160.8822479248047
4915, 160.89825439453125
4919, 160.9142608642578
4923, 160.9302520751953
4927, 160.94625854492188
4931, 160.96224975585938
4935, 160.97825622558594
4939, 160.99424743652344
4943, 161.01025390625
4947, 161.02626037597656
4951, 161.04225158691406
4955, 161.05825805664062
4959, 161.07424926757812
4963, 161.0902557373047
4967, 161.10626220703125
4971, 161.12225341796875
4975, 161.1382598876953
4979, 161.1542510986328
4983, 161.17025756835938
4987, 161.18624877929688
4991, 161.20225524902344
4995, 161.21826171875
4999, 161.2342529296875
5003, 161.25025939941406
5007, 161.26625061035156
5011, 161.28225708007812
5015, 161.29824829101562
5019, 161.3142547607422
5023, 161.33026123046875
5027, 161.34625244140625
5031, 161.3622589111328
5035, 161.3782501220703
5039, 161.39425659179688
5043, 161.41024780273438
5047, 161.42625427246094
5051, 161.4422607421875
5055, 161.458251953125
5059, 161.47425842285156
5063, 161.49024963378906
5067, 161.50625610351562
5071, 161.5222625732422
5075, 161.5382537841797
5079, 161.55426025390625
5083, 161.57025146484375
5087, 161.5862579345703
5091, 161.6022491455078
5095, 161.61825561523438
5099, 161.63426208496094
5103, 161.65025329589844
5107, 161.666259765625
5111, 161.6822509765625
5115, 161.69825744628906
5119, 161.71424865722656
5123, 161.73025512695312
5127, 161.7462615966797
5131, 161.7622528076172
5135, 161.77825927734375
5139, 161.79425048828125
5143, 161.8102569580078
5147, 161.8262481689453
5151, 161.84225463867188
5155, 161.85826110839844
5159, 161.87425231933594
5163, 161.8902587890625
5167, 161.90625
5171, 161.92225646972656
5175, 161.93824768066406
5179, 161.95425415039062
5183, 161.9702606201172
5187, 161.9862518310547
5191, 162.00225830078125
5195, 162.01824951171875
5199, 162.0342559814453
5203, 162.05026245117188
5207, 162.06625366210938
5211, 162.08226013183594
5215, 162.09825134277344
5219, 162.1142578125
5223, 162.1302490234375
5227, 162.14625549316406
5231, 162.16226196289062
5235, 162.17825317382812
5239, 162.1942596435547
5243, 162.2102508544922
5247, 162.22625732421875
5251, 162.24224853515625
5255, 162.2582550048828
5259, 162.27426147460938
5263, 162.29025268554688
5267, 162.30625915527344
5271, 162.32225036621094
5275, 162.3382568359375
5279, 162.354248046875
5283, 162.37025451660156
5287, 162.38626098632812
5291, 162.40225219726562
5295, 162.4182586669922
5299, 162.4342498779297
5303, 162.45025634765625
5307, 162.46624755859375
5311, 162.4822540283203
5315, 162.49826049804688
5319, 162.51425170898438
5323, 162.53025817871094
5327, 162.54624938964844
5331, 162.562255859375
5335, 162.57826232910156
5339, 162.59425354003906
5343, 162.61026000976562
5347, 162.62625122070312
5351, 162.6422576904297
5355, 162.6582489013672
5359, 162.67425537109375
5363, 162.6902618408203
5367, 162.7062530517578
5371, 162.72225952148438
5375, 162.73825073242188
5379, 162.75425720214844
5383, 162.77024841308594
5387, 162.7862548828125
5391, 162.80226135253906
5395, 162.81825256347656
5399, 162.83425903320312
5403, 162.85025024414062
5407, 162.8662567138672
5411, 162.8822479248047
5415, 162.89825439453125
5419, 162.9142608642578
5423, 162.9302520751953
5427, 162.94625854492188
5431, 162.96224975585938
5435, 162.97825622558594
5439, 162.99424743652344
5443, 163.01025390625
5447, 163.02626037597656
5451, 163.04225158691406
5455, 163.05825805664062
5459, 163.07424926757812
5463, 163.0902557373047
5467, 163.10626220703125
5471, 163.12225341796875
5475, 163.1382598876953
5479, 163.1542510986328
5483, 163.17025756835938
5487, 163.18624877929688
5491, 163.20225524902344
5495, 163.21826171875
5499, 163.2342529296875
5503, 163.25025939941406
5507, 163.26625061035156
5511, 163.28225708007812
5515, 163.29824829101562
5519, 163.3142547607422
5523, 163.33026123046875
5527, 163.34625244140625
5531, 163.3622589111328
5535, 163.3782501220703
5539, 163.39425659179688
5543, 163.41024780273438
5547, 163.42625427246094
5551, 163.4422607421875
5555, 163.458251953125
5559, 163.47425842285156
5563, 163.49024963378906
5567, 163.50625610351562
5571, 163.5222625732422
5575, 163.5382537841797
5579, 163.55426025390625
5583, 163.57025146484375
5587, 163.5862579345703
5591, 163.6022491455078
5595, 163.61825561523438
5599, 163.63426208496094
5603, 163.65025329589844
5607, 163.666259765625
5611, 163.6822509765625
5615, 163.69825744628906
5619, 163.71424865722656
5623, 163.73025512695312
5627, 163.7462615966797
5631, 163.7622528076172
5635, 163.77825927734375
5639, 163.79425048828125
5643, 163.8102569580078
5647, 163.8262481689453
5651, 163.84225463867188
5655, 163.85826110839844
5659, 163.87425231933594
5663, 163.8902587890625
5667, 163.90625
5671, 163.92225646972656
5675, 163.93824768066406
5679, 163.95425415039062
5683, 163.9702606201172
5687, 163.9862518310547
5691, 164.00225830078125
5695, 164.01824951171875
5699, 164.0342559814453
5703, 164.05026245117188
5707, 164.06625366210938
5711, 164.08226013183594
5715, 164.09825134277344
5719, 164.1142578125
5723, 164.1302490234375
5727, 164.14625549316406
5731, 164.16226196289062
5735, 164.17825317382812
5739, 164.1942596435547
5743, 164.2102508544922
5747, 164.22625732421875
5751, 164.24224853515625
5755, 164.2582550048828
5759, 164.27426147460938
5763, 164.29025268554688
5767, 164.30625915527344
5771, 164.32225036621094
5775, 164.3382568359375
5779, 164.354248046875
5783, 164.37025451660156
5787, 164.38626098632812
5791, 164.40225219726562
5795, 164.4182586669922
5799, 164.4342498779297
5803, 164.45025634765625
5807, 164.46624755859375
5811, 164.4822540283203
5815, 164.49826049804688
5819, 164.51425170898438
5823, 164.53025817871094
5827, 164.54624938964844
5831, 164.562255859375
5835, 164.57826232910156
5839, 164.59425354003906
5843, 164.61026000976562
5847, 164.62625122070312
5851, 164.6422576904297
5855, 164.6582489013672
5859, 164.67425537109375
5863, 164.6902618408203
5867, 164.7062530517578
5871, 164.72225952148438
5875, 164.73825073242188
5879, 164.75425720214844
5883, 164.77024841308594
5887, 164.7862548828125
5891, 164.80226135253906
5895, 164.81825256347656
5899, 164.83425903320312
5903, 164.85025024414062
5907, 164.8662567138672
5911, 164.8822479248047
5915, 164.89825439453125
5919, 164.9142608642578
5923, 164.9302520751953
5927, 164.94625854492188
5931, 164.96224975585938
5935, 164.97825622558594
5939, 164.99424743652344
5943, 165.01025390625
5947, 165.02626037597656
5951, 165.04225158691406
5955, 165.05825805664062
5959, 165.07424926757812
5963, 165.0902557373047
5967, 165.10626220703125
5971, 165.12225341796875
5975, 165.1382598876953
5979, 165.1542510986328
5983, 165.17025756835938
5987, 165.18624877929688
5991, 165.20225524902344
5995, 165.21826171875
5999, 165.2342529296875
6003, 165.25025939941406
6007, 165.26625061035156
6011, 165.28225708007812
6015, 165.29824829101562
6019, 165.3142547607422
6023, 165.33026123046875
6027, 165.34625244140625
6031, 165.3622589111328
6035, 165.3782501220703
6039, 165.39425659179688
6043, 165.41024780273438
6047, 165.42625427246094
6051, 165.4422607421875
6055, 165.458251953125
6059, 165.47425842285156
6063, 165.49024963378906
6067, 165.50625610351562
6071, 165.5222625732422
6075, 165.5382537841797
6079, 165.55426025390625
6083, 165.57025146484375
6087, 165.5862579345703
6091, 165.6022491455078
6095, 165.61825561523438
6099, 165.63426208496094
6103, 165.65025329589844
6107, 165.666259765625
6111, 165.6822509765625
6115, 165.69825744628906
6119, 165.71424865722656
6123, 165.73025512695312
6127, 165.7462615966797
6131, 165.7622528076172
6135, 165.77825927734375
6139, 165.79425048828125
6143, 165.8102569580078
6147, 165.8262481689453
6151, 165.84225463867188
6155, 165.85826110839844
6159, 165.87425231933594
6163, 165.8902587890625
6167, 165.90625
6171, 165.92225646972656
6175, 165.93824768066406
6179, 165.95425415039062
6183, 165.9702606201172
6187, 165.9862518310547
6191, 166.00225830078125
6195, 166.01824951171875
6199, 166.0342559814453
6203, 166.05026245117188
6207, 166.06625366210938
6211, 166.08226013183594
6215, 166.09825134277344
6219, 166.1142578125
6223, 166.1302490234375
6227, 166.14625549316406
6231, 166.16226196289062
6235, 166.17825317382812
6239, 166.1942596435547
6243, 166.2102508544922
6247, 166.22625732421875
6251, 166.24224853515625
6255, 166.2582550048828
6259, 166.27426147460938
6263, 166.29025268554688
6267, 166.30625915527344
6271, 166.32225036621094
6275, 166.3382568359375
6279, 166.354248046875
6283, 166.37025451660156
6287, 166.38626098632812
6291, 166.40225219726562
6295, 166.4182586669922
6299, 166.4342498779297
6303, 166.45025634765625
6307, 166.46624755859375
6311, 166.4822540283203
6315, 166.49826049804688
6319, 166.51425170898438
6323, 166.53025817871094
6327, 166.54624938964844
6331, 166.562255859375
6335, 166.57826232910156
6339, 166.59425354003906
6343, 166.61026000976562
6347, 166.62625122070312
6351, 166.6422576904297
6355, 166.6582489013672
6359, 166.67425537109375
6363, 166.6902618408203
6367, 166.7062530517578
6371, 166.72225952148438
6375, 166.73825073242188
6379, 166.75425720214844
6383, 166.77024841308594
6387, 166.7862548828125
6391, 166.80226135253906
6395, 166.81825256347656
6399, 166.83425903320312
6403, 166.85025024414062
6407, 166.8662567138672
6411, 166.8822479248047
6415, 166.89825439453125
6419, 166.9142608642578
6423, 166.9302520751953
6427, 166.94625854492188
6431, 166.96224975585938
6435, 166.97825622558594
6439, 166.99424743652344
6443, 167.01025390625
6447, 167.02626037597656
6451, 167.04225158691406
6455, 167.05825805664062
6459, 167.07424926757812
6463, 167.0902557373047
6467, 167.10626220703125
6471, 167.12225341796875
6475, 167.1382598876953
6479, 167.1542510986328
6483, 167.17025756835938
6487, 167.18624877929688
6491, 167.20225524902344
6495, 167.21826171875
6499, 167.2342529296875
6503, 167.25025939941406
6507, 167.26625061035156
6511, 167.28225708007812
6515, 167.29824829101562
6519, 167.3142547607422
6523, 167.33026123046875
6527, 167.34625244140625
6531, 167.3622589111328
6535, 167.3782501220703
6539, 167.39425659179688
6543, 167.41024780273438
6547, 167.42625427246094
6551, 167.4422607421875
6555, 167.458251953125
6559, 167.47425842285156
6563, 167.49024963378906
6567, 167.50625610351562
6571, 167.5222625732422
6575, 167.5382537841797
6579, 167.55426025390625
6583, 167.57025146484375
6587, 167.5862579345703
6591, 167.6022491455078
6595, 167.61825561523438
6599, 167.63426208496094
6603, 167.65025329589844
6607, 167.666259765625
6611, 167.6822509765625
6615, 167.69825744628906
6619, 167.71424865722656
6623, 167.73025512695312
6627, 167.7462615966797
6631, 167.7622528076172
6635, 167.77825927734375
6639, 167.79425048828125
6643, 167.8102569580078
6647, 167.8262481689453
6651, 167.84225463867188
6655, 167.85826110839844
6659, 167.87425231933594
6663, 167.8902587890625
6667, 167.90625
6671, 167.92225646972656
6675, 167.93824768066406
6679, 167.95425415039062
6683, 167.9702606201172
6687, 167.9862518310547
6691, 168.00225830078125
6695, 168.01824951171875
6699, 168.0342559814453
6703, 168.05026245117188
6707, 168.06625366210938
6711, 168.08226013183594
6715, 168.09825134277344
6719, 168.1142578125
6723, 168.1302490234375
6727, 168.14625549316406
6731, 168.16226196289062
6735, 168.17825317382812
6739, 168.1942596435547
6743, 168.2102508544922
6747, 168.22625732421875
6751, 168.24224853515625
6755, 168.2582550048828
6759, 168.27426147460938
6763, 168.29025268554688
6767, 168.30625915527344
6771, 168.32225036621094
6775, 168.3382568359375
6779, 168.354248046875
6783, 168.37025451660156
6787, 168.38626098632812
6791, 168.40225219726562
6795, 168.4182586669922
6799, 168.4342498779297
6803, 168.45025634765625
6807, 168.46624755859375
6811, 168.4822540283203
6815, 168.49826049804688
6819, 168.51425170898438
6823, 168.53025817871094
6827, 168.54624938964844
6831, 168.562255859375
6835, 168.57826232910156
6839, 168.59425354003906
6843, 168.61026000976562
6847, 168.62625122070312
6851, 168.6422576904297
6855, 168.6582489013672
6859, 168.67425537109375
6863, 168.6902618408203
6867, 168.7062530517578
6871, 168.72225952148438
6875, 168.73825073242188
6879, 168.75425720214844
6883, 168.77024841308594
6887, 168.7862548828125
6891, 168.80226135253906
6895, 168.81825256347656
6899, 168.83425903320312
6903, 168.85025024414062
6907, 168.8662567138672
6911, 168.8822479248047
6915, 168.89825439453125
6919, 168.9142608642578
6923, 168.9302520751953
6927, 168.94625854492188
6931, 168.96224975585938
6935, 168.97825622558594
6939, 168.99424743652344
6943, 169.01025390625
6947, 169.02626037597656
6951, 169.04225158691406
6955, 169.05825805664062
6959, 169.07424926757812
6963, 169.0902557373047
6967, 169.10626220703125
6971, 169.12225341796875
6975, 169.1382598876953
6979, 169.1542510986328
6983, 169.17025756835938
6987, 169.18624877929688
6991, 169.20225524902344
6995, 169.21826171875
6999, 169.2342529296875
7003, 169.25025939941406
7007, 169.26625061035156
7011, 169.28225708007812
7015, 169.29824829101562
7019, 169.3142547607422
7023, 169.33026123046875
7027, 169.34625244140625
7031, 169.3622589111328
7035, 169.3782501220703
7039, 169.39425659179688
7043, 169.41024780273438
7047, 169.42625427246094
7051, 169.4422607421875
7055, 169.458251953125
7059, 169.47425842285156
7063, 169.49024963378906
7067, 169.50625610351562
7071, 169.5222625732422
7075, 169.5382537841797
7079, 169.55426025390625
7083, 169.57025146484375
7087, 169.5862579345703
7091, 169.6022491455078
7095, 169.61825561523438
7099, 169.63426208496094
7103, 169.65025329589844
7107, 169.666259765625
7111, 169.6822509765625
7115, 169.69825744628906
7119, 169.71424865722656
7123, 169.73025512695312
7127, 169.7462615966797
7131, 169.7622528076172
7135, 169.77825927734375
7139, 169.79425048828125
7143, 169.8102569580078
7147, 169.8262481689453
7151, 169.84225463867188
7155, 169.85826110839844
7159, 169.87425231933594
7163, 169.8902587890625
7167, 169.90625
7171, 169.92225646972656
7175, 169.93824768066406
7179, 169.95425415039062
7183, 169.9702606201172
7187, 169.9862518310547
7191, 170.00225830078125
7195, 170.01824951171875
7199, 170.0342559814453
7203, 170.05026245117188
7207, 170.06625366210938
7211, 170.08226013183594
7215, 170.09825134277344
7219, 170.1142578125
7223, 170.1302490234375
7227, 170.14625549316406
7231, 170.16226196289062
7235, 170.17825317382812
7239, 170.1942596435547
7243, 170.2102508544922
7247, 170.22625732421875
7251, 170.24224853515625
7255, 170.2582550048828
7259, 170.27426147460938
7263, 170.29025268554688
7267, 170.30625915527344
7271, 170.32225036621094
7275, 170.3382568359375
7279, 170.354248046875
7283, 170.37025451660156
7287, 170.38626098632812
7291, 170.40225219726562
7295, 170.4182586669922
7299, 170.4342498779297
7303, 170.45025634765625
7307, 170.46624755859375
7311, 170.4822540283203
7315, 170.49826049804688
7319, 170.51425170898438
7323, 170.53025817871094
7327, 170.54624938964844
7331, 170.562255859375
7335, 170.57826232910156
7339, 170.59425354003906
7343, 170.61026000976562
7347, 170.62625122070312
7351, 170.6422576904297
7355, 170.6582489013672
7359, 170.67425537109375
7363, 170.6902618408203
7367, 170.7062530517578
7371, 170.72225952148438
7375, 170.73825073242188
7379, 170.75425720214844
7383, 170.77024841308594
7387, 170.7862548828125
7391, 170.80226135253906
7395, 170.81825256347656
7399, 170.83425903320312
7403, 170.85025024414062
7407, 170.8662567138672
7411, 170.8822479248047
7415, 170.89825439453125
7419, 170.9142608642578
7423, 170.9302520751953
7427, 170.94625854492188
7431, 170.96224975585938
7435, 170.97825622558594
7439, 170.99424743652344
7443, 171.01025390625
7447, 171.02626037597656
7451, 171.04225158691406
7455, 171.05825805664062
7459, 171.07424926757812
7463, 171.0902557373047
7467, 171.10626220703125
7471, 171.12225341796875
7475, 171.1382598876953
7479, 171.1542510986328
7483, 171.17025756835938
7487, 171.18624877929688
7491, 171.20225524902344
7495, 171.21826171875
7499, 171.2342529296875
7503, 171.25025939941406
7507, 171.26625061035156
7511, 171.28225708007812
7515, 171.29824829101562
7519, 171.3142547607422
7523, 171.33026123046875
7527, 171.34625244140625
7531, 171.3622589111328
7535, 171.3782501220703
7539, 171.39425659179688
7543, 171.41024780273438
7547, 171.42625427246094
7551, 171.4422607421875
7555, 171.458251953125
7559, 171.47425842285156
7563, 171.49024963378906
7567, 171.50625610351562
7571, 171.5222625732422
7575, 171.5382537841797
7579, 171.55426025390625
7583, 171.57025146484375
7587, 171.5862579345703
7591, 171.6022491455078
7595, 171.61825561523438
7599, 171.63426208496094
7603, 171.65025329589844
7607, 171.666259765625
7611, 171.6822509765625
7615, 171.69825744628906
7619, 171.71424865722656
7623, 171.73025512695312
7627, 171.7462615966797
7631, 171.7622528076172
7635, 171.77825927734375
7639, 171.79425048828125
7643, 171.8102569580078
7647, 171.8262481689453
7651, 171.84225463867188
7655, 171.85826110839844
7659, 171.87425231933594
7663, 171.8902587890625
7667, 171.90625
7671, 171.92225646972656
7675, 171.93824768066406
7679, 171.95425415039062
7683, 171.9702606201172
7687, 171.9862518310547
7691, 172.00225830078125
7695, 172.01824951171875
7699, 172.0342559814453
7703, 172.05026245117188
7707, 172.06625366210938
7711, 172.08226013183594
7715, 172.09825134277344
7719, 172.1142578125
7723, 172.1302490234375
7727, 172.14625549316406
7731, 172.16226196289062
7735, 172.17825317382812
7739, 172.1942596435547
7743, 172.2102508544922
7747, 172.22625732421875
7751, 172.24224853515625
7755, 172.2582550048828
7759, 172.27426147460938
7763, 172.29025268554688
7767, 172.30625915527344
7771, 172.32225036621094
7775, 172.3382568359375
7779, 172.354248046875
7783, 172.37025451660156
7787, 172.38626098632812
7791, 172.40225219726562
7795, 172.4182586669922
7799, 172.4342498779297
7803, 172.45025634765625
7807, 172.46624755859375
7811, 172.4822540283203
7815, 172.49826049804688
7819, 172.51425170898438
7823, 172.53025817871094
7827, 172.54624938964844
7831, 172.562255859375
7835, 172.57826232910156
7839, 172.59425354003906
7843, 172.61026000976562
7847, 172.62625122070312
7851, 172.6422576904297
7855, 172.6582489013672
7859, 172.67425537109375
7863, 172.6902618408203
7867, 172.7062530517578
7871, 172.72225952148438
7875, 172.73825073242188
7879, 172.75425720214844
7883, 172.77024841308594
7887, 172.7862548828125
7891, 172.80226135253906
7895, 172.81825256347656
7899, 172.83425903320312
7903, 172.85025024414062
7907, 172.8662567138672
7911, 172.8822479248047
7915, 172.89825439453125
7919, 172.9142608642578
7923, 172.9302520751953
7927, 172.94625854492188
7931, 172.96224975585938
7935, 172.97825622558594
7939, 172.99424743652344
7943, 173.01025390625
7947, 173.02626037597656
7951, 173.04225158691406
7955, 173.05825805664062
7959, 173.07424926757812
7963, 173.0902557373047
7967, 173.10626220703125
7971, 173.12225341796875
7975, 173.1382598876953
7979, 173.1542510986328
7983, 173.17025756835938
7987, 173.18624877929688
7991, 173.20225524902344
7995, 173.21826171875
7999, 173.2342529296875
8003, 173.25025939941406
8007, 173.26625061035156
8011, 173.28225708007812
8015, 173.29824829101562
8019, 173.3142547607422
8023, 173.33026123046875
8027, 173.34625244140625
8031, 173.3622589111328
8035, 173.3782501220703
8039, 173.39425659179688
8043, 173.41024780273438
8047, 173.42625427246094
8051, 173.4422607421875
8055, 173.458251953125
8059, 173.47425842285156
8063, 173.49024963378906
8067, 173.50625610351562
8071, 173.5222625732422
8075, 173.5382537841797
8079, 173.55426025390625
8083, 173.57025146484375
8087, 173.5862579345703
8091, 173.6022491455078
8095, 173.61825561523438
8099, 173.63426208496094
8103, 173.65025329589844
8107, 173.666259765625
8111, 173.6822509765625
8115, 173.69825744628906
8119, 173.71424865722656
8123, 173.73025512695312
8127, 173.7462615966797
8131, 173.7622528076172
8135, 173.77825927734375
8139, 173.79425048828125
8143, 173.8102569580078
8147, 173.8262481689453
8151, 173.84225463867188
8155, 173.85826110839844
8159, 173.87425231933594
8163, 173.8902587890625
8167, 173.90625
8171, 173.92225646972656
8175, 173.93824768066406
8179, 173.95425415039062
8183, 173.9702606201172
8187, 173.9862518310547
8191, 174.00225830078125
8195, 174.01824951171875
8199, 174.0342559814453
8203, 174.05026245117188
8207, 174.06625366210938
8211, 174.08226013183594
8215, 174.09825134277344
8219, 174.1142578125
8223, 174.1302490234375
8227, 174.14625549316406
8231, 174.16226196289062
8235, 174.17825317382812
8239, 174.1942596435547
8243, 174.2102508544922
8247, 174.22625732421875
8251, 174.24224853515625
8255, 174.2582550048828
8259, 174.27426147460938
8263, 174.29025268554688
8267, 174.30625915527344
8271, 174.32225036621094
8275, 174.3382568359375
8279, 174.354248046875
8283, 174.37025451660156
8287, 174.38626098632812
8291, 174.40225219726562
8295, 174.4182586669922
8299, 174.4342498779297
8303, 174.45025634765625
8307, 174.46624755859375
8311, 174.4822540283203
8315, 174.49826049804688
8319, 174.51425170898438
8323, 174.53025817871094
8327, 174.54624938964844
8331, 174.562255859375
8335, 174.57826232910156
8339, 174.59425354003906
8343, 174.61026000976562
8347, 174.62625122070312
8351, 174.6422576904297
8355, 174.6582489013672
8359, 174.67425537109375
8363, 174.6902618408203
8367, 174.7062530517578
8371, 174.72225952148438
8375, 174.73825073242188
8379, 174.75425720214844
8383, 174.77024841308594
8387, 174.7862548828125
8391, 174.80226135253906
8395, 174.81825256347656
8399, 174.83425903320312
8403, 174.85025024414062
8407, 174.8662567138672
8411, 174.8822479248047
8415, 174.89825439453125
8419, 174.9142608642578
8423, 174.9302520751953
8427, 174.94625854492188
8431, 174.96224975585938
8435, 174.97825622558594
8439, 174.99424743652344
8443, 175.01025390625
8447, 175.02626037597656
8451, 175.04225158691406
8455, 175.05825805664062
8459, 175.07424926757812
8463, 175.0902557373047
8467, 175.10626220703125
8471, 175.12225341796875
8475, 175.1382598876953
8479, 175.1542510986328
8483, 175.17025756835938
8487, 175.18624877929688
8491, 175.20225524902344
8495, 175.21826171875
8499, 175.2342529296875
8503, 175.25025939941406
8507, 175.26625061035156
8511, 175.28225708007812
8515, 175.29824829101562
8519, 175.3142547607422
8523, 175.33026123046875
8527, 175.34625244140625
8531, 175.3622589111328
8535, 175.3782501220703
8539, 175.39425659179688
8543, 175.41024780273438
8547, 175.42625427246094
8551, 175.4422607421875
8555, 175.458251953125
8559, 175.47425842285156
8563, 175.49024963378906
8567, 175.50625610351562
8571, 175.5222625732422
8575, 175.5382537841797
8579, 175.55426025390625
8583, 175.57025146484375
8587, 175.5862579345703
8591, 175.6022491455078
8595, 175.61825561523438
8599, 175.63426208496094
8603, 175.65025329589844
8607, 175.666259765625
8611, 175.6822509765625
8615, 175.69825744628906
8619, 175.71424865722656
8623, 175.73025512695312
8627, 175.7462615966797
8631, 175.7622528076172
8635, 175.77825927734375
8639, 175.79425048828125
8643, 175.8102569580078
8647, 175.8262481689453
8651, 175.84225463867188
8655, 175.85826110839844
8659, 175.87425231933594
8663, 175.8902587890625
8667, 175.90625
8671, 175.92225646972656
8675, 175.93824768066406
8679, 175.95425415039062
8683, 175.9702606201172
8687, 175.9862518310547
8691, 176.00225830078125
8695, 176.01824951171875
8699, 176.0342559814453
8703, 176.05026245117188
8707, 176.06625366210938
8711, 176.08226013183594
8715, 176.09825134277344
8719, 176.1142578125
8723, 176.1302490234375
8727, 176.14625549316406
8731, 176.16226196289062
8735, 176.17825317382812
8739, 176.1942596435547
8743, 176.2102508544922
8747, 176.22625732421875
8751, 176.24224853515625
8755, 176.2582550048828
8759, 176.27426147460938
8763, 176.29025268554688
8767, 176.30625915527344
8771, 176.32225036621094
8775, 176.3382568359375
8779, 176.354248046875
8783, 176.37025451660156
8787, 176.38626098632812
8791, 176.40225219726562
8795, 176.4182586669922
8799, 176.4342498779297
8803, 176.45025634765625
8807, 176.46624755859375
8811, 176.4822540283203
8815, 176.49826049804688
8819, 176.51425170898438
8823, 176.53025817871094
8827, 176.54624938964844
8831, 176.562255859375
8835, 176.57826232910156
8839, 176.59425354003906
8843, 176.61026000976562
8847, 176.62625122070312
8851, 176.6422576904297
8855, 176.6582489013672
8859, 176.67425537109375
8863, 176.6902618408203
8867, 176.7062530517578
8871, 176.72225952148438
8875, 176.73825073242188
8879, 176.75425720214844
8883, 176.77024841308594
8887, 176.7862548828125
8891, 176.80226135253906
8895, 176.81825256347656
8899, 176.83425903320312
8903, 176.85025024414062
8907, 176.8662567138672
8911, 176.8822479248047
8915, 176.89825439453125
8919, 176.9142608642578
8923, 176.9302520751953
8927, 176.94625854492188
8931, 176.96224975585938
8935, 176.97825622558594
8939, 176.99424743652344
8943, 177.01025390625
8947, 177.02626037597656
8951, 177.04225158691406
8955, 177.05825805664062
8959, 177.07424926757812
8963, 177.0902557373047
8967, 177.10626220703125
8971, 177.12225341796875
8975, 177.1382598876953
8979, 177.1542510986328
8983, 177.17025756835938
8987, 177.18624877929688
8991, 177.20225524902344
8995, 177.21826171875
8999, 177.2342529296875
9003, 177.25025939941406
9007, 177.26625061035156
9011, 177.28225708007812
9015, 177.29824829101562
9019, 177.3142547607422
9023, 177.33026123046875
9027, 177.34625244140625
9031, 177.3622589111328
9035, 177.3782501220703
9039, 177.39425659179688
9043, 177.41024780273438
9047, 177.42625427246094
9051, 177.4422607421875
9055, 177.458251953125
9059, 177.47425842285156
9063, 177.49024963378906
9067, 177.50625610351562
9071, 177.5222625732422
9075, 177.5382537841797
9079, 177.55426025390625
9083, 177.57025146484375
9087, 177.5862579345703
9091, 177.6022491455078
9095, 177.61825561523438
9099, 177.63426208496094
9103, 177.65025329589844
9107, 177.666259765625
9111, 177.6822509765625
9115, 177.69825744628906
9119, 177.71424865722656
9123, 177.73025512695312
9127, 177.7462615966797
9131, 177.7622528076172
9135, 177.77825927734375
9139, 177.79425048828125
9143, 177.8102569580078
9147, 177.8262481689453
9151, 177.84225463867188
9155, 177.85826110839844
9159, 177.87425231933594
9163, 177.8902587890625
9167, 177.90625
9171, 177.92225646972656
9175, 177.93824768066406
9179, 177.95425415039062
9183, 177.9702606201172
9187, 177.9862518310547
9191, 178.00225830078125
9195, 178.01824951171875
9199, 178.0342559814453
9203, 178.05026245117188
9207, 178.06625366210938
9211, 178.08226013183594
9215, 178.09825134277344
9219, 178.1142578125
9223, 178.1302490234375
9227, 178.14625549316406
9231, 178.16226196289062
9235, 178.17825317382812
9239, 178.1942596435547
9243, 178.2102508544922
9247, 178.22625732421875
9251, 178.24224853515625
9255, 178.2582550048828
9259, 178.27426147460938
9263, 178.29025268554688
9267, 178.30625915527344
9271, 178.32225036621094
9275, 178.3382568359375
9279, 178.354248046875
9283, 178.37025451660156
9287, 178.38626098632812
9291, 178.40225219726562
9295, 178.4182586669922
9299, 178.4342498779297
9303, 178.45025634765625
9307, 178.46624755859375
9311, 178.4822540283203
9315, 178.49826049804688
9319, 178.51425170898438
9323, 178.53025817871094
9327, 178.54624938964844
9331, 178.562255859375
9335, 178.57826232910156
9339, 178.59425354003906
9343, 178.61026000976562
9347, 178.62625122070312
9351, 178.6422576904297
9355, 178.6582489013672
9359, 178.67425537109375
9363, 178.6902618408203
9367, 178.7062530517578
9371, 178.72225952148438
9375, 178.73825073242188
9379, 178.75425720214844
9383, 178.77024841308594
9387, 178.7862548828125
9391, 178.80226135253906
9395, 178.81825256347656
9399, 178.83425903320312
9403, 178.85025024414062
9407, 178.8662567138672
9411, 178.8822479248047
9415, 178.89825439453125
9419, 178.9142608642578
9423, 178.9302520751953
9427, 178.94625854492188
9431, 178.96224975585938
9435, 178.97825622558594
9439, 178.99424743652344
9443, 179.01025390625
9447, 179.02626037597656
9451, 179.04225158691406
9455, 179.05825805664062
9459, 179.07424926757812
9463, 179.0902557373047
9467, 179.10626220703125
9471, 179.12225341796875
9475, 179.1382598876953
9479, 179.1542510986328
9483, 179.17025756835938
9487, 179.18624877929688
9491, 179.20225524902344
9495, 179.21826171875
9499, 179.2342529296875
9503, 179.25025939941406
9507, 179.26625061035156
9511, 179.28225708007812
9515, 179.29824829101562
9519, 179.3142547607422
9523, 179.33026123046875
9527, 179.34625244140625
9531, 179.3622589111328
9535, 179.3782501220703
9539, 179.39425659179688
9543, 179.41024780273438
9547, 179.42625427246094
9551, 179.4422607421875
9555, 179.458251953125
9559, 179.47425842285156
9563, 179.49024963378906
9567, 179.50625610351562
9571, 179.5222625732422
9575, 179.5382537841797
9579, 179.55426025390625
9583, 179.57025146484375
9587, 179.5862579345703
9591, 179.6022491455078
9595, 179.61825561523438
9599, 179.63426208496094
9603, 179.65025329589844
9607, 179.666259765625
9611, 179.6822509765625
9615, 179.69825744628906
9619, 179.71424865722656
9623, 179.73025512695312
9627, 179.7462615966797
9631, 179.7622528076172
9635, 179.77825927734375
9639, 179.79425048828125
9643, 179.8102569580078
9647, 179.8262481689453
9651, 179.84225463867188
9655, 179.85826110839844
9659, 179.87425231933594
9663, 179.8902587890625
9667, 179.90625
9671, 179.92225646972656
9675, 179.93824768066406
9679, 179.95425415039062
9683, 179.9702606201172
9687, 179.9862518310547
9691, 180.00225830078125
9695, 180.01824951171875
9699, 180.0342559814453
9703, 180.05026245117188
9707, 180.06625366210938
9711, 180.08226013183594
9715, 180.09825134277344
9719, 180.1142578125
9723, 180.1302490234375
9727, 180.14625549316406
9731, 180.16226196289062
9735, 180.17825317382812
9739, 180.1942596435547
9743, 180.2102508544922
9747, 180.22625732421875
9751, 180.24224853515625
9755, 180.2582550048828
9759, 180.27426147460938
9763, 180.29025268554688
9767, 180.30625915527344
9771, 180.32225036621094
9775, 180.3382568359375
9779, 180.354248046875
9783, 180.37025451660156
9787, 180.38626098632812
9791, 180.40225219726562
9795, 180.4182586669922
9799, 180.4342498779297
9803, 180.45025634765625
9807, 180.46624755859375
9811, 180.4822540283203
9815, 180.49826049804688
9819, 180.51425170898438
9823, 180.53025817871094
9827, 180.54624938964844
9831, 180.562255859375
9835, 180.57826232910156
9839, 180.59425354003906
9843, 180.61026000976562
9847, 180.62625122070312
9851, 180.6422576904297
9855, 180.6582489013672
9859, 180.67425537109375
9863, 180.6902618408203
9867, 180.7062530517578
9871, 180.72225952148438
9875, 180.73825073242188
9879, 180.75425720214844
9883, 180.77024841308594
9887, 180.7862548828125
9891, 180.80226135253906
9895, 180.81825256347656
9899, 180.83425903320312
9903, 180.85025024414062
9907, 180.8662567138672
9911, 180.8822479248047
9915, 180.89825439453125
9919, 180.9142608642578
9923, 180.9302520751953
9927, 180.94625854492188
9931, 180.96224975585938
9935, 180.97825622558594
9939, 180.99424743652344
9943, 181.01025390625
9947, 181.02626037597656
9951, 181.04225158691406
9955, 181.05825805664062
9959, 181.07424926757812
9963, 181.0902557373047
9967, 181.10626220703125
9971, 181.12225341796875
9975, 181.1382598876953
9979, 181.1542510986328
9983, 181.17025756835938
9987, 181.18624877929688
9991, 181.20225524902344
9995, 181.21826171875
9999, 181.2342529296875
10003, 181.25025939941406
10007, 181.26625061035156
10011, 181.28225708007812
10015, 181.29824829101562
10019, 181.3142547607422
10023, 181.33026123046875
10027, 181.34625244140625
10031, 181.3622589111328
10035, 181.3782501220703
10039, 181.39425659179688
10043, 181.41024780273438
10047, 181.42625427246094
10051, 181.4422607421875
10055, 181.458251953125
10059, 181.47425842285156
10063, 181.49024963378906
10067, 181.50625610351562
10071, 181.5222625732422
10075, 181.5382537841797
10079, 181.55426025390625
10083, 181.57025146484375
10087, 181.5862579345703
10091, 181.6022491455078
10095, 181.61825561523438
10099, 181.63426208496094
10103, 181.65025329589844
10107, 181.666259765625
10111, 181.6822509765625
10115, 181.69825744628906
10119, 181.71424865722656
10123, 181.73025512695312
10127, 181.7462615966797
10131, 181.7622528076172
10135, 181.77825927734375
10139, 181.79425048828125
10143, 181.8102569580078
10147, 181.8262481689453
10151, 181.84225463867188
10155, 181.85826110839844
10159, 181.87425231933594
10163, 181.8902587890625
10167, 181.90625
10171, 181.92225646972656
10175, 181.93824768066406
10179, 181.95425415039062
10183, 181.9702606201172
10187, 181.9862518310547
10191, 182.00225830078125
10195, 182.01824951171875
10199, 182.0342559814453
10203, 182.05026245117188
10207, 182.06625366210938
10211, 182.08226013183594
10215, 182.09825134277344
10219, 182.1142578125
10223, 182.1302490234375
10227, 182.14625549316406
10231, 182.16226196289062
10235, 182.17825317382812
10239, 182.1942596435547
10243, 182.2102508544922
10247, 182.22625732421875
10251, 182.24224853515625
10255, 182.2582550048828
10259, 182.27426147460938
10263, 182.29025268554688
10267, 182.30625915527344
10271, 182.32225036621094
10275, 182.3382568359375
10279, 182.354248046875
10283, 182.37025451660156
10287, 182.38626098632812
10291, 182.40225219726562
10295, 182.4182586669922
10299, 182.4342498779297
10303, 182.45025634765625
10307, 182.46624755859375
10311, 182.4822540283203
10315, 182.49826049804688
10319, 182.51425170898438
10323, 182.53025817871094
10327, 182.54624938964844
10331, 182.562255859375
10335, 182.57826232910156
10339, 182.59425354003906
10343, 182.61026000976562
10347, 182.62625122070312
10351, 182.6422576904297
10355, 182.6582489013672
10359, 182.67425537109375
10363, 182.6902618408203
10367, 182.7062530517578
10371, 182.72225952148438
10375, 182.73825073242188
10379, 182.75425720214844
10383, 182.77024841308594
10387, 182.7862548828125
10391, 182.80226135253906
10395, 182.81825256347656
10399, 182.83425903320312
10403, 182.85025024414062
10407, 182.8662567138672
10411, 182.8822479248047
10415, 182.89825439453125
10419, 182.9142608642578
10423, 182.9302520751953
10427, 182.94625854492188
10431, 182.96224975585938
10435, 182.97825622558594
10439, 182.99424743652344
10443, 183.01025390625
10447, 183.02626037597656
10451, 183.04225158691406
10455, 183.05825805664062
10459, 183.07424926757812
10463, 183.0902557373047
10467, 183.10626220703125
10471, 183.12225341796875
10475, 183.1382598876953
10479, 183.1542510986328
10483, 183.17025756835938
10487, 183.18624877929688
10491, 183.20225524902344
10495, 183.21826171875
10499, 183.2342529296875
10503, 183.25025939941406
10507, 183.26625061035156
10511, 183.28225708007812
10515, 183.29824829101562
10519, 183.3142547607422
10523, 183.33026123046875
10527, 183.34625244140625
10531, 183.3622589111328
10535, 183.3782501220703
10539, 183.39425659179688
10543, 183.41024780273438
10547, 183.42625427246094
10551, 183.4422607421875
10555, 183.458251953125
10559, 183.47425842285156
10563, 183.49024963378906
10567, 183.50625610351562
10571, 183.5222625732422
10575, 183.5382537841797
10579, 183.55426025390625
10583, 183.57025146484375
10587, 183.5862579345703
10591, 183.6022491455078
10595, 183.61825561523438
10599, 183.63426208496094
10603, 183.65025329589844
10607, 183.666259765625
10611, 183.6822509765625
10615, 183.69825744628906
10619, 183.71424865722656
10623, 183.73025512695312
10627, 183.7462615966797
10631, 183.7622528076172
10635, 183.77825927734375
10639, 183.79425048828125
10643, 183.8102569580078
10647, 183.8262481689453
10651, 183.84225463867188
10655, 183.85826110839844
10659, 183.87425231933594
10663, 183.8902587890625
10667, 183.90625
10671, 183.92225646972656
10675, 183.93824768066406
10679, 183.95425415039062
10683, 183.9702606201172
10687, 183.9862518310547
10691, 184.00225830078125
10695, 184.01824951171875
10699, 184.0342559814453
10703, 184.05026245117188
10707, 184.06625366210938
10711, 184.08226013183594
10715, 184.09825134277344
10719, 184.1142578125
10723, 184.1302490234375
10727, 184.14625549316406
10731, 184.16226196289062
10735, 184.17825317382812
10739, 184.1942596435547
10743, 184.2102508544922
10747, 184.22625732421875
10751, 184.24224853515625
10755, 184.2582550048828
10759, 184.27426147460938
10763, 184.29025268554688
10767, 184.30625915527344
10771, 184.32225036621094
10775, 184.3382568359375
10779, 184.354248046875
10783, 184.37025451660156
10787, 184.38626098632812
10791, 184.40225219726562
10795, 184.4182586669922
10799, 184.4342498779297
10803, 184.45025634765625
10807, 184.46624755859375
10811, 184.4822540283203
10815, 184.49826049804688
10819, 184.51425170898438
10823, 184.53025817871094
10827, 184.54624938964844
10831, 184.562255859375
10835, 184.57826232910156
10839, 184.59425354003906
10843, 184.61026000976562
10847, 184.62625122070312
10851, 184.6422576904297
10855, 184.6582489013672
10859, 184.67425537109375
10863, 184.6902618408203
10867, 184.7062530517578
10871, 184.72225952148438
10875, 184.73825073242188
10879, 184.75425720214844
10883, 184.77024841308594
10887, 184.7862548828125
10891, 184.80226135253906
10895, 184.81825256347656
10899, 184.83425903320312
10903, 184.85025024414062
10907, 184.8662567138672
10911, 184.8822479248047
10915, 184.89825439453125
10919, 184.9142608642578
10923, 184.9302520751953
10927, 184.94625854492188
10931, 184.96224975585938
10935, 184.97825622558594
10939, 184.99424743652344
10943, 185.01025390625
10947, 185.02626037597656
10951, 185.04225158691406
10955, 185.05825805664062
10959, 185.07424926757812
10963, 185.0902557373047
10967, 185.10626220703125
10971, 185.12225341796875
10975, 185.1382598876953
10979, 185.1542510986328
10983, 185.17025756835938
10987, 185.18624877929688
10991, 185.20225524902344
10995, 185.21826171875
10999, 185.2342529296875
11003, 185.25025939941406
11007, 185.26625061035156
11011, 185.28225708007812
11015, 185.29824829101562
11019, 185.3142547607422
11023, 185.33026123046875
11027, 185.34625244140625
11031, 185.3622589111328
11035, 185.3782501220703
11039, 185.39425659179688
11043, 185.41024780273438
11047, 185.42625427246094
11051, 185.4422607421875
11055, 185.458251953125
11059, 185.47425842285156
11063, 185.49024963378906
11067, 185.50625610351562
11071, 185.5222625732422
11075, 185.5382537841797
11079, 185.55426025390625
11083, 185.57025146484375
11087, 185.5862579345703
11091, 185.6022491455078
11095, 185.61825561523438
11099, 185.63426208496094
11103, 185.65025329589844
11107, 185.666259765625
11111, 185.6822509765625
11115, 185.69825744628906
11119, 185.71424865722656
11123, 185.73025512695312
11127, 185.7462615966797
11131, 185.7622528076172
11135, 185.77825927734375
11139, 185.79425048828125
11143, 185.8102569580078
11147, 185.8262481689453
11151, 185.84225463867188
11155, 185.85826110839844
11159, 185.87425231933594
11163, 185.8902587890625
11167, 185.90625
11171, 185.92225646972656
11175, 185.93824768066406
11179, 185.95425415039062
11183, 185.9702606201172
11187, 185.9862518310547
11191, 186.00225830078125
11195, 186.01824951171875
11199, 186.0342559814453
11203, 186.05026245117188
11207, 186.06625366210938
11211, 186.08226013183594
11215, 186.09825134277344
11219, 186.1142578125
11223, 186.1302490234375
11227, 186.14625549316406
11231, 186.16226196289062
11235, 186.17825317382812
11239, 186.1942596435547
11243, 186.2102508544922
11247, 186.22625732421875
11251, 186.24224853515625
11255, 186.2582550048828
11259, 186.27426147460938
11263, 186.29025268554688
11267, 186.30625915527344
11271, 186.32225036621094
11275, 186.3382568359375
11279, 186.354248046875
11283, 186.37025451660156
11287, 186.38626098632812
11291, 186.40225219726562
11295, 186.4182586669922
11299, 186.4342498779297
11303, 186.45025634765625
11307, 186.46624755859375
11311, 186.4822540283203
11315, 186.49826049804688
11319, 186.51425170898438
11323, 186.53025817871094
11327, 186.54624938964844
11331, 186.562255859375
11335, 186.57826232910156
11339, 186.59425354003906
11343, 186.61026000976562
11347, 186.62625122070312
11351, 186.6422576904297
11355, 186.6582489013672
11359, 186.67425537109375
11363, 186.6902618408203
11367, 186.7062530517578
11371, 186.72225952148438
11375, 186.73825073242188
11379, 186.75425720214844
11383, 186.77024841308594
11387, 186.7862548828125
11391, 186.80226135253906
11395, 186.81825256347656
11399, 186.83425903320312
11403, 186.85025024414062
11407, 186.8662567138672
11411, 186.8822479248047
11415, 186.89825439453125
11419, 186.9142608642578
11423, 186.9302520751953
11427, 186.94625854492188
11431, 186.96224975585938
11435, 186.97825622558594
11439, 186.99424743652344
11443, 187.01025390625
11447, 187.02626037597656
11451, 187.04225158691406
11455, 187.05825805664062
11459, 187.07424926757812
11463, 187.0902557373047
11467, 187.10626220703125
11471, 187.12225341796875
11475, 187.1382598876953
11479, 187.1542510986328
11483, 187.17025756835938
11487, 187.18624877929688
11491, 187.20225524902344
11495, 187.21826171875
11499, 187.2342529296875
11503, 187.25025939941406
11507, 187.26625061035156
11511, 187.28225708007812
11515, 187.29824829101562
11519, 187.3142547607422
11523, 187.33026123046875
11527, 187.34625244140625
11531, 187.3622589111328
11535, 187.3782501220703
11539, 187.39425659179688
11543, 187.41024780273438
11547, 187.42625427246094
11551, 187.4422607421875
11555, 187.458251953125
11559, 187.47425842285156
11563, 187.49024963378906
11567, 187.50625610351562
11571, 187.5222625732422
11575, 187.5382537841797
11579, 187.55426025390625
11583, 187.57025146484375
11587, 187.5862579345703
11591, 187.6022491455078
11595, 187.61825561523438
11599, 187.63426208496094
11603, 187.65025329589844
11607, 187.666259765625
11611, 187.6822509765625
11615, 187.69825744628906
11619, 187.71424865722656
11623, 187.73025512695312
11627, 187.7462615966797
11631, 187.7622528076172
11635, 187.77825927734375
11639, 187.79425048828125
11643, 187.8102569580078
11647, 187.8262481689453
11651, 187.84225463867188
11655, 187.85826110839844
11659, 187.87425231933594
11663, 187.8902587890625
11667, 187.90625
11671, 187.92225646972656
11675, 187.93824768066406
11679, 187.95425415039062
11683, 187.9702606201172
11687, 187.9862518310547
11691, 188.00225830078125
11695, 188.01824951171875
11699, 188.0342559814453
11703, 188.05026245117188
11707, 188.06625366210938
11711, 188.08226013183594
11715, 188.09825134277344
11719, 188.1142578125
11723, 188.1302490234375
11727, 188.14625549316406
11731, 188.16226196289062
11735, 188.17825317382812
11739, 188.1942596435547
11743, 188.2102508544922
11747, 188.22625732421875
11751, 188.24224853515625
11755, 188.2582550048828
11759, 188.27426147460938
11763, 188.29025268554688
11767, 188.30625915527344
11771, 188.32225036621094
11775, 188.3382568359375
11779, 188.354248046875
11783, 188.37025451660156
11787, 188.38626098632812
11791, 188.40225219726562
11795, 188.4182586669922
11799, 188.4342498779297
11803, 188.45025634765625
11807, 188.46624755859375
11811, 188.4822540283203
11815, 188.49826049804688
11819, 188.51425170898438
11823, 188.53025817871094
11827, 188.54624938964844
11831, 188.562255859375
11835, 188.57826232910156
11839, 188.59425354003906
11843, 188.61026000976562
11847, 188.62625122070312
11851, 188.6422576904297
11855, 188.6582489013672
11859, 188.67425537109375
11863, 188.6902618408203
11867, 188.7062530517578
11871, 188.72225952148438
11875, 188.73825073242188
11879, 188.75425720214844
11883, 188.77024841308594
11887, 188.7862548828125
11891, 188.80226135253906
11895, 188.81825256347656
11899, 188.83425903320312
11903, 188.85025024414062
11907, 188.8662567138672
11911, 188.8822479248047
11915, 188.89825439453125
11919, 188.9142608642578
11923, 188.9302520751953
11927, 188.94625854492188
11931, 188.96224975585938
11935, 188.97825622558594
11939, 188.99424743652344
11943, 189.01025390625
11947, 189.02626037597656
11951, 189.04225158691406
11955, 189.05825805664062
11959, 189.07424926757812
11963, 189.0902557373047
11967, 189.10626220703125
11971, 189.12225341796875
11975, 189.1382598876953
11979, 189.1542510986328
11983, 189.17025756835938
11987, 189.18624877929688
11991, 189.20225524902344
11995, 189.21826171875
11999, 189.2342529296875
12003, 189.25025939941406
12007, 189.26625061035156
12011, 189.28225708007812
12015, 189.29824829101562
12019, 189.3142547607422
12023, 189.33026123046875
12027, 189.34625244140625
12031, 189.3622589111328
12035, 189.3782501220703
12039, 189.39425659179688
12043, 189.41024780273438
12047, 189.42625427246094
12051, 189.4422607421875
12055, 189.458251953125
12059, 189.47425842285156
12063, 189.49024963378906
12067, 189.50625610351562
12071, 189.5222625732422
12075, 189.5382537841797
12079, 189.55426025390625
12083, 189.57025146484375
12087, 189.5862579345703
12091, 189.6022491455078
12095, 189.61825561523438
12099, 189.63426208496094
12103, 189.65025329589844
12107, 189.666259765625
12111, 189.6822509765625
12115, 189.69825744628906
12119, 189.71424865722656
12123, 189.73025512695312
12127, 189.7462615966797
12131, 189.7622528076172
12135, 189.77825927734375
12139, 189.79425048828125
12143, 189.8102569580078
12147, 189.8262481689453
12151, 189.84225463867188
12155, 189.85826110839844
12159, 189.87425231933594
12163, 189.8902587890625
12167, 189.90625
12171, 189.92225646972656
12175, 189.93824768066406
12179, 189.95425415039062
12183, 189.9702606201172
12187, 189.9862518310547
12191, 190.00225830078125
12195, 190.01824951171875
12199, 190.0342559814453
12203, 190.05026245117188
12207, 190.06625366210938
12211, 190.08226013183594
12215, 190.09825134277344
12219, 190.1142578125
12223, 190.1302490234375
12227, 190.14625549316406
12231, 190.16226196289062
12235, 190.17825317382812
12239, 190.1942596435547
12243, 190.2102508544922
12247, 190.22625732421875
12251, 190.24224853515625
12255, 190.2582550048828
12259, 190.27426147460938
12263, 190.29025268554688
12267, 190.30625915527344
12271, 190.32225036621094
12275, 190.3382568359375
12279, 190.354248046875
12283, 190.37025451660156
12287, 190.38626098632812
12291, 190.40225219726562
12295, 190.4182586669922
12299, 190.4342498779297
12303, 190.45025634765625
12307, 190.46624755859375
12311, 190.4822540283203
12315, 190.49826049804688
12319, 190.51425170898438
12323, 190.53025817871094
12327, 190.54624938964844
12331, 190.562255859375
12335, 190.57826232910156
12339, 190.59425354003906
12343, 190.61026000976562
12347, 190.62625122070312
12351, 190.6422576904297
12355, 190.6582489013672
12359, 190.67425537109375
12363, 190.6902618408203
12367, 190.7062530517578
12371, 190.72225952148438
12375, 190.73825073242188
12379, 190.75425720214844
12383, 190.77024841308594
12387, 190.7862548828125
12391, 190.80226135253906
12395, 190.81825256347656
12399, 190.83425903320312
12403, 190.85025024414062
12407, 190.8662567138672
12411, 190.8822479248047
12415, 190.89825439453125
12419, 190.9142608642578
12423, 190.9302520751953
12427, 190.94625854492188
12431, 190.96224975585938
12435, 190.97825622558594
12439, 190.99424743652344
12443, 191.01025390625
12447, 191.02626037597656
12451, 191.04225158691406
12455, 191.05825805664062
12459, 191.07424926757812
12463, 191.0902557373047
12467, 191.10626220703125
12471, 191.12225341796875
12475, 191.1382598876953
12479, 191.1542510986328
12483, 191.17025756835938
12487, 191.18624877929688
12491, 191.20225524902344
12495, 191.21826171875
12499, 191.2342529296875
12503, 191.25025939941406
12507, 191.26625061035156
12511, 191.28225708007812
12515, 191.29824829101562
12519, 191.3142547607422
12523, 191.33026123046875
12527, 191.34625244140625
12531, 191.3622589111328
12535, 191.3782501220703
12539, 191.39425659179688
12543, 191.41024780273438
12547, 191.42625427246094
12551, 191.4422607421875
12555, 191.458251953125
12559, 191.47425842285156
12563, 191.49024963378906
12567, 191.50625610351562
12571, 191.5222625732422
12575, 191.5382537841797
12579, 191.55426025390625
12583, 191.57025146484375
12587, 191.5862579345703
12591, 191.6022491455078
12595, 191.61825561523438
12599, 191.63426208496094
12603, 191.65025329589844
12607, 191.666259765625
12611, 191.6822509765625
12615, 191.69825744628906
12619, 191.71424865722656
12623, 191.73025512695312
12627, 191.7462615966797
12631, 191.7622528076172
12635, 191.77825927734375
12639, 191.79425048828125
12643, 191.8102569580078
12647, 191.8262481689453
12651, 191.84225463867188
12655, 191.85826110839844
12659, 191.87425231933594
12663, 191.8902587890625
12667, 191.90625
12671, 191.92225646972656
12675, 191.93824768066406
12679, 191.95425415039062
12683, 191.9702606201172
12687, 191.9862518310547
12691, 192.00225830078125
12695, 192.01824951171875
12699, 192.0342559814453
12703, 192.05026245117188
12707, 192.06625366210938
12711, 192.08226013183594
12715, 192.09825134277344
12719, 192.1142578125
12723, 192.1302490234375
12727, 192.14625549316406
12731, 192.16226196289062
12735, 192.17825317382812
12739, 192.1942596435547
12743, 192.2102508544922
12747, 192.22625732421875
12751, 192.24224853515625
12755, 192.2582550048828
12759, 192.27426147460938
12763, 192.29025268554688
12767, 192.30625915527344
12771, 192.32225036621094
12775, 192.3382568359375
12779, 192.354248046875
12783, 192.37025451660156
12787, 192.38626098632812
12791, 192.40225219726562
12795, 192.4182586669922
12799, 192.4342498779297
12803, 192.45025634765625
12807, 192.46624755859375
12811, 192.4822540283203
12815, 192.49826049804688
12819, 192.51425170898438
12823, 192.53025817871094
12827, 192.54624938964844
12831, 192.562255859375
12835, 192.57826232910156
12839, 192.59425354003906
12843, 192.61026000976562
12847, 192.62625122070312
12851, 192.6422576904297
12855, 192.6582489013672
12859, 192.67425537109375
12863, 192.6902618408203
12867, 192.7062530517578
12871, 192.72225952148438
12875, 192.73825073242188
12879, 192.75425720214844
12883, 192.77024841308594
12887, 192.7862548828125
12891, 192.80226135253906
12895, 192.81825256347656
12899, 192.83425903320312
12903, 192.85025024414062
12907, 192.8662567138672
12911, 192.8822479248047
12915, 192.89825439453125
12919, 192.9142608642578
12923, 192.9302520751953
12927, 192.94625854492188
12931, 192.96224975585938
12935, 192.97825622558594
12939, 192.99424743652344
12943, 193.01025390625
12947, 193.02626037597656
12951, 193.04225158691406
12955, 193.05825805664062
12959, 193.07424926757812
12963, 193.0902557373047
12967, 193.10626220703125
12971, 193.12225341796875
12975, 193.1382598876953
12979, 193.1542510986328
12983, 193.17025756835938
12987, 193.18624877929688
12991, 193.20225524902344
12995, 193.21826171875
12999, 193.2342529296875
13003, 193.25025939941406
13007, 193.26625061035156
13011, 193.28225708007812
13015, 193.29824829101562
13019, 193.3142547607422
13023, 193.33026123046875
13027, 193.34625244140625
13031, 193.3622589111328
13035, 193.3782501220703
13039, 193.39425659179688
13043, 193.41024780273438
13047, 193.42625427246094
13051, 193.4422607421875
13055, 193.458251953125
13059, 193.47425842285156
13063, 193.49024963378906
13067, 193.50625610351562
13071, 193.5222625732422
13075, 193.5382537841797
13079, 193.55426025390625
13083, 193.57025146484375
13087, 193.5862579345703
13091, 193.6022491455078
13095, 193.61825561523438
13099, 193.63426208496094
13103, 193.65025329589844
13107, 193.666259765625
13111, 193.6822509765625
13115, 193.69825744628906
13119, 193.71424865722656
13123, 193.73025512695312
13127, 193.7462615966797
13131, 193.7622528076172
13135, 193.77825927734375
13139, 193.79425048828125
13143, 193.8102569580078
13147, 193.8262481689453
13151, 193.84225463867188
13155, 193.85826110839844
13159, 193.87425231933594
13163, 193.8902587890625
13167, 193.90625
13171, 193.92225646972656
13175, 193.93824768066406
13179, 193.95425415039062
13183, 193.9702606201172
13187, 193.9862518310547
13191, 194.00225830078125
13195, 194.01824951171875
13199, 194.0342559814453
13203, 194.05026245117188
13207, 194.06625366210938
13211, 194.08226013183594
13215, 194.09825134277344
13219, 194.1142578125
13223, 194.1302490234375
13227, 194.14625549316406
13231, 194.16226196289062
13235, 194.17825317382812
13239, 194.1942596435547
13243, 194.2102508544922
13247, 194.22625732421875
13251, 194.24224853515625
13255, 194.2582550048828
13259, 194.27426147460938
13263, 194.29025268554688
13267, 194.30625915527344
13271, 194.32225036621094
13275, 194.3382568359375
13279, 194.354248046875
13283, 194.37025451660156
13287, 194.38626098632812
13291, 194.40225219726562
13295, 194.4182586669922
13299, 194.4342498779297
13303, 194.45025634765625
13307, 194.46624755859375
13311, 194.4822540283203
13315, 194.49826049804688
13319, 194.51425170898438
13323, 194.53025817871094
13327, 194.54624938964844
13331, 194.562255859375
13335, 194.57826232910156
13339, 194.59425354003906
13343, 194.61026000976562
13347, 194.62625122070312
13351, 194.6422576904297
13355, 194.6582489013672
13359, 194.67425537109375
13363, 194.6902618408203
13367, 194.7062530517578
13371, 194.72225952148438
13375, 194.73825073242188
13379, 194.75425720214844
13383, 194.77024841308594
13387, 194.7862548828125
13391, 194.80226135253906
13395, 194.81825256347656
13399, 194.83425903320312
13403, 194.85025024414062
13407, 194.8662567138672
13411, 194.8822479248047
13415, 194.89825439453125
13419, 194.9142608642578
13423, 194.9302520751953
13427, 194.94625854492188
13431, 194.96224975585938
13435, 194.97825622558594
13439, 194.99424743652344
13443, 195.01025390625
13447, 195.02626037597656
13451, 195.04225158691406
13455, 195.05825805664062
13459, 195.07424926757812
13463, 195.0902557373047
13467, 195.10626220703125
13471, 195.12225341796875
13475, 195.1382598876953
13479, 195.1542510986328
13483, 195.17025756835938
13487, 195.18624877929688
13491, 195.20225524902344
13495, 195.21826171875
13499, 195.2342529296875
13503, 195.25025939941406
13507, 195.26625061035156
13511, 195.28225708007812
13515, 195.29824829101562
13519, 195.3142547607422
13523, 195.33026123046875
13527, 195.34625244140625
13531, 195.3622589111328
13535, 195.3782501220703
13539, 195.39425659179688
13543, 195.41024780273438
13547, 195.42625427246094
13551, 195.4422607421875
13555, 195.458251953125
13559, 195.47425842285156
13563, 195.49024963378906
13567, 195.50625610351562
13571, 195.5222625732422
13575, 195.5382537841797
13579, 195.55426025390625
13583, 195.57025146484375
13587, 195.5862579345703
13591, 195.6022491455078
13595, 195.61825561523438
13599, 195.63426208496094
13603, 195.65025329589844
13607, 195.666259765625
13611, 195.6822509765625
13615, 195.69825744628906
13619, 195.71424865722656
13623, 195.73025512695312
13627, 195.7462615966797
13631, 195.7622528076172
13635, 195.77825927734375
13639, 195.79425048828125
13643, 195.8102569580078
13647, 195.8262481689453
13651, 195.84225463867188
13655, 195.85826110839844
13659, 195.87425231933594
13663, 195.8902587890625
13667, 195.90625
13671, 195.92225646972656
13675, 195.93824768066406
13679, 195.95425415039062
13683, 195.9702606201172
13687, 195.9862518310547
13691, 196.00225830078125
13695, 196.01824951171875
13699, 196.0342559814453
13703, 196.05026245117188
13707, 196.06625366210938
13711, 196.08226013183594
13715, 196.09825134277344
13719, 196.1142578125
13723, 196.1302490234375
13727, 196.14625549316406
13731, 196.16226196289062
13735, 196.17825317382812
13739, 196.1942596435547
13743, 196.2102508544922
13747, 196.22625732421875
13751, 196.24224853515625
13755, 196.2582550048828
13759, 196.27426147460938
13763, 196.29025268554688
13767, 196.30625915527344
13771, 196.32225036621094
13775, 196.3382568359375
13779, 196.354248046875
13783, 196.37025451660156
13787, 196.38626098632812
13791, 196.40225219726562
13795, 196.4182586669922
13799, 196.4342498779297
13803, 196.45025634765625
13807, 196.46624755859375
13811, 196.4822540283203
13815, 196.49826049804688
13819, 196.51425170898438
13823, 196.53025817871094
13827, 196.54624938964844
13831, 196.562255859375
13835, 196.57826232910156
13839, 196.59425354003906
13843, 196.61026000976562
13847, 196.62625122070312
13851, 196.6422576904297
13855, 196.6582489013672
13859, 196.67425537109375
13863, 196.6902618408203
13867, 196.7062530517578
13871, 196.72225952148438
13875, 196.73825073242188
13879, 196.75425720214844
13883, 196.77024841308594
13887, 196.7862548828125
13891, 196.80226135253906
13895, 196.81825256347656
13899, 196.83425903320312
13903, 196.85025024414062
13907, 196.8662567138672
13911, 196.8822479248047
13915, 196.89825439453125
13919, 196.9142608642578
13923, 196.9302520751953
13927, 196.94625854492188
13931, 196.96224975585938
13935, 196.97825622558594
13939, 196.99424743652344
13943, 197.01025390625
13947, 197.02626037597656
13951, 197.04225158691406
13955, 197.05825805664062
13959, 197.07424926757812
13963, 197.0902557373047
13967, 197.10626220703125
13971, 197.12225341796875
13975, 197.1382598876953
13979, 197.1542510986328
13983, 197.17025756835938
13987, 197.18624877929688
13991, 197.20225524902344
13995, 197.21826171875
13999, 197.2342529296875
14003, 197.25025939941406
14007, 197.26625061035156
14011, 197.28225708007812
14015, 197.29824829101562
14019, 197.3142547607422
14023, 197.33026123046875
14027, 197.34625244140625
14031, 197.3622589111328
14035, 197.3782501220703
14039, 197.39425659179688
14043, 197.41024780273438
14047, 197.42625427246094
14051, 197.4422607421875
14055, 197.458251953125
14059, 197.47425842285156
14063, 197.49024963378906
14067, 197.50625610351562
14071, 197.5222625732422
14075, 197.5382537841797
14079, 197.55426025390625
14083, 197.57025146484375
14087, 197.5862579345703
14091, 197.6022491455078
14095, 197.61825561523438
14099, 197.63426208496094
14103, 197.65025329589844
14107, 197.666259765625
14111, 197.6822509765625
14115, 197.69825744628906
14119, 197.71424865722656
14123, 197.73025512695312
14127, 197.7462615966797
14131, 197.7622528076172
14135, 197.77825927734375
14139, 197.79425048828125
14143, 197.8102569580078
14147, 197.8262481689453
14151, 197.84225463867188
14155, 197.85826110839844
14159, 197.87425231933594
14163, 197.8902587890625
14167, 197.90625
14171, 197.92225646972656
14175, 197.93824768066406
14179, 197.95425415039062
14183, 197.9702606201172
14187, 197.9862518310547
14191, 198.00225830078125
14195, 198.01824951171875
14199, 198.0342559814453
14203, 198.05026245117188
14207, 198.06625366210938
14211, 198.08226013183594
14215, 198.09825134277344
14219, 198.1142578125
14223, 198.1302490234375
14227, 198.14625549316406
14231, 198.16226196289062
14235, 198.17825317382812
14239, 198.1942596435547
14243, 198.2102508544922
14247, 198.22625732421875
14251, 198.24224853515625
14255, 198.2582550048828
14259, 198.27426147460938
14263, 198.29025268554688
14267, 198.30625915527344
14271, 198.32225036621094
14275, 198.3382568359375
14279, 198.354248046875
14283, 198.37025451660156
14287, 198.38626098632812
14291, 198.40225219726562
14295, 198.4182586669922
14299, 198.4342498779297
14303, 198.45025634765625
14307, 198.46624755859375
14311, 198.4822540283203
14315, 198.49826049804688
14319, 198.51425170898438
14323, 198.53025817871094
14327, 198.54624938964844
14331, 198.562255859375
14335, 198.57826232910156
14339, 198.59425354003906
14343, 198.61026000976562
14347, 198.62625122070312
14351, 198.6422576904297
14355, 198.6582489013672
14359, 198.67425537109375
14363, 198.6902618408203
14367, 198.7062530517578
14371, 198.72225952148438
14375, 198.73825073242188
14379, 198.75425720214844
14383, 198.77024841308594
14387, 198.7862548828125
14391, 198.80226135253906
14395, 198.81825256347656
14399, 198.83425903320312
14403, 198.85025024414062
14407, 198.8662567138672
14411, 198.8822479248047
14415, 198.89825439453125
14419, 198.9142608642578
14423, 198.9302520751953
14427, 198.94625854492188
14431, 198.96224975585938
14435, 198.97825622558594
14439, 198.99424743652344
14443, 199.01025390625
14447, 199.02626037597656
14451, 199.04225158691406
14455, 199.05825805664062
14459, 199.07424926757812
14463, 199.0902557373047
14467, 199.10626220703125
14471, 199.12225341796875
14475, 199.1382598876953
14479, 199.1542510986328
14483, 199.17025756835938
14487, 199.18624877929688
14491, 199.20225524902344
14495, 199.21826171875
14499, 199.2342529296875
14503, 199.25025939941406
14507, 199.26625061035156
14511, 199.28225708007812
14515, 199.29824829101562
14519, 199.3142547607422
14523, 199.33026123046875
14527, 199.34625244140625
14531, 199.3622589111328
14535, 199.3782501220703
14539, 199.39425659179688
14543, 199.41024780273438
14547, 199.42625427246094
14551, 199.4422607421875
14555, 199.458251953125
14559, 199.47425842285156
14563, 199.49024963378906
14567, 199.50625610351562
14571, 199.5222625732422
14575, 199.5382537841797
14579, 199.55426025390625
14583, 199.57025146484375
14587, 199.5862579345703
14591, 199.6022491455078
14595, 199.61825561523438
14599, 199.63426208496094
14603, 199.65025329589844
14607, 199.666259765625
14611, 199.6822509765625
14615, 199.69825744628906
14619, 199.71424865722656
14623, 199.73025512695312
14627, 199.7462615966797
14631, 199.7622528076172
14635, 199.77825927734375
14639, 199.79425048828125
14643, 199.8102569580078
14647, 199.8262481689453
14651, 199.84225463867188
14655, 199.85826110839844
14659, 199.87425231933594
14663, 199.8902587890625
14667, 199.90625
14671, 199.92225646972656
14675, 199.93824768066406
14679, 199.95425415039062
14683, 199.9702606201172
14687, 199.9862518310547
14691, 200.00225830078125
14695, 200.01824951171875
14699, 200.0342559814453
14703, 200.05026245117188
14707, 200.06625366210938
14711, 200.08226013183594
14715, 200.09825134277344
14719, 200.1142578125
14723, 200.1302490234375
14727, 200.14625549316406
14731, 200.16226196289062
14735, 200.17825317382812
14739, 200.1942596435547
14743, 200.2102508544922
14747, 200.22625732421875
14751, 200.24224853515625
14755, 200.2582550048828
14759, 200.27426147460938
14763, 200.29025268554688
14767, 200.30625915527344
14771, 200.32225036621094
14775, 200.3382568359375
14779, 200.354248046875
14783, 200.37025451660156
14787, 200.38626098632812
14791, 200.40225219726562
14795, 200.4182586669922
14799, 200.4342498779297
14803, 200.45025634765625
14807, 200.46624755859375
14811, 200.4822540283203
14815, 200.49826049804688
14819, 200.51425170898438
14823, 200.53025817871094
14827, 200.54624938964844
14831, 200.562255859375
14835, 200.57826232910156
14839, 200.59425354003906
14843, 200.61026000976562
14847, 200.62625122070312
14851, 200.6422576904297
14855, 200.6582489013672
14859, 200.67425537109375
14863, 200.6902618408203
14867, 200.7062530517578
14871, 200.72225952148438
14875, 200.73825073242188
14879, 200.75425720214844
14883, 200.77024841308594
14887, 200.7862548828125
14891, 200.80226135253906
14895, 200.81825256347656
14899, 200.83425903320312
14903, 200.85025024414062
14907, 200.8662567138672
14911, 200.8822479248047
14915, 200.89825439453125
14919, 200.9142608642578
14923, 200.9302520751953
14927, 200.94625854492188
14931, 200.96224975585938
14935, 200.97825622558594
14939, 200.99424743652344
14943, 201.01025390625
14947, 201.02626037597656
14951, 201.04225158691406
14955, 201.05825805664062
14959, 201.07424926757812
14963, 201.0902557373047
14967, 201.10626220703125
14971, 201.12225341796875
14975, 201.1382598876953
14979, 201.1542510986328
14983, 201.17025756835938
14987, 201.18624877929688
14991, 201.20225524902344
14995, 201.21826171875
14999, 201.2342529296875
15003, 201.25025939941406
15007, 201.26625061035156
15011, 201.28225708007812
15015, 201.29824829101562
15019, 201.3142547607422
15023, 201.33026123046875
15027, 201.34625244140625
15031, 201.3622589111328
15035, 201.3782501220703
15039, 201.39425659179688
15043, 201.41024780273438
15047, 201.42625427246094
15051, 201.4422607421875
15055, 201.458251953125
15059, 201.47425842285156
15063, 201.49024963378906
15067, 201.50625610351562
15071, 201.5222625732422
15075, 201.5382537841797
15079, 201.55426025390625
15083, 201.57025146484375
15087, 201.5862579345703
15091, 201.6022491455078
15095, 201.61825561523438
15099, 201.63426208496094
15103, 201.65025329589844
15107, 201.666259765625
15111, 201.6822509765625
15115, 201.69825744628906
15119, 201.71424865722656
15123, 201.73025512695312
15127, 201.7462615966797
15131, 201.7622528076172
15135, 201.77825927734375
15139, 201.79425048828125
15143, 201.8102569580078
15147, 201.8262481689453
15151, 201.84225463867188
15155, 201.85826110839844
15159, 201.87425231933594
15163, 201.8902587890625
15167, 201.90625
15171, 201.92225646972656
15175, 201.93824768066406
15179, 201.95425415039062
15183, 201.9702606201172
15187, 201.9862518310547
15191, 202.00225830078125
15195, 202.01824951171875
15199, 202.0342559814453
15203, 202.05026245117188
15207, 202.06625366210938
15211, 202.08226013183594
15215, 202.09825134277344
15219, 202.1142578125
15223, 202.1302490234375
15227, 202.14625549316406
15231, 202.16226196289062
15235, 202.17825317382812
15239, 202.1942596435547
15243, 202.2102508544922
15247, 202.22625732421875
15251, 202.24224853515625
15255, 202.2582550048828
15259, 202.27426147460938
15263, 202.29025268554688
15267, 202.30625915527344
15271, 202.32225036621094
15275, 202.3382568359375
15279, 202.354248046875
15283, 202.37025451660156
15287, 202.38626098632812
15291, 202.40225219726562
15295, 202.4182586669922
15299, 202.4342498779297
15303, 202.45025634765625
15307, 202.46624755859375
15311, 202.4822540283203
15315, 202.49826049804688
15319, 202.51425170898438
15323, 202.53025817871094
15327, 202.54624938964844
15331, 202.562255859375
15335, 202.57826232910156
15339, 202.59425354003906
15343, 202.61026000976562
15347, 202.62625122070312
15351, 202.6422576904297
15355, 202.6582489013672
15359, 202.67425537109375
15363, 202.6902618408203
15367, 202.7062530517578
15371, 202.72225952148438
15375, 202.73825073242188
15379, 202.75425720214844
15383, 202.77024841308594
15387, 202.7862548828125
15391, 202.80226135253906
15395, 202.81825256347656
15399, 202.83425903320312
15403, 202.85025024414062
15407, 202.8662567138672
15411, 202.8822479248047
15415, 202.89825439453125
15419, 202.9142608642578
15423, 202.9302520751953
15427, 202.94625854492188
15431, 202.96224975585938
15435, 202.97825622558594
15439, 202.99424743652344
15443, 203.01025390625
15447, 203.02626037597656
15451, 203.04225158691406
15455, 203.05825805664062
15459, 203.07424926757812
15463, 203.0902557373047
15467, 203.10626220703125
15471, 203.12225341796875
15475, 203.1382598876953
15479, 203.1542510986328
15483, 203.17025756835938
15487, 203.18624877929688
15491, 203.20225524902344
15495, 203.21826171875
15499, 203.2342529296875
15503, 203.25025939941406
15507, 203.26625061035156
15511, 203.28225708007812
15515, 203.29824829101562
15519, 203.3142547607422
15523, 203.33026123046875
15527, 203.34625244140625
15531, 203.3622589111328
15535, 203.3782501220703
15539, 203.39425659179688
15543, 203.41024780273438
15547, 203.42625427246094
15551, 203.4422607421875
15555, 203.458251953125
15559, 203.47425842285156
15563, 203.49024963378906
15567, 203.50625610351562
15571, 203.5222625732422
15575, 203.5382537841797
15579, 203.55426025390625
15583, 203.57025146484375
15587, 203.5862579345703
15591, 203.6022491455078
15595, 203.61825561523438
15599, 203.63426208496094
15603, 203.65025329589844
15607, 203.666259765625
15611, 203.6822509765625
15615, 203.69825744628906
15619, 203.71424865722656
15623, 203.73025512695312
15627, 203.7462615966797
15631, 203.7622528076172
15635, 203.77825927734375
15639, 203.79425048828125
15643, 203.8102569580078
15647, 203.8262481689453
15651, 203.84225463867188
15655, 203.85826110839844
15659, 203.87425231933594
15663, 203.8902587890625
15667, 203.90625
15671, 203.92225646972656
15675, 203.93824768066406
15679, 203.95425415039062
15683, 203.9702606201172
15687, 203.9862518310547
15691, 204.00225830078125
15695, 204.01824951171875
15699, 204.0342559814453
15703, 204.05026245117188
15707, 204.06625366210938
15711, 204.08226013183594
15715, 204.09825134277344
15719, 204.1142578125
15723, 204.1302490234375
15727, 204.14625549316406
15731, 204.16226196289062
15735, 204.17825317382812
15739, 204.1942596435547
15743, 204.2102508544922
15747, 204.22625732421875
15751, 204.24224853515625
15755, 204.2582550048828
15759, 204.27426147460938
15763, 204.29025268554688
15767, 204.30625915527344
15771, 204.32225036621094
15775, 204.3382568359375
15779, 204.354248046875
15783, 204.37025451660156
15787, 204.38626098632812
15791, 204.40225219726562
15795, 204.4182586669922
15799, 204.4342498779297
15803, 204.45025634765625
15807, 204.46624755859375
15811, 204.4822540283203
15815, 204.49826049804688
15819, 204.51425170898438
15823, 204.53025817871094
15827, 204.54624938964844
15831, 204.562255859375
15835, 204.57826232910156
15839, 204.59425354003906
15843, 204.61026000976562
15847, 204.62625122070312
15851, 204.6422576904297
15855, 204.6582489013672
15859, 204.67425537109375
15863, 204.6902618408203
15867, 204.7062530517578
15871, 204.72225952148438
15875, 204.73825073242188
15879, 204.75425720214844
15883, 204.77024841308594
15887, 204.7862548828125
15891, 204.80226135253906
15895, 204.81825256347656
15899, 204.83425903320312
15903, 204.85025024414062
15907, 204.8662567138672
15911, 204.8822479248047
15915, 204.89825439453125
15919, 204.9142608642578
15923, 204.9302520751953
15927, 204.94625854492188
15931, 204.96224975585938
15935, 204.97825622558594
15939, 204.99424743652344
15943, 205.01025390625
15947, 205.02626037597656
15951, 205.04225158691406
15955, 205.05825805664062
15959, 205.07424926757812
15963, 205.0902557373047
15967, 205.10626220703125
15971, 205.12225341796875
15975, 205.1382598876953
15979, 205.1542510986328
15983, 205.17025756835938
15987, 205.18624877929688
15991, 205.20225524902344
15995, 205.21826171875
15999, 205.2342529296875
16003, 205.25025939941406
16007, 205.26625061035156
16011, 205.28225708007812
16015, 205.29824829101562
16019, 205.3142547607422
16023, 205.33026123046875
16027, 205.34625244140625
16031, 205.3622589111328
16035, 205.3782501220703
16039, 205.39425659179688
16043, 205.41024780273438
16047, 205.42625427246094
16051, 205.4422607421875
16055, 205.458251953125
16059, 205.47425842285156
16063, 205.49024963378906
16067, 205.50625610351562
16071, 205.5222625732422
16075, 205.5382537841797
16079, 205.55426025390625
16083, 205.57025146484375
16087, 205.5862579345703
16091, 205.6022491455078
16095, 205.61825561523438
16099, 205.63426208496094
16103, 205.65025329589844
16107, 205.666259765625
16111, 205.6822509765625
16115, 205.69825744628906
16119, 205.71424865722656
16123, 205.73025512695312
16127, 205.7462615966797
16131, 205.7622528076172
16135, 205.77825927734375
16139, 205.79425048828125
16143, 205.8102569580078
16147, 205.8262481689453
16151, 205.84225463867188
16155, 205.85826110839844
16159, 205.87425231933594
16163, 205.8902587890625
16167, 205.90625
16171, 205.92225646972656
16175, 205.93824768066406
16179, 205.95425415039062
16183, 205.9702606201172
16187, 205.9862518310547
16191, 206.00225830078125
16195, 206.01824951171875
16199, 206.0342559814453
16203, 206.05026245117188
16207, 206.06625366210938
16211, 206.08226013183594
16215, 206.09825134277344
16219, 206.1142578125
16223, 206.1302490234375
16227, 206.14625549316406
16231, 206.16226196289062
16235, 206.17825317382812
16239, 206.1942596435547
16243, 206.2102508544922
16247, 206.22625732421875
16251, 206.24224853515625
16255, 206.2582550048828
16259, 206.27426147460938
16263, 206.29025268554688
16267, 206.30625915527344
16271, 206.32225036621094
16275, 206.3382568359375
16279, 206.354248046875
16283, 206.37025451660156
16287, 206.38626098632812
16291, 206.40225219726562
16295, 206.4182586669922
16299, 206.4342498779297
16303, 206.45025634765625
16307, 206.46624755859375
16311, 206.4822540283203
16315, 206.49826049804688
16319, 206.51425170898438
16323, 206.53025817871094
16327, 206.54624938964844
16331, 206.562255859375
16335, 206.57826232910156
16339, 206.59425354003906
16343, 206.61026000976562
16347, 206.62625122070312
16351, 206.6422576904297
16355, 206.6582489013672
16359, 206.67425537109375
16363, 206.6902618408203
16367, 206.7062530517578
16371, 206.72225952148438
16375, 206.73825073242188
16379, 206.75425720214844
16383, 206.77024841308594
16387, 206.7862548828125
16391, 206.80226135253906
16395, 206.81825256347656
16399, 206.83425903320312
16403, 206.85025024414062
16407, 206.8662567138672
16411, 206.8822479248047
16415, 206.89825439453125
16419, 206.9142608642578
16423, 206.9302520751953
16427, 206.94625854492188
16431, 206.96224975585938
16435, 206.97825622558594
16439, 206.99424743652344
16443, 207.01025390625
16447, 207.02626037597656
16451, 207.04225158691406
16455, 207.05825805664062
16459, 207.07424926757812
16463, 207.0902557373047
16467, 207.10626220703125
16471, 207.12225341796875
16475, 207.1382598876953
16479, 207.1542510986328
16483, 207.17025756835938
16487, 207.18624877929688
16491, 207.20225524902344
16495, 207.21826171875
16499, 207.2342529296875
16503, 207.25025939941406
16507, 207.26625061035156
16511, 207.28225708007812
16515, 207.29824829101562
16519, 207.3142547607422
16523, 207.33026123046875
16527, 207.34625244140625
16531, 207.3622589111328
16535, 207.3782501220703
16539, 207.39425659179688
16543, 207.41024780273438
16547, 207.42625427246094
16551, 207.4422607421875
16555, 207.458251953125
16559, 207.47425842285156
16563, 207.49024963378906
16567, 207.50625610351562
16571, 207.5222625732422
16575, 207.5382537841797
16579, 207.55426025390625
16583, 207.57025146484375
16587, 207.5862579345703
16591, 207.6022491455078
16595, 207.61825561523438
16599, 207.63426208496094
16603, 207.65025329589844
16607, 207.666259765625
16611, 207.6822509765625
16615, 207.69825744628906
16619, 207.71424865722656
16623, 207.73025512695312
16627, 207.7462615966797
16631, 207.7622528076172
16635, 207.77825927734375
16639, 207.79425048828125
16643, 207.8102569580078
16647, 207.8262481689453
16651, 207.84225463867188
16655, 207.85826110839844
16659, 207.87425231933594
16663, 207.8902587890625
16667, 207.90625
16671, 207.92225646972656
16675, 207.93824768066406
16679, 207.95425415039062
16683, 207.9702606201172
16687, 207.9862518310547
16691, 208.00225830078125
16695, 208.01824951171875
16699, 208.0342559814453
16703, 208.05026245117188
16707, 208.06625366210938
16711, 208.08226013183594
16715, 208.09825134277344
16719, 208.1142578125
16723, 208.1302490234375
16727, 208.14625549316406
16731, 208.16226196289062
16735, 208.17825317382812
16739, 208.1942596435547
16743, 208.2102508544922
16747, 208.22625732421875
16751, 208.24224853515625
16755, 208.2582550048828
16759, 208.27426147460938
16763, 208.29025268554688
16767, 208.30625915527344
16771, 208.32225036621094
16775, 208.3382568359375
16779, 208.354248046875
16783, 208.37025451660156
16787, 208.38626098632812
16791, 208.40225219726562
16795, 208.4182586669922
16799, 208.4342498779297
16803, 208.45025634765625
16807, 208.46624755859375
16811, 208.4822540283203
16815, 208.49826049804688
16819, 208.51425170898438
16823, 208.53025817871094
16827, 208.54624938964844
16831, 208.562255859375
16835, 208.57826232910156
16839, 208.59425354003906
16843, 208.61026000976562
16847, 208.62625122070312
16851, 208.6422576904297
16855, 208.6582489013672
16859, 208.67425537109375
16863, 208.6902618408203
16867, 208.7062530517578
16871, 208.72225952148438
16875, 208.73825073242188
16879, 208.75425720214844
16883, 208.77024841308594
16887, 208.7862548828125
16891, 208.80226135253906
16895, 208.81825256347656
16899, 208.83425903320312
16903, 208.85025024414062
16907, 208.8662567138672
16911, 208.8822479248047
16915, 208.89825439453125
16919, 208.9142608642578
16923, 208.9302520751953
16927, 208.94625854492188
16931, 208.96224975585938
16935, 208.97825622558594
16939, 208.99424743652344
16943, 209.01025390625
16947, 209.02626037597656
16951, 209.04225158691406
16955, 209.05825805664062
16959, 209.07424926757812
16963, 209.0902557373047
16967, 209.10626220703125
16971, 209.12225341796875
16975, 209.1382598876953
16979, 209.1542510986328
16983, 209.17025756835938
16987, 209.18624877929688
16991, 209.20225524902344
16995, 209.21826171875
16999, 209.2342529296875
17003, 209.25025939941406
17007, 209.26625061035156
17011, 209.28225708007812
17015, 209.29824829101562
17019, 209.3142547607422
17023, 209.33026123046875
17027, 209.34625244140625
17031, 209.3622589111328
17035, 209.3782501220703
17039, 209.39425659179688
17043, 209.41024780273438
17047, 209.42625427246094
17051, 209.4422607421875
17055, 209.458251953125
17059, 209.47425842285156
17063, 209.49024963378906
17067, 209.50625610351562
17071, 209.5222625732422
17075, 209.5382537841797
17079, 209.55426025390625
17083, 209.57025146484375
17087, 209.5862579345703
17091, 209.6022491455078
17095, 209.61825561523438
17099, 209.63426208496094
17103, 209.65025329589844
17107, 209.666259765625
17111, 209.6822509765625
17115, 209.69825744628906
17119, 209.71424865722656
17123, 209.73025512695312
17127, 209.7462615966797
17131, 209.7622528076172
17135, 209.77825927734375
17139, 209.79425048828125
17143, 209.8102569580078
17147, 209.8262481689453
17151, 209.84225463867188
17155, 209.85826110839844
17159, 209.87425231933594
17163, 209.8902587890625
17167, 209.90625
17171, 209.92225646972656
17175, 209.93824768066406
17179, 209.95425415039062
17183, 209.9702606201172
17187, 209.9862518310547
17191, 210.00225830078125
17195, 210.01824951171875
17199, 210.0342559814453
17203, 210.05026245117188
17207, 210.06625366210938
17211, 210.08226013183594
17215, 210.09825134277344
17219, 210.1142578125
17223, 210.1302490234375
17227, 210.14625549316406
17231, 210.16226196289062
17235, 210.17825317382812
17239, 210.1942596435547
17243, 210.2102508544922
17247, 210.22625732421875
17251, 210.24224853515625
17255, 210.2582550048828
17259, 210.27426147460938
17263, 210.29025268554688
17267, 210.30625915527344
17271, 210.32225036621094
17275, 210.3382568359375
17279, 210.354248046875
17283, 210.37025451660156
17287, 210.38626098632812
17291, 210.40225219726562
17295, 210.4182586669922
17299, 210.4342498779297
17303, 210.45025634765625
17307, 210.46624755859375
17311, 210.4822540283203
17315, 210.49826049804688
17319, 210.51425170898438
17323, 210.53025817871094
17327, 210.54624938964844
17331, 210.562255859375
17335, 210.57826232910156
17339, 210.59425354003906
17343, 210.61026000976562
17347, 210.62625122070312
17351, 210.6422576904297
17355, 210.6582489013672
17359, 210.67425537109375
17363, 210.6902618408203
17367, 210.7062530517578
17371, 210.72225952148438
17375, 210.73825073242188
17379, 210.75425720214844
17383, 210.77024841308594
17387, 210.7862548828125
17391, 210.80226135253906
17395, 210.81825256347656
17399, 210.83425903320312
17403, 210.85025024414062
17407, 210.8662567138672
17411, 210.8822479248047
17415, 210.89825439453125
17419, 210.9142608642578
17423, 210.9302520751953
17427, 210.94625854492188
17431, 210.96224975585938
17435, 210.97825622558594
17439, 210.99424743652344
17443, 211.01025390625
17447, 211.02626037597656
17451, 211.04225158691406
17455, 211.05825805664062
17459, 211.07424926757812
17463, 211.0902557373047
17467, 211.10626220703125
17471, 211.12225341796875
17475, 211.1382598876953
17479, 211.1542510986328
17483, 211.17025756835938
17487, 211.18624877929688
17491, 211.20225524902344
17495, 211.21826171875
17499, 211.2342529296875
17503, 211.25025939941406
17507, 211.26625061035156
17511, 211.28225708007812
17515, 211.29824829101562
17519, 211.3142547607422
17523, 211.33026123046875
17527, 211.34625244140625
17531, 211.3622589111328
17535, 211.3782501220703
17539, 211.39425659179688
17543, 211.41024780273438
17547, 211.42625427246094
17551, 211.4422607421875
17555, 211.458251953125
17559, 211.47425842285156
17563, 211.49024963378906
17567, 211.50625610351562
17571, 211.5222625732422
17575, 211.5382537841797
17579, 211.55426025390625
17583, 211.57025146484375
17587, 211.5862579345703
17591, 211.6022491455078
17595, 211.61825561523438
17599, 211.63426208496094
17603, 211.65025329589844
17607, 211.666259765625
17611, 211.6822509765625
17615, 211.69825744628906
17619, 211.71424865722656
17623, 211.73025512695312
17627, 211.7462615966797
17631, 211.7622528076172
17635, 211.77825927734375
17639, 211.79425048828125
17643, 211.8102569580078
17647, 211.8262481689453
17651, 211.84225463867188
17655, 211.85826110839844
17659, 211.87425231933594
17663, 211.8902587890625
17667, 211.90625
17671, 211.92225646972656
17675, 211.93824768066406
17679, 211.95425415039062
17683, 211.9702606201172
17687, 211.9862518310547
17691, 212.00225830078125
17695, 212.01824951171875
17699, 212.0342559814453
17703, 212.05026245117188
17707, 212.06625366210938
17711, 212.08226013183594
17715, 212.09825134277344
17719, 212.1142578125
17723, 212.1302490234375
17727, 212.14625549316406
17731, 212.16226196289062
17735, 212.17825317382812
17739, 212.1942596435547
17743, 212.2102508544922
17747, 212.22625732421875
17751, 212.24224853515625
17755, 212.2582550048828
17759, 212.27426147460938
17763, 212.29025268554688
17767, 212.30625915527344
17771, 212.32225036621094
17775, 212.3382568359375
17779, 212.354248046875
17783, 212.37025451660156
17787, 212.38626098632812
17791, 212.40225219726562
17795, 212.4182586669922
17799, 212.4342498779297
17803, 212.45025634765625
17807, 212.46624755859375
17811, 212.4822540283203
17815, 212.49826049804688
17819, 212.51425170898438
17823, 212.53025817871094
17827, 212.54624938964844
17831, 212.562255859375
17835, 212.57826232910156
17839, 212.59425354003906
17843, 212.61026000976562
17847, 212.62625122070312
17851, 212.6422576904297
17855, 212.6582489013672
17859, 212.67425537109375
17863, 212.6902618408203
17867, 212.7062530517578
17871, 212.72225952148438
17875, 212.73825073242188
17879, 212.75425720214844
17883, 212.77024841308594
17887, 212.7862548828125
17891, 212.80226135253906
17895, 212.81825256347656
17899, 212.83425903320312
17903, 212.85025024414062
17907, 212.8662567138672
17911, 212.8822479248047
17915, 212.89825439453125
17919, 212.9142608642578
17923, 212.9302520751953
17927, 212.94625854492188
17931, 212.96224975585938
17935, 212.97825622558594
17939, 212.99424743652344
17943, 213.01025390625
17947, 213.02626037597656
17951, 213.04225158691406
17955, 213.05825805664062
17959, 213.07424926757812
17963, 213.0902557373047
17967, 213.10626220703125
17971, 213.12225341796875
17975, 213.1382598876953
17979, 213.1542510986328
17983, 213.17025756835938
17987, 213.18624877929688
17991, 213.20225524902344
17995, 213.21826171875
17999, 213.2342529296875
18003, 213.25025939941406
18007, 213.26625061035156
18011, 213.28225708007812
18015, 213.29824829101562
18019, 213.3142547607422
18023, 213.33026123046875
18027, 213.34625244140625
18031, 213.3622589111328
18035, 213.3782501220703
18039, 213.39425659179688
18043, 213.41024780273438
18047, 213.42625427246094
18051, 213.4422607421875
18055, 213.458251953125
18059, 213.47425842285156
18063, 213.49024963378906
18067, 213.50625610351562
18071, 213.5222625732422
18075, 213.5382537841797
18079, 213.55426025390625
18083, 213.57025146484375
18087, 213.5862579345703
18091, 213.6022491455078
18095, 213.61825561523438
18099, 213.63426208496094
18103, 213.65025329589844
18107, 213.666259765625
18111, 213.6822509765625
18115, 213.69825744628906
18119, 213.71424865722656
18123, 213.73025512695312
18127, 213.7462615966797
18131, 213.7622528076172
18135, 213.77825927734375
18139, 213.79425048828125
18143, 213.8102569580078
18147, 213.8262481689453
18151, 213.84225463867188
18155, 213.85826110839844
18159, 213.87425231933594
18163, 213.8902587890625
18167, 213.90625
18171, 213.92225646972656
18175, 213.93824768066406
18179, 213.95425415039062
18183, 213.9702606201172
18187, 213.9862518310547
18191, 214.00225830078125
18195, 214.01824951171875
18199, 214.0342559814453
18203, 214.05026245117188
18207, 214.06625366210938
18211, 214.08226013183594
18215, 214.09825134277344
18219, 214.1142578125
18223, 214.1302490234375
18227, 214.14625549316406
18231, 214.16226196289062
18235, 214.17825317382812
18239, 214.1942596435547
18243, 214.2102508544922
18247, 214.22625732421875
18251, 214.24224853515625
18255, 214.2582550048828
18259, 214.27426147460938
18263, 214.29025268554688
18267, 214.30625915527344
18271, 214.32225036621094
18275, 214.3382568359375
18279, 214.354248046875
18283, 214.37025451660156
18287, 214.38626098632812
18291, 214.40225219726562
18295, 214.4182586669922
18299, 214.4342498779297
18303, 214.45025634765625
18307, 214.46624755859375
18311, 214.4822540283203
18315, 214.49826049804688
18319, 214.51425170898438
18323, 214.53025817871094
18327, 214.54624938964844
18331, 214.562255859375
18335, 214.57826232910156
18339, 214.59425354003906
18343, 214.61026000976562
18347, 214.62625122070312
18351, 214.6422576904297
18355, 214.6582489013672
18359, 214.67425537109375
18363, 214.6902618408203
18367, 214.7062530517578
18371, 214.72225952148438
18375, 214.73825073242188
18379, 214.75425720214844
18383, 214.77024841308594
18387, 214.7862548828125
18391, 214.80226135253906
18395, 214.81825256347656
18399, 214.83425903320312
18403, 214.85025024414062
18407, 214.8662567138672
18411, 214.8822479248047
18415, 214.89825439453125
18419, 214.9142608642578
18423, 214.9302520751953
18427, 214.94625854492188
18431, 214.96224975585938
18435, 214.97825622558594
18439, 214.99424743652344
18443, 215.01025390625
18447, 215.02626037597656
18451, 215.04225158691406
18455, 215.05825805664062
18459, 215.07424926757812
18463, 215.0902557373047
18467, 215.10626220703125
18471, 215.12225341796875
18475, 215.1382598876953
18479, 215.1542510986328
18483, 215.17025756835938
18487, 215.18624877929688
18491, 215.20225524902344
18495, 215.21826171875
18499, 215.2342529296875
18503, 215.25025939941406
18507, 215.26625061035156
18511, 215.28225708007812
18515, 215.29824829101562
18519, 215.3142547607422
18523, 215.33026123046875
18527, 215.34625244140625
18531, 215.3622589111328
18535, 215.3782501220703
18539, 215.39425659179688
18543, 215.41024780273438
18547, 215.42625427246094
18551, 215.4422607421875
18555, 215.458251953125
18559, 215.47425842285156
18563, 215.49024963378906
18567, 215.50625610351562
18571, 215.5222625732422
18575, 215.5382537841797
18579, 215.55426025390625
18583, 215.57025146484375
18587, 215.5862579345703
18591, 215.6022491455078
18595, 215.61825561523438
18599, 215.63426208496094
18603, 215.65025329589844
18607, 215.666259765625
18611, 215.6822509765625
18615, 215.69825744628906
18619, 215.71424865722656
18623, 215.73025512695312
18627, 215.7462615966797
18631, 215.7622528076172
18635, 215.77825927734375
18639, 215.79425048828125
18643, 215.8102569580078
18647, 215.8262481689453
18651, 215.84225463867188
18655, 215.85826110839844
18659, 215.87425231933594
18663, 215.8902587890625
18667, 215.90625
18671, 215.92225646972656
18675, 215.93824768066406
18679, 215.95425415039062
18683, 215.9702606201172
18687, 215.9862518310547
18691, 216.00225830078125
18695, 216.01824951171875
18699, 216.0342559814453
18703, 216.05026245117188
18707, 216.06625366210938
18711, 216.08226013183594
18715, 216.09825134277344
18719, 216.1142578125
18723, 216.1302490234375
18727, 216.14625549316406
18731, 216.16226196289062
18735, 216.17825317382812
18739, 216.1942596435547
18743, 216.2102508544922
18747, 216.22625732421875
18751, 216.24224853515625
18755, 216.2582550048828
18759, 216.27426147460938
18763, 216.29025268554688
18767, 216.30625915527344
18771, 216.32225036621094
18775, 216.3382568359375
18779, 216.354248046875
18783, 216.37025451660156
18787, 216.38626098632812
18791, 216.40225219726562
18795, 216.4182586669922
18799, 216.4342498779297
18803, 216.45025634765625
18807, 216.46624755859375
18811, 216.4822540283203
18815, 216.49826049804688
18819, 216.51425170898438
18823, 216.53025817871094
18827, 216.54624938964844
18831, 216.562255859375
18835, 216.57826232910156
18839, 216.59425354003906
18843, 216.61026000976562
18847, 216.62625122070312
18851, 216.6422576904297
18855, 216.6582489013672
18859, 216.67425537109375
18863, 216.6902618408203
18867, 216.7062530517578
18871, 216.72225952148438
18875, 216.73825073242188
18879, 216.75425720214844
18883, 216.77024841308594
18887, 216.7862548828125
18891, 216.80226135253906
18895, 216.81825256347656
18899, 216.83425903320312
18903, 216.85025024414062
18907, 216.8662567138672
18911, 216.8822479248047
18915, 216.89825439453125
18919, 216.9142608642578
18923, 216.9302520751953
18927, 216.94625854492188
18931, 216.96224975585938
18935, 216.97825622558594
18939, 216.99424743652344
18943, 217.01025390625
18947, 217.02626037597656
18951, 217.04225158691406
18955, 217.05825805664062
18959, 217.07424926757812
18963, 217.0902557373047
18967, 217.10626220703125
18971, 217.12225341796875
18975, 217.1382598876953
18979, 217.1542510986328
18983, 217.17025756835938
18987, 217.18624877929688
18991, 217.20225524902344
18995, 217.21826171875
18999, 217.2342529296875
19003, 217.25025939941406
19007, 217.26625061035156
19011, 217.28225708007812
19015, 217.29824829101562
19019, 217.3142547607422
19023, 217.33026123046875
19027, 217.34625244140625
19031, 217.3622589111328
19035, 217.3782501220703
19039, 217.39425659179688
19043, 217.41024780273438
19047, 217.42625427246094
19051, 217.4422607421875
19055, 217.458251953125
19059, 217.47425842285156
19063, 217.49024963378906
19067, 217.50625610351562
19071, 217.5222625732422
19075, 217.5382537841797
19079, 217.55426025390625
19083, 217.57025146484375
19087, 217.5862579345703
19091, 217.6022491455078
19095, 217.61825561523438
19099, 217.63426208496094
19103, 217.65025329589844
19107, 217.666259765625
19111, 217.6822509765625
19115, 217.69825744628906
19119, 217.71424865722656
19123, 217.73025512695312
19127, 217.7462615966797
19131, 217.7622528076172
19135, 217.77825927734375
19139, 217.79425048828125
19143, 217.8102569580078
19147, 217.8262481689453
19151, 217.84225463867188
19155, 217.85826110839844
19159, 217.87425231933594
19163, 217.8902587890625
19167, 217.90625
19171, 217.92225646972656
19175, 217.93824768066406
19179, 217.95425415039062
19183, 217.9702606201172
19187, 217.9862518310547
19191, 218.00225830078125
19195, 218.01824951171875
19199, 218.0342559814453
19203, 218.05026245117188
19207, 218.06625366210938
19211, 218.08226013183594
19215, 218.09825134277344
19219, 218.1142578125
19223, 218.1302490234375
19227, 218.14625549316406
19231, 218.16226196289062
19235, 218.17825317382812
19239, 218.1942596435547
19243, 218.2102508544922
19247, 218.22625732421875
19251, 218.24224853515625
19255, 218.2582550048828
19259, 218.27426147460938
19263, 218.29025268554688
19267, 218.30625915527344
19271, 218.32225036621094
19275, 218.3382568359375
19279, 218.354248046875
19283, 218.37025451660156
19287, 218.38626098632812
19291, 218.40225219726562
19295, 218.4182586669922
19299, 218.4342498779297
19303, 218.45025634765625
19307, 218.46624755859375
19311, 218.4822540283203
19315, 218.49826049804688
19319, 218.51425170898438
19323, 218.53025817871094
19327, 218.54624938964844
19331, 218.562255859375
19335, 218.57826232910156
19339, 218.59425354003906
19343, 218.61026000976562
19347, 218.62625122070312
19351, 218.6422576904297
19355, 218.6582489013672
19359, 218.67425537109375
19363, 218.6902618408203
19367, 218.7062530517578
19371, 218.72225952148438
19375, 218.73825073242188
19379, 218.75425720214844
19383, 218.77024841308594
19387, 218.7862548828125
19391, 218.80226135253906
19395, 218.81825256347656
19399, 218.83425903320312
19403, 218.85025024414062
19407, 218.8662567138672
19411, 218.8822479248047
19415, 218.89825439453125
19419, 218.9142608642578
19423, 218.9302520751953
19427, 218.94625854492188
19431, 218.96224975585938
19435, 218.97825622558594
19439, 218.99424743652344
19443, 219.01025390625
19447, 219.02626037597656
19451, 219.04225158691406
19455, 219.05825805664062
19459, 219.07424926757812
19463, 219.0902557373047
19467, 219.10626220703125
19471, 219.12225341796875
19475, 219.1382598876953
19479, 219.1542510986328
19483, 219.17025756835938
19487, 219.18624877929688
19491, 219.20225524902344
19495, 219.21826171875
19499, 219.2342529296875
19503, 219.25025939941406
19507, 219.26625061035156
19511, 219.28225708007812
19515, 219.29824829101562
19519, 219.3142547607422
19523, 219.33026123046875
19527, 219.34625244140625
19531, 219.3622589111328
19535, 219.3782501220703
19539, 219.39425659179688
19543, 219.41024780273438
19547, 219.42625427246094
19551, 219.4422607421875
19555, 219.458251953125
19559, 219.47425842285156
19563, 219.49024963378906
19567, 219.50625610351562
19571, 219.5222625732422
19575, 219.5382537841797
19579, 219.55426025390625
19583, 219.57025146484375
19587, 219.5862579345703
19591, 219.6022491455078
19595, 219.61825561523438
19599, 219.63426208496094
19603, 219.65025329589844
19607, 219.666259765625
19611, 219.6822509765625
19615, 219.69825744628906
19619, 219.71424865722656
19623, 219.73025512695312
19627, 219.7462615966797
19631, 219.7622528076172
19635, 219.77825927734375
19639, 219.79425048828125
19643, 219.8102569580078
19647, 219.8262481689453
19651, 219.84225463867188
19655, 219.85826110839844
19659, 219.87425231933594
19663, 219.8902587890625
19667, 219.90625
19671, 219.92225646972656
19675, 219.93824768066406
19679, 219.95425415039062
19683, 219.9702606201172
19687, 219.9862518310547
19691, 220.00225830078125
19695, 220.01824951171875
19699, 220.0342559814453
19703, 220.05026245117188
19707, 220.06625366210938
19711, 220.08226013183594
19715, 220.09825134277344
19719, 220.1142578125
19723, 220.1302490234375
19727, 220.14625549316406
19731, 220.16226196289062
19735, 220.17825317382812
19739, 220.1942596435547
19743, 220.2102508544922
19747, 220.22625732421875
19751, 220.24224853515625
19755, 220.2582550048828
19759, 220.27426147460938
19763, 220.29025268554688
19767, 220.30625915527344
19771, 220.32225036621094
19775, 220.3382568359375
19779, 220.354248046875
19783, 220.37025451660156
19787, 220.38626098632812
19791, 220.40225219726562
19795, 220.4182586669922
19799, 220.4342498779297
19803, 220.45025634765625
19807, 220.46624755859375
19811, 220.4822540283203
19815, 220.49826049804688
19819, 220.51425170898438
19823, 220.53025817871094
19827, 220.54624938964844
19831, 220.562255859375
19835, 220.57826232910156
19839, 220.59425354003906
19843, 220.61026000976562
19847, 220.62625122070312
19851, 220.6422576904297
19855, 220.6582489013672
19859, 220.67425537109375
19863, 220.6902618408203
19867, 220.7062530517578
19871, 220.72225952148438
19875, 220.73825073242188
19879, 220.75425720214844
19883, 220.77024841308594
19887, 220.7862548828125
19891, 220.80226135253906
19895, 220.81825256347656
19899, 220.83425903320312
19903, 220.85025024414062
19907, 220.8662567138672
19911, 220.8822479248047
19915, 220.89825439453125
19919, 220.9142608642578
19923, 220.9302520751953
19927, 220.94625854492188
19931, 220.96224975585938
19935, 220.97825622558594
19939, 220.99424743652344
19943, 221.01025390625
19947, 221.02626037597656
19951, 221.04225158691406
19955, 221.05825805664062
19959, 221.07424926757812
19963, 221.0902557373047
19967, 221.10626220703125
19971, 221.12225341796875
19975, 221.1382598876953
19979, 221.1542510986328
19983, 221.17025756835938
19987, 221.18624877929688
19991, 221.20225524902344
19995, 221.21826171875
19999, 221.2342529296875
20003, 221.25025939941406
20007, 221.26625061035156
20011, 221.28225708007812
20015, 221.29824829101562
20019, 221.3142547607422
20023, 221.33026123046875
20027, 221.34625244140625
20031, 221.3622589111328
20035, 221.3782501220703
20039, 221.39425659179688
20043, 221.41024780273438
20047, 221.42625427246094
20051, 221.4422607421875
20055, 221.458251953125
20059, 221.47425842285156
20063, 221.49024963378906
20067, 221.50625610351562
20071, 221.5222625732422
20075, 221.5382537841797
20079, 221.55426025390625
20083, 221.57025146484375
20087, 221.5862579345703
20091, 221.6022491455078
20095, 221.61825561523438
20099, 221.63426208496094
20103, 221.65025329589844
20107, 221.666259765625
20111, 221.6822509765625
20115, 221.69825744628906
20119, 221.71424865722656
20123, 221.73025512695312
20127, 221.7462615966797
20131, 221.7622528076172
20135, 221.77825927734375
20139, 221.79425048828125
20143, 221.8102569580078
20147, 221.8262481689453
20151, 221.84225463867188
20155, 221.85826110839844
20159, 221.87425231933594
20163, 221.8902587890625
20167, 221.90625
20171, 221.92225646972656
20175, 221.93824768066406
20179, 221.95425415039062
20183, 221.9702606201172
20187, 221.9862518310547
20191, 222.00225830078125
20195, 222.01824951171875
20199, 222.0342559814453
20203, 222.05026245117188
20207, 222.06625366210938
20211, 222.08226013183594
20215, 222.09825134277344
20219, 222.1142578125
20223, 222.1302490234375
20227, 222.14625549316406
20231, 222.16226196289062
20235, 222.17825317382812
20239, 222.1942596435547
20243, 222.2102508544922
20247, 222.22625732421875
20251, 222.24224853515625
20255, 222.2582550048828
20259, 222.27426147460938
20263, 222.29025268554688
20267, 222.30625915527344
20271, 222.32225036621094
20275, 222.3382568359375
20279, 222.354248046875
20283, 222.37025451660156
20287, 222.38626098632812
20291, 222.40225219726562
20295, 222.4182586669922
20299, 222.4342498779297
20303, 222.45025634765625
20307, 222.46624755859375
20311, 222.4822540283203
20315, 222.49826049804688
20319, 222.51425170898438
20323, 222.53025817871094
20327, 222.54624938964844
20331, 222.562255859375
20335, 222.57826232910156
20339, 222.59425354003906
20343, 222.61026000976562
20347, 222.62625122070312
20351, 222.6422576904297
20355, 222.6582489013672
20359, 222.67425537109375
20363, 222.6902618408203
20367, 222.7062530517578
20371, 222.72225952148438
20375, 222.73825073242188
20379, 222.75425720214844
20383, 222.77024841308594
20387, 222.7862548828125
20391, 222.80226135253906
20395, 222.81825256347656
20399, 222.83425903320312
20403, 222.85025024414062
20407, 222.8662567138672
20411, 222.8822479248047
20415, 222.89825439453125
20419, 222.9142608642578
20423, 222.9302520751953
20427, 222.94625854492188
20431, 222.96224975585938
20435, 222.97825622558594
20439, 222.99424743652344
20443, 223.01025390625
20447, 223.02626037597656
20451, 223.04225158691406
20455, 223.05825805664062
20459, 223.07424926757812
20463, 223.0902557373047
20467, 223.10626220703125
20471, 223.12225341796875
20475, 223.1382598876953
20479, 223.1542510986328
20483, 223.17025756835938
20487, 223.18624877929688
20491, 223.20225524902344
20495, 223.21826171875
20499, 223.2342529296875
20503, 223.25025939941406
20507, 223.26625061035156
20511, 223.28225708007812
20515, 223.29824829101562
20519, 223.3142547607422
20523, 223.33026123046875
20527, 223.34625244140625
20531, 223.3622589111328
20535, 223.3782501220703
20539, 223.39425659179688
20543, 223.41024780273438
20547, 223.42625427246094
20551, 223.4422607421875
20555, 223.458251953125
20559, 223.47425842285156
20563, 223.49024963378906
20567, 223.50625610351562
20571, 223.5222625732422
20575, 223.5382537841797
20579, 223.55426025390625
20583, 223.57025146484375
20587, 223.5862579345703
20591, 223.6022491455078
20595, 223.61825561523438
20599, 223.63426208496094
20603, 223.65025329589844
20607, 223.666259765625
20611, 223.6822509765625
20615, 223.69825744628906
20619, 223.71424865722656
20623, 223.73025512695312
20627, 223.7462615966797
20631, 223.7622528076172
20635, 223.77825927734375
20639, 223.79425048828125
20643, 223.8102569580078
20647, 223.8262481689453
20651, 223.84225463867188
20655, 223.85826110839844
20659, 223.87425231933594
20663, 223.8902587890625
20667, 223.90625
20671, 223.92225646972656
20675, 223.93824768066406
20679, 223.95425415039062
20683, 223.9702606201172
20687, 223.9862518310547
20691, 224.00225830078125
20695, 224.01824951171875
20699, 224.0342559814453
20703, 224.05026245117188
20707, 224.06625366210938
20711, 224.08226013183594
20715, 224.09825134277344
20719, 224.1142578125
20723, 224.1302490234375
20727, 224.14625549316406
20731, 224.16226196289062
20735, 224.17825317382812
20739, 224.1942596435547
20743, 224.2102508544922
20747, 224.22625732421875
20751, 224.24224853515625
20755, 224.2582550048828
20759, 224.27426147460938
20763, 224.29025268554688
20767, 224.30625915527344
20771, 224.32225036621094
20775, 224.3382568359375
20779, 224.354248046875
20783, 224.37025451660156
20787, 224.38626098632812
20791, 224.40225219726562
20795, 224.4182586669922
20799, 224.4342498779297
20803, 224.45025634765625
20807, 224.46624755859375
20811, 224.4822540283203
20815, 224.49826049804688
20819, 224.51425170898438
20823, 224.53025817871094
20827, 224.54624938964844
20831, 224.562255859375
20835, 224.57826232910156
20839, 224.59425354003906
20843, 224.61026000976562
20847, 224.62625122070312
20851, 224.6422576904297
20855, 224.6582489013672
20859, 224.67425537109375
20863, 224.6902618408203
20867, 224.7062530517578
20871, 224.72225952148438
20875, 224.73825073242188
20879, 224.75425720214844
20883, 224.77024841308594
20887, 224.7862548828125
20891, 224.80226135253906
20895, 224.81825256347656
20899, 224.83425903320312
20903, 224.85025024414062
20907, 224.8662567138672
20911, 224.8822479248047
20915, 224.89825439453125
20919, 224.9142608642578
20923, 224.9302520751953
20927, 224.94625854492188
20931, 224.96224975585938
20935, 224.97825622558594
20939, 224.99424743652344
20943, 225.01025390625
20947, 225.02626037597656
20951, 225.04225158691406
20955, 225.05825805664062
20959, 225.07424926757812
20963, 225.0902557373047
20967, 225.10626220703125
20971, 225.12225341796875
20975, 225.1382598876953
20979, 225.1542510986328
20983, 225.17025756835938
20987, 225.18624877929688
20991, 225.20225524902344
20995, 225.21826171875
20999, 225.2342529296875
21003, 225.25025939941406
21007, 225.26625061035156
21011, 225.28225708007812
21015, 225.29824829101562
21019, 225.3142547607422
21023, 225.33026123046875
21027, 225.34625244140625
21031, 225.3622589111328
21035, 225.3782501220703
21039, 225.39425659179688
21043, 225.41024780273438
21047, 225.42625427246094
21051, 225.4422607421875
21055, 225.458251953125
21059, 225.47425842285156
21063, 225.49024963378906
21067, 225.50625610351562
21071, 225.5222625732422
21075, 225.5382537841797
21079, 225.55426025390625
21083, 225.57025146484375
21087, 225.5862579345703
21091, 225.6022491455078
21095, 225.61825561523438
21099, 225.63426208496094
21103, 225.65025329589844
21107, 225.666259765625
21111, 225.6822509765625
21115, 225.69825744628906
21119, 225.71424865722656
21123, 225.73025512695312
21127, 225.7462615966797
21131, 225.7622528076172
21135, 225.77825927734375
21139, 225.79425048828125
21143, 225.8102569580078
21147, 225.8262481689453
21151, 225.84225463867188
21155, 225.85826110839844
21159, 225.87425231933594
21163, 225.8902587890625
21167, 225.90625
21171, 225.92225646972656
21175, 225.93824768066406
21179, 225.95425415039062
21183, 225.9702606201172
21187, 225.9862518310547
21191, 226.00225830078125
21195, 226.01824951171875
21199, 226.0342559814453
21203, 226.05026245117188
21207, 226.06625366210938
21211, 226.08226013183594
21215, 226.09825134277344
21219, 226.1142578125
21223, 226.1302490234375
21227, 226.14625549316406
21231, 226.16226196289062
21235, 226.17825317382812
21239, 226.1942596435547
21243, 226.2102508544922
21247, 226.22625732421875
21251, 226.24224853515625
21255, 226.2582550048828
21259, 226.27426147460938
21263, 226.29025268554688
21267, 226.30625915527344
21271, 226.32225036621094
21275, 226.3382568359375
21279, 226.354248046875
21283, 226.37025451660156
21287, 226.38626098632812
21291, 226.40225219726562
21295, 226.4182586669922
21299, 226.4342498779297
21303, 226.45025634765625
21307, 226.46624755859375
21311, 226.4822540283203
21315, 226.49826049804688
21319, 226.51425170898438
21323, 226.53025817871094
21327, 226.54624938964844
21331, 226.562255859375
21335, 226.57826232910156
21339, 226.59425354003906
21343, 226.61026000976562
21347, 226.62625122070312
21351, 226.6422576904297
21355, 226.6582489013672
21359, 226.67425537109375
21363, 226.6902618408203
21367, 226.7062530517578
21371, 226.72225952148438
21375, 226.73825073242188
21379, 226.75425720214844
21383, 226.77024841308594
21387, 226.7862548828125
21391, 226.80226135253906
21395, 226.81825256347656
21399, 226.83425903320312
21403, 226.85025024414062
21407, 226.8662567138672
21411, 226.8822479248047
21415, 226.89825439453125
21419, 226.9142608642578
21423, 226.9302520751953
21427, 226.94625854492188
21431, 226.96224975585938
21435, 226.97825622558594
21439, 226.99424743652344
21443, 227.01025390625
21447, 227.02626037597656
21451, 227.04225158691406
21455, 227.05825805664062
21459, 227.07424926757812
21463, 227.0902557373047
21467, 227.10626220703125
21471, 227.12225341796875
21475, 227.1382598876953
21479, 227.1542510986328
21483, 227.17025756835938
21487, 227.18624877929688
21491, 227.20225524902344
21495, 227.21826171875
21499, 227.2342529296875
21503, 227.25025939941406
21507, 227.26625061035156
21511, 227.28225708007812
21515, 227.29824829101562
21519, 227.3142547607422
21523, 227.33026123046875
21527, 227.34625244140625
21531, 227.3622589111328
21535, 227.3782501220703
21539, 227.39425659179688
21543, 227.41024780273438
21547, 227.42625427246094
21551, 227.4422607421875
21555, 227.458251953125
21559, 227.47425842285156
21563, 227.49024963378906
21567, 227.50625610351562
21571, 227.5222625732422
21575, 227.5382537841797
21579, 227.55426025390625
21583, 227.57025146484375
21587, 227.5862579345703
21591, 227.6022491455078
21595, 227.61825561523438
21599, 227.63426208496094
21603, 227.65025329589844
21607, 227.666259765625
21611, 227.6822509765625
21615, 227.69825744628906
21619, 227.71424865722656
21623, 227.73025512695312
21627, 227.7462615966797
21631, 227.7622528076172
21635, 227.77825927734375
21639, 227.79425048828125
21643, 227.8102569580078
21647, 227.8262481689453
21651, 227.84225463867188
21655, 227.85826110839844
21659, 227.87425231933594
21663, 227.8902587890625
21667, 227.90625
21671, 227.92225646972656
21675, 227.93824768066406
21679, 227.95425415039062
21683, 227.9702606201172
21687, 227.9862518310547
21691, 228.00225830078125
21695, 228.01824951171875
21699, 228.0342559814453
21703, 228.05026245117188
21707, 228.06625366210938
21711, 228.08226013183594
21715, 228.09825134277344
21719, 228.1142578125
21723, 228.1302490234375
21727, 228.14625549316406
21731, 228.16226196289062
21735, 228.17825317382812
21739, 228.1942596435547
21743, 228.2102508544922
21747, 228.22625732421875
21751, 228.24224853515625
21755, 228.2582550048828
21759, 228.27426147460938
21763, 228.29025268554688
21767, 228.30625915527344
21771, 228.32225036621094
21775, 228.3382568359375
21779, 228.354248046875
21783, 228.37025451660156
21787, 228.38626098632812
21791, 228.40225219726562
21795, 228.4182586669922
21799, 228.4342498779297
21803, 228.45025634765625
21807, 228.46624755859375
21811, 228.4822540283203
21815, 228.49826049804688
21819, 228.51425170898438
21823, 228.53025817871094
21827, 228.54624938964844
21831, 228.562255859375
21835, 228.57826232910156
21839, 228.59425354003906
21843, 228.61026000976562
21847, 228.62625122070312
21851, 228.6422576904297
21855, 228.6582489013672
21859, 228.67425537109375
21863, 228.6902618408203
21867, 228.7062530517578
21871, 228.72225952148438
21875, 228.73825073242188
21879, 228.75425720214844
21883, 228.77024841308594
21887, 228.7862548828125
21891, 228.80226135253906
21895, 228.81825256347656
21899, 228.83425903320312
21903, 228.85025024414062
21907, 228.8662567138672
21911, 228.8822479248047
21915, 228.89825439453125
21919, 228.9142608642578
21923, 228.9302520751953
21927, 228.94625854492188
21931, 228.96224975585938
21935, 228.97825622558594
21939, 228.99424743652344
21943, 229.01025390625
21947, 229.02626037597656
21951, 229.04225158691406
21955, 229.05825805664062
21959, 229.07424926757812
21963, 229.0902557373047
21967, 229.10626220703125
21971, 229.12225341796875
21975, 229.1382598876953
21979, 229.1542510986328
21983, 229.17025756835938
21987, 229.18624877929688
21991, 229.20225524902344
21995, 229.21826171875
21999, 229.2342529296875
22003, 229.25025939941406
22007, 229.26625061035156
22011, 229.28225708007812
22015, 229.29824829101562
22019, 229.3142547607422
22023, 229.33026123046875
22027, 229.34625244140625
22031, 229.3622589111328
22035, 229.3782501220703
22039, 229.39425659179688
22043, 229.41024780273438
22047, 229.42625427246094
22051, 229.4422607421875
22055, 229.458251953125
22059, 229.47425842285156
22063, 229.49024963378906
22067, 229.50625610351562
22071, 229.5222625732422
22075, 229.5382537841797
22079, 229.55426025390625
22083, 229.57025146484375
22087, 229.5862579345703
22091, 229.6022491455078
22095, 229.61825561523438
22099, 229.63426208496094
22103, 229.65025329589844
22107, 229.666259765625
22111, 229.6822509765625
22115, 229.69825744628906
22119, 229.71424865722656
22123, 229.73025512695312
22127, 229.7462615966797
22131, 229.7622528076172
22135, 229.77825927734375
22139, 229.79425048828125
22143, 229.8102569580078
22147, 229.8262481689453
22151, 229.84225463867188
22155, 229.85826110839844
22159, 229.87425231933594
22163, 229.8902587890625
22167, 229.90625
22171, 229.92225646972656
22175, 229.93824768066406
22179, 229.95425415039062
22183, 229.9702606201172
22187, 229.9862518310547
22191, 230.00225830078125
22195, 230.01824951171875
22199, 230.0342559814453
22203, 230.05026245117188
22207, 230.06625366210938
22211, 230.08226013183594
22215, 230.09825134277344
22219, 230.1142578125
22223, 230.1302490234375
22227, 230.14625549316406
22231, 230.16226196289062
22235, 230.17825317382812
22239, 230.1942596435547
22243, 230.2102508544922
22247, 230.22625732421875
22251, 230.24224853515625
22255, 230.2582550048828
22259, 230.27426147460938
22263, 230.29025268554688
22267, 230.30625915527344
22271, 230.32225036621094
22275, 230.3382568359375
22279, 230.354248046875
22283, 230.37025451660156
22287, 230.38626098632812
22291, 230.40225219726562
22295, 230.4182586669922
22299, 230.4342498779297
22303, 230.45025634765625
22307, 230.46624755859375
22311, 230.4822540283203
22315, 230.49826049804688
22319, 230.51425170898438
22323, 230.53025817871094
22327, 230.54624938964844
22331, 230.562255859375
22335, 230.57826232910156
22339, 230.59425354003906
22343, 230.61026000976562
22347, 230.62625122070312
22351, 230.6422576904297
22355, 230.6582489013672
22359, 230.67425537109375
22363, 230.6902618408203
22367, 230.7062530517578
22371, 230.72225952148438
22375, 230.73825073242188
22379, 230.75425720214844
22383, 230.77024841308594
22387, 230.7862548828125
22391, 230.80226135253906
22395, 230.81825256347656
22399, 230.83425903320312
22403, 230.85025024414062
22407, 230.8662567138672
22411, 230.8822479248047
22415, 230.89825439453125
22419, 230.9142608642578
22423, 230.9302520751953
22427, 230.94625854492188
22431, 230.96224975585938
22435, 230.97825622558594
22439, 230.99424743652344
22443, 231.01025390625
22447, 231.02626037597656
22451, 231.04225158691406
22455, 231.05825805664062
22459, 231.07424926757812
22463, 231.0902557373047
22467, 231.10626220703125
22471, 231.12225341796875
22475, 231.1382598876953
22479, 231.1542510986328
22483, 231.17025756835938
22487, 231.18624877929688
22491, 231.20225524902344
22495, 231.21826171875
22499, 231.2342529296875
22503, 231.25025939941406
22507, 231.26625061035156
22511, 231.28225708007812
22515, 231.29824829101562
22519, 231.3142547607422
22523, 231.33026123046875
22527, 231.34625244140625
22531, 231.3622589111328
22535, 231.3782501220703
22539, 231.39425659179688
22543, 231.41024780273438
22547, 231.42625427246094
22551, 231.4422607421875
22555, 231.458251953125
22559, 231.47425842285156
22563, 231.49024963378906
22567, 231.50625610351562
22571, 231.5222625732422
22575, 231.5382537841797
22579, 231.55426025390625
22583, 231.57025146484375
22587, 231.5862579345703
22591, 231.6022491455078
22595, 231.61825561523438
22599, 231.63426208496094
22603, 231.65025329589844
22607, 231.666259765625
22611, 231.6822509765625
22615, 231.69825744628906
22619, 231.71424865722656
22623, 231.73025512695312
22627, 231.7462615966797
22631, 231.7622528076172
22635, 231.77825927734375
22639, 231.79425048828125
22643, 231.8102569580078
22647, 231.8262481689453
22651, 231.84225463867188
22655, 231.85826110839844
22659, 231.87425231933594
22663, 231.8902587890625
22667, 231.90625
22671, 231.92225646972656
22675, 231.93824768066406
22679, 231.95425415039062
22683, 231.9702606201172
22687, 231.9862518310547
22691, 232.00225830078125
22695, 232.01824951171875
22699, 232.0342559814453
22703, 232.05026245117188
22707, 232.06625366210938
22711, 232.08226013183594
22715, 232.09825134277344
22719, 232.1142578125
22723, 232.1302490234375
22727, 232.14625549316406
22731, 232.16226196289062
22735, 232.17825317382812
22739, 232.1942596435547
22743, 232.2102508544922
22747, 232.22625732421875
22751, 232.24224853515625
22755, 232.2582550048828
22759, 232.27426147460938
22763, 232.29025268554688
22767, 232.30625915527344
22771, 232.32225036621094
22775, 232.3382568359375
22779, 232.354248046875
22783, 232.37025451660156
22787, 232.38626098632812
22791, 232.40225219726562
22795, 232.4182586669922
22799, 232.4342498779297
22803, 232.45025634765625
22807, 232.46624755859375
22811, 232.4822540283203
22815, 232.49826049804688
22819, 232.51425170898438
22823, 232.53025817871094
22827, 232.54624938964844
22831, 232.562255859375
22835, 232.57826232910156
22839, 232.59425354003906
22843, 232.61026000976562
22847, 232.62625122070312
22851, 232.6422576904297
22855, 232.6582489013672
22859, 232.67425537109375
22863, 232.6902618408203
22867, 232.7062530517578
22871, 232.72225952148438
22875, 232.73825073242188
22879, 232.75425720214844
22883, 232.77024841308594
22887, 232.7862548828125
22891, 232.80226135253906
22895, 232.81825256347656
22899, 232.83425903320312
22903, 232.85025024414062
22907, 232.8662567138672
22911, 232.8822479248047
22915, 232.89825439453125
22919, 232.9142608642578
22923, 232.9302520751953
22927, 232.94625854492188
22931, 232.96224975585938
22935, 232.97825622558594
22939, 232.99424743652344
22943, 233.01025390625
22947, 233.02626037597656
22951, 233.04225158691406
22955, 233.05825805664062
22959, 233.07424926757812
22963, 233.0902557373047
22967, 233.10626220703125
22971, 233.12225341796875
22975, 233.1382598876953
22979, 233.1542510986328
22983, 233.17025756835938
22987, 233.18624877929688
22991, 233.20225524902344
22995, 233.21826171875
22999, 233.2342529296875
23003, 233.25025939941406
23007, 233.26625061035156
23011, 233.28225708007812
23015, 233.29824829101562
23019, 233.3142547607422
23023, 233.33026123046875
23027, 233.34625244140625
23031, 233.3622589111328
23035, 233.3782501220703
23039, 233.39425659179688
23043, 233.41024780273438
23047, 233.42625427246094
23051, 233.4422607421875
23055, 233.458251953125
23059, 233.47425842285156
23063, 233.49024963378906
23067, 233.50625610351562
23071, 233.5222625732422
23075, 233.5382537841797
23079, 233.55426025390625
23083, 233.57025146484375
23087, 233.5862579345703
23091, 233.6022491455078
23095, 233.61825561523438
23099, 233.63426208496094
23103, 233.65025329589844
23107, 233.666259765625
23111, 233.6822509765625
23115, 233.69825744628906
23119, 233.71424865722656
23123, 233.73025512695312
23127, 233.7462615966797
23131, 233.7622528076172
23135, 233.77825927734375
23139, 233.79425048828125
23143, 233.8102569580078
23147, 233.8262481689453
23151, 233.84225463867188
23155, 233.85826110839844
23159, 233.87425231933594
23163, 233.8902587890625
23167, 233.90625
23171, 233.92225646972656
23175, 233.93824768066406
23179, 233.95425415039062
23183, 233.9702606201172
23187, 233.9862518310547
23191, 234.00225830078125
23195, 234.01824951171875
23199, 234.0342559814453
23203, 234.05026245117188
23207, 234.06625366210938
23211, 234.08226013183594
23215, 234.09825134277344
23219, 234.1142578125
23223, 234.1302490234375
23227, 234.14625549316406
23231, 234.16226196289062
23235, 234.17825317382812
23239, 234.1942596435547
23243, 234.2102508544922
23247, 234.22625732421875
23251, 234.24224853515625
23255, 234.2582550048828
23259, 234.27426147460938
23263, 234.29025268554688
23267, 234.30625915527344
23271, 234.32225036621094
23275, 234.3382568359375
23279, 234.354248046875
23283, 234.37025451660156
23287, 234.38626098632812
23291, 234.40225219726562
23295, 234.4182586669922
23299, 234.4342498779297
23303, 234.45025634765625
23307, 234.46624755859375
23311, 234.4822540283203
23315, 234.49826049804688
23319, 234.51425170898438
23323, 234.53025817871094
23327, 234.54624938964844
23331, 234.562255859375
23335, 234.57826232910156
23339, 234.59425354003906
23343, 234.61026000976562
23347, 234.62625122070312
23351, 234.6422576904297
23355, 234.6582489013672
23359, 234.67425537109375
23363, 234.6902618408203
23367, 234.7062530517578
23371, 234.72225952148438
23375, 234.73825073242188
23379, 234.75425720214844
23383, 234.77024841308594
23387, 234.7862548828125
23391, 234.80226135253906
23395, 234.81825256347656
23399, 234.83425903320312
23403, 234.85025024414062
23407, 234.8662567138672
23411, 234.8822479248047
23415, 234.89825439453125
23419, 234.9142608642578
23423, 234.9302520751953
23427, 234.94625854492188
23431, 234.96224975585938
23435, 234.97825622558594
23439, 234.99424743652344
23443, 235.01025390625
23447, 235.02626037597656
23451, 235.04225158691406
23455, 235.05825805664062
23459, 235.07424926757812
23463, 235.0902557373047
23467, 235.10626220703125
23471, 235.12225341796875
23475, 235.1382598876953
23479, 235.1542510986328
23483, 235.17025756835938
23487, 235.18624877929688
23491, 235.20225524902344
23495, 235.21826171875
23499, 235.2342529296875
23503, 235.25025939941406
23507, 235.26625061035156
23511, 235.28225708007812
23515, 235.29824829101562
23519, 235.3142547607422
23523, 235.33026123046875
23527, 235.34625244140625
23531, 235.3622589111328
23535, 235.3782501220703
23539, 235.39425659179688
23543, 235.41024780273438
23547, 235.42625427246094
23551, 235.4422607421875
23555, 235.458251953125
23559, 235.47425842285156
23563, 235.49024963378906
23567, 235.50625610351562
23571, 235.5222625732422
23575, 235.5382537841797
23579, 235.55426025390625
23583, 235.57025146484375
23587, 235.5862579345703
23591, 235.6022491455078
23595, 235.61825561523438
23599, 235.63426208496094
23603, 235.65025329589844
23607, 235.666259765625
23611, 235.6822509765625
23615, 235.69825744628906
23619, 235.71424865722656
23623, 235.73025512695312
23627, 235.7462615966797
23631, 235.7622528076172
23635, 235.77825927734375
23639, 235.79425048828125
23643, 235.8102569580078
23647, 235.8262481689453
23651, 235.84225463867188
23655, 235.85826110839844
23659, 235.87425231933594
23663, 235.8902587890625
23667, 235.90625
23671, 235.92225646972656
23675, 235.93824768066406
23679, 235.95425415039062
23683, 235.9702606201172
23687, 235.9862518310547
23691, 236.00225830078125
23695, 236.01824951171875
23699, 236.0342559814453
23703, 236.05026245117188
23707, 236.06625366210938
23711, 236.08226013183594
23715, 236.09825134277344
23719, 236.1142578125
23723, 236.1302490234375
23727, 236.14625549316406
23731, 236.16226196289062
23735, 236.17825317382812
23739, 236.1942596435547
23743, 236.2102508544922
23747, 236.22625732421875
23751, 236.24224853515625
23755, 236.2582550048828
23759, 236.27426147460938
23763, 236.29025268554688
23767, 236.30625915527344
23771, 236.32225036621094
23775, 236.3382568359375
23779, 236.354248046875
23783, 236.37025451660156
23787, 236.38626098632812
23791, 236.40225219726562
23795, 236.4182586669922
23799, 236.4342498779297
23803, 236.45025634765625
23807, 236.46624755859375
23811, 236.4822540283203
23815, 236.49826049804688
23819, 236.51425170898438
23823, 236.53025817871094
23827, 236.54624938964844
23831, 236.562255859375
23835, 236.57826232910156
23839, 236.59425354003906
23843, 236.61026000976562
23847, 236.62625122070312
23851, 236.6422576904297
23855, 236.6582489013672
23859, 236.67425537109375
23863, 236.6902618408203
23867, 236.7062530517578
23871, 236.72225952148438
23875, 236.73825073242188
23879, 236.75425720214844
23883, 236.77024841308594
23887, 236.7862548828125
23891, 236.80226135253906
23895, 236.81825256347656
23899, 236.83425903320312
23903, 236.85025024414062
23907, 236.8662567138672
23911, 236.8822479248047
23915, 236.89825439453125
23919, 236.9142608642578
23923, 236.9302520751953
23927, 236.94625854492188
23931, 236.96224975585938
23935, 236.97825622558594
23939, 236.99424743652344
23943, 237.01025390625
23947, 237.02626037597656
23951, 237.04225158691406
23955, 237.05825805664062
23959, 237.07424926757812
23963, 237.0902557373047
23967, 237.10626220703125
23971, 237.12225341796875
23975, 237.1382598876953
23979, 237.1542510986328
23983, 237.17025756835938
23987, 237.18624877929688
23991, 237.20225524902344
23995, 237.21826171875
23999, 237.2342529296875
24003, 237.25025939941406
24007, 237.26625061035156
24011, 237.28225708007812
24015, 237.29824829101562
24019, 237.3142547607422
24023, 237.33026123046875
24027, 237.34625244140625
24031, 237.3622589111328
24035, 237.3782501220703
24039, 237.39425659179688
24043, 237.41024780273438
24047, 237.42625427246094
24051, 237.4422607421875
24055, 237.458251953125
24059, 237.47425842285156
24063, 237.49024963378906
24067, 237.50625610351562
24071, 237.5222625732422
24075, 237.5382537841797
24079, 237.55426025390625
24083, 237.57025146484375
24087, 237.5862579345703
24091, 237.6022491455078
24095, 237.61825561523438
24099, 237.63426208496094
24103, 237.65025329589844
24107, 237.666259765625
24111, 237.6822509765625
24115, 237.69825744628906
24119, 237.71424865722656
24123, 237.73025512695312
24127, 237.7462615966797
24131, 237.7622528076172
24135, 237.77825927734375
24139, 237.79425048828125
24143, 237.8102569580078
24147, 237.8262481689453
24151, 237.84225463867188
24155, 237.85826110839844
24159, 237.87425231933594
24163, 237.8902587890625
24167, 237.90625
24171, 237.92225646972656
24175, 237.93824768066406
24179, 237.95425415039062
24183, 237.9702606201172
24187, 237.9862518310547
24191, 238.00225830078125
24195, 238.01824951171875
24199, 238.0342559814453
24203, 238.05026245117188
24207, 238.06625366210938
24211, 238.08226013183594
24215, 238.09825134277344
24219, 238.1142578125
24223, 238.1302490234375
24227, 238.14625549316406
24231, 238.16226196289062
24235, 238.17825317382812
24239, 238.1942596435547
24243, 238.2102508544922
24247, 238.22625732421875
24251, 238.24224853515625
24255, 238.2582550048828
24259, 238.27426147460938
24263, 238.29025268554688
24267, 238.30625915527344
24271, 238.32225036621094
24275, 238.3382568359375
24279, 238.354248046875
24283, 238.37025451660156
24287, 238.38626098632812
24291, 238.40225219726562
24295, 238.4182586669922
24299, 238.4342498779297
24303, 238.45025634765625
24307, 238.46624755859375
24311, 238.4822540283203
24315, 238.49826049804688
24319, 238.51425170898438
24323, 238.53025817871094
24327, 238.54624938964844
24331, 238.562255859375
24335, 238.57826232910156
24339, 238.59425354003906
24343, 238.61026000976562
24347, 238.62625122070312
24351, 238.6422576904297
24355, 238.6582489013672
24359, 238.67425537109375
24363, 238.6902618408203
24367, 238.7062530517578
24371, 238.72225952148438
24375, 238.73825073242188
24379, 238.75425720214844
24383, 238.77024841308594
24387, 238.7862548828125
24391, 238.80226135253906
24395, 238.81825256347656
24399, 238.83425903320312
24403, 238.85025024414062
24407, 238.8662567138672
24411, 238.8822479248047
24415, 238.89825439453125
24419, 238.9142608642578
24423, 238.9302520751953
24427, 238.94625854492188
24431, 238.96224975585938
24435, 238.97825622558594
24439, 238.99424743652344
24443, 239.01025390625
24447, 239.02626037597656
24451, 239.04225158691406
24455, 239.05825805664062
24459, 239.07424926757812
24463, 239.0902557373047
24467, 239.10626220703125
24471, 239.12225341796875
24475, 239.1382598876953
24479, 239.1542510986328
24483, 239.17025756835938
24487, 239.18624877929688
24491, 239.20225524902344
24495, 239.21826171875
24499, 239.2342529296875
24503, 239.25025939941406
24507, 239.26625061035156
24511, 239.28225708007812
24515, 239.29824829101562
24519, 239.3142547607422
24523, 239.33026123046875
24527, 239.34625244140625
24531, 239.3622589111328
24535, 239.3782501220703
24539, 239.39425659179688
24543, 239.41024780273438
24547, 239.42625427246094
24551, 239.4422607421875
24555, 239.458251953125
24559, 239.47425842285156
24563, 239.49024963378906
24567, 239.50625610351562
24571, 239.5222625732422
24575, 239.5382537841797
24579, 239.55426025390625
24583, 239.57025146484375
24587, 239.5862579345703
24591, 239.6022491455078
24595, 239.61825561523438
24599, 239.63426208496094
24603, 239.65025329589844
24607, 239.666259765625
24611, 239.6822509765625
24615, 239.69825744628906
24619, 239.71424865722656
24623, 239.73025512695312
24627, 239.7462615966797
24631, 239.7622528076172
24635, 239.77825927734375
24639, 239.79425048828125
24643, 239.8102569580078
24647, 239.8262481689453
24651, 239.84225463867188
24655, 239.85826110839844
24659, 239.87425231933594
24663, 239.8902587890625
24667, 239.90625
24671, 239.92225646972656
24675, 239.93824768066406
24679, 239.95425415039062
24683, 239.9702606201172
24687, 239.9862518310547
24691, 240.00225830078125
24695, 240.01824951171875
24699, 240.0342559814453
24703, 240.05026245117188
24707, 240.06625366210938
24711, 240.08226013183594
24715, 240.09825134277344
24719, 240.1142578125
24723, 240.1302490234375
24727, 240.14625549316406
24731, 240.16226196289062
24735, 240.17825317382812
24739, 240.1942596435547
24743, 240.2102508544922
24747, 240.22625732421875
24751, 240.24224853515625
24755, 240.2582550048828
24759, 240.27426147460938
24763, 240.29025268554688
24767, 240.30625915527344
24771, 240.32225036621094
24775, 240.3382568359375
24779, 240.354248046875
24783, 240.37025451660156
24787, 240.38626098632812
24791, 240.40225219726562
24795, 240.4182586669922
24799, 240.4342498779297
24803, 240.45025634765625
24807, 240.46624755859375
24811, 240.4822540283203
24815, 240.49826049804688
24819, 240.51425170898438
24823, 240.53025817871094
24827, 240.54624938964844
24831, 240.562255859375
24835, 240.57826232910156
24839, 240.59425354003906
24843, 240.61026000976562
24847, 240.62625122070312
24851, 240.6422576904297
24855, 240.6582489013672
24859, 240.67425537109375
24863, 240.6902618408203
24867, 240.7062530517578
24871, 240.72225952148438
24875, 240.73825073242188
24879, 240.75425720214844
24883, 240.77024841308594
24887, 240.7862548828125
24891, 240.80226135253906
24895, 240.81825256347656
24899, 240.83425903320312
24903, 240.85025024414062
24907, 240.8662567138672
24911, 240.8822479248047
24915, 240.89825439453125
24919, 240.9142608642578
24923, 240.9302520751953
24927, 240.94625854492188
24931, 240.96224975585938
24935, 240.97825622558594
24939, 240.99424743652344
24943, 241.01025390625
24947, 241.02626037597656
24951, 241.04225158691406
24955, 241.05825805664062
24959, 241.07424926757812
24963, 241.0902557373047
24967, 241.10626220703125
24971, 241.12225341796875
24975, 241.1382598876953
24979, 241.1542510986328
24983, 241.17025756835938
24987, 241.18624877929688
24991, 241.20225524902344
24995, 241.21826171875
24999, 241.2342529296875
25003, 241.25025939941406
25007, 241.26625061035156
25011, 241.28225708007812
25015, 241.29824829101562
25019, 241.3142547607422
25023, 241.33026123046875
25027, 241.34625244140625
25031, 241.3622589111328
25035, 241.3782501220703
25039, 241.39425659179688
25043, 241.41024780273438
25047, 241.42625427246094
25051, 241.4422607421875
25055, 241.458251953125
25059, 241.47425842285156
25063, 241.49024963378906
25067, 241.50625610351562
25071, 241.5222625732422
25075, 241.5382537841797
25079, 241.55426025390625
25083, 241.57025146484375
25087, 241.5862579345703
25091, 241.6022491455078
25095, 241.61825561523438
25099, 241.63426208496094
25103, 241.65025329589844
25107, 241.666259765625
25111, 241.6822509765625
25115, 241.69825744628906
25119, 241.71424865722656
25123, 241.73025512695312
25127, 241.7462615966797
25131, 241.7622528076172
25135, 241.77825927734375
25139, 241.79425048828125
25143, 241.8102569580078
25147, 241.8262481689453
25151, 241.84225463867188
25155, 241.85826110839844
25159, 241.87425231933594
25163, 241.8902587890625
25167, 241.90625
25171, 241.92225646972656
25175, 241.93824768066406
25179, 241.95425415039062
25183, 241.9702606201172
25187, 241.9862518310547
25191, 242.00225830078125
25195, 242.01824951171875
25199, 242.0342559814453
25203, 242.05026245117188
25207, 242.06625366210938
25211, 242.08226013183594
25215, 242.09825134277344
25219, 242.1142578125
25223, 242.1302490234375
25227, 242.14625549316406
25231, 242.16226196289062
25235, 242.17825317382812
25239, 242.1942596435547
25243, 242.2102508544922
25247, 242.22625732421875
25251, 242.24224853515625
25255, 242.2582550048828
25259, 242.27426147460938
25263, 242.29025268554688
25267, 242.30625915527344
25271, 242.32225036621094
25275, 242.3382568359375
25279, 242.354248046875
25283, 242.37025451660156
25287, 242.38626098632812
25291, 242.40225219726562
25295, 242.4182586669922
25299, 242.4342498779297
25303, 242.45025634765625
25307, 242.46624755859375
25311, 242.4822540283203
25315, 242.49826049804688
25319, 242.51425170898438
25323, 242.53025817871094
25327, 242.54624938964844
25331, 242.562255859375
25335, 242.57826232910156
25339, 242.59425354003906
25343, 242.61026000976562
25347, 242.62625122070312
25351, 242.6422576904297
25355, 242.6582489013672
25359, 242.67425537109375
25363, 242.6902618408203
25367, 242.7062530517578
25371, 242.72225952148438
25375, 242.73825073242188
25379, 242.75425720214844
25383, 242.77024841308594
25387, 242.7862548828125
25391, 242.80226135253906
25395, 242.81825256347656
25399, 242.83425903320312
25403, 242.85025024414062
25407, 242.8662567138672
25411, 242.8822479248047
25415, 242.89825439453125
25419, 242.9142608642578
25423, 242.9302520751953
25427, 242.94625854492188
25431, 242.96224975585938
25435, 242.97825622558594
25439, 242.99424743652344
25443, 243.01025390625
25447, 243.02626037597656
25451, 243.04225158691406
25455, 243.05825805664062
25459, 243.07424926757812
25463, 243.0902557373047
25467, 243.10626220703125
25471, 243.12225341796875
25475, 243.1382598876953
25479, 243.1542510986328
25483, 243.17025756835938
25487, 243.18624877929688
25491, 243.20225524902344
25495, 243.21826171875
25499, 243.2342529296875
25503, 243.25025939941406
25507, 243.26625061035156
25511, 243.28225708007812
25515, 243.29824829101562
25519, 243.3142547607422
25523, 243.33026123046875
25527, 243.34625244140625
25531, 243.3622589111328
25535, 243.3782501220703
25539, 243.39425659179688
25543, 243.41024780273438
25547, 243.42625427246094
25551, 243.4422607421875
25555, 243.458251953125
25559, 243.47425842285156
25563, 243.49024963378906
25567, 243.50625610351562
25571, 243.5222625732422
25575, 243.5382537841797
25579, 243.55426025390625
25583, 243.57025146484375
25587, 243.5862579345703
25591, 243.6022491455078
25595, 243.61825561523438
25599, 243.63426208496094
25603, 243.65025329589844
25607, 243.666259765625
25611, 243.6822509765625
25615, 243.69825744628906
25619, 243.71424865722656
25623, 243.73025512695312
25627, 243.7462615966797
25631, 243.7622528076172
25635, 243.77825927734375
25639, 243.79425048828125
25643, 243.8102569580078
25647, 243.8262481689453
25651, 243.84225463867188
25655, 243.85826110839844
25659, 243.87425231933594
25663, 243.8902587890625
25667, 243.90625
25671, 243.92225646972656
25675, 243.93824768066406
25679, 243.95425415039062
25683, 243.9702606201172
25687, 243.9862518310547
25691, 244.00225830078125
25695, 244.01824951171875
25699, 244.0342559814453
25703, 244.05026245117188
25707, 244.06625366210938
25711, 244.08226013183594
25715, 244.09825134277344
25719, 244.1142578125
25723, 244.1302490234375
25727, 244.14625549316406
25731, 244.16226196289062
25735, 244.17825317382812
25739, 244.1942596435547
25743, 244.2102508544922
25747, 244.22625732421875
25751, 244.24224853515625
25755, 244.2582550048828
25759, 244.27426147460938
25763, 244.29025268554688
25767, 244.30625915527344
25771, 244.32225036621094
25775, 244.3382568359375
25779, 244.354248046875
25783, 244.37025451660156
25787, 244.38626098632812
25791, 244.40225219726562
25795, 244.4182586669922
25799, 244.4342498779297
25803, 244.45025634765625
25807, 244.46624755859375
25811, 244.4822540283203
25815, 244.49826049804688
25819, 244.51425170898438
25823, 244.53025817871094
25827, 244.54624938964844
25831, 244.562255859375
25835, 244.57826232910156
25839, 244.59425354003906
25843, 244.61026000976562
25847, 244.62625122070312
25851, 244.6422576904297
25855, 244.6582489013672
25859, 244.67425537109375
25863, 244.6902618408203
25867, 244.7062530517578
25871, 244.72225952148438
25875, 244.73825073242188
25879, 244.75425720214844
25883, 244.77024841308594
25887, 244.7862548828125
25891, 244.80226135253906
25895, 244.81825256347656
25899, 244.83425903320312
25903, 244.85025024414062
25907, 244.8662567138672
25911, 244.8822479248047
25915, 244.89825439453125
25919, 244.9142608642578
25923, 244.9302520751953
25927, 244.94625854492188
25931, 244.96224975585938
25935, 244.97825622558594
25939, 244.99424743652344
25943, 245.01025390625
25947, 245.02626037597656
25951, 245.04225158691406
25955, 245.05825805664062
25959, 245.07424926757812
25963, 245.0902557373047
25967, 245.10626220703125
25971, 245.12225341796875
25975, 245.1382598876953
25979, 245.1542510986328
25983, 245.17025756835938
25987, 245.18624877929688
25991, 245.20225524902344
25995, 245.21826171875
25999, 245.2342529296875
26003, 245.25025939941406
26007, 245.26625061035156
26011, 245.28225708007812
26015, 245.29824829101562
26019, 245.3142547607422
26023, 245.33026123046875
26027, 245.34625244140625
26031, 245.3622589111328
26035, 245.3782501220703
26039, 245.39425659179688
26043, 245.41024780273438
26047, 245.42625427246094
26051, 245.4422607421875
26055, 245.458251953125
26059, 245.47425842285156
26063, 245.49024963378906
26067, 245.50625610351562
26071, 245.5222625732422
26075, 245.5382537841797
26079, 245.55426025390625
26083, 245.57025146484375
26087, 245.5862579345703
26091, 245.6022491455078
26095, 245.61825561523438
26099, 245.63426208496094
26103, 245.65025329589844
26107, 245.666259765625
26111, 245.6822509765625
26115, 245.69825744628906
26119, 245.71424865722656
26123, 245.73025512695312
26127, 245.7462615966797
26131, 245.7622528076172
26135, 245.77825927734375
26139, 245.79425048828125
26143, 245.8102569580078
26147, 245.8262481689453
26151, 245.84225463867188
26155, 245.85826110839844
26159, 245.87425231933594
26163, 245.8902587890625
26167, 245.90625
26171, 245.92225646972656
26175, 245.93824768066406
26179, 245.95425415039062
26183, 245.9702606201172
26187, 245.9862518310547
26191, 246.00225830078125
26195, 246.01824951171875
26199, 246.0342559814453
26203, 246.05026245117188
26207, 246.06625366210938
26211, 246.08226013183594
26215, 246.09825134277344
26219, 246.1142578125
26223, 246.1302490234375
26227, 246.14625549316406
26231, 246.16226196289062
26235, 246.17825317382812
26239, 246.1942596435547
26243, 246.2102508544922
26247, 246.22625732421875
26251, 246.24224853515625
26255, 246.2582550048828
26259, 246.27426147460938
26263, 246.29025268554688
26267, 246.30625915527344
26271, 246.32225036621094
26275, 246.3382568359375
26279, 246.354248046875
26283, 246.37025451660156
26287, 246.38626098632812
26291, 246.40225219726562
26295, 246.4182586669922
26299, 246.4342498779297
26303, 246.45025634765625
26307, 246.46624755859375
26311, 246.4822540283203
26315, 246.49826049804688
26319, 246.51425170898438
