0, 0.0
1, 0.004000000189989805
2, 0.00800000037997961
3, 0.012000000104308128
4, 0.01600000075995922
5, 0.019999999552965164
6, 0.024000000208616257
7, 0.02800000086426735
8, 0.03200000151991844
9, 0.035999998450279236
10, 0.03999999910593033
11, 0.04399999976158142
12, 0.04800000041723251
13, 0.052000001072883606
14, 0.0560000017285347
15, 0.05999999865889549
16, 0.06400000303983688
17, 0.06800000369548798
18, 0.07199999690055847
19, 0.07599999755620956
20, 0.07999999821186066
21, 0.08399999886751175
22, 0.08799999952316284
23, 0.09200000017881393
24, 0.09600000083446503
25, 0.10000000149011612
26, 0.10400000214576721
27, 0.1080000028014183
28, 0.1120000034570694
29, 0.11599999666213989
30, 0.11999999731779099
31, 0.12399999797344208
32, 0.12800000607967377
33, 0.13199999928474426
34, 0.13600000739097595
35, 0.14000000059604645
36, 0.14399999380111694
37, 0.14800000190734863
38, 0.15199999511241913
39, 0.15600000321865082
40, 0.1599999964237213
41, 0.164000004529953
42, 0.1679999977350235
43, 0.1720000058412552
44, 0.17599999904632568
45, 0.18000000715255737
46, 0.18400000035762787
47, 0.18799999356269836
48, 0.19200000166893005
49, 0.19599999487400055
50, 0.20000000298023224
51, 0.20399999618530273
52, 0.20800000429153442
53, 0.21199999749660492
54, 0.2160000056028366
55, 0.2199999988079071
56, 0.2240000069141388
57, 0.2280000001192093
58, 0.23199999332427979
59, 0.23600000143051147
60, 0.23999999463558197
61, 0.24400000274181366
62, 0.24799999594688416
63, 0.25200000405311584
64, 0.25600001215934753
65, 0.25999999046325684
66, 0.2639999985694885
67, 0.2680000066757202
68, 0.2720000147819519
69, 0.2759999930858612
70, 0.2800000011920929
71, 0.2840000092983246
72, 0.2879999876022339
73, 0.2919999957084656
74, 0.29600000381469727
75, 0.30000001192092896
76, 0.30399999022483826
77, 0.30799999833106995
78, 0.31200000643730164
79, 0.3160000145435333
80, 0.3199999928474426
81, 0.3240000009536743
82, 0.328000009059906
83, 0.3319999873638153
84, 0.335999995470047
85, 0.3400000035762787
86, 0.3440000116825104
87, 0.3479999899864197
88, 0.35199999809265137
89, 0.35600000619888306
90, 0.36000001430511475
91, 0.36399999260902405
92, 0.36800000071525574
93, 0.3720000088214874
94, 0.37599998712539673
95, 0.3799999952316284
96, 0.3840000033378601
97, 0.3880000114440918
98, 0.3919999897480011
99, 0.3959999978542328
100, 0.4000000059604645
101, 0.40400001406669617
102, 0.40799999237060547
103, 0.41200000047683716
104, 0.41600000858306885
105, 0.41999998688697815
106, 0.42399999499320984
107, 0.42800000309944153
108, 0.4320000112056732
109, 0.4359999895095825
110, 0.4399999976158142
111, 0.4440000057220459
112, 0.4480000138282776
113, 0.4519999921321869
114, 0.4560000002384186
115, 0.46000000834465027
116, 0.46399998664855957
117, 0.46799999475479126
118, 0.47200000286102295
119, 0.47600001096725464
120, 0.47999998927116394
121, 0.48399999737739563
122, 0.4880000054836273
123, 0.492000013589859
124, 0.4959999918937683
125, 0.5
126, 0.5040000081062317
127, 0.5080000162124634
128, 0.5120000243186951
129, 0.515999972820282
130, 0.5199999809265137
131, 0.5239999890327454
132, 0.527999997138977
133, 0.5320000052452087
134, 0.5360000133514404
135, 0.5400000214576721
136, 0.5440000295639038
137, 0.5479999780654907
138, 0.5519999861717224
139, 0.5559999942779541
140, 0.5600000023841858
141, 0.5640000104904175
142, 0.5680000185966492
143, 0.5720000267028809
144, 0.5759999752044678
145, 0.5799999833106995
146, 0.5839999914169312
147, 0.5879999995231628
148, 0.5920000076293945
149, 0.5960000157356262
150, 0.6000000238418579
151, 0.6039999723434448
152, 0.6079999804496765
153, 0.6119999885559082
154, 0.6159999966621399
155, 0.6200000047683716
156, 0.6240000128746033
157, 0.628000020980835
158, 0.6320000290870667
159, 0.6359999775886536
160, 0.6399999856948853
161, 0.6439999938011169
162, 0.6480000019073486
163, 0.6520000100135803
164, 0.656000018119812
165, 0.6600000262260437
166, 0.6639999747276306
167, 0.6679999828338623
168, 0.671999990940094
169, 0.6759999990463257
170, 0.6800000071525574
171, 0.6840000152587891
172, 0.6880000233650208
173, 0.6919999718666077
174, 0.6959999799728394
175, 0.699999988079071
176, 0.7039999961853027
177, 0.7080000042915344
178, 0.7120000123977661
179, 0.7160000205039978
180, 0.7200000286102295
181, 0.7239999771118164
182, 0.7279999852180481
183, 0.7319999933242798
184, 0.7360000014305115
185, 0.7400000095367432
186, 0.7440000176429749
187, 0.7480000257492065
188, 0.7519999742507935
189, 0.7559999823570251
190, 0.7599999904632568
191, 0.7639999985694885
192, 0.7680000066757202
193, 0.7720000147819519
194, 0.7760000228881836
195, 0.7799999713897705
196, 0.7839999794960022
197, 0.7879999876022339
198, 0.7919999957084656
199, 0.7960000038146973
200, 0.800000011920929
201, 0.8040000200271606
202, 0.8080000281333923
203, 0.8119999766349792
204, 0.8159999847412109
205, 0.8199999928474426
206, 0.8240000009536743
207, 0.828000009059906
208, 0.8320000171661377
209, 0.8360000252723694
210, 0.8399999737739563
211, 0.843999981880188
212, 0.8479999899864197
213, 0.8519999980926514
214, 0.8560000061988831
215, 0.8600000143051147
216, 0.8640000224113464
217, 0.8679999709129333
218, 0.871999979019165
219, 0.8759999871253967
220, 0.8799999952316284
221, 0.8840000033378601
222, 0.8880000114440918
223, 0.8920000195503235
224, 0.8960000276565552
225, 0.8999999761581421
226, 0.9039999842643738
227, 0.9079999923706055
228, 0.9120000004768372
229, 0.9160000085830688
230, 0.9200000166893005
231, 0.9240000247955322
232, 0.9279999732971191
233, 0.9319999814033508
234, 0.9359999895095825
235, 0.9399999976158142
236, 0.9440000057220459
237, 0.9480000138282776
238, 0.9520000219345093
239, 0.9559999704360962
240, 0.9599999785423279
241, 0.9639999866485596
242, 0.9679999947547913
243, 0.972000002861023
244, 0.9760000109672546
245, 0.9800000190734863
246, 0.984000027179718
247, 0.9879999756813049
248, 0.9919999837875366
249, 0.9959999918937683
250, 1.0
251, 1.003999948501587
252, 1.0080000162124634
253, 1.0119999647140503
254, 1.0160000324249268
255, 1.0199999809265137
256, 1.0240000486373901
257, 1.027999997138977
258, 1.031999945640564
259, 1.0360000133514404
260, 1.0399999618530273
261, 1.0440000295639038
262, 1.0479999780654907
263, 1.0520000457763672
264, 1.055999994277954
265, 1.059999942779541
266, 1.0640000104904175
267, 1.0679999589920044
268, 1.0720000267028809
269, 1.0759999752044678
270, 1.0800000429153442
271, 1.0839999914169312
272, 1.0880000591278076
273, 1.0920000076293945
274, 1.0959999561309814
275, 1.100000023841858
276, 1.1039999723434448
277, 1.1080000400543213
278, 1.1119999885559082
279, 1.1160000562667847
280, 1.1200000047683716
281, 1.1239999532699585
282, 1.128000020980835
283, 1.1319999694824219
284, 1.1360000371932983
285, 1.1399999856948853
286, 1.1440000534057617
287, 1.1480000019073486
288, 1.1519999504089355
289, 1.156000018119812
290, 1.159999966621399
291, 1.1640000343322754
292, 1.1679999828338623
293, 1.1720000505447388
294, 1.1759999990463257
295, 1.1799999475479126
296, 1.184000015258789
297, 1.187999963760376
298, 1.1920000314712524
299, 1.1959999799728394
300, 1.2000000476837158
301, 1.2039999961853027
302, 1.2079999446868896
303, 1.2120000123977661
304, 1.215999960899353
305, 1.2200000286102295
306, 1.2239999771118164
307, 1.2280000448226929
308, 1.2319999933242798
309, 1.2359999418258667
310, 1.2400000095367432
311, 1.24399995803833
312, 1.2480000257492065
313, 1.2519999742507935
314, 1.25600004196167
315, 1.2599999904632568
316, 1.2640000581741333
317, 1.2680000066757202
318, 1.2719999551773071
319, 1.2760000228881836
320, 1.2799999713897705
321, 1.284000039100647
322, 1.2879999876022339
323, 1.2920000553131104
324, 1.2960000038146973
325, 1.2999999523162842
326, 1.3040000200271606
327, 1.3079999685287476
328, 1.312000036239624
329, 1.315999984741211
330, 1.3200000524520874
331, 1.3240000009536743
332, 1.3279999494552612
333, 1.3320000171661377
334, 1.3359999656677246
335, 1.340000033378601
336, 1.343999981880188
337, 1.3480000495910645
338, 1.3519999980926514
339, 1.3559999465942383
340, 1.3600000143051147
341, 1.3639999628067017
342, 1.3680000305175781
343, 1.371999979019165
344, 1.3760000467300415
345, 1.3799999952316284
346, 1.3839999437332153
347, 1.3880000114440918
348, 1.3919999599456787
349, 1.3960000276565552
350, 1.399999976158142
351, 1.4040000438690186
352, 1.4079999923706055
353, 1.4119999408721924
354, 1.4160000085830688
355, 1.4199999570846558
356, 1.4240000247955322
357, 1.4279999732971191
358, 1.4320000410079956
359, 1.4359999895095825
360, 1.440000057220459
361, 1.444000005722046
362, 1.4479999542236328
363, 1.4520000219345093
364, 1.4559999704360962
365, 1.4600000381469727
366, 1.4639999866485596
367, 1.468000054359436
368, 1.472000002861023
369, 1.4759999513626099
370, 1.4800000190734863
371, 1.4839999675750732
372, 1.4880000352859497
373, 1.4919999837875366
374, 1.496000051498413
375, 1.5
376, 1.503999948501587
377, 1.5080000162124634
378, 1.5119999647140503
379, 1.5160000324249268
380, 1.5199999809265137
381, 1.5240000486373901
382, 1.527999997138977
383, 1.531999945640564
384, 1.5360000133514404
385, 1.5399999618530273
386, 1.5440000295639038
387, 1.5479999780654907
388, 1.5520000457763672
389, 1.555999994277954
390, 1.559999942779541
391, 1.5640000104904175
392, 1.5679999589920044
393, 1.5720000267028809
394, 1.5759999752044678
395, 1.5800000429153442
396, 1.5839999914169312
397, 1.5880000591278076
398, 1.5920000076293945
399, 1.5959999561309814
400, 1.600000023841858
401, 1.6039999723434448
402, 1.6080000400543213
403, 1.6119999885559082
404, 1.6160000562667847
405, 1.6200000047683716
406, 1.6239999532699585
407, 1.628000020980835
408, 1.6319999694824219
409, 1.6360000371932983
410, 1.6399999856948853
411, 1.6440000534057617
412, 1.6480000019073486
413, 1.6519999504089355
414, 1.656000018119812
415, 1.659999966621399
416, 1.6640000343322754
417, 1.6679999828338623
418, 1.6720000505447388
419, 1.6759999990463257
420, 1.6799999475479126
421, 1.684000015258789
422, 1.687999963760376
423, 1.6920000314712524
424, 1.6959999799728394
425, 1.7000000476837158
426, 1.7039999961853027
427, 1.7079999446868896
428, 1.7120000123977661
429, 1.715999960899353
430, 1.7200000286102295
431, 1.7239999771118164
432, 1.7280000448226929
433, 1.7319999933242798
434, 1.7359999418258667
435, 1.7400000095367432
436, 1.74399995803833
437, 1.7480000257492065
438, 1.7519999742507935
439, 1.75600004196167
440, 1.7599999904632568
441, 1.7640000581741333
442, 1.7680000066757202
443, 1.7719999551773071
444, 1.7760000228881836
445, 1.7799999713897705
446, 1.784000039100647
447, 1.7879999876022339
448, 1.7920000553131104
449, 1.7960000038146973
450, 1.7999999523162842
451, 1.8040000200271606
452, 1.8079999685287476
453, 1.812000036239624
454, 1.815999984741211
455, 1.8200000524520874
456, 1.8240000009536743
457, 1.8279999494552612
458, 1.8320000171661377
459, 1.8359999656677246
460, 1.840000033378601
461, 1.843999981880188
462, 1.8480000495910645
463, 1.8519999980926514
464, 1.8559999465942383
465, 1.8600000143051147
466, 1.8639999628067017
467, 1.8680000305175781
468, 1.871999979019165
469, 1.8760000467300415
470, 1.8799999952316284
471, 1.8839999437332153
472, 1.8880000114440918
473, 1.8919999599456787
474, 1.8960000276565552
475, 1.899999976158142
476, 1.9040000438690186
477, 1.9079999923706055
478, 1.9119999408721924
479, 1.9160000085830688
480, 1.9199999570846558
481, 1.9240000247955322
482, 1.9279999732971191
483, 1.9320000410079956
484, 1.9359999895095825
485, 1.940000057220459
486, 1.944000005722046
487, 1.9479999542236328
488, 1.9520000219345093
489, 1.9559999704360962
490, 1.9600000381469727
491, 1.9639999866485596
492, 1.968000054359436
493, 1.972000002861023
494, 1.9759999513626099
495, 1.9800000190734863
496, 1.9839999675750732
497, 1.9880000352859497
498, 1.9919999837875366
499, 1.996000051498413
500, 2.0
501, 2.003999948501587
502, 2.007999897003174
503, 2.01200008392334
504, 2.0160000324249268
505, 2.0199999809265137
506, 2.0239999294281006
507, 2.0280001163482666
508, 2.0320000648498535
509, 2.0360000133514404
510, 2.0399999618530273
511, 2.0439999103546143
512, 2.0480000972747803
513, 2.052000045776367
514, 2.055999994277954
515, 2.059999942779541
516, 2.063999891281128
517, 2.068000078201294
518, 2.072000026702881
519, 2.0759999752044678
520, 2.0799999237060547
521, 2.0840001106262207
522, 2.0880000591278076
523, 2.0920000076293945
524, 2.0959999561309814
525, 2.0999999046325684
526, 2.1040000915527344
527, 2.1080000400543213
528, 2.111999988555908
529, 2.115999937057495
530, 2.119999885559082
531, 2.124000072479248
532, 2.128000020980835
533, 2.131999969482422
534, 2.135999917984009
535, 2.140000104904175
536, 2.1440000534057617
537, 2.1480000019073486
538, 2.1519999504089355
539, 2.1559998989105225
540, 2.1600000858306885
541, 2.1640000343322754
542, 2.1679999828338623
543, 2.171999931335449
544, 2.1760001182556152
545, 2.180000066757202
546, 2.184000015258789
547, 2.187999963760376
548, 2.191999912261963
549, 2.196000099182129
550, 2.200000047683716
551, 2.2039999961853027
552, 2.2079999446868896
553, 2.2119998931884766
554, 2.2160000801086426
555, 2.2200000286102295
556, 2.2239999771118164
557, 2.2279999256134033
558, 2.2320001125335693
559, 2.2360000610351562
560, 2.240000009536743
561, 2.24399995803833
562, 2.247999906539917
563, 2.252000093460083
564, 2.25600004196167
565, 2.259999990463257
566, 2.2639999389648438
567, 2.2679998874664307
568, 2.2720000743865967
569, 2.2760000228881836
570, 2.2799999713897705
571, 2.2839999198913574
572, 2.2880001068115234
573, 2.2920000553131104
574, 2.2960000038146973
575, 2.299999952316284
576, 2.303999900817871
577, 2.308000087738037
578, 2.312000036239624
579, 2.315999984741211
580, 2.319999933242798
581, 2.3239998817443848
582, 2.328000068664551
583, 2.3320000171661377
584, 2.3359999656677246
585, 2.3399999141693115
586, 2.3440001010894775
587, 2.3480000495910645
588, 2.3519999980926514
589, 2.3559999465942383
590, 2.359999895095825
591, 2.364000082015991
592, 2.368000030517578
593, 2.371999979019165
594, 2.375999927520752
595, 2.380000114440918
596, 2.384000062942505
597, 2.388000011444092
598, 2.3919999599456787
599, 2.3959999084472656
600, 2.4000000953674316
601, 2.4040000438690186
602, 2.4079999923706055
603, 2.4119999408721924
604, 2.4159998893737793
605, 2.4200000762939453
606, 2.4240000247955322
607, 2.427999973297119
608, 2.431999921798706
609, 2.436000108718872
610, 2.440000057220459
611, 2.444000005722046
612, 2.447999954223633
613, 2.4519999027252197
614, 2.4560000896453857
615, 2.4600000381469727
616, 2.4639999866485596
617, 2.4679999351501465
618, 2.4719998836517334
619, 2.4760000705718994
620, 2.4800000190734863
621, 2.4839999675750732
622, 2.48799991607666
623, 2.492000102996826
624, 2.496000051498413
625, 2.5
626, 2.503999948501587
627, 2.507999897003174
628, 2.51200008392334
629, 2.5160000324249268
630, 2.5199999809265137
631, 2.5239999294281006
632, 2.5280001163482666
633, 2.5320000648498535
634, 2.5360000133514404
635, 2.5399999618530273
636, 2.5439999103546143
637, 2.5480000972747803
638, 2.552000045776367
639, 2.555999994277954
640, 2.559999942779541
641, 2.563999891281128
642, 2.568000078201294
643, 2.572000026702881
644, 2.5759999752044678
645, 2.5799999237060547
646, 2.5840001106262207
647, 2.5880000591278076
648, 2.5920000076293945
649, 2.5959999561309814
650, 2.5999999046325684
651, 2.6040000915527344
652, 2.6080000400543213
653, 2.611999988555908
654, 2.615999937057495
655, 2.619999885559082
656, 2.624000072479248
657, 2.628000020980835
658, 2.631999969482422
659, 2.635999917984009
660, 2.640000104904175
661, 2.6440000534057617
662, 2.6480000019073486
663, 2.6519999504089355
664, 2.6559998989105225
665, 2.6600000858306885
666, 2.6640000343322754
667, 2.6679999828338623
668, 2.671999931335449
669, 2.6760001182556152
670, 2.680000066757202
671, 2.684000015258789
672, 2.687999963760376
673, 2.691999912261963
674, 2.696000099182129
675, 2.700000047683716
676, 2.7039999961853027
677, 2.7079999446868896
678, 2.7119998931884766
679, 2.7160000801086426
680, 2.7200000286102295
681, 2.7239999771118164
682, 2.7279999256134033
683, 2.7320001125335693
684, 2.7360000610351562
685, 2.740000009536743
686, 2.74399995803833
687, 2.747999906539917
688, 2.752000093460083
689, 2.75600004196167
690, 2.759999990463257
691, 2.7639999389648438
692, 2.7679998874664307
693, 2.7720000743865967
694, 2.7760000228881836
695, 2.7799999713897705
696, 2.7839999198913574
697, 2.7880001068115234
698, 2.7920000553131104
699, 2.7960000038146973
700, 2.799999952316284
701, 2.803999900817871
702, 2.808000087738037
703, 2.812000036239624
704, 2.815999984741211
705, 2.819999933242798
706, 2.8239998817443848
707, 2.828000068664551
708, 2.8320000171661377
709, 2.8359999656677246
710, 2.8399999141693115
711, 2.8440001010894775
712, 2.8480000495910645
713, 2.8519999980926514
714, 2.8559999465942383
715, 2.859999895095825
716, 2.864000082015991
717, 2.868000030517578
718, 2.871999979019165
719, 2.875999927520752
720, 2.880000114440918
721, 2.884000062942505
722, 2.888000011444092
723, 2.8919999599456787
724, 2.8959999084472656
725, 2.9000000953674316
726, 2.9040000438690186
727, 2.9079999923706055
728, 2.9119999408721924
729, 2.9159998893737793
730, 2.9200000762939453
731, 2.9240000247955322
732, 2.927999973297119
733, 2.931999921798706
734, 2.936000108718872
735, 2.940000057220459
736, 2.944000005722046
737, 2.947999954223633
738, 2.9519999027252197
739, 2.9560000896453857
740, 2.9600000381469727
741, 2.9639999866485596
742, 2.9679999351501465
743, 2.9719998836517334
744, 2.9760000705718994
745, 2.9800000190734863
746, 2.9839999675750732
747, 2.98799991607666
748, 2.992000102996826
749, 2.996000051498413
750, 3.0
751, 3.003999948501587
752, 3.007999897003174
753, 3.01200008392334
754, 3.0160000324249268
755, 3.0199999809265137
756, 3.0239999294281006
757, 3.0280001163482666
758, 3.0320000648498535
759, 3.0360000133514404
760, 3.0399999618530273
761, 3.0439999103546143
762, 3.0480000972747803
763, 3.052000045776367
764, 3.055999994277954
765, 3.059999942779541
766, 3.063999891281128
767, 3.068000078201294
768, 3.072000026702881
769, 3.0759999752044678
770, 3.0799999237060547
771, 3.0840001106262207
772, 3.0880000591278076
773, 3.0920000076293945
774, 3.0959999561309814
775, 3.0999999046325684
776, 3.1040000915527344
777, 3.1080000400543213
778, 3.111999988555908
779, 3.115999937057495
780, 3.119999885559082
781, 3.124000072479248
782, 3.128000020980835
783, 3.131999969482422
784, 3.135999917984009
785, 3.140000104904175
786, 3.1440000534057617
787, 3.1480000019073486
788, 3.1519999504089355
789, 3.1559998989105225
790, 3.1600000858306885
791, 3.1640000343322754
792, 3.1679999828338623
793, 3.171999931335449
794, 3.1760001182556152
795, 3.180000066757202
796, 3.184000015258789
797, 3.187999963760376
798, 3.191999912261963
799, 3.196000099182129
800, 3.200000047683716
801, 3.2039999961853027
802, 3.2079999446868896
803, 3.2119998931884766
804, 3.2160000801086426
805, 3.2200000286102295
806, 3.2239999771118164
807, 3.2279999256134033
808, 3.2320001125335693
809, 3.2360000610351562
810, 3.240000009536743
811, 3.24399995803833
812, 3.247999906539917
813, 3.252000093460083
814, 3.25600004196167
815, 3.259999990463257
816, 3.2639999389648438
817, 3.2679998874664307
818, 3.2720000743865967
819, 3.2760000228881836
820, 3.2799999713897705
821, 3.2839999198913574
822, 3.2880001068115234
823, 3.2920000553131104
824, 3.2960000038146973
825, 3.299999952316284
826, 3.303999900817871
827, 3.308000087738037
828, 3.312000036239624
829, 3.315999984741211
830, 3.319999933242798
831, 3.3239998817443848
832, 3.328000068664551
833, 3.3320000171661377
834, 3.3359999656677246
835, 3.3399999141693115
836, 3.3440001010894775
837, 3.3480000495910645
838, 3.3519999980926514
839, 3.3559999465942383
840, 3.359999895095825
841, 3.364000082015991
842, 3.368000030517578
843, 3.371999979019165
844, 3.375999927520752
845, 3.380000114440918
846, 3.384000062942505
847, 3.388000011444092
848, 3.3919999599456787
849, 3.3959999084472656
850, 3.4000000953674316
851, 3.4040000438690186
852, 3.4079999923706055
853, 3.4119999408721924
854, 3.4159998893737793
855, 3.4200000762939453
856, 3.4240000247955322
857, 3.427999973297119
858, 3.431999921798706
859, 3.436000108718872
860, 3.440000057220459
861, 3.444000005722046
862, 3.447999954223633
863, 3.4519999027252197
864, 3.4560000896453857
865, 3.4600000381469727
866, 3.4639999866485596
867, 3.4679999351501465
868, 3.4719998836517334
869, 3.4760000705718994
870, 3.4800000190734863
871, 3.4839999675750732
872, 3.48799991607666
873, 3.492000102996826
874, 3.496000051498413
875, 3.5
876, 3.503999948501587
877, 3.507999897003174
878, 3.51200008392334
879, 3.5160000324249268
880, 3.5199999809265137
881, 3.5239999294281006
882, 3.5280001163482666
883, 3.5320000648498535
884, 3.5360000133514404
885, 3.5399999618530273
886, 3.5439999103546143
887, 3.5480000972747803
888, 3.552000045776367
889, 3.555999994277954
890, 3.559999942779541
891, 3.563999891281128
892, 3.568000078201294
893, 3.572000026702881
894, 3.5759999752044678
895, 3.5799999237060547
896, 3.5840001106262207
897, 3.5880000591278076
898, 3.5920000076293945
899, 3.5959999561309814
900, 3.5999999046325684
901, 3.6040000915527344
902, 3.6080000400543213
903, 3.611999988555908
904, 3.615999937057495
905, 3.619999885559082
906, 3.624000072479248
907, 3.628000020980835
908, 3.631999969482422
909, 3.635999917984009
910, 3.640000104904175
911, 3.6440000534057617
912, 3.6480000019073486
913, 3.6519999504089355
914, 3.6559998989105225
915, 3.6600000858306885
916, 3.6640000343322754
917, 3.6679999828338623
918, 3.671999931335449
919, 3.6760001182556152
920, 3.680000066757202
921, 3.684000015258789
922, 3.687999963760376
923, 3.691999912261963
924, 3.696000099182129
925, 3.700000047683716
926, 3.7039999961853027
927, 3.7079999446868896
928, 3.7119998931884766
929, 3.7160000801086426
930, 3.7200000286102295
931, 3.7239999771118164
932, 3.7279999256134033
933, 3.7320001125335693
934, 3.7360000610351562
935, 3.740000009536743
936, 3.74399995803833
937, 3.747999906539917
938, 3.752000093460083
939, 3.75600004196167
940, 3.759999990463257
941, 3.7639999389648438
942, 3.7679998874664307
943, 3.7720000743865967
944, 3.7760000228881836
945, 3.7799999713897705
946, 3.7839999198913574
947, 3.7880001068115234
948, 3.7920000553131104
949, 3.7960000038146973
950, 3.799999952316284
951, 3.803999900817871
952, 3.808000087738037
953, 3.812000036239624
954, 3.815999984741211
955, 3.819999933242798
956, 3.8239998817443848
957, 3.828000068664551
958, 3.8320000171661377
959, 3.8359999656677246
960, 3.8399999141693115
961, 3.8440001010894775
962, 3.8480000495910645
963, 3.8519999980926514
964, 3.8559999465942383
965, 3.859999895095825
966, 3.864000082015991
967, 3.868000030517578
968, 3.871999979019165
969, 3.875999927520752
970, 3.880000114440918
971, 3.884000062942505
972, 3.888000011444092
973, 3.8919999599456787
974, 3.8959999084472656
975, 3.9000000953674316
976, 3.9040000438690186
977, 3.9079999923706055
978, 3.9119999408721924
979, 3.9159998893737793
980, 3.9200000762939453
981, 3.9240000247955322
982, 3.927999973297119
983, 3.931999921798706
984, 3.936000108718872
985, 3.940000057220459
986, 3.944000005722046
987, 3.947999954223633
988, 3.9519999027252197
989, 3.9560000896453857
990, 3.9600000381469727
991, 3.9639999866485596
992, 3.9679999351501465
993, 3.9719998836517334
994, 3.9760000705718994
995, 3.9800000190734863
996, 3.9839999675750732
997, 3.98799991607666
998, 3.992000102996826
999, 3.996000051498413
1000, 4.0
1001, 4.004000186920166
1002, 4.007999897003174
1003, 4.01200008392334
1004, 4.015999794006348
1005, 4.019999980926514
1006, 4.02400016784668
1007, 4.0279998779296875
1008, 4.0320000648498535
1009, 4.035999774932861
1010, 4.039999961853027
1011, 4.044000148773193
1012, 4.047999858856201
1013, 4.052000045776367
1014, 4.056000232696533
1015, 4.059999942779541
1016, 4.064000129699707
1017, 4.067999839782715
1018, 4.072000026702881
1019, 4.076000213623047
1020, 4.079999923706055
1021, 4.084000110626221
1022, 4.0879998207092285
1023, 4.0920000076293945
1024, 4.0960001945495605
1025, 4.099999904632568
1026, 4.104000091552734
1027, 4.107999801635742
1028, 4.111999988555908
1029, 4.116000175476074
1030, 4.119999885559082
1031, 4.124000072479248
1032, 4.127999782562256
1033, 4.131999969482422
1034, 4.136000156402588
1035, 4.139999866485596
1036, 4.144000053405762
1037, 4.1479997634887695
1038, 4.1519999504089355
1039, 4.156000137329102
1040, 4.159999847412109
1041, 4.164000034332275
1042, 4.168000221252441
1043, 4.171999931335449
1044, 4.176000118255615
1045, 4.179999828338623
1046, 4.184000015258789
1047, 4.188000202178955
1048, 4.191999912261963
1049, 4.196000099182129
1050, 4.199999809265137
1051, 4.203999996185303
1052, 4.208000183105469
1053, 4.211999893188477
1054, 4.216000080108643
1055, 4.21999979019165
1056, 4.223999977111816
1057, 4.228000164031982
1058, 4.23199987411499
1059, 4.236000061035156
1060, 4.239999771118164
1061, 4.24399995803833
1062, 4.248000144958496
1063, 4.251999855041504
1064, 4.25600004196167
1065, 4.260000228881836
1066, 4.263999938964844
1067, 4.26800012588501
1068, 4.271999835968018
1069, 4.276000022888184
1070, 4.28000020980835
1071, 4.283999919891357
1072, 4.288000106811523
1073, 4.291999816894531
1074, 4.296000003814697
1075, 4.300000190734863
1076, 4.303999900817871
1077, 4.308000087738037
1078, 4.311999797821045
1079, 4.315999984741211
1080, 4.320000171661377
1081, 4.323999881744385
1082, 4.328000068664551
1083, 4.331999778747559
1084, 4.335999965667725
1085, 4.340000152587891
1086, 4.343999862670898
1087, 4.3480000495910645
1088, 4.3520002365112305
1089, 4.355999946594238
1090, 4.360000133514404
1091, 4.363999843597412
1092, 4.368000030517578
1093, 4.372000217437744
1094, 4.375999927520752
1095, 4.380000114440918
1096, 4.383999824523926
1097, 4.388000011444092
1098, 4.392000198364258
1099, 4.395999908447266
1100, 4.400000095367432
1101, 4.4039998054504395
1102, 4.4079999923706055
1103, 4.4120001792907715
1104, 4.415999889373779
1105, 4.420000076293945
1106, 4.423999786376953
1107, 4.427999973297119
1108, 4.432000160217285
1109, 4.435999870300293
1110, 4.440000057220459
1111, 4.443999767303467
1112, 4.447999954223633
1113, 4.452000141143799
1114, 4.455999851226807
1115, 4.460000038146973
1116, 4.464000225067139
1117, 4.4679999351501465
1118, 4.4720001220703125
1119, 4.47599983215332
1120, 4.480000019073486
1121, 4.484000205993652
1122, 4.48799991607666
1123, 4.492000102996826
1124, 4.495999813079834
1125, 4.5
1126, 4.504000186920166
1127, 4.507999897003174
1128, 4.51200008392334
1129, 4.515999794006348
1130, 4.519999980926514
1131, 4.52400016784668
1132, 4.5279998779296875
1133, 4.5320000648498535
1134, 4.535999774932861
1135, 4.539999961853027
1136, 4.544000148773193
1137, 4.547999858856201
1138, 4.552000045776367
1139, 4.556000232696533
1140, 4.559999942779541
1141, 4.564000129699707
1142, 4.567999839782715
1143, 4.572000026702881
1144, 4.576000213623047
1145, 4.579999923706055
1146, 4.584000110626221
1147, 4.5879998207092285
1148, 4.5920000076293945
1149, 4.5960001945495605
1150, 4.599999904632568
1151, 4.604000091552734
1152, 4.607999801635742
1153, 4.611999988555908
1154, 4.616000175476074
1155, 4.619999885559082
1156, 4.624000072479248
1157, 4.627999782562256
1158, 4.631999969482422
1159, 4.636000156402588
1160, 4.639999866485596
1161, 4.644000053405762
1162, 4.6479997634887695
1163, 4.6519999504089355
1164, 4.656000137329102
1165, 4.659999847412109
1166, 4.664000034332275
1167, 4.668000221252441
1168, 4.671999931335449
1169, 4.676000118255615
1170, 4.679999828338623
1171, 4.684000015258789
1172, 4.688000202178955
1173, 4.691999912261963
1174, 4.696000099182129
1175, 4.699999809265137
1176, 4.703999996185303
1177, 4.708000183105469
1178, 4.711999893188477
1179, 4.716000080108643
1180, 4.71999979019165
1181, 4.723999977111816
1182, 4.728000164031982
1183, 4.73199987411499
1184, 4.736000061035156
1185, 4.739999771118164
1186, 4.74399995803833
1187, 4.748000144958496
1188, 4.751999855041504
1189, 4.75600004196167
1190, 4.760000228881836
1191, 4.763999938964844
1192, 4.76800012588501
1193, 4.771999835968018
1194, 4.776000022888184
1195, 4.78000020980835
1196, 4.783999919891357
1197, 4.788000106811523
1198, 4.791999816894531
1199, 4.796000003814697
1200, 4.800000190734863
1201, 4.803999900817871
1202, 4.808000087738037
1203, 4.811999797821045
1204, 4.815999984741211
1205, 4.820000171661377
1206, 4.823999881744385
1207, 4.828000068664551
1208, 4.831999778747559
1209, 4.835999965667725
1210, 4.840000152587891
1211, 4.843999862670898
1212, 4.8480000495910645
1213, 4.8520002365112305
1214, 4.855999946594238
1215, 4.860000133514404
1216, 4.863999843597412
1217, 4.868000030517578
1218, 4.872000217437744
1219, 4.875999927520752
1220, 4.880000114440918
1221, 4.883999824523926
1222, 4.888000011444092
1223, 4.892000198364258
1224, 4.895999908447266
1225, 4.900000095367432
1226, 4.9039998054504395
1227, 4.9079999923706055
1228, 4.9120001792907715
1229, 4.915999889373779
1230, 4.920000076293945
1231, 4.923999786376953
1232, 4.927999973297119
1233, 4.932000160217285
1234, 4.935999870300293
1235, 4.940000057220459
1236, 4.943999767303467
1237, 4.947999954223633
1238, 4.952000141143799
1239, 4.955999851226807
1240, 4.960000038146973
1241, 4.964000225067139
1242, 4.9679999351501465
1243, 4.9720001220703125
1244, 4.97599983215332
1245, 4.980000019073486
1246, 4.984000205993652
1247, 4.98799991607666
1248, 4.992000102996826
1249, 4.995999813079834
1250, 5.0
1251, 5.004000186920166
1252, 5.007999897003174
1253, 5.01200008392334
1254, 5.015999794006348
1255, 5.019999980926514
1256, 5.02400016784668
1257, 5.0279998779296875
1258, 5.0320000648498535
1259, 5.035999774932861
1260, 5.039999961853027
1261, 5.044000148773193
1262, 5.047999858856201
1263, 5.052000045776367
1264, 5.056000232696533
1265, 5.059999942779541
1266, 5.064000129699707
1267, 5.067999839782715
1268, 5.072000026702881
1269, 5.076000213623047
1270, 5.079999923706055
1271, 5.084000110626221
1272, 5.0879998207092285
1273, 5.0920000076293945
1274, 5.0960001945495605
1275, 5.099999904632568
1276, 5.104000091552734
1277, 5.107999801635742
1278, 5.111999988555908
1279, 5.116000175476074
1280, 5.119999885559082
1281, 5.124000072479248
1282, 5.127999782562256
1283, 5.131999969482422
1284, 5.136000156402588
1285, 5.139999866485596
1286, 5.144000053405762
1287, 5.1479997634887695
1288, 5.1519999504089355
1289, 5.156000137329102
1290, 5.159999847412109
1291, 5.164000034332275
1292, 5.168000221252441
1293, 5.171999931335449
1294, 5.176000118255615
1295, 5.179999828338623
1296, 5.184000015258789
1297, 5.188000202178955
1298, 5.191999912261963
1299, 5.196000099182129
1300, 5.199999809265137
1301, 5.203999996185303
1302, 5.208000183105469
1303, 5.211999893188477
1304, 5.216000080108643
1305, 5.21999979019165
1306, 5.223999977111816
1307, 5.228000164031982
1308, 5.23199987411499
1309, 5.236000061035156
1310, 5.239999771118164
1311, 5.24399995803833
1312, 5.248000144958496
1313, 5.251999855041504
1314, 5.25600004196167
1315, 5.260000228881836
1316, 5.263999938964844
1317, 5.26800012588501
1318, 5.271999835968018
1319, 5.276000022888184
1320, 5.28000020980835
1321, 5.283999919891357
1322, 5.288000106811523
1323, 5.291999816894531
1324, 5.296000003814697
1325, 5.300000190734863
1326, 5.303999900817871
1327, 5.308000087738037
1328, 5.311999797821045
1329, 5.315999984741211
1330, 5.320000171661377
1331, 5.323999881744385
1332, 5.328000068664551
1333, 5.331999778747559
1334, 5.335999965667725
1335, 5.340000152587891
1336, 5.343999862670898
1337, 5.3480000495910645
1338, 5.3520002365112305
1339, 5.355999946594238
1340, 5.360000133514404
1341, 5.363999843597412
1342, 5.368000030517578
1343, 5.372000217437744
1344, 5.375999927520752
1345, 5.380000114440918
1346, 5.383999824523926
1347, 5.388000011444092
1348, 5.392000198364258
1349, 5.395999908447266
1350, 5.400000095367432
1351, 5.4039998054504395
1352, 5.4079999923706055
1353, 5.4120001792907715
1354, 5.415999889373779
1355, 5.420000076293945
1356, 5.423999786376953
1357, 5.427999973297119
1358, 5.432000160217285
1359, 5.435999870300293
1360, 5.440000057220459
1361, 5.443999767303467
1362, 5.447999954223633
1363, 5.452000141143799
1364, 5.455999851226807
1365, 5.460000038146973
1366, 5.464000225067139
1367, 5.4679999351501465
1368, 5.4720001220703125
1369, 5.47599983215332
1370, 5.480000019073486
1371, 5.484000205993652
1372, 5.48799991607666
1373, 5.492000102996826
1374, 5.495999813079834
1375, 5.5
1376, 5.504000186920166
1377, 5.507999897003174
1378, 5.51200008392334
1379, 5.515999794006348
1380, 5.519999980926514
1381, 5.52400016784668
1382, 5.5279998779296875
1383, 5.5320000648498535
1384, 5.535999774932861
1385, 5.539999961853027
1386, 5.544000148773193
1387, 5.547999858856201
1388, 5.552000045776367
1389, 5.556000232696533
1390, 5.559999942779541
1391, 5.564000129699707
1392, 5.567999839782715
1393, 5.572000026702881
1394, 5.576000213623047
1395, 5.579999923706055
1396, 5.584000110626221
1397, 5.5879998207092285
1398, 5.5920000076293945
1399, 5.5960001945495605
1400, 5.599999904632568
1401, 5.604000091552734
1402, 5.607999801635742
1403, 5.611999988555908
1404, 5.616000175476074
1405, 5.619999885559082
1406, 5.624000072479248
1407, 5.627999782562256
1408, 5.631999969482422
1409, 5.636000156402588
1410, 5.639999866485596
1411, 5.644000053405762
1412, 5.6479997634887695
1413, 5.6519999504089355
1414, 5.656000137329102
1415, 5.659999847412109
1416, 5.664000034332275
1417, 5.668000221252441
1418, 5.671999931335449
1419, 5.676000118255615
1420, 5.679999828338623
1421, 5.684000015258789
1422, 5.688000202178955
1423, 5.691999912261963
1424, 5.696000099182129
1425, 5.699999809265137
1426, 5.703999996185303
1427, 5.708000183105469
1428, 5.711999893188477
1429, 5.716000080108643
1430, 5.71999979019165
1431, 5.723999977111816
1432, 5.728000164031982
1433, 5.73199987411499
1434, 5.736000061035156
1435, 5.739999771118164
1436, 5.74399995803833
1437, 5.748000144958496
1438, 5.751999855041504
1439, 5.75600004196167
1440, 5.760000228881836
1441, 5.763999938964844
1442, 5.76800012588501
1443, 5.771999835968018
1444, 5.776000022888184
1445, 5.78000020980835
1446, 5.783999919891357
1447, 5.788000106811523
1448, 5.791999816894531
1449, 5.796000003814697
1450, 5.800000190734863
1451, 5.803999900817871
1452, 5.808000087738037
1453, 5.811999797821045
1454, 5.815999984741211
1455, 5.820000171661377
1456, 5.823999881744385
1457, 5.828000068664551
1458, 5.831999778747559
1459, 5.835999965667725
1460, 5.840000152587891
1461, 5.843999862670898
1462, 5.8480000495910645
1463, 5.8520002365112305
1464, 5.855999946594238
1465, 5.860000133514404
1466, 5.863999843597412
1467, 5.868000030517578
1468, 5.872000217437744
1469, 5.875999927520752
1470, 5.880000114440918
1471, 5.883999824523926
1472, 5.888000011444092
1473, 5.892000198364258
1474, 5.895999908447266
1475, 5.900000095367432
1476, 5.9039998054504395
1477, 5.9079999923706055
1478, 5.9120001792907715
1479, 5.915999889373779
1480, 5.920000076293945
1481, 5.923999786376953
1482, 5.927999973297119
1483, 5.932000160217285
1484, 5.935999870300293
1485, 5.940000057220459
1486, 5.943999767303467
1487, 5.947999954223633
1488, 5.952000141143799
1489, 5.955999851226807
1490, 5.960000038146973
1491, 5.964000225067139
1492, 5.9679999351501465
1493, 5.9720001220703125
1494, 5.97599983215332
1495, 5.980000019073486
1496, 5.984000205993652
1497, 5.98799991607666
1498, 5.992000102996826
1499, 5.995999813079834
1500, 6.0
1501, 6.004000186920166
1502, 6.007999897003174
1503, 6.01200008392334
1504, 6.015999794006348
1505, 6.019999980926514
1506, 6.02400016784668
1507, 6.0279998779296875
1508, 6.0320000648498535
1509, 6.035999774932861
1510, 6.039999961853027
1511, 6.044000148773193
1512, 6.047999858856201
1513, 6.052000045776367
1514, 6.056000232696533
1515, 6.059999942779541
1516, 6.064000129699707
1517, 6.067999839782715
1518, 6.072000026702881
1519, 6.076000213623047
1520, 6.079999923706055
1521, 6.084000110626221
1522, 6.0879998207092285
1523, 6.0920000076293945
1524, 6.0960001945495605
1525, 6.099999904632568
1526, 6.104000091552734
1527, 6.107999801635742
1528, 6.111999988555908
1529, 6.116000175476074
1530, 6.119999885559082
1531, 6.124000072479248
1532, 6.127999782562256
1533, 6.131999969482422
1534, 6.136000156402588
1535, 6.139999866485596
1536, 6.144000053405762
1537, 6.1479997634887695
1538, 6.1519999504089355
1539, 6.156000137329102
1540, 6.159999847412109
1541, 6.164000034332275
1542, 6.168000221252441
1543, 6.171999931335449
1544, 6.176000118255615
1545, 6.179999828338623
1546, 6.184000015258789
1547, 6.188000202178955
1548, 6.191999912261963
1549, 6.196000099182129
1550, 6.199999809265137
1551, 6.203999996185303
1552, 6.208000183105469
1553, 6.211999893188477
1554, 6.216000080108643
1555, 6.21999979019165
1556, 6.223999977111816
1557, 6.228000164031982
1558, 6.23199987411499
1559, 6.236000061035156
1560, 6.239999771118164
1561, 6.24399995803833
1562, 6.248000144958496
1563, 6.251999855041504
1564, 6.25600004196167
1565, 6.260000228881836
1566, 6.263999938964844
1567, 6.26800012588501
1568, 6.271999835968018
1569, 6.276000022888184
1570, 6.28000020980835
1571, 6.283999919891357
1572, 6.288000106811523
1573, 6.291999816894531
1574, 6.296000003814697
1575, 6.300000190734863
1576, 6.303999900817871
1577, 6.308000087738037
1578, 6.311999797821045
1579, 6.315999984741211
1580, 6.320000171661377
1581, 6.323999881744385
1582, 6.328000068664551
1583, 6.331999778747559
1584, 6.335999965667725
1585, 6.340000152587891
1586, 6.343999862670898
1587, 6.3480000495910645
1588, 6.3520002365112305
1589, 6.355999946594238
1590, 6.360000133514404
1591, 6.363999843597412
1592, 6.368000030517578
1593, 6.372000217437744
1594, 6.375999927520752
1595, 6.380000114440918
1596, 6.383999824523926
1597, 6.388000011444092
1598, 6.392000198364258
1599, 6.395999908447266
1600, 6.400000095367432
1601, 6.4039998054504395
1602, 6.4079999923706055
1603, 6.4120001792907715
1604, 6.415999889373779
1605, 6.420000076293945
1606, 6.423999786376953
1607, 6.427999973297119
1608, 6.432000160217285
1609, 6.435999870300293
1610, 6.440000057220459
1611, 6.443999767303467
1612, 6.447999954223633
1613, 6.452000141143799
1614, 6.455999851226807
1615, 6.460000038146973
1616, 6.464000225067139
1617, 6.4679999351501465
1618, 6.4720001220703125
1619, 6.47599983215332
1620, 6.480000019073486
1621, 6.484000205993652
1622, 6.48799991607666
1623, 6.492000102996826
1624, 6.495999813079834
1625, 6.5
1626, 6.504000186920166
1627, 6.507999897003174
1628, 6.51200008392334
1629, 6.515999794006348
1630, 6.519999980926514
1631, 6.52400016784668
1632, 6.5279998779296875
1633, 6.5320000648498535
1634, 6.535999774932861
1635, 6.539999961853027
1636, 6.544000148773193
1637, 6.547999858856201
1638, 6.552000045776367
1639, 6.556000232696533
1640, 6.559999942779541
1641, 6.564000129699707
1642, 6.567999839782715
1643, 6.572000026702881
1644, 6.576000213623047
1645, 6.579999923706055
1646, 6.584000110626221
1647, 6.5879998207092285
1648, 6.5920000076293945
1649, 6.5960001945495605
1650, 6.599999904632568
1651, 6.604000091552734
1652, 6.607999801635742
1653, 6.611999988555908
1654, 6.616000175476074
1655, 6.619999885559082
1656, 6.624000072479248
1657, 6.627999782562256
1658, 6.631999969482422
1659, 6.636000156402588
1660, 6.639999866485596
1661, 6.644000053405762
1662, 6.6479997634887695
1663, 6.6519999504089355
1664, 6.656000137329102
1665, 6.659999847412109
1666, 6.664000034332275
1667, 6.668000221252441
1668, 6.671999931335449
1669, 6.676000118255615
1670, 6.679999828338623
1671, 6.684000015258789
1672, 6.688000202178955
1673, 6.691999912261963
1674, 6.696000099182129
1675, 6.699999809265137
1676, 6.703999996185303
1677, 6.708000183105469
1678, 6.711999893188477
1679, 6.716000080108643
1680, 6.71999979019165
1681, 6.723999977111816
1682, 6.728000164031982
1683, 6.73199987411499
1684, 6.736000061035156
1685, 6.739999771118164
1686, 6.74399995803833
1687, 6.748000144958496
1688, 6.751999855041504
1689, 6.75600004196167
1690, 6.760000228881836
1691, 6.763999938964844
1692, 6.76800012588501
1693, 6.771999835968018
1694, 6.776000022888184
1695, 6.78000020980835
1696, 6.783999919891357
1697, 6.788000106811523
1698, 6.791999816894531
1699, 6.796000003814697
1700, 6.800000190734863
1701, 6.803999900817871
1702, 6.808000087738037
1703, 6.811999797821045
1704, 6.815999984741211
1705, 6.820000171661377
1706, 6.823999881744385
1707, 6.828000068664551
1708, 6.831999778747559
1709, 6.835999965667725
1710, 6.840000152587891
1711, 6.843999862670898
1712, 6.8480000495910645
1713, 6.8520002365112305
1714, 6.855999946594238
1715, 6.860000133514404
1716, 6.863999843597412
1717, 6.868000030517578
1718, 6.872000217437744
1719, 6.875999927520752
1720, 6.880000114440918
1721, 6.883999824523926
1722, 6.888000011444092
1723, 6.892000198364258
1724, 6.895999908447266
1725, 6.900000095367432
1726, 6.9039998054504395
1727, 6.9079999923706055
1728, 6.9120001792907715
1729, 6.915999889373779
1730, 6.920000076293945
1731, 6.923999786376953
1732, 6.927999973297119
1733, 6.932000160217285
1734, 6.935999870300293
1735, 6.940000057220459
1736, 6.943999767303467
1737, 6.947999954223633
1738, 6.952000141143799
1739, 6.955999851226807
1740, 6.960000038146973
1741, 6.964000225067139
1742, 6.9679999351501465
1743, 6.9720001220703125
1744, 6.97599983215332
1745, 6.980000019073486
1746, 6.984000205993652
1747, 6.98799991607666
1748, 6.992000102996826
1749, 6.995999813079834
1750, 7.0
1751, 7.004000186920166
1752, 7.007999897003174
1753, 7.01200008392334
1754, 7.015999794006348
1755, 7.019999980926514
1756, 7.02400016784668
1757, 7.0279998779296875
1758, 7.0320000648498535
1759, 7.035999774932861
1760, 7.039999961853027
1761, 7.044000148773193
1762, 7.047999858856201
1763, 7.052000045776367
1764, 7.056000232696533
1765, 7.059999942779541
1766, 7.064000129699707
1767, 7.067999839782715
1768, 7.072000026702881
1769, 7.076000213623047
1770, 7.079999923706055
1771, 7.084000110626221
1772, 7.0879998207092285
1773, 7.0920000076293945
1774, 7.0960001945495605
1775, 7.099999904632568
1776, 7.104000091552734
1777, 7.107999801635742
1778, 7.111999988555908
1779, 7.116000175476074
1780, 7.119999885559082
1781, 7.124000072479248
1782, 7.127999782562256
1783, 7.131999969482422
1784, 7.136000156402588
1785, 7.139999866485596
1786, 7.144000053405762
1787, 7.1479997634887695
1788, 7.1519999504089355
1789, 7.156000137329102
1790, 7.159999847412109
1791, 7.164000034332275
1792, 7.168000221252441
1793, 7.171999931335449
1794, 7.176000118255615
1795, 7.179999828338623
1796, 7.184000015258789
1797, 7.188000202178955
1798, 7.191999912261963
1799, 7.196000099182129
1800, 7.199999809265137
1801, 7.203999996185303
1802, 7.208000183105469
1803, 7.211999893188477
1804, 7.216000080108643
1805, 7.21999979019165
1806, 7.223999977111816
1807, 7.228000164031982
1808, 7.23199987411499
1809, 7.236000061035156
1810, 7.239999771118164
1811, 7.24399995803833
1812, 7.248000144958496
1813, 7.251999855041504
1814, 7.25600004196167
1815, 7.260000228881836
1816, 7.263999938964844
1817, 7.26800012588501
1818, 7.271999835968018
1819, 7.276000022888184
1820, 7.28000020980835
1821, 7.283999919891357
1822, 7.288000106811523
1823, 7.291999816894531
1824, 7.296000003814697
1825, 7.300000190734863
1826, 7.303999900817871
1827, 7.308000087738037
1828, 7.311999797821045
1829, 7.315999984741211
1830, 7.320000171661377
1831, 7.323999881744385
1832, 7.328000068664551
1833, 7.331999778747559
1834, 7.335999965667725
1835, 7.340000152587891
1836, 7.343999862670898
1837, 7.3480000495910645
1838, 7.3520002365112305
1839, 7.355999946594238
1840, 7.360000133514404
1841, 7.363999843597412
1842, 7.368000030517578
1843, 7.372000217437744
1844, 7.375999927520752
1845, 7.380000114440918
1846, 7.383999824523926
1847, 7.388000011444092
1848, 7.392000198364258
1849, 7.395999908447266
1850, 7.400000095367432
1851, 7.4039998054504395
1852, 7.4079999923706055
1853, 7.4120001792907715
1854, 7.415999889373779
1855, 7.420000076293945
1856, 7.423999786376953
1857, 7.427999973297119
1858, 7.432000160217285
1859, 7.435999870300293
1860, 7.440000057220459
1861, 7.443999767303467
1862, 7.447999954223633
1863, 7.452000141143799
1864, 7.455999851226807
1865, 7.460000038146973
1866, 7.464000225067139
1867, 7.4679999351501465
1868, 7.4720001220703125
1869, 7.47599983215332
1870, 7.480000019073486
1871, 7.484000205993652
1872, 7.48799991607666
1873, 7.492000102996826
1874, 7.495999813079834
1875, 7.5
1876, 7.504000186920166
1877, 7.507999897003174
1878, 7.51200008392334
1879, 7.515999794006348
1880, 7.519999980926514
1881, 7.52400016784668
1882, 7.5279998779296875
1883, 7.5320000648498535
1884, 7.535999774932861
1885, 7.539999961853027
1886, 7.544000148773193
1887, 7.547999858856201
1888, 7.552000045776367
1889, 7.556000232696533
1890, 7.559999942779541
1891, 7.564000129699707
1892, 7.567999839782715
1893, 7.572000026702881
1894, 7.576000213623047
1895, 7.579999923706055
1896, 7.584000110626221
1897, 7.5879998207092285
1898, 7.5920000076293945
1899, 7.5960001945495605
1900, 7.599999904632568
1901, 7.604000091552734
1902, 7.607999801635742
1903, 7.611999988555908
1904, 7.616000175476074
1905, 7.619999885559082
1906, 7.624000072479248
1907, 7.627999782562256
1908, 7.631999969482422
1909, 7.636000156402588
1910, 7.639999866485596
1911, 7.644000053405762
1912, 7.6479997634887695
1913, 7.6519999504089355
1914, 7.656000137329102
1915, 7.659999847412109
1916, 7.664000034332275
1917, 7.668000221252441
1918, 7.671999931335449
1919, 7.676000118255615
1920, 7.679999828338623
1921, 7.684000015258789
1922, 7.688000202178955
1923, 7.691999912261963
1924, 7.696000099182129
1925, 7.699999809265137
1926, 7.703999996185303
1927, 7.708000183105469
1928, 7.711999893188477
1929, 7.716000080108643
1930, 7.71999979019165
1931, 7.723999977111816
1932, 7.728000164031982
1933, 7.73199987411499
1934, 7.736000061035156
1935, 7.739999771118164
1936, 7.74399995803833
1937, 7.748000144958496
1938, 7.751999855041504
1939, 7.75600004196167
1940, 7.760000228881836
1941, 7.763999938964844
1942, 7.76800012588501
1943, 7.771999835968018
1944, 7.776000022888184
1945, 7.78000020980835
1946, 7.783999919891357
1947, 7.788000106811523
1948, 7.791999816894531
1949, 7.796000003814697
1950, 7.800000190734863
1951, 7.803999900817871
1952, 7.808000087738037
1953, 7.811999797821045
1954, 7.815999984741211
1955, 7.820000171661377
1956, 7.823999881744385
1957, 7.828000068664551
1958, 7.831999778747559
1959, 7.835999965667725
1960, 7.840000152587891
1961, 7.843999862670898
1962, 7.8480000495910645
1963, 7.8520002365112305
1964, 7.855999946594238
1965, 7.860000133514404
1966, 7.863999843597412
1967, 7.868000030517578
1968, 7.872000217437744
1969, 7.875999927520752
1970, 7.880000114440918
1971, 7.883999824523926
1972, 7.888000011444092
1973, 7.892000198364258
1974, 7.895999908447266
1975, 7.900000095367432
1976, 7.9039998054504395
1977, 7.9079999923706055
1978, 7.9120001792907715
1979, 7.915999889373779
1980, 7.920000076293945
1981, 7.923999786376953
1982, 7.927999973297119
1983, 7.932000160217285
1984, 7.935999870300293
1985, 7.940000057220459
1986, 7.943999767303467
1987, 7.947999954223633
1988, 7.952000141143799
1989, 7.955999851226807
1990, 7.960000038146973
1991, 7.964000225067139
1992, 7.9679999351501465
1993, 7.9720001220703125
1994, 7.97599983215332
1995, 7.980000019073486
1996, 7.984000205993652
1997, 7.98799991607666
1998, 7.992000102996826
1999, 7.995999813079834
2000, 8.004098892211914
2001, 8.008098602294922
2002, 8.012099266052246
2003, 8.016098976135254
2004, 8.020098686218262
2005, 8.024099349975586
2006, 8.028099060058594
2007, 8.032098770141602
2008, 8.036099433898926
2009, 8.040099143981934
2010, 8.044098854064941
2011, 8.04809856414795
2012, 8.052099227905273
2013, 8.056098937988281
2014, 8.060098648071289
2015, 8.064099311828613
2016, 8.068099021911621
2017, 8.072098731994629
2018, 8.076099395751953
2019, 8.080099105834961
2020, 8.084098815917969
2021, 8.088098526000977
2022, 8.0920991897583
2023, 8.096098899841309
2024, 8.100098609924316
2025, 8.10409927368164
2026, 8.108098983764648
2027, 8.112098693847656
2028, 8.11609935760498
2029, 8.120099067687988
2030, 8.124098777770996
2031, 8.12809944152832
2032, 8.132099151611328
2033, 8.136098861694336
2034, 8.140098571777344
2035, 8.144099235534668
2036, 8.148098945617676
2037, 8.152098655700684
2038, 8.156099319458008
2039, 8.160099029541016
2040, 8.164098739624023
2041, 8.168099403381348
2042, 8.172099113464355
2043, 8.176098823547363
2044, 8.180098533630371
2045, 8.184099197387695
2046, 8.188098907470703
2047, 8.192098617553711
2048, 8.196099281311035
2049, 8.200098991394043
2050, 8.20409870147705
2051, 8.208099365234375
2052, 8.212099075317383
2053, 8.21609878540039
2054, 8.220099449157715
2055, 8.224099159240723
2056, 8.22809886932373
2057, 8.232098579406738
2058, 8.236099243164062
2059, 8.24009895324707
2060, 8.244098663330078
2061, 8.248099327087402
2062, 8.25209903717041
2063, 8.256098747253418
2064, 8.260099411010742
2065, 8.26409912109375
2066, 8.268098831176758
2067, 8.272098541259766
2068, 8.27609920501709
2069, 8.280098915100098
2070, 8.284098625183105
2071, 8.28809928894043
2072, 8.292098999023438
2073, 8.296098709106445
2074, 8.30009937286377
2075, 8.304099082946777
2076, 8.308098793029785
2077, 8.31209945678711
2078, 8.316099166870117
2079, 8.320098876953125
2080, 8.324098587036133
2081, 8.328099250793457
2082, 8.332098960876465
2083, 8.336098670959473
2084, 8.340099334716797
2085, 8.344099044799805
2086, 8.348098754882812
2087, 8.352099418640137
2088, 8.356099128723145
2089, 8.360098838806152
2090, 8.36409854888916
2091, 8.368099212646484
2092, 8.372098922729492
2093, 8.3760986328125
2094, 8.380099296569824
2095, 8.384099006652832
2096, 8.38809871673584
2097, 8.392099380493164
2098, 8.396099090576172
2099, 8.40009880065918
2100, 8.404099464416504
2101, 8.408099174499512
2102, 8.41209888458252
2103, 8.416098594665527
2104, 8.420099258422852
2105, 8.42409896850586
2106, 8.428098678588867
2107, 8.432099342346191
2108, 8.4360990524292
2109, 8.440098762512207
2110, 8.444099426269531
2111, 8.448099136352539
2112, 8.452098846435547
2113, 8.456098556518555
2114, 8.460099220275879
2115, 8.464098930358887
2116, 8.468098640441895
2117, 8.472099304199219
2118, 8.476099014282227
2119, 8.480098724365234
2120, 8.484099388122559
2121, 8.488099098205566
2122, 8.492098808288574
2123, 8.496099472045898
2124, 8.500099182128906
2125, 8.504098892211914
2126, 8.508098602294922
2127, 8.512099266052246
2128, 8.516098976135254
2129, 8.520098686218262
2130, 8.524099349975586
2131, 8.528099060058594
2132, 8.532098770141602
2133, 8.536099433898926
2134, 8.540099143981934
2135, 8.544098854064941
2136, 8.54809856414795
2137, 8.552099227905273
2138, 8.556098937988281
2139, 8.560098648071289
2140, 8.564099311828613
2141, 8.568099021911621
2142, 8.572098731994629
2143, 8.576099395751953
2144, 8.580099105834961
2145, 8.584098815917969
2146, 8.588098526000977
2147, 8.5920991897583
2148, 8.596098899841309
2149, 8.600098609924316
2150, 8.60409927368164
2151, 8.608098983764648
2152, 8.612098693847656
2153, 8.61609935760498
2154, 8.620099067687988
2155, 8.624098777770996
2156, 8.62809944152832
2157, 8.632099151611328
2158, 8.636098861694336
2159, 8.640098571777344
2160, 8.644099235534668
2161, 8.648098945617676
2162, 8.652098655700684
2163, 8.656099319458008
2164, 8.660099029541016
2165, 8.664098739624023
2166, 8.668099403381348
2167, 8.672099113464355
2168, 8.676098823547363
2169, 8.680098533630371
2170, 8.684099197387695
2171, 8.688098907470703
2172, 8.692098617553711
2173, 8.696099281311035
2174, 8.700098991394043
2175, 8.70409870147705
2176, 8.708099365234375
2177, 8.712099075317383
2178, 8.71609878540039
2179, 8.720099449157715
2180, 8.724099159240723
2181, 8.72809886932373
2182, 8.732098579406738
2183, 8.736099243164062
2184, 8.74009895324707
2185, 8.744098663330078
2186, 8.748099327087402
2187, 8.75209903717041
2188, 8.756098747253418
2189, 8.760099411010742
2190, 8.76409912109375
2191, 8.768098831176758
2192, 8.772098541259766
2193, 8.77609920501709
2194, 8.780098915100098
2195, 8.784098625183105
2196, 8.78809928894043
2197, 8.792098999023438
2198, 8.796098709106445
2199, 8.80009937286377
2200, 8.804099082946777
2201, 8.808098793029785
2202, 8.81209945678711
2203, 8.816099166870117
2204, 8.820098876953125
2205, 8.824098587036133
2206, 8.828099250793457
2207, 8.832098960876465
2208, 8.836098670959473
2209, 8.840099334716797
2210, 8.844099044799805
2211, 8.848098754882812
2212, 8.852099418640137
2213, 8.856099128723145
2214, 8.860098838806152
2215, 8.86409854888916
2216, 8.868099212646484
2217, 8.872098922729492
2218, 8.8760986328125
2219, 8.880099296569824
2220, 8.884099006652832
2221, 8.88809871673584
2222, 8.892099380493164
2223, 8.896099090576172
2224, 8.90009880065918
2225, 8.904099464416504
2226, 8.908099174499512
2227, 8.91209888458252
2228, 8.916098594665527
2229, 8.920099258422852
2230, 8.92409896850586
2231, 8.928098678588867
2232, 8.932099342346191
2233, 8.9360990524292
2234, 8.940098762512207
2235, 8.944099426269531
2236, 8.948099136352539
2237, 8.952098846435547
2238, 8.956098556518555
2239, 8.960099220275879
2240, 8.964098930358887
2241, 8.968098640441895
2242, 8.972099304199219
2243, 8.976099014282227
2244, 8.980098724365234
2245, 8.984099388122559
2246, 8.988099098205566
2247, 8.992098808288574
2248, 8.996099472045898
2249, 9.000099182128906
2250, 9.004098892211914
2251, 9.008098602294922
2252, 9.012099266052246
2253, 9.016098976135254
2254, 9.020098686218262
2255, 9.024099349975586
2256, 9.028099060058594
2257, 9.032098770141602
2258, 9.036099433898926
2259, 9.040099143981934
2260, 9.044098854064941
2261, 9.04809856414795
2262, 9.052099227905273
2263, 9.056098937988281
2264, 9.060098648071289
2265, 9.064099311828613
2266, 9.068099021911621
2267, 9.072098731994629
2268, 9.076099395751953
2269, 9.080099105834961
2270, 9.084098815917969
2271, 9.088098526000977
2272, 9.0920991897583
2273, 9.096098899841309
2274, 9.100098609924316
2275, 9.10409927368164
2276, 9.108098983764648
2277, 9.112098693847656
2278, 9.11609935760498
2279, 9.120099067687988
2280, 9.124098777770996
2281, 9.12809944152832
2282, 9.132099151611328
2283, 9.136098861694336
2284, 9.140098571777344
2285, 9.144099235534668
2286, 9.148098945617676
2287, 9.152098655700684
2288, 9.156099319458008
2289, 9.160099029541016
2290, 9.164098739624023
2291, 9.168099403381348
2292, 9.172099113464355
2293, 9.176098823547363
2294, 9.180098533630371
2295, 9.184099197387695
2296, 9.188098907470703
2297, 9.192098617553711
2298, 9.196099281311035
2299, 9.200098991394043
2300, 9.20409870147705
2301, 9.208099365234375
2302, 9.212099075317383
2303, 9.21609878540039
2304, 9.220099449157715
2305, 9.224099159240723
2306, 9.22809886932373
2307, 9.232098579406738
2308, 9.236099243164062
2309, 9.24009895324707
2310, 9.244098663330078
2311, 9.248099327087402
2312, 9.25209903717041
2313, 9.256098747253418
2314, 9.260099411010742
2315, 9.26409912109375
2316, 9.268098831176758
2317, 9.272098541259766
2318, 9.27609920501709
2319, 9.280098915100098
2320, 9.284098625183105
2321, 9.28809928894043
2322, 9.292098999023438
2323, 9.296098709106445
2324, 9.30009937286377
2325, 9.304099082946777
2326, 9.308098793029785
2327, 9.31209945678711
2328, 9.316099166870117
2329, 9.320098876953125
2330, 9.324098587036133
2331, 9.328099250793457
2332, 9.332098960876465
2333, 9.336098670959473
2334, 9.340099334716797
2335, 9.344099044799805
2336, 9.348098754882812
2337, 9.352099418640137
2338, 9.356099128723145
2339, 9.360098838806152
2340, 9.36409854888916
2341, 9.368099212646484
2342, 9.372098922729492
2343, 9.3760986328125
2344, 9.380099296569824
2345, 9.384099006652832
2346, 9.38809871673584
2347, 9.392099380493164
2348, 9.396099090576172
2349, 9.40009880065918
2350, 9.404099464416504
2351, 9.408099174499512
2352, 9.41209888458252
2353, 9.416098594665527
2354, 9.420099258422852
2355, 9.42409896850586
2356, 9.428098678588867
2357, 9.432099342346191
2358, 9.4360990524292
2359, 9.440098762512207
2360, 9.444099426269531
2361, 9.448099136352539
2362, 9.452098846435547
2363, 9.456098556518555
2364, 9.460099220275879
2365, 9.464098930358887
2366, 9.468098640441895
2367, 9.472099304199219
2368, 9.476099014282227
2369, 9.480098724365234
2370, 9.484099388122559
2371, 9.488099098205566
2372, 9.492098808288574
2373, 9.496099472045898
2374, 9.500099182128906
2375, 9.504098892211914
2376, 9.508098602294922
2377, 9.512099266052246
2378, 9.516098976135254
2379, 9.520098686218262
2380, 9.524099349975586
2381, 9.528099060058594
2382, 9.532098770141602
2383, 9.536099433898926
2384, 9.540099143981934
2385, 9.544098854064941
2386, 9.54809856414795
2387, 9.552099227905273
2388, 9.556098937988281
2389, 9.560098648071289
2390, 9.564099311828613
2391, 9.568099021911621
2392, 9.572098731994629
2393, 9.576099395751953
2394, 9.580099105834961
2395, 9.584098815917969
2396, 9.588098526000977
2397, 9.5920991897583
2398, 9.596098899841309
2399, 9.600098609924316
2400, 9.60409927368164
2401, 9.608098983764648
2402, 9.612098693847656
2403, 9.61609935760498
2404, 9.620099067687988
2405, 9.624098777770996
2406, 9.62809944152832
2407, 9.632099151611328
2408, 9.636098861694336
2409, 9.640098571777344
2410, 9.644099235534668
2411, 9.648098945617676
2412, 9.652098655700684
2413, 9.656099319458008
2414, 9.660099029541016
2415, 9.664098739624023
2416, 9.668099403381348
2417, 9.672099113464355
2418, 9.676098823547363
2419, 9.680098533630371
2420, 9.684099197387695
2421, 9.688098907470703
2422, 9.692098617553711
2423, 9.696099281311035
2424, 9.700098991394043
2425, 9.70409870147705
2426, 9.708099365234375
2427, 9.712099075317383
2428, 9.71609878540039
2429, 9.720099449157715
2430, 9.724099159240723
2431, 9.72809886932373
2432, 9.732098579406738
2433, 9.736099243164062
2434, 9.74009895324707
2435, 9.744098663330078
2436, 9.748099327087402
2437, 9.75209903717041
2438, 9.756098747253418
2439, 9.760099411010742
2440, 9.76409912109375
2441, 9.768098831176758
2442, 9.772098541259766
2443, 9.77609920501709
2444, 9.780098915100098
2445, 9.784098625183105
2446, 9.78809928894043
2447, 9.792098999023438
2448, 9.796098709106445
2449, 9.80009937286377
2450, 9.804099082946777
2451, 9.808098793029785
2452, 9.81209945678711
2453, 9.816099166870117
2454, 9.820098876953125
2455, 9.824098587036133
2456, 9.828099250793457
2457, 9.832098960876465
2458, 9.836098670959473
2459, 9.840099334716797
2460, 9.844099044799805
2461, 9.848098754882812
2462, 9.852099418640137
2463, 9.856099128723145
2464, 9.860098838806152
2465, 9.86409854888916
2466, 9.868099212646484
2467, 9.872098922729492
2468, 9.8760986328125
2469, 9.880099296569824
2470, 9.884099006652832
2471, 9.88809871673584
2472, 9.892099380493164
2473, 9.896099090576172
2474, 9.90009880065918
2475, 9.904099464416504
2476, 9.908099174499512
2477, 9.91209888458252
2478, 9.916098594665527
2479, 9.923983573913574
2480, 9.931863784790039
2481, 9.935859680175781
2482, 9.939860343933105
2483, 9.943860054016113
2484, 9.947859764099121
2485, 9.951860427856445
2486, 9.955860137939453
2487, 9.959859848022461
2488, 9.963859558105469
2489, 9.967860221862793
2490, 9.9718599319458
2491, 9.975859642028809
2492, 9.979860305786133
2493, 9.98386001586914
2494, 9.987859725952148
2495, 9.991860389709473
2496, 9.99586009979248
2497, 9.999859809875488
2498, 10.003860473632812
2499, 10.00786018371582
2500, 10.011859893798828
2501, 10.015859603881836
2502, 10.01986026763916
2503, 10.023859977722168
2504, 10.027859687805176
2505, 10.0318603515625
2506, 10.035860061645508
2507, 10.039859771728516
2508, 10.04386043548584
2509, 10.047860145568848
2510, 10.051859855651855
2511, 10.055859565734863
2512, 10.059860229492188
2513, 10.063859939575195
2514, 10.067859649658203
2515, 10.071860313415527
2516, 10.075860023498535
2517, 10.079859733581543
2518, 10.083860397338867
2519, 10.087860107421875
2520, 10.091859817504883
2521, 10.09585952758789
2522, 10.099860191345215
2523, 10.103859901428223
2524, 10.10785961151123
2525, 10.111860275268555
2526, 10.115859985351562
2527, 10.11985969543457
2528, 10.123860359191895
2529, 10.127860069274902
2530, 10.13185977935791
2531, 10.135860443115234
2532, 10.139860153198242
2533, 10.14385986328125
2534, 10.147859573364258
2535, 10.151860237121582
2536, 10.15585994720459
2537, 10.159859657287598
2538, 10.163860321044922
2539, 10.171683311462402
2540, 10.179886817932129
2541, 10.183886528015137
2542, 10.187887191772461
2543, 10.191886901855469
2544, 10.195886611938477
2545, 10.1998872756958
2546, 10.203886985778809
2547, 10.207886695861816
2548, 10.21188735961914
2549, 10.215887069702148
2550, 10.219886779785156
2551, 10.22388744354248
2552, 10.227887153625488
2553, 10.231886863708496
2554, 10.235886573791504
2555, 10.239887237548828
2556, 10.243886947631836
2557, 10.247886657714844
2558, 10.251887321472168
2559, 10.255887031555176
2560, 10.259886741638184
2561, 10.263887405395508
2562, 10.267887115478516
2563, 10.271886825561523
2564, 10.275886535644531
2565, 10.279887199401855
2566, 10.283886909484863
2567, 10.287886619567871
2568, 10.291887283325195
2569, 10.295886993408203
2570, 10.299886703491211
2571, 10.303887367248535
2572, 10.307887077331543
2573, 10.31188678741455
2574, 10.315887451171875
2575, 10.319887161254883
2576, 10.32388687133789
2577, 10.327886581420898
2578, 10.331887245178223
2579, 10.33588695526123
2580, 10.339886665344238
2581, 10.343887329101562
2582, 10.34788703918457
2583, 10.351886749267578
2584, 10.355887413024902
2585, 10.35988712310791
2586, 10.363886833190918
2587, 10.367886543273926
2588, 10.37188720703125
2589, 10.375886917114258
2590, 10.379886627197266
2591, 10.38756275177002
2592, 10.395462036132812
2593, 10.399454116821289
2594, 10.403454780578613
2595, 10.407453536987305
2596, 10.411454200744629
2597, 10.415453910827637
2598, 10.419453620910645
2599, 10.423454284667969
2600, 10.427453994750977
2601, 10.431453704833984
2602, 10.435454368591309
2603, 10.439454078674316
2604, 10.443453788757324
2605, 10.447454452514648
2606, 10.451454162597656
2607, 10.455453872680664
2608, 10.459453582763672
2609, 10.463454246520996
2610, 10.467453956604004
2611, 10.471453666687012
2612, 10.475454330444336
2613, 10.479454040527344
2614, 10.483453750610352
2615, 10.487454414367676
2616, 10.491454124450684
2617, 10.495453834533691
2618, 10.4994535446167
2619, 10.503454208374023
2620, 10.507453918457031
2621, 10.511453628540039
2622, 10.515454292297363
2623, 10.519454002380371
2624, 10.523453712463379
2625, 10.527454376220703
2626, 10.531454086303711
2627, 10.535453796386719
2628, 10.539454460144043
2629, 10.54345417022705
2630, 10.547453880310059
2631, 10.551453590393066
2632, 10.55545425415039
2633, 10.559453964233398
2634, 10.563453674316406
2635, 10.56745433807373
2636, 10.571454048156738
2637, 10.575453758239746
2638, 10.5835542678833
2639, 10.591338157653809
2640, 10.595331192016602
2641, 10.59933090209961
2642, 10.603330612182617
2643, 10.607331275939941
2644, 10.61133098602295
2645, 10.615330696105957
2646, 10.619331359863281
2647, 10.623331069946289
2648, 10.627330780029297
2649, 10.631331443786621
2650, 10.635331153869629
2651, 10.639330863952637
2652, 10.643330574035645
2653, 10.647331237792969
2654, 10.651330947875977
2655, 10.655330657958984
2656, 10.659331321716309
2657, 10.663331031799316
2658, 10.667330741882324
2659, 10.671331405639648
2660, 10.675331115722656
2661, 10.679330825805664
2662, 10.683330535888672
2663, 10.687331199645996
2664, 10.691330909729004
2665, 10.695330619812012
2666, 10.699331283569336
2667, 10.703330993652344
2668, 10.707330703735352
2669, 10.711331367492676
2670, 10.715331077575684
2671, 10.719330787658691
2672, 10.723331451416016
2673, 10.727331161499023
2674, 10.731330871582031
2675, 10.735330581665039
2676, 10.739331245422363
2677, 10.743330955505371
2678, 10.747330665588379
2679, 10.751331329345703
2680, 10.755331039428711
2681, 10.759330749511719
2682, 10.767457962036133
2683, 10.775530815124512
2684, 10.77953052520752
2685, 10.783531188964844
2686, 10.787530899047852
2687, 10.79153060913086
2688, 10.795531272888184
2689, 10.799530982971191
2690, 10.8035306930542
2691, 10.807531356811523
2692, 10.811531066894531
2693, 10.815530776977539
2694, 10.819531440734863
2695, 10.823531150817871
2696, 10.827530860900879
2697, 10.831530570983887
2698, 10.835531234741211
2699, 10.839530944824219
2700, 10.843530654907227
2701, 10.84753131866455
2702, 10.851531028747559
2703, 10.855530738830566
2704, 10.85953140258789
2705, 10.863531112670898
2706, 10.867530822753906
2707, 10.871530532836914
2708, 10.875531196594238
2709, 10.879530906677246
2710, 10.883530616760254
2711, 10.887531280517578
2712, 10.891530990600586
2713, 10.895530700683594
2714, 10.899531364440918
2715, 10.903531074523926
2716, 10.907530784606934
2717, 10.911531448364258
2718, 10.915531158447266
2719, 10.919530868530273
2720, 10.923530578613281
2721, 10.927531242370605
2722, 10.931530952453613
2723, 10.935530662536621
2724, 10.939531326293945
2725, 10.9483003616333
2726, 10.956277847290039
2727, 10.960277557373047
2728, 10.964278221130371
2729, 10.968277931213379
2730, 10.972277641296387
2731, 10.976278305053711
2732, 10.980278015136719
2733, 10.984277725219727
2734, 10.98827838897705
2735, 10.992278099060059
2736, 10.996277809143066
2737, 11.00027847290039
2738, 11.004278182983398
2739, 11.008277893066406
2740, 11.012277603149414
2741, 11.016278266906738
2742, 11.020277976989746
2743, 11.024277687072754
2744, 11.028278350830078
2745, 11.032278060913086
2746, 11.036277770996094
2747, 11.040278434753418
2748, 11.044278144836426
2749, 11.048277854919434
2750, 11.052277565002441
2751, 11.056278228759766
2752, 11.060277938842773
2753, 11.064277648925781
2754, 11.068278312683105
2755, 11.072278022766113
2756, 11.076277732849121
2757, 11.080278396606445
2758, 11.084278106689453
2759, 11.088277816772461
2760, 11.092277526855469
2761, 11.096278190612793
2762, 11.1002779006958
2763, 11.104277610778809
2764, 11.108278274536133
2765, 11.11227798461914
2766, 11.116277694702148
2767, 11.120278358459473
2768, 11.12427806854248
2769, 11.128277778625488
2770, 11.132278442382812
2771, 11.13627815246582
2772, 11.140277862548828
2773, 11.144277572631836
2774, 11.14827823638916
2775, 11.15613079071045
2776, 11.164129257202148
2777, 11.168128967285156
2778, 11.172128677368164
2779, 11.176129341125488
2780, 11.180129051208496
2781, 11.184128761291504
2782, 11.188129425048828
2783, 11.192129135131836
2784, 11.196128845214844
2785, 11.200128555297852
2786, 11.204129219055176
2787, 11.208128929138184
2788, 11.212128639221191
2789, 11.216129302978516
2790, 11.220129013061523
2791, 11.224128723144531
2792, 11.228129386901855
2793, 11.232129096984863
2794, 11.236128807067871
2795, 11.240129470825195
2796, 11.244129180908203
2797, 11.248128890991211
2798, 11.252128601074219
2799, 11.256129264831543
2800, 11.26012897491455
2801, 11.264128684997559
2802, 11.268129348754883
2803, 11.27212905883789
2804, 11.276128768920898
2805, 11.280129432678223
2806, 11.28412914276123
2807, 11.288128852844238
2808, 11.292128562927246
2809, 11.29612922668457
2810, 11.300128936767578
2811, 11.304128646850586
2812, 11.30812931060791
2813, 11.312129020690918
2814, 11.316128730773926
2815, 11.32012939453125
2816, 11.324129104614258
2817, 11.328128814697266
2818, 11.332128524780273
2819, 11.336129188537598
2820, 11.340128898620605
2821, 11.344128608703613
2822, 11.348129272460938
2823, 11.352128982543945
2824, 11.356128692626953
2825, 11.360129356384277
2826, 11.364129066467285
2827, 11.368128776550293
2828, 11.372129440307617
2829, 11.376129150390625
2830, 11.380128860473633
2831, 11.38412857055664
2832, 11.388129234313965
2833, 11.392128944396973
2834, 11.39612865447998
2835, 11.400129318237305
2836, 11.404129028320312
2837, 11.40812873840332
2838, 11.412129402160645
2839, 11.416129112243652
2840, 11.42012882232666
2841, 11.424128532409668
2842, 11.428129196166992
2843, 11.43212890625
2844, 11.436128616333008
2845, 11.440129280090332
2846, 11.44412899017334
2847, 11.448128700256348
2848, 11.452129364013672
2849, 11.45612907409668
2850, 11.460128784179688
2851, 11.464129447937012
2852, 11.46812915802002
2853, 11.472128868103027
2854, 11.476128578186035
2855, 11.48012924194336
2856, 11.484128952026367
2857, 11.488128662109375
2858, 11.4921293258667
2859, 11.496129035949707
2860, 11.500128746032715
2861, 11.504129409790039
2862, 11.508129119873047
2863, 11.512128829956055
2864, 11.516128540039062
2865, 11.520129203796387
2866, 11.524128913879395
2867, 11.528128623962402
2868, 11.532129287719727
2869, 11.536128997802734
2870, 11.540128707885742
2871, 11.544129371643066
2872, 11.548129081726074
2873, 11.552128791809082
2874, 11.556129455566406
2875, 11.560129165649414
2876, 11.564128875732422
2877, 11.56812858581543
2878, 11.572129249572754
2879, 11.576128959655762
2880, 11.58012866973877
2881, 11.584129333496094
2882, 11.588129043579102
2883, 11.59212875366211
2884, 11.596129417419434
2885, 11.600129127502441
2886, 11.60412883758545
2887, 11.608128547668457
2888, 11.612129211425781
2889, 11.616128921508789
2890, 11.620128631591797
2891, 11.624129295349121
2892, 11.628129005432129
2893, 11.632128715515137
2894, 11.636129379272461
2895, 11.640129089355469
2896, 11.644128799438477
2897, 11.6481294631958
2898, 11.652129173278809
2899, 11.656128883361816
2900, 11.660128593444824
2901, 11.664129257202148
2902, 11.668128967285156
2903, 11.672128677368164
2904, 11.676129341125488
2905, 11.680129051208496
2906, 11.684128761291504
2907, 11.688129425048828
2908, 11.692129135131836
2909, 11.696128845214844
2910, 11.700128555297852
2911, 11.704129219055176
2912, 11.708128929138184
2913, 11.712128639221191
2914, 11.716129302978516
2915, 11.720129013061523
2916, 11.724128723144531
2917, 11.728129386901855
2918, 11.732129096984863
2919, 11.736128807067871
2920, 11.740129470825195
2921, 11.744129180908203
2922, 11.748128890991211
2923, 11.752128601074219
2924, 11.756129264831543
2925, 11.76012897491455
2926, 11.764128684997559
2927, 11.768129348754883
2928, 11.77212905883789
2929, 11.776128768920898
2930, 11.780129432678223
2931, 11.78412914276123
2932, 11.788128852844238
2933, 11.792128562927246
2934, 11.79612922668457
2935, 11.800128936767578
2936, 11.804128646850586
2937, 11.80812931060791
2938, 11.812129020690918
2939, 11.816128730773926
2940, 11.82012939453125
2941, 11.824129104614258
2942, 11.828128814697266
2943, 11.832128524780273
2944, 11.836129188537598
2945, 11.840128898620605
2946, 11.844128608703613
2947, 11.848129272460938
2948, 11.852128982543945
2949, 11.856128692626953
2950, 11.860129356384277
2951, 11.864129066467285
2952, 11.868128776550293
2953, 11.872129440307617
2954, 11.876129150390625
2955, 11.880128860473633
2956, 11.88412857055664
2957, 11.888129234313965
2958, 11.892128944396973
2959, 11.89612865447998
2960, 11.900129318237305
2961, 11.904129028320312
2962, 11.90812873840332
2963, 11.912129402160645
2964, 11.916129112243652
2965, 11.92012882232666
2966, 11.924128532409668
2967, 11.928129196166992
2968, 11.93212890625
2969, 11.936128616333008
2970, 11.940129280090332
2971, 11.94412899017334
2972, 11.948128700256348
2973, 11.952129364013672
2974, 11.95612907409668
2975, 11.960128784179688
2976, 11.964129447937012
2977, 11.96812915802002
2978, 11.972128868103027
2979, 11.976128578186035
2980, 11.98012924194336
2981, 11.984128952026367
2982, 11.988128662109375
2983, 11.9921293258667
2984, 11.996129035949707
2985, 12.000128746032715
2986, 12.004129409790039
2987, 12.008129119873047
2988, 12.012128829956055
2989, 12.016128540039062
2990, 12.020129203796387
2991, 12.024128913879395
2992, 12.028128623962402
2993, 12.032129287719727
2994, 12.036128997802734
2995, 12.040128707885742
2996, 12.044129371643066
2997, 12.048129081726074
2998, 12.052128791809082
2999, 12.056129455566406
3000, 12.060129165649414
3001, 12.064128875732422
3002, 12.06812858581543
3003, 12.072129249572754
3004, 12.076128959655762
3005, 12.08012866973877
3006, 12.084129333496094
3007, 12.088129043579102
3008, 12.09212875366211
3009, 12.096129417419434
3010, 12.100129127502441
3011, 12.10412883758545
3012, 12.108128547668457
3013, 12.112129211425781
3014, 12.116128921508789
3015, 12.120128631591797
3016, 12.124129295349121
3017, 12.128129005432129
3018, 12.132128715515137
3019, 12.136129379272461
3020, 12.140129089355469
3021, 12.144128799438477
3022, 12.1481294631958
3023, 12.152129173278809
3024, 12.156128883361816
3025, 12.160128593444824
3026, 12.164129257202148
3027, 12.168128967285156
3028, 12.172128677368164
3029, 12.176129341125488
3030, 12.180129051208496
3031, 12.184128761291504
3032, 12.188129425048828
3033, 12.192129135131836
3034, 12.196128845214844
3035, 12.200128555297852
3036, 12.204129219055176
3037, 12.208128929138184
3038, 12.212128639221191
3039, 12.216129302978516
3040, 12.220129013061523
3041, 12.224128723144531
3042, 12.228129386901855
3043, 12.232129096984863
3044, 12.236128807067871
3045, 12.240129470825195
3046, 12.244129180908203
3047, 12.248128890991211
3048, 12.252128601074219
3049, 12.256129264831543
3050, 12.26012897491455
3051, 12.26766586303711
3052, 12.27553653717041
3053, 12.279528617858887
3054, 12.283529281616211
3055, 12.287528991699219
3056, 12.291528701782227
3057, 12.29552936553955
3058, 12.299529075622559
3059, 12.303528785705566
3060, 12.30752944946289
3061, 12.311529159545898
3062, 12.315528869628906
3063, 12.319528579711914
3064, 12.323529243469238
3065, 12.327528953552246
3066, 12.331528663635254
3067, 12.335529327392578
3068, 12.339529037475586
3069, 12.343528747558594
3070, 12.347529411315918
3071, 12.351529121398926
3072, 12.355528831481934
3073, 12.359528541564941
3074, 12.363529205322266
3075, 12.367528915405273
3076, 12.371528625488281
3077, 12.375529289245605
3078, 12.379528999328613
3079, 12.383528709411621
3080, 12.387529373168945
3081, 12.391529083251953
3082, 12.395528793334961
3083, 12.399529457092285
3084, 12.403529167175293
3085, 12.4075288772583
3086, 12.411528587341309
3087, 12.415529251098633
3088, 12.41952896118164
3089, 12.423528671264648
3090, 12.427529335021973
3091, 12.43152904510498
3092, 12.435528755187988
3093, 12.439529418945312
3094, 12.44352912902832
3095, 12.447528839111328
3096, 12.451528549194336
3097, 12.45552921295166
3098, 12.459528923034668
3099, 12.463528633117676
3100, 12.467529296875
3101, 12.471529006958008
3102, 12.475528717041016
3103, 12.47952938079834
3104, 12.483529090881348
3105, 12.487528800964355
3106, 12.49152946472168
3107, 12.495529174804688
3108, 12.499528884887695
3109, 12.503528594970703
3110, 12.507529258728027
3111, 12.511528968811035
3112, 12.515528678894043
3113, 12.519529342651367
3114, 12.523529052734375
3115, 12.527528762817383
3116, 12.531529426574707
3117, 12.535529136657715
3118, 12.539528846740723
3119, 12.54352855682373
3120, 12.547529220581055
3121, 12.551528930664062
3122, 12.55552864074707
3123, 12.559529304504395
3124, 12.563529014587402
3125, 12.56752872467041
3126, 12.571529388427734
3127, 12.575529098510742
3128, 12.57952880859375
3129, 12.583529472351074
3130, 12.587529182434082
3131, 12.59152889251709
3132, 12.595528602600098
3133, 12.599529266357422
3134, 12.60352897644043
3135, 12.607528686523438
3136, 12.611529350280762
3137, 12.61552906036377
3138, 12.619528770446777
3139, 12.623529434204102
3140, 12.62752914428711
3141, 12.631528854370117
3142, 12.635528564453125
3143, 12.63952922821045
3144, 12.643528938293457
3145, 12.647528648376465
3146, 12.651529312133789
3147, 12.655529022216797
3148, 12.659528732299805
3149, 12.663529396057129
3150, 12.671219825744629
3151, 12.679279327392578
3152, 12.683279037475586
3153, 12.687278747558594
3154, 12.691279411315918
3155, 12.695279121398926
3156, 12.699278831481934
3157, 12.703278541564941
3158, 12.707279205322266
3159, 12.711278915405273
3160, 12.715278625488281
3161, 12.719279289245605
3162, 12.723278999328613
3163, 12.727278709411621
3164, 12.731279373168945
3165, 12.735279083251953
3166, 12.739278793334961
3167, 12.743279457092285
3168, 12.747279167175293
3169, 12.7512788772583
3170, 12.755278587341309
3171, 12.759279251098633
3172, 12.76327896118164
3173, 12.767278671264648
3174, 12.771279335021973
3175, 12.77527904510498
3176, 12.779278755187988
3177, 12.783279418945312
3178, 12.78727912902832
3179, 12.791278839111328
3180, 12.795278549194336
3181, 12.79927921295166
3182, 12.803278923034668
3183, 12.807278633117676
3184, 12.811279296875
3185, 12.815279006958008
3186, 12.819278717041016
3187, 12.82327938079834
3188, 12.827279090881348
3189, 12.831278800964355
3190, 12.83527946472168
3191, 12.839279174804688
3192, 12.843278884887695
3193, 12.847278594970703
3194, 12.851279258728027
3195, 12.855278968811035
3196, 12.859278678894043
3197, 12.863279342651367
3198, 12.867279052734375
3199, 12.871278762817383
3200, 12.875279426574707
3201, 12.879279136657715
3202, 12.883278846740723
3203, 12.88727855682373
3204, 12.891279220581055
3205, 12.895278930664062
3206, 12.89927864074707
3207, 12.903279304504395
3208, 12.907279014587402
3209, 12.91127872467041
3210, 12.915279388427734
3211, 12.919279098510742
3212, 12.92327880859375
3213, 12.927279472351074
3214, 12.931279182434082
3215, 12.93527889251709
3216, 12.939278602600098
3217, 12.943279266357422
3218, 12.94727897644043
3219, 12.951278686523438
3220, 12.955279350280762
3221, 12.95927906036377
3222, 12.963278770446777
3223, 12.967279434204102
3224, 12.97127914428711
3225, 12.975278854370117
3226, 12.979278564453125
3227, 12.98327922821045
3228, 12.987278938293457
3229, 12.991278648376465
3230, 12.995279312133789
3231, 12.999279022216797
3232, 13.003278732299805
3233, 13.007279396057129
3234, 13.011279106140137
3235, 13.015278816223145
3236, 13.019278526306152
3237, 13.023279190063477
3238, 13.027278900146484
3239, 13.031278610229492
3240, 13.035279273986816
3241, 13.039278984069824
3242, 13.043278694152832
3243, 13.047279357910156
3244, 13.051279067993164
3245, 13.055278778076172
3246, 13.059279441833496
3247, 13.063279151916504
3248, 13.067278861999512
3249, 13.07127857208252
3250, 13.075279235839844
3251, 13.079278945922852
3252, 13.08327865600586
3253, 13.087279319763184
3254, 13.091279029846191
3255, 13.0952787399292
3256, 13.099279403686523
3257, 13.103279113769531
3258, 13.107278823852539
3259, 13.111278533935547
3260, 13.115279197692871
3261, 13.119278907775879
3262, 13.123278617858887
3263, 13.127279281616211
3264, 13.131278991699219
3265, 13.135278701782227
3266, 13.13927936553955
3267, 13.143279075622559
3268, 13.147278785705566
3269, 13.15127944946289
3270, 13.155279159545898
3271, 13.159278869628906
3272, 13.163278579711914
3273, 13.167279243469238
3274, 13.171278953552246
3275, 13.175278663635254
3276, 13.179279327392578
3277, 13.183279037475586
3278, 13.187278747558594
3279, 13.191279411315918
3280, 13.195279121398926
3281, 13.199278831481934
3282, 13.203278541564941
3283, 13.207279205322266
3284, 13.211278915405273
3285, 13.215278625488281
3286, 13.219279289245605
3287, 13.223278999328613
3288, 13.227278709411621
3289, 13.231279373168945
3290, 13.235279083251953
3291, 13.239278793334961
3292, 13.243279457092285
3293, 13.247279167175293
3294, 13.2512788772583
3295, 13.255278587341309
3296, 13.259279251098633
3297, 13.26327896118164
3298, 13.267278671264648
3299, 13.271279335021973
3300, 13.27527904510498
3301, 13.279278755187988
3302, 13.283279418945312
3303, 13.28727912902832
3304, 13.291278839111328
3305, 13.295278549194336
3306, 13.29927921295166
3307, 13.30785846710205
3308, 13.315832138061523
3309, 13.319831848144531
3310, 13.323831558227539
3311, 13.327832221984863
3312, 13.331831932067871
3313, 13.335831642150879
3314, 13.339832305908203
3315, 13.343832015991211
3316, 13.347831726074219
3317, 13.351832389831543
3318, 13.35583209991455
3319, 13.359831809997559
3320, 13.363832473754883
3321, 13.36783218383789
3322, 13.371831893920898
3323, 13.375831604003906
3324, 13.37983226776123
3325, 13.383831977844238
3326, 13.387831687927246
3327, 13.39183235168457
3328, 13.395832061767578
3329, 13.399831771850586
3330, 13.40383243560791
3331, 13.407832145690918
3332, 13.411831855773926
3333, 13.415831565856934
3334, 13.419832229614258
3335, 13.423831939697266
3336, 13.427831649780273
3337, 13.431832313537598
3338, 13.435832023620605
3339, 13.439831733703613
3340, 13.443832397460938
3341, 13.447832107543945
3342, 13.451831817626953
3343, 13.455831527709961
3344, 13.459832191467285
3345, 13.463831901550293
3346, 13.4678316116333
3347, 13.471832275390625
3348, 13.475831985473633
3349, 13.47983169555664
3350, 13.483832359313965
3351, 13.487832069396973
3352, 13.49183177947998
3353, 13.495832443237305
3354, 13.499832153320312
3355, 13.50383186340332
3356, 13.507831573486328
3357, 13.511832237243652
3358, 13.51583194732666
3359, 13.519831657409668
3360, 13.523832321166992
3361, 13.52783203125
3362, 13.531831741333008
3363, 13.539748191833496
3364, 13.5475492477417
3365, 13.551542282104492
3366, 13.5555419921875
3367, 13.559541702270508
3368, 13.563542366027832
3369, 13.56754207611084
3370, 13.571541786193848
3371, 13.575542449951172
3372, 13.57954216003418
3373, 13.583541870117188
3374, 13.587541580200195
3375, 13.59154224395752
3376, 13.595541954040527
3377, 13.599541664123535
3378, 13.60354232788086
3379, 13.607542037963867
3380, 13.611541748046875
3381, 13.6155424118042
3382, 13.619542121887207
3383, 13.623541831970215
3384, 13.627541542053223
3385, 13.631542205810547
3386, 13.635541915893555
3387, 13.639541625976562
3388, 13.643542289733887
3389, 13.647541999816895
3390, 13.651541709899902
3391, 13.655542373657227
3392, 13.659542083740234
3393, 13.663541793823242
3394, 13.667542457580566
3395, 13.671542167663574
3396, 13.675541877746582
3397, 13.67954158782959
3398, 13.683542251586914
3399, 13.687541961669922
3400, 13.69154167175293
3401, 13.695542335510254
3402, 13.699542045593262
3403, 13.70354175567627
3404, 13.707542419433594
3405, 13.711542129516602
3406, 13.71554183959961
3407, 13.719541549682617
3408, 13.723542213439941
3409, 13.72754192352295
3410, 13.731541633605957
3411, 13.735542297363281
3412, 13.739542007446289
3413, 13.743541717529297
3414, 13.747542381286621
3415, 13.751542091369629
3416, 13.759523391723633
3417, 13.767601013183594
3418, 13.771600723266602
3419, 13.775601387023926
3420, 13.779601097106934
3421, 13.783600807189941
3422, 13.787601470947266
3423, 13.791601181030273
3424, 13.795600891113281
3425, 13.799600601196289
3426, 13.803601264953613
3427, 13.807600975036621
3428, 13.811600685119629
3429, 13.815601348876953
3430, 13.819601058959961
3431, 13.823600769042969
3432, 13.827601432800293
3433, 13.8316011428833
3434, 13.835600852966309
3435, 13.839600563049316
3436, 13.84360122680664
3437, 13.847600936889648
3438, 13.851600646972656
3439, 13.85560131072998
3440, 13.859601020812988
3441, 13.863600730895996
3442, 13.86760139465332
3443, 13.871601104736328
3444, 13.875600814819336
3445, 13.879600524902344
3446, 13.883601188659668
3447, 13.887600898742676
3448, 13.891600608825684
3449, 13.895601272583008
3450, 13.899600982666016
3451, 13.903600692749023
3452, 13.907601356506348
3453, 13.911601066589355
3454, 13.915600776672363
3455, 13.919601440429688
3456, 13.923601150512695
3457, 13.927600860595703
3458, 13.931600570678711
3459, 13.935601234436035
3460, 13.939600944519043
3461, 13.94360065460205
3462, 13.947601318359375
3463, 13.951601028442383
3464, 13.95560073852539
3465, 13.959601402282715
3466, 13.963601112365723
3467, 13.96760082244873
3468, 13.971600532531738
3469, 13.975601196289062
3470, 13.97960090637207
3471, 13.983600616455078
3472, 13.987601280212402
3473, 13.99160099029541
3474, 13.995600700378418
3475, 13.999601364135742
3476, 14.00360107421875
3477, 14.007600784301758
3478, 14.011601448059082
3479, 14.01560115814209
3480, 14.019600868225098
3481, 14.023600578308105
3482, 14.02760124206543
3483, 14.031600952148438
3484, 14.035600662231445
3485, 14.03960132598877
3486, 14.043601036071777
3487, 14.047600746154785
3488, 14.05160140991211
3489, 14.055601119995117
3490, 14.059600830078125
3491, 14.063600540161133
3492, 14.067601203918457
3493, 14.071600914001465
3494, 14.075600624084473
3495, 14.079601287841797
3496, 14.083600997924805
3497, 14.087600708007812
3498, 14.091601371765137
3499, 14.095601081848145
3500, 14.099600791931152
3501, 14.103601455688477
3502, 14.107601165771484
3503, 14.111600875854492
3504, 14.1156005859375
3505, 14.119601249694824
3506, 14.123600959777832
3507, 14.12760066986084
3508, 14.131601333618164
3509, 14.135601043701172
3510, 14.13960075378418
3511, 14.143601417541504
3512, 14.147601127624512
3513, 14.15160083770752
3514, 14.155600547790527
3515, 14.159601211547852
3516, 14.16360092163086
3517, 14.167600631713867
3518, 14.171601295471191
3519, 14.1756010055542
3520, 14.179600715637207
3521, 14.183601379394531
3522, 14.187601089477539
3523, 14.191600799560547
3524, 14.195601463317871
3525, 14.199601173400879
3526, 14.203600883483887
3527, 14.207600593566895
3528, 14.211601257324219
3529, 14.215600967407227
3530, 14.219600677490234
3531, 14.223601341247559
3532, 14.227601051330566
3533, 14.231600761413574
3534, 14.235601425170898
3535, 14.239601135253906
3536, 14.243600845336914
3537, 14.247600555419922
3538, 14.251601219177246
3539, 14.255600929260254
3540, 14.259600639343262
3541, 14.263601303100586
3542, 14.267601013183594
3543, 14.271600723266602
3544, 14.275601387023926
3545, 14.279601097106934
3546, 14.283600807189941
3547, 14.287601470947266
3548, 14.291601181030273
3549, 14.295600891113281
3550, 14.299600601196289
3551, 14.303601264953613
3552, 14.307600975036621
3553, 14.311600685119629
3554, 14.315601348876953
3555, 14.319601058959961
3556, 14.323600769042969
3557, 14.327601432800293
3558, 14.3316011428833
3559, 14.335600852966309
3560, 14.339600563049316
3561, 14.34360122680664
3562, 14.347600936889648
3563, 14.351600646972656
3564, 14.35560131072998
3565, 14.359601020812988
3566, 14.363600730895996
3567, 14.36760139465332
3568, 14.371601104736328
3569, 14.375600814819336
3570, 14.379600524902344
3571, 14.383601188659668
3572, 14.387600898742676
3573, 14.391600608825684
3574, 14.395601272583008
3575, 14.399600982666016
3576, 14.403600692749023
3577, 14.407601356506348
3578, 14.411601066589355
3579, 14.415600776672363
3580, 14.419601440429688
3581, 14.423601150512695
3582, 14.427600860595703
3583, 14.431600570678711
3584, 14.435601234436035
3585, 14.439600944519043
3586, 14.44360065460205
3587, 14.447601318359375
3588, 14.451601028442383
3589, 14.45560073852539
3590, 14.459601402282715
3591, 14.463601112365723
3592, 14.46760082244873
3593, 14.471600532531738
3594, 14.475601196289062
3595, 14.47960090637207
3596, 14.483600616455078
3597, 14.487601280212402
3598, 14.49160099029541
3599, 14.495600700378418
3600, 14.499601364135742
3601, 14.50360107421875
3602, 14.507600784301758
3603, 14.511601448059082
3604, 14.51560115814209
3605, 14.519600868225098
3606, 14.523600578308105
3607, 14.52760124206543
3608, 14.531600952148438
3609, 14.535600662231445
3610, 14.53960132598877
3611, 14.543601036071777
3612, 14.547600746154785
3613, 14.55160140991211
3614, 14.555601119995117
3615, 14.559600830078125
3616, 14.563600540161133
3617, 14.567601203918457
3618, 14.571600914001465
3619, 14.575600624084473
3620, 14.579601287841797
3621, 14.583600997924805
3622, 14.587600708007812
3623, 14.591601371765137
3624, 14.595601081848145
3625, 14.599600791931152
3626, 14.603601455688477
3627, 14.607601165771484
3628, 14.611600875854492
3629, 14.6156005859375
3630, 14.619601249694824
3631, 14.623600959777832
3632, 14.62760066986084
3633, 14.631601333618164
3634, 14.635601043701172
3635, 14.63960075378418
3636, 14.643601417541504
3637, 14.647601127624512
3638, 14.65160083770752
3639, 14.655600547790527
3640, 14.659601211547852
3641, 14.66360092163086
3642, 14.667600631713867
3643, 14.671601295471191
3644, 14.6756010055542
3645, 14.679600715637207
3646, 14.683601379394531
3647, 14.687601089477539
3648, 14.691600799560547
3649, 14.695601463317871
3650, 14.699601173400879
3651, 14.703600883483887
3652, 14.707600593566895
3653, 14.711601257324219
3654, 14.715600967407227
3655, 14.719600677490234
3656, 14.723601341247559
3657, 14.727601051330566
3658, 14.731600761413574
3659, 14.735601425170898
3660, 14.739601135253906
3661, 14.743600845336914
3662, 14.747600555419922
3663, 14.751601219177246
3664, 14.755600929260254
3665, 14.759600639343262
3666, 14.763601303100586
3667, 14.767601013183594
3668, 14.771600723266602
3669, 14.775601387023926
3670, 14.779601097106934
3671, 14.783600807189941
3672, 14.787601470947266
3673, 14.791601181030273
3674, 14.795600891113281
3675, 14.799600601196289
3676, 14.803601264953613
3677, 14.807600975036621
3678, 14.811600685119629
3679, 14.815601348876953
3680, 14.819601058959961
3681, 14.823600769042969
3682, 14.827601432800293
3683, 14.8316011428833
3684, 14.835600852966309
3685, 14.839600563049316
3686, 14.84360122680664
3687, 14.847600936889648
3688, 14.851600646972656
3689, 14.85560131072998
3690, 14.859601020812988
3691, 14.863600730895996
3692, 14.86760139465332
3693, 14.871601104736328
3694, 14.875600814819336
3695, 14.879600524902344
3696, 14.883601188659668
3697, 14.887600898742676
3698, 14.891600608825684
3699, 14.895601272583008
3700, 14.899600982666016
3701, 14.903600692749023
3702, 14.907601356506348
3703, 14.911601066589355
3704, 14.915600776672363
3705, 14.919601440429688
3706, 14.923601150512695
3707, 14.927600860595703
3708, 14.931600570678711
3709, 14.935601234436035
3710, 14.939600944519043
3711, 14.94360065460205
3712, 14.947601318359375
3713, 14.951601028442383
3714, 14.95560073852539
3715, 14.959601402282715
3716, 14.963601112365723
3717, 14.96760082244873
3718, 14.971600532531738
3719, 14.975601196289062
3720, 14.97960090637207
3721, 14.983600616455078
3722, 14.987601280212402
3723, 14.99160099029541
3724, 14.995600700378418
3725, 14.999601364135742
3726, 15.00360107421875
3727, 15.007600784301758
3728, 15.011601448059082
3729, 15.01560115814209
3730, 15.019600868225098
3731, 15.023600578308105
3732, 15.02760124206543
3733, 15.031600952148438
3734, 15.035600662231445
3735, 15.03960132598877
3736, 15.043601036071777
3737, 15.047600746154785
3738, 15.05160140991211
3739, 15.055601119995117
3740, 15.059600830078125
3741, 15.063600540161133
3742, 15.067601203918457
3743, 15.071600914001465
3744, 15.075600624084473
3745, 15.079601287841797
3746, 15.083600997924805
3747, 15.087600708007812
3748, 15.091601371765137
3749, 15.095601081848145
3750, 15.099600791931152
3751, 15.103601455688477
3752, 15.107601165771484
3753, 15.111600875854492
3754, 15.1156005859375
3755, 15.119601249694824
3756, 15.123600959777832
3757, 15.12760066986084
3758, 15.131601333618164
3759, 15.135601043701172
3760, 15.13960075378418
3761, 15.143601417541504
3762, 15.147601127624512
3763, 15.15160083770752
3764, 15.155600547790527
3765, 15.159601211547852
3766, 15.16360092163086
3767, 15.167600631713867
3768, 15.171601295471191
3769, 15.1756010055542
3770, 15.179600715637207
3771, 15.183601379394531
3772, 15.187601089477539
3773, 15.191600799560547
3774, 15.195601463317871
3775, 15.199601173400879
3776, 15.203600883483887
3777, 15.207600593566895
3778, 15.211601257324219
3779, 15.215600967407227
3780, 15.219600677490234
3781, 15.223601341247559
3782, 15.227601051330566
3783, 15.231600761413574
3784, 15.235601425170898
3785, 15.239601135253906
3786, 15.243600845336914
3787, 15.247600555419922
3788, 15.251601219177246
3789, 15.255600929260254
3790, 15.259600639343262
3791, 15.263601303100586
3792, 15.27160930633545
3793, 15.279446601867676
3794, 15.283441543579102
3795, 15.287442207336426
3796, 15.291441917419434
3797, 15.295441627502441
3798, 15.299442291259766
3799, 15.303442001342773
3800, 15.307442665100098
3801, 15.311442375183105
3802, 15.315442085266113
3803, 15.319441795349121
3804, 15.323442459106445
3805, 15.327442169189453
3806, 15.331441879272461
3807, 15.335441589355469
3808, 15.339442253112793
3809, 15.3434419631958
3810, 15.347441673278809
3811, 15.351442337036133
3812, 15.35544204711914
3813, 15.359441757202148
3814, 15.363442420959473
3815, 15.36744213104248
3816, 15.371441841125488
3817, 15.375441551208496
3818, 15.37944221496582
3819, 15.383441925048828
3820, 15.387441635131836
3821, 15.39144229888916
3822, 15.395442008972168
3823, 15.399441719055176
3824, 15.4034423828125
3825, 15.407442092895508
3826, 15.411441802978516
3827, 15.41544246673584
3828, 15.419442176818848
3829, 15.423441886901855
3830, 15.427441596984863
3831, 15.431442260742188
3832, 15.435441970825195
3833, 15.439441680908203
3834, 15.443442344665527
3835, 15.447442054748535
3836, 15.451441764831543
3837, 15.455442428588867
3838, 15.459442138671875
3839, 15.463441848754883
3840, 15.46744155883789
3841, 15.471442222595215
3842, 15.475441932678223
3843, 15.47944164276123
3844, 15.487518310546875
3845, 15.495591163635254
3846, 15.499590873718262
3847, 15.50359058380127
3848, 15.507591247558594
3849, 15.511590957641602
3850, 15.51559066772461
3851, 15.519591331481934
3852, 15.523591041564941
3853, 15.52759075164795
3854, 15.531591415405273
3855, 15.535591125488281
3856, 15.539590835571289
3857, 15.543590545654297
3858, 15.547591209411621
3859, 15.551590919494629
3860, 15.555590629577637
3861, 15.559591293334961
3862, 15.563591003417969
3863, 15.567590713500977
3864, 15.5715913772583
3865, 15.575591087341309
3866, 15.579590797424316
3867, 15.58359146118164
3868, 15.587591171264648
3869, 15.591590881347656
3870, 15.595590591430664
3871, 15.599591255187988
3872, 15.603590965270996
3873, 15.607590675354004
3874, 15.611591339111328
3875, 15.615591049194336
3876, 15.619590759277344
3877, 15.623591423034668
3878, 15.627591133117676
3879, 15.631590843200684
3880, 15.635590553283691
3881, 15.639591217041016
3882, 15.643590927124023
3883, 15.647590637207031
3884, 15.651591300964355
3885, 15.655591011047363
3886, 15.659590721130371
3887, 15.663591384887695
3888, 15.667591094970703
3889, 15.671590805053711
3890, 15.675591468811035
3891, 15.679591178894043
3892, 15.68359088897705
3893, 15.687590599060059
3894, 15.696353912353516
3895, 15.704222679138184
3896, 15.708223342895508
3897, 15.712223052978516
3898, 15.716222763061523
3899, 15.720223426818848
3900, 15.724223136901855
3901, 15.728222846984863
3902, 15.732222557067871
3903, 15.736223220825195
3904, 15.740222930908203
3905, 15.744222640991211
3906, 15.748223304748535
3907, 15.752223014831543
3908, 15.75622272491455
3909, 15.760223388671875
3910, 15.764223098754883
3911, 15.76822280883789
3912, 15.772223472595215
3913, 15.776223182678223
3914, 15.78022289276123
3915, 15.784222602844238
3916, 15.788223266601562
3917, 15.79222297668457
3918, 15.796222686767578
3919, 15.800223350524902
3920, 15.80422306060791
3921, 15.808222770690918
3922, 15.812223434448242
3923, 15.81622314453125
3924, 15.820222854614258
3925, 15.824222564697266
3926, 15.82822322845459
3927, 15.832222938537598
3928, 15.836222648620605
3929, 15.84022331237793
3930, 15.844223022460938
3931, 15.848222732543945
3932, 15.85222339630127
3933, 15.856223106384277
3934, 15.860222816467285
3935, 15.864222526550293
3936, 15.868223190307617
3937, 15.876152992248535
3938, 15.883320808410645
3939, 15.887316703796387
3940, 15.891317367553711
3941, 15.895317077636719
3942, 15.899316787719727
3943, 15.90331745147705
3944, 15.907317161560059
3945, 15.911316871643066
3946, 15.915316581726074
3947, 15.919317245483398
3948, 15.923316955566406
3949, 15.927316665649414
3950, 15.931317329406738
3951, 15.935317039489746
3952, 15.939316749572754
3953, 15.943317413330078
3954, 15.947317123413086
3955, 15.951316833496094
3956, 15.955316543579102
3957, 15.959317207336426
3958, 15.963316917419434
3959, 15.967316627502441
3960, 15.971317291259766
3961, 15.975317001342773
3962, 15.979316711425781
3963, 15.983317375183105
3964, 15.987317085266113
3965, 15.991316795349121
3966, 15.995317459106445
3967, 15.999317169189453
3968, 16.00331687927246
3969, 16.00731658935547
3970, 16.011316299438477
3971, 16.015317916870117
3972, 16.019317626953125
3973, 16.023317337036133
3974, 16.031177520751953
3975, 16.03910255432129
3976, 16.04309844970703
3977, 16.04709815979004
3978, 16.051097869873047
3979, 16.055097579956055
3980, 16.059097290039062
3981, 16.063098907470703
3982, 16.06709861755371
3983, 16.07109832763672
3984, 16.075098037719727
3985, 16.079097747802734
3986, 16.083097457885742
3987, 16.08709716796875
3988, 16.09109878540039
3989, 16.0950984954834
3990, 16.099098205566406
3991, 16.103097915649414
3992, 16.107097625732422
3993, 16.11109733581543
3994, 16.11509895324707
3995, 16.119098663330078
3996, 16.123098373413086
3997, 16.127098083496094
3998, 16.1310977935791
3999, 16.13509750366211
4000, 16.139097213745117
4001, 16.143098831176758
4002, 16.147098541259766
4003, 16.151098251342773
4004, 16.15509796142578
4005, 16.15909767150879
4006, 16.163097381591797
4007, 16.167097091674805
4008, 16.171098709106445
4009, 16.175098419189453
4010, 16.17909812927246
4011, 16.18309783935547
4012, 16.187097549438477
4013, 16.191097259521484
4014, 16.19904327392578
4015, 16.2071533203125
4016, 16.211153030395508
4017, 16.215152740478516
4018, 16.219152450561523
4019, 16.22315216064453
4020, 16.227153778076172
4021, 16.23115348815918
4022, 16.235153198242188
4023, 16.239152908325195
4024, 16.243152618408203
4025, 16.24715232849121
4026, 16.25115394592285
4027, 16.25515365600586
4028, 16.259153366088867
4029, 16.263153076171875
4030, 16.267152786254883
4031, 16.27115249633789
4032, 16.2751522064209
4033, 16.27915382385254
4034, 16.283153533935547
4035, 16.287153244018555
4036, 16.291152954101562
4037, 16.29515266418457
4038, 16.299152374267578
4039, 16.303152084350586
4040, 16.307153701782227
4041, 16.311153411865234
4042, 16.315153121948242
4043, 16.31915283203125
4044, 16.323152542114258
4045, 16.327152252197266
4046, 16.331153869628906
4047, 16.335153579711914
4048, 16.339153289794922
4049, 16.34315299987793
4050, 16.347152709960938
4051, 16.351152420043945
4052, 16.358991622924805
4053, 16.366779327392578
4054, 16.37077522277832
4055, 16.374774932861328
4056, 16.378774642944336
4057, 16.382774353027344
4058, 16.38677406311035
4059, 16.390775680541992
4060, 16.394775390625
4061, 16.398775100708008
4062, 16.402774810791016
4063, 16.406774520874023
4064, 16.41077423095703
4065, 16.414775848388672
4066, 16.41877555847168
4067, 16.422775268554688
4068, 16.426774978637695
4069, 16.430774688720703
4070, 16.43477439880371
4071, 16.43877410888672
4072, 16.44277572631836
4073, 16.446775436401367
4074, 16.450775146484375
4075, 16.454774856567383
4076, 16.45877456665039
4077, 16.4627742767334
4078, 16.46677589416504
4079, 16.470775604248047
4080, 16.474775314331055
4081, 16.478775024414062
4082, 16.48277473449707
4083, 16.486774444580078
4084, 16.490774154663086
4085, 16.494775772094727
4086, 16.498775482177734
4087, 16.502775192260742
4088, 16.50677490234375
4089, 16.510774612426758
4090, 16.51873016357422
4091, 16.526683807373047
4092, 16.530683517456055
4093, 16.534683227539062
4094, 16.53868293762207
4095, 16.542682647705078
4096, 16.546682357788086
4097, 16.550682067871094
4098, 16.554683685302734
4099, 16.558683395385742
4100, 16.56268310546875
4101, 16.566682815551758
4102, 16.570682525634766
4103, 16.574682235717773
4104, 16.578683853149414
4105, 16.582683563232422
4106, 16.58668327331543
4107, 16.590682983398438
4108, 16.594682693481445
4109, 16.598682403564453
4110, 16.60268211364746
4111, 16.6066837310791
4112, 16.61068344116211
4113, 16.614683151245117
4114, 16.618682861328125
4115, 16.622682571411133
4116, 16.62668228149414
4117, 16.63068389892578
4118, 16.63468360900879
4119, 16.638683319091797
4120, 16.642683029174805
4121, 16.646682739257812
4122, 16.65068244934082
4123, 16.654682159423828
4124, 16.65868377685547
4125, 16.662683486938477
4126, 16.666683197021484
4127, 16.670682907104492
4128, 16.6746826171875
4129, 16.678682327270508
4130, 16.686582565307617
4131, 16.694650650024414
4132, 16.698650360107422
4133, 16.70265007019043
4134, 16.706649780273438
4135, 16.710649490356445
4136, 16.714649200439453
4137, 16.718650817871094
4138, 16.7226505279541
4139, 16.72665023803711
4140, 16.730649948120117
4141, 16.734649658203125
4142, 16.738649368286133
4143, 16.74264907836914
4144, 16.74665069580078
4145, 16.75065040588379
4146, 16.754650115966797
4147, 16.758649826049805
4148, 16.762649536132812
4149, 16.76664924621582
4150, 16.77065086364746
4151, 16.77465057373047
4152, 16.778650283813477
4153, 16.782649993896484
4154, 16.786649703979492
4155, 16.7906494140625
4156, 16.794649124145508
4157, 16.79865074157715
4158, 16.802650451660156
4159, 16.806650161743164
4160, 16.810649871826172
4161, 16.81464958190918
4162, 16.818649291992188
4163, 16.822650909423828
4164, 16.826650619506836
4165, 16.830650329589844
4166, 16.83465003967285
4167, 16.83864974975586
4168, 16.842649459838867
4169, 16.846649169921875
4170, 16.850650787353516
4171, 16.854650497436523
4172, 16.85865020751953
4173, 16.86264991760254
4174, 16.866649627685547
4175, 16.870649337768555
4176, 16.874649047851562
4177, 16.878650665283203
4178, 16.88265037536621
4179, 16.88665008544922
4180, 16.890649795532227
4181, 16.894649505615234
4182, 16.898649215698242
4183, 16.902650833129883
4184, 16.90665054321289
4185, 16.9106502532959
4186, 16.914649963378906
4187, 16.918649673461914
4188, 16.922649383544922
4189, 16.92664909362793
4190, 16.93065071105957
4191, 16.934650421142578
4192, 16.938650131225586
4193, 16.942649841308594
4194, 16.9466495513916
4195, 16.95064926147461
4196, 16.95465087890625
4197, 16.958650588989258
4198, 16.962650299072266
4199, 16.966650009155273
4200, 16.97064971923828
4201, 16.97464942932129
4202, 16.978649139404297
4203, 16.982650756835938
4204, 16.986650466918945
4205, 16.990650177001953
4206, 16.99464988708496
4207, 16.99864959716797
4208, 17.006580352783203
4209, 17.01466178894043
4210, 17.018661499023438
4211, 17.022661209106445
4212, 17.026660919189453
4213, 17.03066062927246
4214, 17.03466033935547
4215, 17.038660049438477
4216, 17.042661666870117
4217, 17.046661376953125
4218, 17.050661087036133
4219, 17.05466079711914
4220, 17.05866050720215
4221, 17.062660217285156
4222, 17.066661834716797
4223, 17.070661544799805
4224, 17.074661254882812
4225, 17.07866096496582
4226, 17.082660675048828
4227, 17.086660385131836
4228, 17.090660095214844
4229, 17.094661712646484
4230, 17.098661422729492
4231, 17.1026611328125
4232, 17.106660842895508
4233, 17.110660552978516
4234, 17.114660263061523
4235, 17.118661880493164
4236, 17.122661590576172
4237, 17.12666130065918
4238, 17.130661010742188
4239, 17.134660720825195
4240, 17.138660430908203
4241, 17.14266014099121
4242, 17.14666175842285
4243, 17.15066146850586
4244, 17.154661178588867
4245, 17.158660888671875
4246, 17.162660598754883
4247, 17.16666030883789
4248, 17.17066192626953
4249, 17.17466163635254
4250, 17.182491302490234
4251, 17.190540313720703
4252, 17.194541931152344
4253, 17.19854164123535
4254, 17.20254135131836
4255, 17.206541061401367
4256, 17.210540771484375
4257, 17.214540481567383
4258, 17.21854019165039
4259, 17.22254180908203
4260, 17.22654151916504
4261, 17.230541229248047
4262, 17.234540939331055
4263, 17.238540649414062
4264, 17.24254035949707
4265, 17.246540069580078
4266, 17.25054168701172
4267, 17.254541397094727
4268, 17.258541107177734
4269, 17.262540817260742
4270, 17.26654052734375
4271, 17.270540237426758
4272, 17.2745418548584
4273, 17.278541564941406
4274, 17.282541275024414
4275, 17.286540985107422
4276, 17.29054069519043
4277, 17.294540405273438
4278, 17.298540115356445
4279, 17.302541732788086
4280, 17.306541442871094
4281, 17.3105411529541
4282, 17.31454086303711
4283, 17.318540573120117
4284, 17.322540283203125
4285, 17.326541900634766
4286, 17.330541610717773
4287, 17.33454132080078
4288, 17.33854103088379
4289, 17.342540740966797
4290, 17.346540451049805
4291, 17.350540161132812
4292, 17.354541778564453
4293, 17.35854148864746
4294, 17.367389678955078
4295, 17.375368118286133
4296, 17.37936782836914
4297, 17.38336753845215
4298, 17.387367248535156
4299, 17.391368865966797
4300, 17.395368576049805
4301, 17.399368286132812
4302, 17.40336799621582
4303, 17.407367706298828
4304, 17.411367416381836
4305, 17.415367126464844
4306, 17.419368743896484
4307, 17.423368453979492
4308, 17.4273681640625
4309, 17.431367874145508
4310, 17.435367584228516
4311, 17.439367294311523
4312, 17.443368911743164
4313, 17.447368621826172
4314, 17.45136833190918
4315, 17.455368041992188
4316, 17.459367752075195
4317, 17.463367462158203
4318, 17.46736717224121
4319, 17.47136878967285
4320, 17.47536849975586
4321, 17.479368209838867
4322, 17.483367919921875
4323, 17.487367630004883
4324, 17.49136734008789
4325, 17.4953670501709
4326, 17.49936866760254
4327, 17.503368377685547
4328, 17.507368087768555
4329, 17.511367797851562
4330, 17.51536750793457
4331, 17.519367218017578
4332, 17.52336883544922
4333, 17.527368545532227
4334, 17.535152435302734
4335, 17.543161392211914
4336, 17.547161102294922
4337, 17.551162719726562
4338, 17.55516242980957
4339, 17.559162139892578
4340, 17.563161849975586
4341, 17.567161560058594
4342, 17.5711612701416
4343, 17.575162887573242
4344, 17.57916259765625
4345, 17.583162307739258
4346, 17.587162017822266
4347, 17.591161727905273
4348, 17.59516143798828
4349, 17.59916114807129
4350, 17.60316276550293
4351, 17.607162475585938
4352, 17.611162185668945
4353, 17.615161895751953
4354, 17.61916160583496
4355, 17.62316131591797
4356, 17.62716293334961
4357, 17.631162643432617
4358, 17.635162353515625
4359, 17.639162063598633
4360, 17.64316177368164
4361, 17.64716148376465
4362, 17.651161193847656
4363, 17.655162811279297
4364, 17.659162521362305
4365, 17.663162231445312
4366, 17.66716194152832
4367, 17.671161651611328
4368, 17.675161361694336
4369, 17.679161071777344
4370, 17.683162689208984
4371, 17.687162399291992
4372, 17.691162109375
4373, 17.695161819458008
4374, 17.704078674316406
4375, 17.712127685546875
4376, 17.716127395629883
4377, 17.72012710571289
4378, 17.7241268157959
4379, 17.728126525878906
4380, 17.732126235961914
4381, 17.736127853393555
4382, 17.740127563476562
4383, 17.74412727355957
4384, 17.748126983642578
4385, 17.752126693725586
4386, 17.756126403808594
4387, 17.7601261138916
4388, 17.764127731323242
4389, 17.76812744140625
4390, 17.772127151489258
4391, 17.776126861572266
4392, 17.780126571655273
4393, 17.78412628173828
4394, 17.788127899169922
4395, 17.79212760925293
4396, 17.796127319335938
4397, 17.800127029418945
4398, 17.804126739501953
4399, 17.80812644958496
4400, 17.81212615966797
4401, 17.81612777709961
4402, 17.820127487182617
4403, 17.824127197265625
4404, 17.828126907348633
4405, 17.83212661743164
4406, 17.83612632751465
4407, 17.84012794494629
4408, 17.844127655029297
4409, 17.848127365112305
4410, 17.852127075195312
4411, 17.85612678527832
4412, 17.860126495361328
4413, 17.868057250976562
4414, 17.8758602142334
4415, 17.879858016967773
4416, 17.88385772705078
4417, 17.88785743713379
4418, 17.891857147216797
4419, 17.895858764648438
4420, 17.899858474731445
4421, 17.903858184814453
4422, 17.90785789489746
4423, 17.91185760498047
4424, 17.915857315063477
4425, 17.919858932495117
4426, 17.923858642578125
4427, 17.927858352661133
4428, 17.93185806274414
4429, 17.93585777282715
4430, 17.939857482910156
4431, 17.943857192993164
4432, 17.947858810424805
4433, 17.951858520507812
4434, 17.95585823059082
4435, 17.959857940673828
4436, 17.963857650756836
4437, 17.967857360839844
4438, 17.97185707092285
4439, 17.975858688354492
4440, 17.9798583984375
4441, 17.983858108520508
4442, 17.987857818603516
4443, 17.991857528686523
4444, 17.99585723876953
4445, 17.999858856201172
4446, 18.00385856628418
4447, 18.007858276367188
4448, 18.011857986450195
4449, 18.015857696533203
4450, 18.01985740661621
4451, 18.02385711669922
4452, 18.02785873413086
4453, 18.031858444213867
4454, 18.035858154296875
4455, 18.04384422302246
4456, 18.051790237426758
4457, 18.0557918548584
4458, 18.059791564941406
4459, 18.063791275024414
4460, 18.067790985107422
4461, 18.07179069519043
4462, 18.075790405273438
4463, 18.079790115356445
4464, 18.083791732788086
4465, 18.087791442871094
4466, 18.0917911529541
4467, 18.09579086303711
4468, 18.099790573120117
4469, 18.103790283203125
4470, 18.107791900634766
4471, 18.111791610717773
4472, 18.11579132080078
4473, 18.11979103088379
4474, 18.123790740966797
4475, 18.127790451049805
4476, 18.131790161132812
4477, 18.135791778564453
4478, 18.13979148864746
4479, 18.14379119873047
4480, 18.147790908813477
4481, 18.151790618896484
4482, 18.155790328979492
4483, 18.159791946411133
4484, 18.16379165649414
4485, 18.16779136657715
4486, 18.171791076660156
4487, 18.175790786743164
4488, 18.179790496826172
4489, 18.18379020690918
4490, 18.18779182434082
4491, 18.191791534423828
4492, 18.195791244506836
4493, 18.203834533691406
4494, 18.211641311645508
4495, 18.215639114379883
4496, 18.219640731811523
4497, 18.22364044189453
4498, 18.22764015197754
4499, 18.231639862060547
4500, 18.235639572143555
4501, 18.239639282226562
4502, 18.243640899658203
4503, 18.24764060974121
4504, 18.25164031982422
4505, 18.255640029907227
4506, 18.259639739990234
4507, 18.263639450073242
4508, 18.26763916015625
4509, 18.27164077758789
4510, 18.2756404876709
4511, 18.279640197753906
4512, 18.283639907836914
4513, 18.287639617919922
4514, 18.29163932800293
4515, 18.29564094543457
4516, 18.299640655517578
4517, 18.303640365600586
4518, 18.307640075683594
4519, 18.3116397857666
4520, 18.31563949584961
4521, 18.319639205932617
4522, 18.323640823364258
4523, 18.327640533447266
4524, 18.331640243530273
4525, 18.33563995361328
4526, 18.33963966369629
4527, 18.343639373779297
4528, 18.347639083862305
4529, 18.351640701293945
4530, 18.355640411376953
4531, 18.363746643066406
4532, 18.371545791625977
4533, 18.375539779663086
4534, 18.379539489746094
4535, 18.3835391998291
4536, 18.387540817260742
4537, 18.39154052734375
4538, 18.395540237426758
4539, 18.399539947509766
4540, 18.403539657592773
4541, 18.40753936767578
4542, 18.41153907775879
4543, 18.41554069519043
4544, 18.419540405273438
4545, 18.423540115356445
4546, 18.427539825439453
4547, 18.43153953552246
4548, 18.43553924560547
4549, 18.43954086303711
4550, 18.443540573120117
4551, 18.447540283203125
4552, 18.451539993286133
4553, 18.45553970336914
4554, 18.45953941345215
4555, 18.463539123535156
4556, 18.467540740966797
4557, 18.471540451049805
4558, 18.475540161132812
4559, 18.47953987121582
4560, 18.483539581298828
4561, 18.487539291381836
4562, 18.491540908813477
4563, 18.495540618896484
4564, 18.499540328979492
4565, 18.5035400390625
4566, 18.507539749145508
4567, 18.515657424926758
4568, 18.523550033569336
4569, 18.527545928955078
4570, 18.531545639038086
4571, 18.535545349121094
4572, 18.5395450592041
4573, 18.54354476928711
4574, 18.547544479370117
4575, 18.551544189453125
4576, 18.555545806884766
4577, 18.559545516967773
4578, 18.56354522705078
4579, 18.56754493713379
4580, 18.571544647216797
4581, 18.575544357299805
4582, 18.579544067382812
4583, 18.583545684814453
4584, 18.58754539489746
4585, 18.59154510498047
4586, 18.595544815063477
4587, 18.599544525146484
4588, 18.603544235229492
4589, 18.607545852661133
4590, 18.61154556274414
4591, 18.61554527282715
4592, 18.619544982910156
4593, 18.623544692993164
4594, 18.627544403076172
4595, 18.63154411315918
4596, 18.63554573059082
4597, 18.639545440673828
4598, 18.643545150756836
4599, 18.647544860839844
4600, 18.65154457092285
4601, 18.65554428100586
4602, 18.6595458984375
4603, 18.663545608520508
4604, 18.667545318603516
4605, 18.671545028686523
4606, 18.67554473876953
4607, 18.683530807495117
4608, 18.691518783569336
4609, 18.695518493652344
4610, 18.69951820373535
4611, 18.70351791381836
4612, 18.707517623901367
4613, 18.711517333984375
4614, 18.715518951416016
4615, 18.719518661499023
4616, 18.72351837158203
4617, 18.72751808166504
4618, 18.731517791748047
4619, 18.735517501831055
4620, 18.739517211914062
4621, 18.743518829345703
4622, 18.74751853942871
4623, 18.75151824951172
4624, 18.755517959594727
4625, 18.759517669677734
4626, 18.763517379760742
4627, 18.76751708984375
4628, 18.77151870727539
4629, 18.7755184173584
4630, 18.779518127441406
4631, 18.783517837524414
4632, 18.787517547607422
4633, 18.79151725769043
4634, 18.79551887512207
4635, 18.799518585205078
4636, 18.803518295288086
4637, 18.807518005371094
4638, 18.8115177154541
4639, 18.81551742553711
4640, 18.819517135620117
4641, 18.823518753051758
4642, 18.827518463134766
4643, 18.831518173217773
4644, 18.83551788330078
4645, 18.83951759338379
4646, 18.843517303466797
4647, 18.851409912109375
4648, 18.85941505432129
4649, 18.86341667175293
4650, 18.867416381835938
4651, 18.871416091918945
4652, 18.875415802001953
4653, 18.87941551208496
4654, 18.88341522216797
4655, 18.88741683959961
4656, 18.891416549682617
4657, 18.895416259765625
4658, 18.899415969848633
4659, 18.90341567993164
4660, 18.90741539001465
4661, 18.911415100097656
4662, 18.915416717529297
4663, 18.919416427612305
4664, 18.923416137695312
4665, 18.92741584777832
4666, 18.931415557861328
4667, 18.935415267944336
4668, 18.939416885375977
4669, 18.943416595458984
4670, 18.947416305541992
4671, 18.951416015625
4672, 18.955415725708008
4673, 18.959415435791016
4674, 18.963415145874023
4675, 18.967416763305664
4676, 18.971416473388672
4677, 18.97541618347168
4678, 18.979415893554688
4679, 18.983415603637695
4680, 18.987415313720703
4681, 18.991416931152344
4682, 18.99541664123535
4683, 18.99941635131836
4684, 19.003416061401367
4685, 19.007415771484375
4686, 19.011415481567383
4687, 19.01541519165039
4688, 19.01941680908203
4689, 19.02341651916504
4690, 19.027416229248047
4691, 19.031415939331055
4692, 19.035415649414062
4693, 19.03941535949707
4694, 19.043415069580078
4695, 19.052186965942383
4696, 19.06033706665039
4697, 19.0643367767334
4698, 19.068336486816406
4699, 19.072336196899414
4700, 19.076337814331055
4701, 19.080337524414062
4702, 19.08433723449707
4703, 19.088336944580078
4704, 19.092336654663086
4705, 19.096336364746094
4706, 19.1003360748291
4707, 19.104337692260742
4708, 19.10833740234375
4709, 19.112337112426758
4710, 19.116336822509766
4711, 19.120336532592773
4712, 19.12433624267578
4713, 19.128337860107422
4714, 19.13233757019043
4715, 19.136337280273438
4716, 19.140336990356445
4717, 19.144336700439453
4718, 19.14833641052246
4719, 19.15233612060547
4720, 19.15633773803711
4721, 19.160337448120117
4722, 19.164337158203125
4723, 19.168336868286133
4724, 19.17233657836914
4725, 19.17633628845215
4726, 19.18033790588379
4727, 19.184337615966797
4728, 19.188337326049805
4729, 19.192337036132812
4730, 19.19633674621582
4731, 19.200336456298828
4732, 19.204336166381836
4733, 19.208337783813477
4734, 19.212337493896484
4735, 19.216337203979492
4736, 19.2203369140625
4737, 19.224336624145508
4738, 19.228336334228516
4739, 19.232337951660156
4740, 19.236337661743164
4741, 19.240337371826172
4742, 19.24433708190918
4743, 19.248336791992188
4744, 19.252336502075195
4745, 19.260074615478516
4746, 19.268144607543945
4747, 19.272144317626953
4748, 19.27614402770996
4749, 19.28014373779297
4750, 19.284143447875977
4751, 19.288143157958984
4752, 19.292144775390625
4753, 19.296144485473633
4754, 19.30014419555664
4755, 19.30414390563965
4756, 19.308143615722656
4757, 19.312143325805664
4758, 19.316144943237305
4759, 19.320144653320312
4760, 19.32414436340332
4761, 19.328144073486328
4762, 19.332143783569336
4763, 19.336143493652344
4764, 19.34014320373535
4765, 19.344144821166992
4766, 19.34814453125
4767, 19.352144241333008
4768, 19.356143951416016
4769, 19.360143661499023
4770, 19.36414337158203
4771, 19.36814308166504
4772, 19.37214469909668
4773, 19.376144409179688
4774, 19.380144119262695
4775, 19.384143829345703
4776, 19.38814353942871
4777, 19.39214324951172
4778, 19.39614486694336
4779, 19.400144577026367
4780, 19.404144287109375
4781, 19.408143997192383
4782, 19.41214370727539
4783, 19.4161434173584
4784, 19.420143127441406
4785, 19.424144744873047
4786, 19.428144454956055
4787, 19.432144165039062
4788, 19.43614387512207
4789, 19.443973541259766
4790, 19.45188331604004
4791, 19.455875396728516
4792, 19.459875106811523
4793, 19.463876724243164
4794, 19.467876434326172
4795, 19.47187614440918
4796, 19.475875854492188
4797, 19.479875564575195
4798, 19.483875274658203
4799, 19.487876892089844
4800, 19.49187660217285
4801, 19.49587631225586
4802, 19.499876022338867
4803, 19.503875732421875
4804, 19.507875442504883
4805, 19.51187515258789
4806, 19.51587677001953
4807, 19.51987648010254
4808, 19.523876190185547
4809, 19.527875900268555
4810, 19.531875610351562
4811, 19.53587532043457
4812, 19.53987693786621
4813, 19.54387664794922
4814, 19.547876358032227
4815, 19.551876068115234
4816, 19.555875778198242
4817, 19.55987548828125
4818, 19.563875198364258
4819, 19.5678768157959
4820, 19.571876525878906
4821, 19.575876235961914
4822, 19.579875946044922
4823, 19.58387565612793
4824, 19.587875366210938
4825, 19.591875076293945
4826, 19.595876693725586
4827, 19.599876403808594
4828, 19.6038761138916
4829, 19.60787582397461
4830, 19.611875534057617
4831, 19.615875244140625
4832, 19.619876861572266
4833, 19.623876571655273
4834, 19.62787628173828
4835, 19.63585662841797
4836, 19.643787384033203
4837, 19.64778709411621
4838, 19.65178680419922
4839, 19.655786514282227
4840, 19.659786224365234
4841, 19.663787841796875
4842, 19.667787551879883
4843, 19.67178726196289
4844, 19.6757869720459
4845, 19.679786682128906
4846, 19.683786392211914
4847, 19.687786102294922
4848, 19.691787719726562
4849, 19.69578742980957
4850, 19.699787139892578
4851, 19.703786849975586
4852, 19.707786560058594
4853, 19.7117862701416
4854, 19.715787887573242
4855, 19.71978759765625
4856, 19.723787307739258
4857, 19.727787017822266
4858, 19.731786727905273
4859, 19.73578643798828
4860, 19.73978614807129
4861, 19.74378776550293
4862, 19.747787475585938
4863, 19.751787185668945
4864, 19.755786895751953
4865, 19.75978660583496
4866, 19.76378631591797
4867, 19.76778793334961
4868, 19.771787643432617
4869, 19.775787353515625
4870, 19.779787063598633
4871, 19.78378677368164
4872, 19.78778648376465
4873, 19.791786193847656
4874, 19.795787811279297
4875, 19.799787521362305
4876, 19.803787231445312
4877, 19.80778694152832
4878, 19.811786651611328
4879, 19.815786361694336
4880, 19.82364845275879
4881, 19.831819534301758
4882, 19.835819244384766
4883, 19.839818954467773
4884, 19.84381866455078
4885, 19.84781837463379
4886, 19.851818084716797
4887, 19.855819702148438
4888, 19.859819412231445
4889, 19.863819122314453
4890, 19.86781883239746
4891, 19.87181854248047
4892, 19.875818252563477
4893, 19.879819869995117
4894, 19.883819580078125
4895, 19.887819290161133
4896, 19.89181900024414
4897, 19.89581871032715
4898, 19.899818420410156
4899, 19.903818130493164
4900, 19.907819747924805
4901, 19.911819458007812
4902, 19.91581916809082
4903, 19.919818878173828
4904, 19.923818588256836
4905, 19.927818298339844
4906, 19.931819915771484
4907, 19.935819625854492
4908, 19.9398193359375
4909, 19.943819046020508
4910, 19.947818756103516
4911, 19.951818466186523
4912, 19.95581817626953
4913, 19.959819793701172
4914, 19.96381950378418
4915, 19.967819213867188
4916, 19.971818923950195
4917, 19.975818634033203
4918, 19.97981834411621
4919, 19.98381805419922
4920, 19.98781967163086
4921, 19.991819381713867
4922, 19.995819091796875
4923, 19.999818801879883
4924, 20.00381851196289
4925, 20.0078182220459
4926, 20.01181983947754
4927, 20.015819549560547
4928, 20.019819259643555
4929, 20.023818969726562
4930, 20.02781867980957
4931, 20.031818389892578
4932, 20.035818099975586
4933, 20.039819717407227
4934, 20.043819427490234
4935, 20.047819137573242
4936, 20.05181884765625
4937, 20.055818557739258
4938, 20.059818267822266
4939, 20.063819885253906
4940, 20.067819595336914
4941, 20.071819305419922
4942, 20.07581901550293
4943, 20.079818725585938
4944, 20.083818435668945
4945, 20.087818145751953
4946, 20.091819763183594
4947, 20.0958194732666
4948, 20.09981918334961
4949, 20.10767364501953
4950, 20.11568832397461
4951, 20.119688034057617
4952, 20.123687744140625
4953, 20.127687454223633
4954, 20.13168716430664
4955, 20.13568878173828
4956, 20.13968849182129
4957, 20.143688201904297
4958, 20.147687911987305
4959, 20.151687622070312
4960, 20.15568733215332
4961, 20.15968894958496
4962, 20.16368865966797
4963, 20.167688369750977
4964, 20.171688079833984
4965, 20.175687789916992
4966, 20.1796875
4967, 20.183687210083008
4968, 20.18768882751465
4969, 20.191688537597656
4970, 20.195688247680664
4971, 20.199687957763672
4972, 20.20368766784668
4973, 20.207687377929688
4974, 20.211687088012695
4975, 20.215688705444336
4976, 20.219688415527344
4977, 20.22368812561035
4978, 20.22768783569336
4979, 20.231687545776367
4980, 20.235687255859375
4981, 20.239688873291016
4982, 20.243688583374023
4983, 20.24768829345703
4984, 20.25168800354004
4985, 20.255687713623047
4986, 20.259687423706055
4987, 20.263687133789062
4988, 20.267688751220703
4989, 20.27168846130371
4990, 20.27568817138672
4991, 20.279687881469727
4992, 20.283687591552734
4993, 20.287687301635742
4994, 20.291688919067383
4995, 20.29568862915039
4996, 20.2996883392334
4997, 20.303688049316406
4998, 20.307687759399414
4999, 20.311687469482422
5000, 20.31568717956543
5001, 20.324512481689453
5002, 20.332536697387695
5003, 20.336536407470703
5004, 20.34053611755371
5005, 20.34453773498535
5006, 20.34853744506836
5007, 20.352537155151367
5008, 20.356536865234375
5009, 20.360536575317383
5010, 20.36453628540039
5011, 20.36853790283203
5012, 20.37253761291504
5013, 20.376537322998047
5014, 20.380537033081055
5015, 20.384536743164062
5016, 20.38853645324707
5017, 20.392536163330078
5018, 20.39653778076172
5019, 20.400537490844727
5020, 20.404537200927734
5021, 20.408536911010742
5022, 20.41253662109375
5023, 20.416536331176758
5024, 20.4205379486084
5025, 20.424537658691406
5026, 20.428537368774414
5027, 20.432537078857422
5028, 20.43653678894043
5029, 20.440536499023438
5030, 20.444536209106445
5031, 20.448537826538086
5032, 20.452537536621094
5033, 20.4565372467041
5034, 20.46053695678711
5035, 20.464536666870117
5036, 20.468536376953125
5037, 20.472536087036133
5038, 20.476537704467773
5039, 20.48053741455078
5040, 20.48453712463379
5041, 20.488536834716797
5042, 20.492536544799805
5043, 20.496536254882812
5044, 20.500537872314453
5045, 20.50453758239746
5046, 20.50853729248047
5047, 20.512537002563477
5048, 20.516536712646484
5049, 20.520536422729492
5050, 20.5245361328125
5051, 20.532405853271484
5052, 20.54047966003418
5053, 20.544479370117188
5054, 20.548479080200195
5055, 20.552478790283203
5056, 20.55647850036621
5057, 20.56047821044922
5058, 20.56447982788086
5059, 20.568479537963867
5060, 20.572479248046875
5061, 20.576478958129883
5062, 20.58047866821289
5063, 20.5844783782959
5064, 20.588478088378906
5065, 20.592479705810547
5066, 20.596479415893555
5067, 20.600479125976562
5068, 20.60447883605957
5069, 20.608478546142578
5070, 20.612478256225586
5071, 20.616479873657227
5072, 20.620479583740234
5073, 20.624479293823242
5074, 20.62847900390625
5075, 20.632478713989258
5076, 20.636478424072266
5077, 20.640478134155273
5078, 20.644479751586914
5079, 20.648479461669922
5080, 20.65247917175293
5081, 20.656478881835938
5082, 20.660478591918945
5083, 20.664478302001953
5084, 20.668479919433594
5085, 20.6724796295166
5086, 20.67647933959961
5087, 20.680479049682617
5088, 20.684478759765625
5089, 20.688478469848633
5090, 20.69247817993164
5091, 20.69647979736328
5092, 20.70047950744629
5093, 20.704479217529297
5094, 20.708478927612305
5095, 20.712478637695312
5096, 20.71647834777832
5097, 20.720478057861328
5098, 20.72447967529297
5099, 20.728479385375977
5100, 20.732479095458984
5101, 20.736478805541992
5102, 20.740478515625
5103, 20.744478225708008
5104, 20.74847984313965
5105, 20.752479553222656
5106, 20.756479263305664
5107, 20.760478973388672
5108, 20.76447868347168
5109, 20.768478393554688
5110, 20.772478103637695
5111, 20.776479721069336
5112, 20.780479431152344
5113, 20.78447914123535
5114, 20.78847885131836
5115, 20.792478561401367
5116, 20.796478271484375
5117, 20.800479888916016
5118, 20.804479598999023
5119, 20.80847930908203
5120, 20.81247901916504
5121, 20.816478729248047
5122, 20.820478439331055
5123, 20.824478149414062
5124, 20.828479766845703
5125, 20.83247947692871
5126, 20.83647918701172
5127, 20.840478897094727
5128, 20.844478607177734
5129, 20.848478317260742
5130, 20.852479934692383
5131, 20.85647964477539
5132, 20.8604793548584
5133, 20.864479064941406
5134, 20.868478775024414
5135, 20.872478485107422
5136, 20.87647819519043
5137, 20.88047981262207
5138, 20.884479522705078
5139, 20.888479232788086
5140, 20.892478942871094
5141, 20.8964786529541
5142, 20.90047836303711
5143, 20.904478073120117
5144, 20.908479690551758
5145, 20.912479400634766
5146, 20.916479110717773
5147, 20.92047882080078
5148, 20.92447853088379
5149, 20.928478240966797
5150, 20.932479858398438
5151, 20.936479568481445
5152, 20.940479278564453
5153, 20.94447898864746
5154, 20.94847869873047
5155, 20.952478408813477
5156, 20.956478118896484
5157, 20.960479736328125
5158, 20.964479446411133
5159, 20.96847915649414
5160, 20.97247886657715
5161, 20.976478576660156
5162, 20.980478286743164
5163, 20.984479904174805
5164, 20.988479614257812
5165, 20.99247932434082
5166, 20.996479034423828
5167, 21.000478744506836
5168, 21.004478454589844
5169, 21.00847816467285
5170, 21.012479782104492
5171, 21.0164794921875
5172, 21.020479202270508
5173, 21.024478912353516
5174, 21.028478622436523
5175, 21.03247833251953
5176, 21.036479949951172
5177, 21.04047966003418
5178, 21.044479370117188
5179, 21.048479080200195
5180, 21.052478790283203
5181, 21.05647850036621
5182, 21.06047821044922
5183, 21.06447982788086
5184, 21.068479537963867
5185, 21.072479248046875
5186, 21.076478958129883
5187, 21.08047866821289
5188, 21.0844783782959
5189, 21.088478088378906
5190, 21.092479705810547
5191, 21.096479415893555
5192, 21.100479125976562
5193, 21.10447883605957
5194, 21.108478546142578
5195, 21.112478256225586
5196, 21.116479873657227
5197, 21.120479583740234
5198, 21.124479293823242
5199, 21.12847900390625
5200, 21.132478713989258
5201, 21.136478424072266
5202, 21.140478134155273
5203, 21.144479751586914
5204, 21.148479461669922
5205, 21.15247917175293
5206, 21.156478881835938
5207, 21.160478591918945
5208, 21.164478302001953
5209, 21.168479919433594
5210, 21.1724796295166
5211, 21.17647933959961
5212, 21.180479049682617
5213, 21.184478759765625
5214, 21.188478469848633
5215, 21.19247817993164
5216, 21.19647979736328
5217, 21.20047950744629
5218, 21.204479217529297
5219, 21.208478927612305
5220, 21.212478637695312
5221, 21.21647834777832
5222, 21.220478057861328
5223, 21.22447967529297
5224, 21.228479385375977
5225, 21.232479095458984
5226, 21.236478805541992
5227, 21.240478515625
5228, 21.244478225708008
5229, 21.24847984313965
5230, 21.252479553222656
5231, 21.259767532348633
5232, 21.26786994934082
5233, 21.271869659423828
5234, 21.275869369506836
5235, 21.279869079589844
5236, 21.283870697021484
5237, 21.287870407104492
5238, 21.2918701171875
5239, 21.295869827270508
5240, 21.299869537353516
5241, 21.303869247436523
5242, 21.307870864868164
5243, 21.311870574951172
5244, 21.31587028503418
5245, 21.319869995117188
5246, 21.323869705200195
5247, 21.327869415283203
5248, 21.33186912536621
5249, 21.33587074279785
5250, 21.33987045288086
5251, 21.343870162963867
5252, 21.347869873046875
5253, 21.351869583129883
5254, 21.35586929321289
5255, 21.35987091064453
5256, 21.36387062072754
5257, 21.367870330810547
5258, 21.371870040893555
5259, 21.375869750976562
5260, 21.37986946105957
5261, 21.383869171142578
5262, 21.38787078857422
5263, 21.391870498657227
5264, 21.395870208740234
5265, 21.399869918823242
5266, 21.40386962890625
5267, 21.407869338989258
5268, 21.411869049072266
5269, 21.415870666503906
5270, 21.419870376586914
5271, 21.423870086669922
5272, 21.42786979675293
5273, 21.431869506835938
5274, 21.435869216918945
5275, 21.439870834350586
5276, 21.443870544433594
5277, 21.45170021057129
5278, 21.459714889526367
5279, 21.463714599609375
5280, 21.467714309692383
5281, 21.47171401977539
5282, 21.4757137298584
5283, 21.479713439941406
5284, 21.483713150024414
5285, 21.487714767456055
5286, 21.491714477539062
5287, 21.49571418762207
5288, 21.499713897705078
5289, 21.503713607788086
5290, 21.507713317871094
5291, 21.511714935302734
5292, 21.515714645385742
5293, 21.51971435546875
5294, 21.523714065551758
5295, 21.527713775634766
5296, 21.531713485717773
5297, 21.53571319580078
5298, 21.539714813232422
5299, 21.54371452331543
5300, 21.547714233398438
5301, 21.551713943481445
5302, 21.555713653564453
5303, 21.55971336364746
5304, 21.56371307373047
5305, 21.56771469116211
5306, 21.571714401245117
5307, 21.575714111328125
5308, 21.579713821411133
5309, 21.58371353149414
5310, 21.58771324157715
5311, 21.59171485900879
5312, 21.595714569091797
5313, 21.599714279174805
5314, 21.603713989257812
5315, 21.60771369934082
5316, 21.611713409423828
5317, 21.615713119506836
5318, 21.619714736938477
5319, 21.623714447021484
5320, 21.627714157104492
5321, 21.6317138671875
5322, 21.635713577270508
5323, 21.639713287353516
5324, 21.643714904785156
5325, 21.647714614868164
5326, 21.651714324951172
5327, 21.65571403503418
5328, 21.659713745117188
5329, 21.663713455200195
5330, 21.667713165283203
5331, 21.671714782714844
5332, 21.67571449279785
5333, 21.67971420288086
5334, 21.683713912963867
5335, 21.687713623046875
5336, 21.691713333129883
5337, 21.695714950561523
5338, 21.69971466064453
5339, 21.70371437072754
5340, 21.707714080810547
5341, 21.711713790893555
5342, 21.715713500976562
5343, 21.71971321105957
5344, 21.72371482849121
5345, 21.72771453857422
5346, 21.731714248657227
5347, 21.735713958740234
5348, 21.739713668823242
5349, 21.74371337890625
5350, 21.747713088989258
5351, 21.7517147064209
5352, 21.755714416503906
5353, 21.759714126586914
5354, 21.763713836669922
5355, 21.76771354675293
5356, 21.771713256835938
5357, 21.775714874267578
5358, 21.779714584350586
5359, 21.783714294433594
5360, 21.7877140045166
5361, 21.79171371459961
5362, 21.795713424682617
5363, 21.799713134765625
5364, 21.803714752197266
5365, 21.807714462280273
5366, 21.81171417236328
5367, 21.81571388244629
5368, 21.819713592529297
5369, 21.823713302612305
5370, 21.827714920043945
5371, 21.831714630126953
5372, 21.839536666870117
5373, 21.847429275512695
5374, 21.851428985595703
5375, 21.85542869567871
5376, 21.85942840576172
5377, 21.863428115844727
5378, 21.867429733276367
5379, 21.871429443359375
5380, 21.875429153442383
5381, 21.87942886352539
5382, 21.8834285736084
5383, 21.887428283691406
5384, 21.891429901123047
5385, 21.895429611206055
5386, 21.899429321289062
5387, 21.90342903137207
5388, 21.907428741455078
5389, 21.911428451538086
5390, 21.915428161621094
5391, 21.919429779052734
5392, 21.923429489135742
5393, 21.92742919921875
5394, 21.931428909301758
5395, 21.935428619384766
5396, 21.939428329467773
5397, 21.943429946899414
5398, 21.947429656982422
5399, 21.95142936706543
5400, 21.955429077148438
5401, 21.959428787231445
5402, 21.963428497314453
5403, 21.96742820739746
5404, 21.9714298248291
5405, 21.97542953491211
5406, 21.979429244995117
5407, 21.983428955078125
5408, 21.987428665161133
5409, 21.99142837524414
5410, 21.99542808532715
5411, 21.99942970275879
5412, 22.003429412841797
5413, 22.007429122924805
5414, 22.011428833007812
5415, 22.01542854309082
5416, 22.019428253173828
5417, 22.02342987060547
5418, 22.03134536743164
5419, 22.039413452148438
5420, 22.043413162231445
5421, 22.047414779663086
5422, 22.051414489746094
5423, 22.0554141998291
5424, 22.05941390991211
5425, 22.063413619995117
5426, 22.067413330078125
5427, 22.071414947509766
5428, 22.075414657592773
5429, 22.07941436767578
5430, 22.08341407775879
5431, 22.087413787841797
5432, 22.091413497924805
5433, 22.095413208007812
5434, 22.099414825439453
5435, 22.10341453552246
5436, 22.10741424560547
5437, 22.111413955688477
5438, 22.115413665771484
5439, 22.119413375854492
5440, 22.1234130859375
5441, 22.12741470336914
5442, 22.13141441345215
5443, 22.135414123535156
5444, 22.139413833618164
5445, 22.143413543701172
5446, 22.14741325378418
5447, 22.15141487121582
5448, 22.155414581298828
5449, 22.159414291381836
5450, 22.163414001464844
5451, 22.16741371154785
5452, 22.17141342163086
5453, 22.175413131713867
5454, 22.179414749145508
5455, 22.183414459228516
5456, 22.191383361816406
5457, 22.199432373046875
5458, 22.203432083129883
5459, 22.20743179321289
5460, 22.2114315032959
5461, 22.215431213378906
5462, 22.219432830810547
5463, 22.223432540893555
5464, 22.227432250976562
5465, 22.23143196105957
5466, 22.235431671142578
5467, 22.239431381225586
5468, 22.243431091308594
5469, 22.247432708740234
5470, 22.251432418823242
5471, 22.25543212890625
5472, 22.259431838989258
5473, 22.263431549072266
5474, 22.267431259155273
5475, 22.271432876586914
5476, 22.275432586669922
5477, 22.27943229675293
5478, 22.283432006835938
5479, 22.287431716918945
5480, 22.291431427001953
5481, 22.29543113708496
5482, 22.2994327545166
5483, 22.30343246459961
5484, 22.307432174682617
5485, 22.311431884765625
5486, 22.315431594848633
5487, 22.31943130493164
5488, 22.32343292236328
5489, 22.32743263244629
5490, 22.331432342529297
5491, 22.335432052612305
5492, 22.339431762695312
5493, 22.34343147277832
5494, 22.347431182861328
5495, 22.35143280029297
5496, 22.355432510375977
5497, 22.359432220458984
5498, 22.363431930541992
5499, 22.367431640625
5500, 22.371431350708008
5501, 22.375431060791016
5502, 22.379432678222656
5503, 22.383432388305664
5504, 22.387432098388672
5505, 22.39143180847168
5506, 22.395431518554688
5507, 22.399431228637695
5508, 22.403432846069336
5509, 22.407432556152344
5510, 22.41143226623535
5511, 22.41543197631836
5512, 22.419431686401367
5513, 22.423431396484375
5514, 22.427431106567383
5515, 22.431432723999023
5516, 22.43543243408203
5517, 22.43943214416504
5518, 22.443431854248047
5519, 22.447431564331055
5520, 22.451431274414062
5521, 22.455432891845703
5522, 22.45943260192871
5523, 22.46343231201172
5524, 22.467432022094727
5525, 22.471431732177734
5526, 22.475431442260742
5527, 22.47943115234375
5528, 22.48343276977539
5529, 22.4874324798584
5530, 22.491432189941406
5531, 22.495431900024414
5532, 22.499431610107422
5533, 22.50343132019043
5534, 22.50743293762207
5535, 22.511432647705078
5536, 22.515432357788086
5537, 22.519432067871094
5538, 22.5234317779541
5539, 22.52743148803711
5540, 22.531431198120117
5541, 22.535432815551758
5542, 22.539432525634766
5543, 22.543432235717773
5544, 22.54743194580078
5545, 22.55143165588379
5546, 22.555431365966797
5547, 22.559431076049805
5548, 22.563432693481445
5549, 22.567432403564453
5550, 22.57143211364746
5551, 22.57543182373047
5552, 22.579431533813477
5553, 22.583431243896484
5554, 22.587432861328125
5555, 22.591432571411133
5556, 22.59543228149414
5557, 22.59943199157715
5558, 22.603431701660156
5559, 22.607431411743164
5560, 22.611431121826172
5561, 22.615432739257812
5562, 22.61943244934082
5563, 22.623432159423828
5564, 22.627431869506836
5565, 22.631431579589844
5566, 22.63543128967285
5567, 22.639432907104492
5568, 22.6434326171875
5569, 22.647432327270508
5570, 22.651432037353516
5571, 22.655431747436523
5572, 22.65943145751953
5573, 22.66343116760254
5574, 22.66743278503418
5575, 22.671432495117188
5576, 22.675432205200195
5577, 22.679431915283203
5578, 22.68343162536621
5579, 22.68743133544922
5580, 22.69143295288086
5581, 22.695432662963867
5582, 22.699432373046875
5583, 22.703432083129883
5584, 22.70743179321289
5585, 22.7114315032959
5586, 22.715431213378906
5587, 22.719432830810547
5588, 22.723432540893555
5589, 22.727432250976562
5590, 22.73143196105957
5591, 22.735431671142578
5592, 22.739431381225586
5593, 22.743431091308594
5594, 22.747432708740234
5595, 22.751432418823242
5596, 22.75543212890625
5597, 22.759431838989258
5598, 22.763431549072266
5599, 22.767431259155273
5600, 22.771432876586914
5601, 22.775432586669922
5602, 22.77943229675293
5603, 22.783432006835938
5604, 22.787431716918945
5605, 22.791431427001953
5606, 22.79543113708496
5607, 22.7994327545166
5608, 22.80343246459961
5609, 22.807432174682617
5610, 22.811431884765625
5611, 22.815431594848633
5612, 22.81943130493164
5613, 22.82343292236328
5614, 22.82743263244629
5615, 22.831432342529297
5616, 22.835432052612305
5617, 22.839431762695312
5618, 22.84343147277832
5619, 22.847431182861328
5620, 22.85143280029297
5621, 22.855432510375977
5622, 22.859432220458984
5623, 22.863431930541992
5624, 22.867431640625
5625, 22.871431350708008
5626, 22.875431060791016
5627, 22.879432678222656
5628, 22.883432388305664
5629, 22.887432098388672
5630, 22.89143180847168
5631, 22.895431518554688
5632, 22.899431228637695
5633, 22.903432846069336
5634, 22.907432556152344
5635, 22.91143226623535
5636, 22.91543197631836
5637, 22.919431686401367
5638, 22.923431396484375
5639, 22.927431106567383
5640, 22.931432723999023
5641, 22.93543243408203
5642, 22.93943214416504
5643, 22.943431854248047
5644, 22.947431564331055
5645, 22.951431274414062
5646, 22.955432891845703
5647, 22.95943260192871
5648, 22.96343231201172
5649, 22.967432022094727
5650, 22.971431732177734
5651, 22.975431442260742
5652, 22.97943115234375
5653, 22.98343276977539
5654, 22.9874324798584
5655, 22.991432189941406
5656, 22.995431900024414
5657, 22.999431610107422
5658, 23.00343132019043
5659, 23.00743293762207
5660, 23.011432647705078
5661, 23.015432357788086
5662, 23.019432067871094
5663, 23.0234317779541
5664, 23.02743148803711
5665, 23.031431198120117
5666, 23.035432815551758
5667, 23.039432525634766
5668, 23.043432235717773
5669, 23.04743194580078
5670, 23.05143165588379
5671, 23.055431365966797
5672, 23.059431076049805
5673, 23.063432693481445
5674, 23.067432403564453
5675, 23.07143211364746
5676, 23.07543182373047
5677, 23.079431533813477
5678, 23.083431243896484
5679, 23.087432861328125
5680, 23.095844268798828
5681, 23.103660583496094
5682, 23.107654571533203
5683, 23.11165428161621
5684, 23.11565399169922
5685, 23.119653701782227
5686, 23.123653411865234
5687, 23.127653121948242
5688, 23.131654739379883
5689, 23.13565444946289
5690, 23.1396541595459
5691, 23.143653869628906
5692, 23.147653579711914
5693, 23.151653289794922
5694, 23.155654907226562
5695, 23.15965461730957
5696, 23.163654327392578
5697, 23.167654037475586
5698, 23.171653747558594
5699, 23.1756534576416
5700, 23.17965316772461
5701, 23.18365478515625
5702, 23.187654495239258
5703, 23.191654205322266
5704, 23.195653915405273
5705, 23.19965362548828
5706, 23.20365333557129
5707, 23.20765495300293
5708, 23.211654663085938
5709, 23.215654373168945
5710, 23.219654083251953
5711, 23.22365379333496
5712, 23.22765350341797
5713, 23.231653213500977
5714, 23.235654830932617
5715, 23.239654541015625
5716, 23.243654251098633
5717, 23.24765396118164
5718, 23.25165367126465
5719, 23.255653381347656
5720, 23.259653091430664
5721, 23.263654708862305
5722, 23.267654418945312
5723, 23.27165412902832
5724, 23.275653839111328
5725, 23.279653549194336
5726, 23.283653259277344
5727, 23.287654876708984
5728, 23.291654586791992
5729, 23.295654296875
5730, 23.299654006958008
5731, 23.303653717041016
5732, 23.307653427124023
5733, 23.31165313720703
5734, 23.315654754638672
5735, 23.31965446472168
5736, 23.323654174804688
5737, 23.327653884887695
5738, 23.331653594970703
5739, 23.33565330505371
5740, 23.33965492248535
5741, 23.34365463256836
5742, 23.347654342651367
5743, 23.351654052734375
5744, 23.355653762817383
5745, 23.35965347290039
5746, 23.3636531829834
5747, 23.36765480041504
5748, 23.371654510498047
5749, 23.375654220581055
5750, 23.379653930664062
5751, 23.38365364074707
5752, 23.387653350830078
5753, 23.391653060913086
5754, 23.395654678344727
5755, 23.399654388427734
5756, 23.403654098510742
5757, 23.40765380859375
5758, 23.411653518676758
5759, 23.415653228759766
5760, 23.419654846191406
5761, 23.423654556274414
5762, 23.427654266357422
5763, 23.43165397644043
5764, 23.435653686523438
5765, 23.439653396606445
5766, 23.443653106689453
5767, 23.447654724121094
5768, 23.4516544342041
5769, 23.45565414428711
5770, 23.459653854370117
5771, 23.463653564453125
5772, 23.467653274536133
5773, 23.471654891967773
5774, 23.47565460205078
5775, 23.47965431213379
5776, 23.483654022216797
5777, 23.487653732299805
5778, 23.491653442382812
5779, 23.49565315246582
5780, 23.49965476989746
5781, 23.50365447998047
5782, 23.507654190063477
5783, 23.511653900146484
5784, 23.515653610229492
5785, 23.5196533203125
5786, 23.52365493774414
5787, 23.52765464782715
5788, 23.531654357910156
5789, 23.535654067993164
5790, 23.539653778076172
5791, 23.54365348815918
5792, 23.547653198242188
5793, 23.551654815673828
5794, 23.555654525756836
5795, 23.559654235839844
5796, 23.56365394592285
5797, 23.56765365600586
5798, 23.571653366088867
5799, 23.575653076171875
5800, 23.579654693603516
5801, 23.583654403686523
5802, 23.58765411376953
5803, 23.59165382385254
5804, 23.595653533935547
5805, 23.599653244018555
5806, 23.603654861450195
5807, 23.607654571533203
5808, 23.61165428161621
5809, 23.61565399169922
5810, 23.619653701782227
5811, 23.623653411865234
5812, 23.627653121948242
5813, 23.631654739379883
5814, 23.63565444946289
5815, 23.6396541595459
5816, 23.643653869628906
5817, 23.647653579711914
5818, 23.651653289794922
5819, 23.655654907226562
5820, 23.65965461730957
5821, 23.663654327392578
5822, 23.667654037475586
5823, 23.671653747558594
5824, 23.6756534576416
5825, 23.67965316772461
5826, 23.68365478515625
5827, 23.687654495239258
5828, 23.691654205322266
5829, 23.695653915405273
5830, 23.69965362548828
5831, 23.70365333557129
5832, 23.70765495300293
5833, 23.711654663085938
5834, 23.715654373168945
5835, 23.719654083251953
5836, 23.72365379333496
5837, 23.72765350341797
5838, 23.731653213500977
5839, 23.735654830932617
5840, 23.739654541015625
5841, 23.743654251098633
5842, 23.74765396118164
5843, 23.75165367126465
5844, 23.755653381347656
5845, 23.759653091430664
5846, 23.763654708862305
5847, 23.767654418945312
5848, 23.77165412902832
5849, 23.775653839111328
5850, 23.779653549194336
5851, 23.783653259277344
5852, 23.787654876708984
5853, 23.791654586791992
5854, 23.795654296875
5855, 23.799654006958008
5856, 23.803653717041016
5857, 23.807653427124023
5858, 23.81165313720703
5859, 23.815654754638672
5860, 23.81965446472168
5861, 23.823654174804688
5862, 23.827653884887695
5863, 23.831653594970703
5864, 23.83565330505371
5865, 23.83965492248535
5866, 23.84365463256836
5867, 23.847654342651367
5868, 23.851654052734375
5869, 23.855653762817383
5870, 23.85965347290039
5871, 23.8636531829834
5872, 23.86765480041504
5873, 23.871654510498047
5874, 23.875654220581055
5875, 23.879653930664062
5876, 23.88365364074707
5877, 23.887653350830078
5878, 23.891653060913086
5879, 23.895654678344727
5880, 23.899654388427734
5881, 23.903654098510742
5882, 23.90765380859375
5883, 23.911653518676758
5884, 23.915653228759766
5885, 23.919654846191406
5886, 23.923654556274414
5887, 23.927654266357422
5888, 23.93165397644043
5889, 23.935653686523438
5890, 23.939653396606445
5891, 23.943653106689453
5892, 23.947654724121094
5893, 23.9516544342041
5894, 23.95565414428711
5895, 23.959653854370117
5896, 23.963653564453125
5897, 23.967653274536133
5898, 23.971654891967773
5899, 23.97565460205078
5900, 23.97965431213379
5901, 23.983654022216797
5902, 23.987653732299805
5903, 23.991653442382812
5904, 23.99565315246582
5905, 23.99965476989746
5906, 24.00365447998047
5907, 24.007654190063477
5908, 24.011653900146484
5909, 24.015653610229492
5910, 24.0196533203125
5911, 24.02365493774414
5912, 24.02765464782715
5913, 24.031654357910156
5914, 24.035654067993164
5915, 24.039653778076172
5916, 24.04365348815918
5917, 24.047653198242188
5918, 24.051654815673828
5919, 24.055654525756836
5920, 24.059654235839844
5921, 24.06365394592285
5922, 24.06765365600586
5923, 24.071653366088867
5924, 24.075653076171875
5925, 24.079654693603516
5926, 24.083654403686523
5927, 24.08765411376953
5928, 24.09165382385254
5929, 24.095653533935547
5930, 24.099653244018555
5931, 24.103654861450195
5932, 24.107654571533203
5933, 24.11165428161621
5934, 24.11565399169922
5935, 24.119653701782227
5936, 24.123653411865234
5937, 24.127653121948242
5938, 24.131654739379883
5939, 24.13565444946289
5940, 24.1396541595459
5941, 24.143653869628906
5942, 24.147653579711914
5943, 24.151653289794922
5944, 24.155654907226562
5945, 24.15965461730957
5946, 24.163654327392578
5947, 24.167654037475586
5948, 24.171653747558594
5949, 24.1756534576416
5950, 24.17965316772461
5951, 24.18365478515625
5952, 24.187654495239258
5953, 24.191654205322266
5954, 24.195653915405273
5955, 24.19965362548828
5956, 24.20365333557129
5957, 24.20765495300293
5958, 24.211654663085938
5959, 24.215654373168945
5960, 24.219654083251953
5961, 24.22365379333496
5962, 24.22765350341797
5963, 24.231653213500977
5964, 24.235654830932617
5965, 24.239654541015625
5966, 24.243654251098633
5967, 24.24765396118164
5968, 24.25165367126465
5969, 24.255653381347656
5970, 24.259653091430664
5971, 24.263654708862305
5972, 24.267654418945312
5973, 24.27165412902832
5974, 24.275653839111328
5975, 24.279653549194336
5976, 24.283653259277344
5977, 24.287654876708984
5978, 24.291654586791992
5979, 24.295654296875
5980, 24.299654006958008
5981, 24.303653717041016
5982, 24.307653427124023
5983, 24.31165313720703
5984, 24.315654754638672
5985, 24.31965446472168
5986, 24.323654174804688
5987, 24.327653884887695
5988, 24.331653594970703
5989, 24.33565330505371
5990, 24.33965492248535
5991, 24.34365463256836
5992, 24.347654342651367
5993, 24.351654052734375
5994, 24.355653762817383
5995, 24.35965347290039
5996, 24.3636531829834
5997, 24.36765480041504
5998, 24.371654510498047
5999, 24.375654220581055
6000, 24.379653930664062
6001, 24.38365364074707
6002, 24.387653350830078
6003, 24.391653060913086
6004, 24.395654678344727
6005, 24.399654388427734
6006, 24.403654098510742
6007, 24.40765380859375
6008, 24.411653518676758
6009, 24.415653228759766
6010, 24.419654846191406
6011, 24.423654556274414
6012, 24.427654266357422
6013, 24.43165397644043
6014, 24.435653686523438
6015, 24.439653396606445
6016, 24.443653106689453
6017, 24.447654724121094
6018, 24.4516544342041
6019, 24.45565414428711
6020, 24.459653854370117
6021, 24.463653564453125
6022, 24.467653274536133
6023, 24.471654891967773
6024, 24.47565460205078
6025, 24.47965431213379
6026, 24.483654022216797
6027, 24.487653732299805
6028, 24.491653442382812
6029, 24.49565315246582
6030, 24.49965476989746
6031, 24.50365447998047
6032, 24.507654190063477
6033, 24.511653900146484
6034, 24.515653610229492
6035, 24.5196533203125
6036, 24.52365493774414
6037, 24.52765464782715
6038, 24.531654357910156
6039, 24.535654067993164
6040, 24.539653778076172
6041, 24.54365348815918
6042, 24.547653198242188
6043, 24.551654815673828
6044, 24.555654525756836
6045, 24.559654235839844
6046, 24.56365394592285
6047, 24.56765365600586
6048, 24.571653366088867
6049, 24.575653076171875
6050, 24.579654693603516
6051, 24.583654403686523
6052, 24.58765411376953
6053, 24.59165382385254
6054, 24.595653533935547
6055, 24.599653244018555
6056, 24.603654861450195
6057, 24.607654571533203
6058, 24.61165428161621
6059, 24.61565399169922
6060, 24.619653701782227
6061, 24.623653411865234
6062, 24.627653121948242
6063, 24.631654739379883
6064, 24.63565444946289
6065, 24.6396541595459
6066, 24.643653869628906
6067, 24.647653579711914
6068, 24.651653289794922
6069, 24.655654907226562
6070, 24.65965461730957
6071, 24.663654327392578
6072, 24.667654037475586
6073, 24.671653747558594
6074, 24.6756534576416
6075, 24.67965316772461
6076, 24.68365478515625
6077, 24.687654495239258
6078, 24.69585418701172
6079, 24.69985580444336
6080, 24.703855514526367
6081, 24.707855224609375
6082, 24.711854934692383
6083, 24.71585464477539
6084, 24.7198543548584
6085, 24.723854064941406
6086, 24.727855682373047
6087, 24.731855392456055
6088, 24.735855102539062
6089, 24.73985481262207
6090, 24.743854522705078
6091, 24.747854232788086
6092, 24.751855850219727
6093, 24.755855560302734
6094, 24.759855270385742
6095, 24.76385498046875
6096, 24.767854690551758
6097, 24.771854400634766
6098, 24.775854110717773
6099, 24.779855728149414
6100, 24.783855438232422
6101, 24.78785514831543
6102, 24.791854858398438
6103, 24.795854568481445
6104, 24.799854278564453
6105, 24.803855895996094
6106, 24.8078556060791
6107, 24.81185531616211
6108, 24.815855026245117
6109, 24.819854736328125
6110, 24.823854446411133
6111, 24.82785415649414
6112, 24.83185577392578
6113, 24.83585548400879
6114, 24.839855194091797
6115, 24.843854904174805
6116, 24.847854614257812
6117, 24.85185432434082
6118, 24.85585594177246
6119, 24.85985565185547
6120, 24.863855361938477
6121, 24.867855072021484
6122, 24.871854782104492
6123, 24.8758544921875
6124, 24.879854202270508
6125, 24.88385581970215
6126, 24.887855529785156
6127, 24.891855239868164
6128, 24.895854949951172
6129, 24.89985466003418
6130, 24.903854370117188
6131, 24.907854080200195
6132, 24.911855697631836
6133, 24.915855407714844
6134, 24.91985511779785
6135, 24.92385482788086
6136, 24.927854537963867
6137, 24.931854248046875
6138, 24.935855865478516
6139, 24.939855575561523
6140, 24.94385528564453
6141, 24.94785499572754
6142, 24.951854705810547
6143, 24.955854415893555
6144, 24.959854125976562
6145, 24.963855743408203
6146, 24.96785545349121
6147, 24.97185516357422
6148, 24.975854873657227
6149, 24.979854583740234
6150, 24.983854293823242
6151, 24.987855911254883
6152, 24.99185562133789
6153, 24.9958553314209
6154, 24.999855041503906
6155, 25.003854751586914
6156, 25.007854461669922
6157, 25.01185417175293
6158, 25.01585578918457
6159, 25.019855499267578
6160, 25.023855209350586
6161, 25.027854919433594
6162, 25.0318546295166
6163, 25.03585433959961
6164, 25.039854049682617
6165, 25.043855667114258
6166, 25.047855377197266
6167, 25.051855087280273
6168, 25.05585479736328
6169, 25.05985450744629
6170, 25.063854217529297
6171, 25.067855834960938
6172, 25.071855545043945
6173, 25.075855255126953
6174, 25.07985496520996
6175, 25.08385467529297
6176, 25.087854385375977
6177, 25.091854095458984
6178, 25.095855712890625
6179, 25.099855422973633
6180, 25.10385513305664
6181, 25.10785484313965
6182, 25.111854553222656
6183, 25.115854263305664
6184, 25.119855880737305
6185, 25.123855590820312
6186, 25.12785530090332
6187, 25.131855010986328
6188, 25.135854721069336
6189, 25.139854431152344
6190, 25.14385414123535
6191, 25.147855758666992
6192, 25.15185546875
6193, 25.155855178833008
6194, 25.159854888916016
6195, 25.163854598999023
6196, 25.16785430908203
6197, 25.171855926513672
6198, 25.17585563659668
6199, 25.179855346679688
6200, 25.183855056762695
6201, 25.187854766845703
6202, 25.19185447692871
6203, 25.19585418701172
6204, 25.19985580444336
6205, 25.203855514526367
6206, 25.207855224609375
6207, 25.211854934692383
6208, 25.21585464477539
6209, 25.2198543548584
6210, 25.223854064941406
6211, 25.227855682373047
6212, 25.231855392456055
6213, 25.235855102539062
6214, 25.23985481262207
6215, 25.243854522705078
6216, 25.247854232788086
6217, 25.251855850219727
6218, 25.255855560302734
6219, 25.259855270385742
6220, 25.26385498046875
6221, 25.267854690551758
6222, 25.271854400634766
6223, 25.275854110717773
6224, 25.279855728149414
6225, 25.283855438232422
6226, 25.28785514831543
6227, 25.291854858398438
6228, 25.295854568481445
6229, 25.299854278564453
6230, 25.303855895996094
6231, 25.3078556060791
6232, 25.31185531616211
6233, 25.315855026245117
6234, 25.319854736328125
6235, 25.323854446411133
6236, 25.32785415649414
6237, 25.33185577392578
6238, 25.33585548400879
6239, 25.339855194091797
6240, 25.343854904174805
6241, 25.347854614257812
6242, 25.35185432434082
6243, 25.35585594177246
6244, 25.35985565185547
6245, 25.363855361938477
6246, 25.367855072021484
6247, 25.371854782104492
6248, 25.3758544921875
6249, 25.379854202270508
6250, 25.38385581970215
6251, 25.387855529785156
6252, 25.391855239868164
6253, 25.395854949951172
6254, 25.39985466003418
6255, 25.403854370117188
6256, 25.407854080200195
6257, 25.411855697631836
6258, 25.415855407714844
6259, 25.41985511779785
6260, 25.42385482788086
6261, 25.427854537963867
6262, 25.431854248046875
6263, 25.435855865478516
6264, 25.439855575561523
6265, 25.44385528564453
6266, 25.44785499572754
6267, 25.451854705810547
6268, 25.455854415893555
6269, 25.459854125976562
6270, 25.463855743408203
6271, 25.46785545349121
6272, 25.47185516357422
6273, 25.475854873657227
6274, 25.479854583740234
6275, 25.483854293823242
6276, 25.487855911254883
6277, 25.49185562133789
6278, 25.4958553314209
6279, 25.499855041503906
6280, 25.503854751586914
6281, 25.507854461669922
6282, 25.51185417175293
6283, 25.51585578918457
6284, 25.519855499267578
6285, 25.523855209350586
6286, 25.527854919433594
6287, 25.5318546295166
6288, 25.53585433959961
6289, 25.539854049682617
6290, 25.543855667114258
6291, 25.547855377197266
6292, 25.551855087280273
6293, 25.55585479736328
6294, 25.55985450744629
6295, 25.563854217529297
6296, 25.567855834960938
6297, 25.571855545043945
6298, 25.575855255126953
6299, 25.57985496520996
6300, 25.58385467529297
6301, 25.587854385375977
6302, 25.591854095458984
6303, 25.595855712890625
6304, 25.599855422973633
6305, 25.60385513305664
6306, 25.60785484313965
6307, 25.611854553222656
6308, 25.615854263305664
6309, 25.619855880737305
6310, 25.623855590820312
6311, 25.62785530090332
6312, 25.631855010986328
6313, 25.635854721069336
6314, 25.639854431152344
6315, 25.64385414123535
6316, 25.647855758666992
6317, 25.65185546875
6318, 25.655855178833008
6319, 25.659854888916016
6320, 25.663854598999023
6321, 25.66785430908203
6322, 25.671855926513672
6323, 25.67585563659668
6324, 25.679855346679688
6325, 25.683855056762695
6326, 25.687854766845703
6327, 25.69185447692871
6328, 25.69585418701172
6329, 25.69985580444336
6330, 25.703855514526367
6331, 25.707855224609375
6332, 25.711854934692383
6333, 25.71585464477539
6334, 25.7198543548584
6335, 25.723854064941406
6336, 25.727855682373047
6337, 25.731855392456055
6338, 25.735855102539062
6339, 25.73985481262207
6340, 25.743854522705078
6341, 25.747854232788086
6342, 25.751855850219727
6343, 25.755855560302734
6344, 25.759855270385742
6345, 25.76385498046875
6346, 25.767854690551758
6347, 25.771854400634766
6348, 25.775854110717773
6349, 25.779855728149414
6350, 25.783855438232422
6351, 25.78785514831543
6352, 25.791854858398438
6353, 25.795854568481445
6354, 25.799854278564453
6355, 25.803855895996094
6356, 25.8078556060791
6357, 25.81185531616211
6358, 25.815855026245117
6359, 25.819854736328125
6360, 25.823854446411133
6361, 25.82785415649414
6362, 25.83185577392578
6363, 25.83585548400879
6364, 25.839855194091797
6365, 25.843854904174805
6366, 25.847854614257812
6367, 25.85185432434082
6368, 25.85585594177246
6369, 25.85985565185547
6370, 25.863855361938477
6371, 25.867855072021484
6372, 25.871854782104492
6373, 25.8758544921875
6374, 25.879854202270508
6375, 25.88385581970215
6376, 25.887855529785156
6377, 25.891855239868164
6378, 25.895854949951172
6379, 25.89985466003418
6380, 25.903854370117188
6381, 25.907854080200195
6382, 25.911855697631836
6383, 25.915855407714844
6384, 25.91985511779785
6385, 25.92385482788086
6386, 25.927854537963867
6387, 25.931854248046875
6388, 25.935855865478516
6389, 25.939855575561523
6390, 25.94385528564453
6391, 25.94785499572754
6392, 25.951854705810547
6393, 25.955854415893555
6394, 25.959854125976562
6395, 25.963855743408203
6396, 25.96785545349121
6397, 25.97185516357422
6398, 25.975854873657227
6399, 25.979854583740234
6400, 25.983854293823242
6401, 25.987855911254883
6402, 25.99185562133789
6403, 25.9958553314209
6404, 25.999855041503906
6405, 26.003854751586914
6406, 26.007854461669922
6407, 26.01185417175293
6408, 26.01585578918457
6409, 26.019855499267578
6410, 26.023855209350586
6411, 26.027854919433594
6412, 26.0318546295166
6413, 26.03585433959961
6414, 26.039854049682617
6415, 26.043855667114258
6416, 26.047855377197266
6417, 26.051855087280273
6418, 26.05585479736328
6419, 26.05985450744629
6420, 26.063854217529297
6421, 26.067855834960938
6422, 26.071855545043945
6423, 26.075855255126953
6424, 26.07985496520996
6425, 26.08385467529297
6426, 26.087854385375977
6427, 26.091854095458984
6428, 26.095855712890625
6429, 26.099855422973633
6430, 26.10385513305664
6431, 26.10785484313965
6432, 26.111854553222656
6433, 26.115854263305664
6434, 26.119855880737305
6435, 26.123855590820312
6436, 26.12785530090332
6437, 26.131855010986328
6438, 26.135854721069336
6439, 26.139854431152344
6440, 26.14385414123535
6441, 26.147855758666992
6442, 26.15185546875
6443, 26.155855178833008
6444, 26.159854888916016
6445, 26.163854598999023
6446, 26.16785430908203
6447, 26.171855926513672
6448, 26.17585563659668
6449, 26.179855346679688
6450, 26.183855056762695
6451, 26.187854766845703
6452, 26.19185447692871
6453, 26.19585418701172
6454, 26.19985580444336
6455, 26.203855514526367
6456, 26.207855224609375
6457, 26.211854934692383
6458, 26.21585464477539
6459, 26.2198543548584
6460, 26.223854064941406
6461, 26.227855682373047
6462, 26.231855392456055
6463, 26.235855102539062
6464, 26.23985481262207
6465, 26.243854522705078
6466, 26.247854232788086
6467, 26.251855850219727
6468, 26.255855560302734
6469, 26.259855270385742
6470, 26.26385498046875
6471, 26.267854690551758
6472, 26.271854400634766
6473, 26.275854110717773
6474, 26.279855728149414
6475, 26.283855438232422
6476, 26.28785514831543
6477, 26.291854858398438
6478, 26.295854568481445
6479, 26.299854278564453
6480, 26.303855895996094
6481, 26.3078556060791
6482, 26.31185531616211
6483, 26.315855026245117
6484, 26.319854736328125
6485, 26.323854446411133
6486, 26.32785415649414
6487, 26.33185577392578
6488, 26.33585548400879
6489, 26.339855194091797
6490, 26.343854904174805
6491, 26.347854614257812
6492, 26.35185432434082
6493, 26.35585594177246
6494, 26.35985565185547
6495, 26.363855361938477
6496, 26.367855072021484
6497, 26.371854782104492
6498, 26.3758544921875
6499, 26.379854202270508
6500, 26.38385581970215
6501, 26.387855529785156
6502, 26.391855239868164
6503, 26.395854949951172
6504, 26.39985466003418
6505, 26.403854370117188
6506, 26.407854080200195
6507, 26.411855697631836
6508, 26.415855407714844
6509, 26.41985511779785
6510, 26.42385482788086
6511, 26.427854537963867
6512, 26.431854248046875
6513, 26.435855865478516
6514, 26.439855575561523
6515, 26.44385528564453
6516, 26.44785499572754
6517, 26.451854705810547
6518, 26.455854415893555
6519, 26.459854125976562
6520, 26.463855743408203
6521, 26.46785545349121
6522, 26.47185516357422
6523, 26.475854873657227
6524, 26.479854583740234
6525, 26.483854293823242
6526, 26.487855911254883
6527, 26.49185562133789
6528, 26.4958553314209
6529, 26.499855041503906
6530, 26.503854751586914
6531, 26.507854461669922
6532, 26.51185417175293
6533, 26.51585578918457
6534, 26.519855499267578
6535, 26.523855209350586
6536, 26.527854919433594
6537, 26.5318546295166
6538, 26.53585433959961
6539, 26.539854049682617
6540, 26.543855667114258
6541, 26.547855377197266
6542, 26.551855087280273
6543, 26.55585479736328
6544, 26.55985450744629
6545, 26.563854217529297
6546, 26.567855834960938
6547, 26.571855545043945
6548, 26.575855255126953
6549, 26.57985496520996
6550, 26.58385467529297
6551, 26.587854385375977
6552, 26.591854095458984
6553, 26.595855712890625
6554, 26.599855422973633
6555, 26.60385513305664
6556, 26.60785484313965
6557, 26.611854553222656
6558, 26.615854263305664
6559, 26.619855880737305
6560, 26.623855590820312
6561, 26.62785530090332
6562, 26.631855010986328
6563, 26.635854721069336
6564, 26.639854431152344
6565, 26.64385414123535
6566, 26.647855758666992
6567, 26.65185546875
6568, 26.655855178833008
6569, 26.659854888916016
6570, 26.663854598999023
6571, 26.66785430908203
6572, 26.671855926513672
6573, 26.67585563659668
6574, 26.679855346679688
6575, 26.683855056762695
6576, 26.687854766845703
6577, 26.69185447692871
6578, 26.69585418701172
6579, 26.69985580444336
6580, 26.703855514526367
6581, 26.707855224609375
6582, 26.711854934692383
6583, 26.71585464477539
6584, 26.7198543548584
6585, 26.723854064941406
6586, 26.727855682373047
6587, 26.731855392456055
6588, 26.735855102539062
6589, 26.73985481262207
6590, 26.743854522705078
6591, 26.747854232788086
6592, 26.751855850219727
6593, 26.755855560302734
6594, 26.759855270385742
6595, 26.76385498046875
6596, 26.767854690551758
6597, 26.771854400634766
6598, 26.775854110717773
6599, 26.779855728149414
6600, 26.783855438232422
6601, 26.78785514831543
6602, 26.791854858398438
6603, 26.795854568481445
6604, 26.799854278564453
6605, 26.803855895996094
6606, 26.8078556060791
6607, 26.81185531616211
6608, 26.815855026245117
6609, 26.819854736328125
6610, 26.823854446411133
6611, 26.82785415649414
6612, 26.83185577392578
6613, 26.83585548400879
6614, 26.839855194091797
6615, 26.843854904174805
6616, 26.847854614257812
6617, 26.85185432434082
6618, 26.85585594177246
6619, 26.85985565185547
6620, 26.863855361938477
6621, 26.867855072021484
6622, 26.871854782104492
6623, 26.8758544921875
6624, 26.879854202270508
6625, 26.88385581970215
6626, 26.887855529785156
6627, 26.891855239868164
6628, 26.895854949951172
6629, 26.89985466003418
6630, 26.903854370117188
6631, 26.907854080200195
6632, 26.911855697631836
6633, 26.915855407714844
6634, 26.91985511779785
6635, 26.92385482788086
6636, 26.927854537963867
6637, 26.931854248046875
6638, 26.935855865478516
6639, 26.939855575561523
6640, 26.94385528564453
6641, 26.94785499572754
6642, 26.951854705810547
6643, 26.955854415893555
6644, 26.959854125976562
6645, 26.963855743408203
6646, 26.96785545349121
6647, 26.97185516357422
6648, 26.975854873657227
6649, 26.979854583740234
6650, 26.983854293823242
6651, 26.987855911254883
6652, 26.99185562133789
6653, 26.9958553314209
6654, 26.999855041503906
6655, 27.003854751586914
6656, 27.007854461669922
6657, 27.01185417175293
6658, 27.01585578918457
6659, 27.019855499267578
6660, 27.023855209350586
6661, 27.027854919433594
6662, 27.0318546295166
6663, 27.03585433959961
6664, 27.039854049682617
6665, 27.043855667114258
6666, 27.047855377197266
6667, 27.051855087280273
6668, 27.05585479736328
6669, 27.05985450744629
6670, 27.063854217529297
6671, 27.067855834960938
6672, 27.071855545043945
6673, 27.075855255126953
6674, 27.07985496520996
6675, 27.08385467529297
6676, 27.087854385375977
6677, 27.091854095458984
6678, 27.095855712890625
6679, 27.099855422973633
6680, 27.10385513305664
6681, 27.10785484313965
6682, 27.111854553222656
6683, 27.115854263305664
6684, 27.119855880737305
6685, 27.123855590820312
6686, 27.12785530090332
6687, 27.131855010986328
6688, 27.135854721069336
6689, 27.139854431152344
6690, 27.14385414123535
6691, 27.147855758666992
6692, 27.15185546875
6693, 27.155855178833008
6694, 27.159854888916016
6695, 27.163854598999023
6696, 27.16785430908203
6697, 27.171855926513672
6698, 27.17585563659668
6699, 27.179855346679688
6700, 27.183855056762695
6701, 27.187854766845703
6702, 27.19185447692871
6703, 27.19585418701172
6704, 27.19985580444336
6705, 27.203855514526367
6706, 27.207855224609375
6707, 27.211854934692383
6708, 27.21585464477539
6709, 27.2198543548584
6710, 27.223854064941406
6711, 27.227855682373047
6712, 27.231855392456055
6713, 27.235855102539062
6714, 27.23985481262207
6715, 27.243854522705078
6716, 27.247854232788086
6717, 27.251855850219727
6718, 27.255855560302734
6719, 27.259855270385742
6720, 27.26385498046875
6721, 27.267854690551758
6722, 27.271854400634766
6723, 27.275854110717773
6724, 27.279855728149414
6725, 27.283855438232422
6726, 27.28785514831543
6727, 27.291854858398438
6728, 27.295854568481445
6729, 27.299854278564453
6730, 27.303855895996094
6731, 27.3078556060791
6732, 27.31185531616211
6733, 27.315855026245117
6734, 27.319854736328125
6735, 27.323854446411133
6736, 27.32785415649414
6737, 27.33185577392578
6738, 27.33585548400879
6739, 27.339855194091797
6740, 27.343854904174805
6741, 27.347854614257812
6742, 27.35185432434082
6743, 27.35585594177246
6744, 27.35985565185547
6745, 27.363855361938477
6746, 27.367855072021484
6747, 27.371854782104492
6748, 27.3758544921875
6749, 27.379854202270508
6750, 27.38385581970215
6751, 27.387855529785156
6752, 27.391855239868164
6753, 27.395854949951172
6754, 27.39985466003418
6755, 27.403854370117188
6756, 27.407854080200195
6757, 27.411855697631836
6758, 27.415855407714844
6759, 27.41985511779785
6760, 27.42385482788086
6761, 27.427854537963867
6762, 27.431854248046875
6763, 27.435855865478516
6764, 27.439855575561523
6765, 27.44385528564453
6766, 27.44785499572754
6767, 27.451854705810547
6768, 27.455854415893555
6769, 27.459854125976562
6770, 27.463855743408203
6771, 27.46785545349121
6772, 27.47185516357422
6773, 27.475854873657227
6774, 27.479854583740234
6775, 27.483854293823242
6776, 27.487855911254883
6777, 27.49185562133789
6778, 27.4958553314209
6779, 27.499855041503906
6780, 27.503854751586914
6781, 27.507854461669922
6782, 27.51185417175293
6783, 27.51585578918457
6784, 27.519855499267578
6785, 27.523855209350586
6786, 27.527854919433594
6787, 27.5318546295166
6788, 27.53585433959961
6789, 27.539854049682617
6790, 27.543855667114258
6791, 27.547855377197266
6792, 27.551855087280273
6793, 27.55585479736328
6794, 27.55985450744629
6795, 27.563854217529297
6796, 27.567855834960938
6797, 27.571855545043945
6798, 27.575855255126953
6799, 27.57985496520996
6800, 27.58385467529297
6801, 27.587854385375977
6802, 27.591854095458984
6803, 27.595855712890625
6804, 27.599855422973633
6805, 27.60385513305664
6806, 27.60785484313965
6807, 27.611854553222656
6808, 27.615854263305664
6809, 27.619855880737305
6810, 27.623855590820312
6811, 27.62785530090332
6812, 27.631855010986328
6813, 27.635854721069336
6814, 27.639854431152344
6815, 27.64385414123535
6816, 27.647855758666992
6817, 27.65185546875
6818, 27.655855178833008
6819, 27.659854888916016
6820, 27.663854598999023
6821, 27.66785430908203
6822, 27.671855926513672
6823, 27.67585563659668
6824, 27.679855346679688
6825, 27.683855056762695
6826, 27.687854766845703
6827, 27.69185447692871
6828, 27.69585418701172
6829, 27.69985580444336
6830, 27.703855514526367
6831, 27.707855224609375
6832, 27.711854934692383
6833, 27.71585464477539
6834, 27.7198543548584
6835, 27.723854064941406
6836, 27.727855682373047
6837, 27.731855392456055
6838, 27.735855102539062
6839, 27.73985481262207
6840, 27.743854522705078
6841, 27.747854232788086
6842, 27.751855850219727
6843, 27.755855560302734
6844, 27.759855270385742
6845, 27.76385498046875
6846, 27.767854690551758
6847, 27.771854400634766
6848, 27.775854110717773
6849, 27.779855728149414
6850, 27.783855438232422
6851, 27.78785514831543
6852, 27.791854858398438
6853, 27.795854568481445
6854, 27.799854278564453
6855, 27.803855895996094
6856, 27.8078556060791
6857, 27.81185531616211
6858, 27.815855026245117
6859, 27.819854736328125
6860, 27.823854446411133
6861, 27.82785415649414
6862, 27.83185577392578
6863, 27.83585548400879
6864, 27.839855194091797
6865, 27.843854904174805
6866, 27.847854614257812
6867, 27.85185432434082
6868, 27.85585594177246
6869, 27.85985565185547
6870, 27.863855361938477
6871, 27.867855072021484
6872, 27.871854782104492
6873, 27.8758544921875
6874, 27.879854202270508
6875, 27.88385581970215
6876, 27.887855529785156
6877, 27.891855239868164
6878, 27.895854949951172
6879, 27.89985466003418
6880, 27.903854370117188
6881, 27.907854080200195
6882, 27.911855697631836
6883, 27.915855407714844
6884, 27.91985511779785
6885, 27.92385482788086
6886, 27.927854537963867
6887, 27.931854248046875
6888, 27.935855865478516
6889, 27.939855575561523
6890, 27.94385528564453
6891, 27.94785499572754
6892, 27.951854705810547
6893, 27.955854415893555
6894, 27.959854125976562
6895, 27.963855743408203
6896, 27.96785545349121
6897, 27.97185516357422
6898, 27.975854873657227
6899, 27.979854583740234
6900, 27.983854293823242
6901, 27.987855911254883
6902, 27.99185562133789
6903, 27.9958553314209
6904, 27.999855041503906
6905, 28.003854751586914
6906, 28.007854461669922
6907, 28.01185417175293
6908, 28.01585578918457
6909, 28.019855499267578
6910, 28.023855209350586
6911, 28.027854919433594
6912, 28.0318546295166
6913, 28.03585433959961
6914, 28.039854049682617
6915, 28.043855667114258
6916, 28.047855377197266
6917, 28.051855087280273
6918, 28.05585479736328
6919, 28.05985450744629
6920, 28.063854217529297
6921, 28.067855834960938
6922, 28.071855545043945
6923, 28.075855255126953
6924, 28.07985496520996
6925, 28.08385467529297
6926, 28.087854385375977
6927, 28.091854095458984
6928, 28.095855712890625
6929, 28.099855422973633
6930, 28.10385513305664
6931, 28.10785484313965
6932, 28.111854553222656
6933, 28.115854263305664
6934, 28.119855880737305
6935, 28.123855590820312
6936, 28.12785530090332
6937, 28.131855010986328
6938, 28.135854721069336
6939, 28.139854431152344
6940, 28.14385414123535
6941, 28.147855758666992
6942, 28.15185546875
6943, 28.155855178833008
6944, 28.159854888916016
6945, 28.163854598999023
6946, 28.16785430908203
6947, 28.171855926513672
6948, 28.17585563659668
6949, 28.179855346679688
6950, 28.183855056762695
6951, 28.187854766845703
6952, 28.19185447692871
6953, 28.19585418701172
6954, 28.19985580444336
6955, 28.203855514526367
6956, 28.207855224609375
6957, 28.211854934692383
6958, 28.21585464477539
6959, 28.2198543548584
6960, 28.223854064941406
6961, 28.227855682373047
6962, 28.231855392456055
6963, 28.235855102539062
6964, 28.23985481262207
6965, 28.243854522705078
6966, 28.247854232788086
6967, 28.251855850219727
6968, 28.255855560302734
6969, 28.259855270385742
6970, 28.26385498046875
6971, 28.267854690551758
6972, 28.271854400634766
6973, 28.275854110717773
6974, 28.279855728149414
6975, 28.283855438232422
6976, 28.28785514831543
6977, 28.291854858398438
6978, 28.295854568481445
6979, 28.299854278564453
6980, 28.303855895996094
6981, 28.3078556060791
6982, 28.31185531616211
6983, 28.315855026245117
6984, 28.319854736328125
6985, 28.323854446411133
6986, 28.32785415649414
6987, 28.33185577392578
6988, 28.33585548400879
6989, 28.339855194091797
6990, 28.343854904174805
6991, 28.347854614257812
6992, 28.35185432434082
6993, 28.35585594177246
6994, 28.35985565185547
6995, 28.363855361938477
6996, 28.367855072021484
6997, 28.371854782104492
6998, 28.3758544921875
6999, 28.379854202270508
7000, 28.38385581970215
7001, 28.387855529785156
7002, 28.391855239868164
7003, 28.395854949951172
7004, 28.39985466003418
7005, 28.403854370117188
7006, 28.407854080200195
7007, 28.411855697631836
7008, 28.415855407714844
7009, 28.41985511779785
7010, 28.42385482788086
7011, 28.427854537963867
7012, 28.431854248046875
7013, 28.435855865478516
7014, 28.439855575561523
7015, 28.44385528564453
7016, 28.44785499572754
7017, 28.451854705810547
7018, 28.455854415893555
7019, 28.459854125976562
7020, 28.463855743408203
7021, 28.46785545349121
7022, 28.47185516357422
7023, 28.475854873657227
7024, 28.479854583740234
7025, 28.483854293823242
7026, 28.487855911254883
7027, 28.49185562133789
7028, 28.4958553314209
7029, 28.499855041503906
7030, 28.503854751586914
7031, 28.507854461669922
7032, 28.51185417175293
7033, 28.51585578918457
7034, 28.519855499267578
7035, 28.523855209350586
7036, 28.527854919433594
7037, 28.5318546295166
7038, 28.53585433959961
7039, 28.539854049682617
7040, 28.543855667114258
7041, 28.547855377197266
7042, 28.551855087280273
7043, 28.55585479736328
7044, 28.55985450744629
7045, 28.563854217529297
7046, 28.567855834960938
7047, 28.571855545043945
7048, 28.575855255126953
7049, 28.57985496520996
7050, 28.58385467529297
7051, 28.587854385375977
7052, 28.591854095458984
7053, 28.595855712890625
7054, 28.599855422973633
7055, 28.60385513305664
7056, 28.60785484313965
7057, 28.611854553222656
7058, 28.615854263305664
7059, 28.619855880737305
7060, 28.623855590820312
7061, 28.62785530090332
7062, 28.631855010986328
7063, 28.635854721069336
7064, 28.639854431152344
7065, 28.64385414123535
7066, 28.647855758666992
7067, 28.65185546875
7068, 28.655855178833008
7069, 28.659854888916016
7070, 28.663854598999023
7071, 28.66785430908203
7072, 28.671855926513672
7073, 28.67585563659668
7074, 28.679855346679688
7075, 28.683855056762695
7076, 28.687854766845703
7077, 28.69185447692871
7078, 28.69585418701172
7079, 28.69985580444336
7080, 28.703855514526367
7081, 28.707855224609375
7082, 28.711854934692383
7083, 28.71585464477539
7084, 28.7198543548584
7085, 28.723854064941406
7086, 28.727855682373047
7087, 28.731855392456055
7088, 28.735855102539062
7089, 28.73985481262207
7090, 28.743854522705078
7091, 28.747854232788086
7092, 28.751855850219727
7093, 28.755855560302734
7094, 28.759855270385742
7095, 28.76385498046875
7096, 28.767854690551758
7097, 28.771854400634766
7098, 28.775854110717773
7099, 28.779855728149414
7100, 28.783855438232422
7101, 28.78785514831543
7102, 28.791854858398438
7103, 28.795854568481445
7104, 28.799854278564453
7105, 28.803855895996094
7106, 28.8078556060791
7107, 28.81185531616211
7108, 28.815855026245117
7109, 28.819854736328125
7110, 28.823854446411133
7111, 28.82785415649414
7112, 28.83185577392578
7113, 28.83585548400879
7114, 28.839855194091797
7115, 28.843854904174805
7116, 28.847854614257812
7117, 28.85185432434082
7118, 28.85585594177246
7119, 28.85985565185547
7120, 28.863855361938477
7121, 28.867855072021484
7122, 28.871854782104492
7123, 28.8758544921875
7124, 28.879854202270508
7125, 28.88385581970215
7126, 28.887855529785156
7127, 28.891855239868164
7128, 28.895854949951172
7129, 28.89985466003418
7130, 28.903854370117188
7131, 28.907854080200195
7132, 28.911855697631836
7133, 28.915855407714844
7134, 28.91985511779785
7135, 28.92385482788086
7136, 28.927854537963867
7137, 28.931854248046875
7138, 28.935855865478516
7139, 28.939855575561523
7140, 28.94385528564453
7141, 28.94785499572754
7142, 28.951854705810547
7143, 28.955854415893555
7144, 28.959854125976562
7145, 28.963855743408203
7146, 28.96785545349121
7147, 28.97185516357422
7148, 28.975854873657227
7149, 28.979854583740234
7150, 28.983854293823242
7151, 28.987855911254883
7152, 28.99185562133789
7153, 28.9958553314209
7154, 28.999855041503906
7155, 29.003854751586914
7156, 29.007854461669922
7157, 29.01185417175293
7158, 29.01585578918457
7159, 29.019855499267578
7160, 29.023855209350586
7161, 29.027854919433594
7162, 29.0318546295166
7163, 29.03585433959961
7164, 29.039854049682617
7165, 29.043855667114258
7166, 29.047855377197266
7167, 29.051855087280273
7168, 29.05585479736328
7169, 29.05985450744629
7170, 29.063854217529297
7171, 29.067855834960938
7172, 29.071855545043945
7173, 29.075855255126953
7174, 29.07985496520996
7175, 29.08385467529297
7176, 29.087854385375977
7177, 29.091854095458984
7178, 29.095855712890625
7179, 29.099855422973633
7180, 29.10385513305664
7181, 29.10785484313965
7182, 29.111854553222656
7183, 29.115854263305664
7184, 29.119855880737305
7185, 29.123855590820312
7186, 29.12785530090332
7187, 29.131855010986328
7188, 29.135854721069336
7189, 29.139854431152344
7190, 29.14385414123535
7191, 29.147855758666992
7192, 29.15185546875
7193, 29.155855178833008
7194, 29.159854888916016
7195, 29.163854598999023
7196, 29.16785430908203
7197, 29.171855926513672
7198, 29.17585563659668
7199, 29.179855346679688
7200, 29.183855056762695
7201, 29.187854766845703
7202, 29.19185447692871
7203, 29.19585418701172
7204, 29.19985580444336
7205, 29.203855514526367
7206, 29.207855224609375
7207, 29.211854934692383
7208, 29.21585464477539
7209, 29.2198543548584
7210, 29.223854064941406
7211, 29.227855682373047
7212, 29.231855392456055
7213, 29.235855102539062
7214, 29.23985481262207
7215, 29.243854522705078
7216, 29.247854232788086
7217, 29.251855850219727
7218, 29.255855560302734
7219, 29.259855270385742
7220, 29.26385498046875
7221, 29.267854690551758
7222, 29.271854400634766
7223, 29.275854110717773
7224, 29.279855728149414
7225, 29.283855438232422
7226, 29.28785514831543
7227, 29.291854858398438
7228, 29.295854568481445
7229, 29.299854278564453
7230, 29.303855895996094
7231, 29.3078556060791
7232, 29.31185531616211
7233, 29.315855026245117
7234, 29.319854736328125
7235, 29.323854446411133
7236, 29.32785415649414
7237, 29.33185577392578
7238, 29.33585548400879
7239, 29.339855194091797
7240, 29.343854904174805
7241, 29.347854614257812
7242, 29.35185432434082
7243, 29.35585594177246
7244, 29.35985565185547
7245, 29.363855361938477
7246, 29.367855072021484
7247, 29.371854782104492
7248, 29.3758544921875
7249, 29.379854202270508
7250, 29.38385581970215
7251, 29.387855529785156
7252, 29.391855239868164
7253, 29.395854949951172
7254, 29.39985466003418
7255, 29.403854370117188
7256, 29.407854080200195
7257, 29.411855697631836
7258, 29.415855407714844
7259, 29.41985511779785
7260, 29.42385482788086
7261, 29.427854537963867
7262, 29.431854248046875
7263, 29.435855865478516
7264, 29.439855575561523
7265, 29.44385528564453
7266, 29.44785499572754
7267, 29.451854705810547
7268, 29.455854415893555
7269, 29.459854125976562
7270, 29.463855743408203
7271, 29.46785545349121
7272, 29.47185516357422
7273, 29.475854873657227
7274, 29.479854583740234
7275, 29.483854293823242
7276, 29.487855911254883
7277, 29.49185562133789
7278, 29.4958553314209
7279, 29.499855041503906
7280, 29.503854751586914
7281, 29.507854461669922
7282, 29.51185417175293
7283, 29.51585578918457
7284, 29.519855499267578
7285, 29.523855209350586
7286, 29.527854919433594
7287, 29.5318546295166
7288, 29.53585433959961
7289, 29.539854049682617
7290, 29.543855667114258
7291, 29.547855377197266
7292, 29.551855087280273
7293, 29.55585479736328
7294, 29.55985450744629
7295, 29.563854217529297
7296, 29.567855834960938
7297, 29.571855545043945
7298, 29.575855255126953
7299, 29.57985496520996
7300, 29.58385467529297
7301, 29.587854385375977
7302, 29.591854095458984
7303, 29.595855712890625
7304, 29.599855422973633
7305, 29.60385513305664
7306, 29.60785484313965
7307, 29.611854553222656
7308, 29.615854263305664
7309, 29.619855880737305
7310, 29.623855590820312
7311, 29.62785530090332
7312, 29.631855010986328
7313, 29.635854721069336
7314, 29.639854431152344
7315, 29.64385414123535
7316, 29.647855758666992
7317, 29.65185546875
7318, 29.655855178833008
7319, 29.659854888916016
7320, 29.663854598999023
7321, 29.66785430908203
7322, 29.671855926513672
7323, 29.67585563659668
7324, 29.679855346679688
7325, 29.683855056762695
7326, 29.687854766845703
7327, 29.69185447692871
7328, 29.69585418701172
7329, 29.69985580444336
7330, 29.703855514526367
7331, 29.707855224609375
7332, 29.711854934692383
7333, 29.71585464477539
7334, 29.7198543548584
7335, 29.723854064941406
7336, 29.727855682373047
7337, 29.731855392456055
7338, 29.735855102539062
7339, 29.73985481262207
7340, 29.743854522705078
7341, 29.747854232788086
7342, 29.751855850219727
7343, 29.755855560302734
7344, 29.759855270385742
7345, 29.76385498046875
7346, 29.767854690551758
7347, 29.771854400634766
7348, 29.775854110717773
7349, 29.779855728149414
7350, 29.783855438232422
7351, 29.78785514831543
7352, 29.791854858398438
7353, 29.795854568481445
7354, 29.799854278564453
7355, 29.803855895996094
7356, 29.8078556060791
7357, 29.81185531616211
7358, 29.815855026245117
7359, 29.819854736328125
7360, 29.823854446411133
7361, 29.82785415649414
7362, 29.83185577392578
7363, 29.83585548400879
7364, 29.839855194091797
7365, 29.843854904174805
7366, 29.847854614257812
7367, 29.85185432434082
7368, 29.85585594177246
7369, 29.85985565185547
7370, 29.863855361938477
7371, 29.867855072021484
7372, 29.871854782104492
7373, 29.8758544921875
7374, 29.879854202270508
7375, 29.88385581970215
7376, 29.887855529785156
7377, 29.891855239868164
7378, 29.895854949951172
7379, 29.89985466003418
7380, 29.903854370117188
7381, 29.907854080200195
7382, 29.911855697631836
7383, 29.915855407714844
7384, 29.91985511779785
7385, 29.92385482788086
7386, 29.927854537963867
7387, 29.931854248046875
7388, 29.935855865478516
7389, 29.939855575561523
7390, 29.94385528564453
7391, 29.94785499572754
7392, 29.951854705810547
7393, 29.955854415893555
7394, 29.959854125976562
7395, 29.963855743408203
7396, 29.96785545349121
7397, 29.97185516357422
7398, 29.975854873657227
7399, 29.979854583740234
7400, 29.983854293823242
7401, 29.987855911254883
7402, 29.99185562133789
7403, 29.9958553314209
7404, 29.999855041503906
7405, 30.003854751586914
7406, 30.007854461669922
7407, 30.01185417175293
7408, 30.01585578918457
7409, 30.019855499267578
7410, 30.023855209350586
7411, 30.027854919433594
7412, 30.0318546295166
7413, 30.03585433959961
7414, 30.039854049682617
7415, 30.043855667114258
7416, 30.047855377197266
7417, 30.051855087280273
7418, 30.05585479736328
7419, 30.05985450744629
7420, 30.063854217529297
7421, 30.067855834960938
7422, 30.071855545043945
7423, 30.075855255126953
7424, 30.07985496520996
7425, 30.08385467529297
7426, 30.087854385375977
7427, 30.091854095458984
7428, 30.095855712890625
7429, 30.099855422973633
7430, 30.10385513305664
7431, 30.10785484313965
7432, 30.111854553222656
7433, 30.115854263305664
7434, 30.119855880737305
7435, 30.123855590820312
7436, 30.12785530090332
7437, 30.131855010986328
7438, 30.135854721069336
7439, 30.139854431152344
7440, 30.14385414123535
7441, 30.147855758666992
7442, 30.15185546875
7443, 30.155855178833008
7444, 30.159854888916016
7445, 30.163854598999023
7446, 30.16785430908203
7447, 30.171855926513672
7448, 30.17585563659668
7449, 30.179855346679688
7450, 30.183855056762695
7451, 30.187854766845703
7452, 30.19185447692871
7453, 30.19585418701172
7454, 30.19985580444336
7455, 30.203855514526367
7456, 30.207855224609375
7457, 30.211854934692383
7458, 30.21585464477539
7459, 30.2198543548584
7460, 30.223854064941406
7461, 30.227855682373047
7462, 30.231855392456055
7463, 30.235855102539062
7464, 30.23985481262207
7465, 30.243854522705078
7466, 30.247854232788086
7467, 30.251855850219727
7468, 30.255855560302734
7469, 30.259855270385742
7470, 30.26385498046875
7471, 30.267854690551758
7472, 30.271854400634766
7473, 30.275854110717773
7474, 30.279855728149414
7475, 30.283855438232422
7476, 30.28785514831543
7477, 30.291854858398438
7478, 30.295854568481445
7479, 30.299854278564453
7480, 30.303855895996094
7481, 30.3078556060791
7482, 30.31185531616211
7483, 30.315855026245117
7484, 30.319854736328125
7485, 30.323854446411133
7486, 30.32785415649414
7487, 30.33185577392578
7488, 30.33585548400879
7489, 30.339855194091797
7490, 30.343854904174805
7491, 30.347854614257812
7492, 30.35185432434082
7493, 30.35585594177246
7494, 30.35985565185547
7495, 30.363855361938477
7496, 30.367855072021484
7497, 30.371854782104492
7498, 30.3758544921875
7499, 30.379854202270508
7500, 30.38385581970215
7501, 30.387855529785156
7502, 30.391855239868164
7503, 30.395854949951172
7504, 30.39985466003418
7505, 30.403854370117188
7506, 30.407854080200195
7507, 30.411855697631836
7508, 30.415855407714844
7509, 30.41985511779785
7510, 30.42385482788086
7511, 30.427854537963867
7512, 30.431854248046875
7513, 30.435855865478516
7514, 30.439855575561523
7515, 30.44385528564453
7516, 30.44785499572754
7517, 30.451854705810547
7518, 30.455854415893555
7519, 30.459854125976562
7520, 30.463855743408203
7521, 30.46785545349121
7522, 30.47185516357422
7523, 30.475854873657227
7524, 30.479854583740234
7525, 30.483854293823242
7526, 30.487855911254883
7527, 30.49185562133789
7528, 30.4958553314209
7529, 30.499855041503906
7530, 30.503854751586914
7531, 30.507854461669922
7532, 30.51185417175293
7533, 30.51585578918457
7534, 30.519855499267578
7535, 30.523855209350586
7536, 30.527854919433594
