3712, 18.559999465942383
0, 162.67625427246094
1, 162.68124389648438
2, 162.68624877929688
3, 162.69125366210938
4, 162.69625854492188
5, 162.7012481689453
6, 162.7062530517578
7, 162.7112579345703
8, 162.71624755859375
9, 162.72125244140625
10, 162.72625732421875
11, 162.7312469482422
12, 162.7362518310547
13, 162.7412567138672
14, 162.74624633789062
15, 162.75125122070312
16, 162.75625610351562
17, 162.76124572753906
18, 162.76625061035156
19, 162.77125549316406
20, 162.7762451171875
21, 162.78125
22, 162.7862548828125
23, 162.79124450683594
24, 162.79624938964844
25, 162.80125427246094
26, 162.80624389648438
27, 162.81124877929688
28, 162.81625366210938
29, 162.82125854492188
30, 162.8262481689453
31, 162.8312530517578
32, 162.8362579345703
33, 162.84124755859375
34, 162.84625244140625
35, 162.85125732421875
36, 162.8562469482422
37, 162.8612518310547
38, 162.8662567138672
39, 162.87124633789062
40, 162.87625122070312
41, 162.88125610351562
42, 162.88624572753906
43, 162.89125061035156
44, 162.89625549316406
45, 162.9012451171875
46, 162.90625
47, 162.9112548828125
48, 162.91624450683594
49, 162.92124938964844
50, 162.92625427246094
51, 162.93124389648438
52, 162.93624877929688
53, 162.94125366210938
54, 162.94625854492188
55, 162.9512481689453
56, 162.9562530517578
57, 162.9612579345703
58, 162.96624755859375
59, 162.97125244140625
60, 162.97625732421875
61, 162.9812469482422
62, 162.9862518310547
63, 162.9912567138672
64, 162.99624633789062
65, 163.00125122070312
66, 163.00625610351562
67, 163.01124572753906
68, 163.01625061035156
69, 163.02125549316406
70, 163.0262451171875
71, 163.03125
72, 163.0362548828125
73, 163.04124450683594
74, 163.04624938964844
75, 163.05125427246094
76, 163.05624389648438
77, 163.06124877929688
78, 163.06625366210938
79, 163.07125854492188
80, 163.0762481689453
81, 163.0812530517578
82, 163.0862579345703
83, 163.09124755859375
84, 163.09625244140625
85, 163.10125732421875
86, 163.1062469482422
87, 163.1112518310547
88, 163.1162567138672
89, 163.12124633789062
90, 163.12625122070312
91, 163.13125610351562
92, 163.13624572753906
93, 163.14125061035156
94, 163.14625549316406
95, 163.1512451171875
96, 163.15625
97, 163.1612548828125
98, 163.16624450683594
99, 163.17124938964844
100, 163.17625427246094
101, 163.18124389648438
102, 163.18624877929688
103, 163.19125366210938
104, 163.19625854492188
105, 163.2012481689453
106, 163.2062530517578
107, 163.2112579345703
108, 163.21624755859375
109, 163.22125244140625
110, 163.22625732421875
111, 163.2312469482422
112, 163.2362518310547
113, 163.2412567138672
114, 163.24624633789062
115, 163.25125122070312
116, 163.25625610351562
117, 163.26124572753906
118, 163.26625061035156
119, 163.27125549316406
120, 163.2762451171875
121, 163.28125
122, 163.2862548828125
123, 163.29124450683594
124, 163.29624938964844
125, 163.30125427246094
126, 163.30624389648438
127, 163.31124877929688
128, 163.31625366210938
129, 163.32125854492188
130, 163.3262481689453
131, 163.3312530517578
132, 163.3362579345703
133, 163.34124755859375
134, 163.34625244140625
135, 163.35125732421875
136, 163.3562469482422
137, 163.3612518310547
138, 163.3662567138672
139, 163.37124633789062
140, 163.37625122070312
141, 163.38125610351562
142, 163.38624572753906
143, 163.39125061035156
144, 163.39625549316406
145, 163.4012451171875
146, 163.40625
147, 163.4112548828125
148, 163.41624450683594
149, 163.42124938964844
150, 163.42625427246094
151, 163.43124389648438
152, 163.43624877929688
153, 163.44125366210938
154, 163.44625854492188
155, 163.4512481689453
156, 163.4562530517578
157, 163.4612579345703
158, 163.46624755859375
159, 163.47125244140625
160, 163.47625732421875
161, 163.4812469482422
162, 163.4862518310547
163, 163.4912567138672
164, 163.49624633789062
165, 163.50125122070312
166, 163.50625610351562
167, 163.51124572753906
168, 163.51625061035156
169, 163.52125549316406
170, 163.5262451171875
171, 163.53125
172, 163.5362548828125
173, 163.54124450683594
174, 163.54624938964844
175, 163.55125427246094
176, 163.55624389648438
177, 163.56124877929688
178, 163.56625366210938
179, 163.57125854492188
180, 163.5762481689453
181, 163.5812530517578
182, 163.5862579345703
183, 163.59124755859375
184, 163.59625244140625
185, 163.60125732421875
186, 163.6062469482422
187, 163.6112518310547
188, 163.6162567138672
189, 163.62124633789062
190, 163.62625122070312
191, 163.63125610351562
192, 163.63624572753906
193, 163.64125061035156
194, 163.64625549316406
195, 163.6512451171875
196, 163.65625
197, 163.6612548828125
198, 163.66624450683594
199, 163.67124938964844
200, 163.67625427246094
201, 163.68124389648438
202, 163.68624877929688
203, 163.69125366210938
204, 163.69625854492188
205, 163.7012481689453
206, 163.7062530517578
207, 163.7112579345703
208, 163.71624755859375
209, 163.72125244140625
210, 163.72625732421875
211, 163.7312469482422
212, 163.7362518310547
213, 163.7412567138672
214, 163.74624633789062
215, 163.75125122070312
216, 163.75625610351562
217, 163.76124572753906
218, 163.76625061035156
219, 163.77125549316406
220, 163.7762451171875
221, 163.78125
222, 163.7862548828125
223, 163.79124450683594
224, 163.79624938964844
225, 163.80125427246094
226, 163.80624389648438
227, 163.81124877929688
228, 163.81625366210938
229, 163.82125854492188
230, 163.8262481689453
231, 163.8312530517578
232, 163.8362579345703
233, 163.84124755859375
234, 163.84625244140625
235, 163.85125732421875
236, 163.8562469482422
237, 163.8612518310547
238, 163.8662567138672
239, 163.87124633789062
240, 163.87625122070312
241, 163.88125610351562
242, 163.88624572753906
243, 163.89125061035156
244, 163.89625549316406
245, 163.9012451171875
246, 163.90625
247, 163.9112548828125
248, 163.91624450683594
249, 163.92124938964844
250, 163.92625427246094
251, 163.93124389648438
252, 163.93624877929688
253, 163.94125366210938
254, 163.94625854492188
255, 163.9512481689453
256, 163.9562530517578
257, 163.9612579345703
258, 163.96624755859375
259, 163.97125244140625
260, 163.97625732421875
261, 163.9812469482422
262, 163.9862518310547
263, 163.9912567138672
264, 163.99624633789062
265, 164.00125122070312
266, 164.00625610351562
267, 164.01124572753906
268, 164.01625061035156
269, 164.02125549316406
270, 164.0262451171875
271, 164.03125
272, 164.0362548828125
273, 164.04124450683594
274, 164.04624938964844
275, 164.05125427246094
276, 164.05624389648438
277, 164.06124877929688
278, 164.06625366210938
279, 164.07125854492188
280, 164.0762481689453
281, 164.0812530517578
282, 164.0862579345703
283, 164.09124755859375
284, 164.09625244140625
285, 164.10125732421875
286, 164.1062469482422
287, 164.1112518310547
288, 164.1162567138672
289, 164.12124633789062
290, 164.12625122070312
291, 164.13125610351562
292, 164.13624572753906
293, 164.14125061035156
294, 164.14625549316406
295, 164.1512451171875
296, 164.15625
297, 164.1612548828125
298, 164.16624450683594
299, 164.17124938964844
300, 164.17625427246094
301, 164.18124389648438
302, 164.18624877929688
303, 164.19125366210938
304, 164.19625854492188
305, 164.2012481689453
306, 164.2062530517578
307, 164.2112579345703
308, 164.21624755859375
309, 164.22125244140625
310, 164.22625732421875
311, 164.2312469482422
312, 164.2362518310547
313, 164.2412567138672
314, 164.24624633789062
315, 164.25125122070312
316, 164.25625610351562
317, 164.26124572753906
318, 164.26625061035156
319, 164.27125549316406
320, 164.2762451171875
321, 164.28125
322, 164.2862548828125
323, 164.29124450683594
324, 164.29624938964844
325, 164.30125427246094
326, 164.30624389648438
327, 164.31124877929688
328, 164.31625366210938
329, 164.32125854492188
330, 164.3262481689453
331, 164.3312530517578
332, 164.3362579345703
333, 164.34124755859375
334, 164.34625244140625
335, 164.35125732421875
336, 164.3562469482422
337, 164.3612518310547
338, 164.3662567138672
339, 164.37124633789062
340, 164.37625122070312
341, 164.38125610351562
342, 164.38624572753906
343, 164.39125061035156
344, 164.39625549316406
345, 164.4012451171875
346, 164.40625
347, 164.4112548828125
348, 164.41624450683594
349, 164.42124938964844
350, 164.42625427246094
351, 164.43124389648438
352, 164.43624877929688
353, 164.44125366210938
354, 164.44625854492188
355, 164.4512481689453
356, 164.4562530517578
357, 164.4612579345703
358, 164.46624755859375
359, 164.47125244140625
360, 164.47625732421875
361, 164.4812469482422
362, 164.4862518310547
363, 164.4912567138672
364, 164.49624633789062
365, 164.50125122070312
366, 164.50625610351562
367, 164.51124572753906
368, 164.51625061035156
369, 164.52125549316406
370, 164.5262451171875
371, 164.53125
372, 164.5362548828125
373, 164.54124450683594
374, 164.54624938964844
375, 164.55125427246094
376, 164.55624389648438
377, 164.56124877929688
378, 164.56625366210938
379, 164.57125854492188
380, 164.5762481689453
381, 164.5812530517578
382, 164.5862579345703
383, 164.59124755859375
384, 164.59625244140625
385, 164.60125732421875
386, 164.6062469482422
387, 164.6112518310547
388, 164.6162567138672
389, 164.62124633789062
390, 164.62625122070312
391, 164.63125610351562
392, 164.63624572753906
393, 164.64125061035156
394, 164.64625549316406
395, 164.6512451171875
396, 164.65625
397, 164.6612548828125
398, 164.66624450683594
399, 164.67124938964844
400, 164.67625427246094
401, 164.68124389648438
402, 164.68624877929688
403, 164.69125366210938
404, 164.69625854492188
405, 164.7012481689453
406, 164.7062530517578
407, 164.7112579345703
408, 164.71624755859375
409, 164.72125244140625
410, 164.72625732421875
411, 164.7312469482422
412, 164.7362518310547
413, 164.7412567138672
414, 164.74624633789062
415, 164.75125122070312
416, 164.75625610351562
417, 164.76124572753906
418, 164.76625061035156
419, 164.77125549316406
420, 164.7762451171875
421, 164.78125
422, 164.7862548828125
423, 164.79124450683594
424, 164.79624938964844
425, 164.80125427246094
426, 164.80624389648438
427, 164.81124877929688
428, 164.81625366210938
429, 164.82125854492188
430, 164.8262481689453
431, 164.8312530517578
432, 164.8362579345703
433, 164.84124755859375
434, 164.84625244140625
435, 164.85125732421875
436, 164.8562469482422
437, 164.8612518310547
438, 164.8662567138672
439, 164.87124633789062
440, 164.87625122070312
441, 164.88125610351562
442, 164.88624572753906
443, 164.89125061035156
444, 164.89625549316406
445, 164.9012451171875
446, 164.90625
447, 164.9112548828125
448, 164.91624450683594
449, 164.92124938964844
450, 164.92625427246094
451, 164.93124389648438
452, 164.93624877929688
453, 164.94125366210938
454, 164.94625854492188
455, 164.9512481689453
456, 164.9562530517578
457, 164.9612579345703
458, 164.96624755859375
459, 164.97125244140625
460, 164.97625732421875
461, 164.9812469482422
462, 164.9862518310547
463, 164.9912567138672
464, 164.99624633789062
465, 165.00125122070312
466, 165.00625610351562
467, 165.01124572753906
468, 165.01625061035156
469, 165.02125549316406
470, 165.0262451171875
471, 165.03125
472, 165.0362548828125
473, 165.04124450683594
474, 165.04624938964844
475, 165.05125427246094
476, 165.05624389648438
477, 165.06124877929688
478, 165.06625366210938
479, 165.07125854492188
480, 165.0762481689453
481, 165.0812530517578
482, 165.0862579345703
483, 165.09124755859375
484, 165.09625244140625
485, 165.10125732421875
486, 165.1062469482422
487, 165.1112518310547
490, 165.12625122070312
491, 165.13125610351562
492, 165.13624572753906
493, 165.14125061035156
494, 165.14625549316406
495, 165.1512451171875
496, 165.15625
497, 165.1612548828125
498, 165.16624450683594
499, 165.17124938964844
500, 165.17625427246094
501, 165.18124389648438
502, 165.18624877929688
503, 165.19125366210938
504, 165.19625854492188
505, 165.2012481689453
506, 165.2062530517578
507, 165.2112579345703
508, 165.21624755859375
509, 165.22125244140625
510, 165.22625732421875
511, 165.2312469482422
512, 165.2362518310547
513, 165.2412567138672
514, 165.24624633789062
515, 165.25125122070312
516, 165.25625610351562
517, 165.26124572753906
518, 165.26625061035156
519, 165.27125549316406
520, 165.2762451171875
521, 165.28125
522, 165.2862548828125
523, 165.29124450683594
524, 165.29624938964844
525, 165.30125427246094
526, 165.30624389648438
527, 165.31124877929688
528, 165.31625366210938
529, 165.32125854492188
530, 165.3262481689453
531, 165.3312530517578
532, 165.3362579345703
533, 165.34124755859375
534, 165.34625244140625
535, 165.35125732421875
536, 165.3562469482422
537, 165.3612518310547
538, 165.3662567138672
539, 165.37124633789062
540, 165.37625122070312
541, 165.38125610351562
542, 165.38624572753906
543, 165.39125061035156
544, 165.39625549316406
545, 165.4012451171875
546, 165.40625
547, 165.4112548828125
548, 165.41624450683594
549, 165.42124938964844
550, 165.42625427246094
551, 165.43124389648438
552, 165.43624877929688
553, 165.44125366210938
554, 165.44625854492188
555, 165.4512481689453
556, 165.4562530517578
557, 165.4612579345703
558, 165.46624755859375
559, 165.47125244140625
560, 165.47625732421875
561, 165.4812469482422
562, 165.4862518310547
563, 165.4912567138672
564, 165.49624633789062
565, 165.50125122070312
566, 165.50625610351562
567, 165.51124572753906
568, 165.51625061035156
569, 165.52125549316406
570, 165.5262451171875
571, 165.53125
572, 165.5362548828125
573, 165.54124450683594
574, 165.54624938964844
575, 165.55125427246094
576, 165.55624389648438
577, 165.56124877929688
578, 165.56625366210938
579, 165.57125854492188
580, 165.5762481689453
581, 165.5812530517578
582, 165.5862579345703
583, 165.59124755859375
584, 165.59625244140625
585, 165.60125732421875
586, 165.6062469482422
587, 165.6112518310547
588, 165.6162567138672
589, 165.62124633789062
590, 165.62625122070312
591, 165.63125610351562
592, 165.63624572753906
593, 165.64125061035156
594, 165.64625549316406
595, 165.6512451171875
596, 165.65625
597, 165.6612548828125
598, 165.66624450683594
599, 165.67124938964844
600, 165.67625427246094
601, 165.68124389648438
602, 165.68624877929688
603, 165.69125366210938
604, 165.69625854492188
605, 165.7012481689453
606, 165.7062530517578
607, 165.7112579345703
608, 165.71624755859375
609, 165.72125244140625
610, 165.72625732421875
611, 165.7312469482422
612, 165.7362518310547
613, 165.7412567138672
614, 165.74624633789062
615, 165.75125122070312
616, 165.75625610351562
617, 165.76124572753906
618, 165.76625061035156
619, 165.77125549316406
620, 165.7762451171875
621, 165.78125
622, 165.7862548828125
623, 165.79124450683594
624, 165.79624938964844
625, 165.80125427246094
626, 165.80624389648438
627, 165.81124877929688
628, 165.81625366210938
629, 165.82125854492188
630, 165.8262481689453
631, 165.8312530517578
632, 165.8362579345703
633, 165.84124755859375
634, 165.84625244140625
635, 165.85125732421875
636, 165.8562469482422
637, 165.8612518310547
638, 165.8662567138672
639, 165.87124633789062
640, 165.87625122070312
641, 165.88125610351562
642, 165.88624572753906
643, 165.89125061035156
644, 165.89625549316406
645, 165.9012451171875
646, 165.90625
647, 165.9112548828125
648, 165.91624450683594
649, 165.92124938964844
650, 165.92625427246094
651, 165.93124389648438
652, 165.93624877929688
653, 165.94125366210938
654, 165.94625854492188
655, 165.9512481689453
656, 165.9562530517578
657, 165.9612579345703
658, 165.96624755859375
659, 165.97125244140625
660, 165.97625732421875
661, 165.9812469482422
662, 165.9862518310547
663, 165.9912567138672
664, 165.99624633789062
665, 166.00125122070312
666, 166.00625610351562
667, 166.01124572753906
668, 166.01625061035156
669, 166.02125549316406
670, 166.0262451171875
671, 166.03125
672, 166.0362548828125
673, 166.04124450683594
674, 166.04624938964844
675, 166.05125427246094
676, 166.05624389648438
677, 166.06124877929688
678, 166.06625366210938
679, 166.07125854492188
680, 166.0762481689453
681, 166.0812530517578
682, 166.0862579345703
683, 166.09124755859375
684, 166.09625244140625
685, 166.10125732421875
686, 166.1062469482422
687, 166.1112518310547
688, 166.1162567138672
689, 166.12124633789062
690, 166.12625122070312
691, 166.13125610351562
692, 166.13624572753906
693, 166.14125061035156
694, 166.14625549316406
695, 166.1512451171875
696, 166.15625
697, 166.1612548828125
698, 166.16624450683594
699, 166.17124938964844
700, 166.17625427246094
701, 166.18124389648438
702, 166.18624877929688
703, 166.19125366210938
704, 166.19625854492188
705, 166.2012481689453
706, 166.2062530517578
707, 166.2112579345703
708, 166.21624755859375
709, 166.22125244140625
710, 166.22625732421875
711, 166.2312469482422
712, 166.2362518310547
713, 166.2412567138672
714, 166.24624633789062
715, 166.25125122070312
716, 166.25625610351562
717, 166.26124572753906
718, 166.26625061035156
719, 166.27125549316406
720, 166.2762451171875
721, 166.28125
722, 166.2862548828125
723, 166.29124450683594
724, 166.29624938964844
725, 166.30125427246094
726, 166.30624389648438
727, 166.31124877929688
728, 166.31625366210938
729, 166.32125854492188
730, 166.3262481689453
731, 166.3312530517578
732, 166.3362579345703
733, 166.34124755859375
734, 166.34625244140625
735, 166.35125732421875
736, 166.3562469482422
737, 166.3612518310547
738, 166.3662567138672
739, 166.37124633789062
740, 166.37625122070312
741, 166.38125610351562
742, 166.38624572753906
743, 166.39125061035156
744, 166.39625549316406
745, 166.4012451171875
746, 166.40625
747, 166.4112548828125
748, 166.41624450683594
749, 166.42124938964844
750, 166.42625427246094
751, 166.43124389648438
752, 166.43624877929688
753, 166.44125366210938
754, 166.44625854492188
755, 166.4512481689453
756, 166.4562530517578
757, 166.4612579345703
758, 166.46624755859375
759, 166.47125244140625
760, 166.47625732421875
761, 166.4812469482422
762, 166.4862518310547
763, 166.4912567138672
764, 166.49624633789062
765, 166.50125122070312
766, 166.50625610351562
767, 166.51124572753906
768, 166.51625061035156
769, 166.52125549316406
770, 166.5262451171875
771, 166.53125
772, 166.5362548828125
773, 166.54124450683594
774, 166.54624938964844
775, 166.55125427246094
776, 166.55624389648438
777, 166.56124877929688
778, 166.56625366210938
779, 166.57125854492188
780, 166.5762481689453
781, 166.5812530517578
782, 166.5862579345703
783, 166.59124755859375
784, 166.59625244140625
785, 166.60125732421875
786, 166.6062469482422
787, 166.6112518310547
788, 166.6162567138672
789, 166.62124633789062
790, 166.62625122070312
791, 166.63125610351562
792, 166.63624572753906
793, 166.64125061035156
794, 166.64625549316406
795, 166.6512451171875
796, 166.65625
797, 166.6612548828125
798, 166.66624450683594
799, 166.67124938964844
800, 166.67625427246094
801, 166.68124389648438
802, 166.68624877929688
803, 166.69125366210938
804, 166.69625854492188
805, 166.7012481689453
806, 166.7062530517578
807, 166.7112579345703
808, 166.71624755859375
809, 166.72125244140625
810, 166.72625732421875
811, 166.7312469482422
812, 166.7362518310547
813, 166.7412567138672
814, 166.74624633789062
815, 166.75125122070312
816, 166.75625610351562
817, 166.76124572753906
818, 166.76625061035156
819, 166.77125549316406
820, 166.7762451171875
821, 166.78125
822, 166.7862548828125
823, 166.79124450683594
824, 166.79624938964844
825, 166.80125427246094
826, 166.80624389648438
827, 166.81124877929688
828, 166.81625366210938
829, 166.82125854492188
830, 166.8262481689453
831, 166.8312530517578
832, 166.8362579345703
833, 166.84124755859375
834, 166.84625244140625
835, 166.85125732421875
836, 166.8562469482422
837, 166.8612518310547
838, 166.8662567138672
839, 166.87124633789062
840, 166.87625122070312
841, 166.88125610351562
842, 166.88624572753906
843, 166.89125061035156
844, 166.89625549316406
845, 166.9012451171875
846, 166.90625
847, 166.9112548828125
848, 166.91624450683594
849, 166.92124938964844
850, 166.92625427246094
851, 166.93124389648438
852, 166.93624877929688
853, 166.94125366210938
854, 166.94625854492188
855, 166.9512481689453
856, 166.9562530517578
857, 166.9612579345703
858, 166.96624755859375
859, 166.97125244140625
860, 166.97625732421875
861, 166.9812469482422
862, 166.9862518310547
863, 166.9912567138672
864, 166.99624633789062
865, 167.00125122070312
866, 167.00625610351562
867, 167.01124572753906
868, 167.01625061035156
869, 167.02125549316406
870, 167.0262451171875
871, 167.03125
872, 167.0362548828125
873, 167.04124450683594
874, 167.04624938964844
875, 167.05125427246094
876, 167.05624389648438
877, 167.06124877929688
878, 167.06625366210938
879, 167.07125854492188
880, 167.0762481689453
881, 167.0812530517578
882, 167.0862579345703
883, 167.09124755859375
884, 167.09625244140625
885, 167.10125732421875
886, 167.1062469482422
887, 167.1112518310547
888, 167.1162567138672
889, 167.12124633789062
890, 167.12625122070312
891, 167.13125610351562
892, 167.13624572753906
893, 167.14125061035156
894, 167.14625549316406
895, 167.1512451171875
896, 167.15625
897, 167.1612548828125
898, 167.16624450683594
899, 167.17124938964844
900, 167.17625427246094
901, 167.18124389648438
902, 167.18624877929688
903, 167.19125366210938
904, 167.19625854492188
905, 167.2012481689453
906, 167.2062530517578
907, 167.2112579345703
908, 167.21624755859375
909, 167.22125244140625
910, 167.22625732421875
911, 167.2312469482422
912, 167.2362518310547
913, 167.2412567138672
914, 167.24624633789062
915, 167.25125122070312
916, 167.25625610351562
917, 167.26124572753906
918, 167.26625061035156
919, 167.27125549316406
920, 167.2762451171875
921, 167.28125
922, 167.2862548828125
923, 167.29124450683594
924, 167.29624938964844
925, 167.30125427246094
926, 167.30624389648438
927, 167.31124877929688
928, 167.31625366210938
929, 167.32125854492188
930, 167.3262481689453
931, 167.3312530517578
932, 167.3362579345703
933, 167.34124755859375
934, 167.34625244140625
935, 167.35125732421875
936, 167.3562469482422
937, 167.3612518310547
938, 167.3662567138672
939, 167.37124633789062
940, 167.37625122070312
941, 167.38125610351562
942, 167.38624572753906
943, 167.39125061035156
944, 167.39625549316406
945, 167.4012451171875
946, 167.40625
947, 167.4112548828125
948, 167.41624450683594
949, 167.42124938964844
950, 167.42625427246094
951, 167.43124389648438
952, 167.43624877929688
953, 167.44125366210938
954, 167.44625854492188
955, 167.4512481689453
956, 167.4562530517578
957, 167.4612579345703
958, 167.46624755859375
959, 167.47125244140625
960, 167.47625732421875
961, 167.4812469482422
962, 167.4862518310547
963, 167.4912567138672
964, 167.49624633789062
965, 167.50125122070312
966, 167.50625610351562
967, 167.51124572753906
968, 167.51625061035156
969, 167.52125549316406
970, 167.5262451171875
971, 167.53125
972, 167.5362548828125
973, 167.54124450683594
974, 167.54624938964844
975, 167.55125427246094
976, 167.55624389648438
977, 167.56124877929688
978, 167.56625366210938
979, 167.57125854492188
980, 167.5762481689453
981, 167.5812530517578
982, 167.5862579345703
983, 167.59124755859375
984, 167.59625244140625
985, 167.60125732421875
986, 167.6062469482422
987, 167.6112518310547
988, 167.6162567138672
989, 167.62124633789062
990, 167.62625122070312
991, 167.63125610351562
992, 167.63624572753906
993, 167.64125061035156
994, 167.64625549316406
995, 167.6512451171875
996, 167.65625
997, 167.6612548828125
998, 167.66624450683594
999, 167.67124938964844
1000, 167.67625427246094
1001, 167.68124389648438
1002, 167.68624877929688
1003, 167.69125366210938
1004, 167.69625854492188
1005, 167.7012481689453
1006, 167.7062530517578
1007, 167.7112579345703
1008, 167.71624755859375
1009, 167.72125244140625
1010, 167.72625732421875
1011, 167.7312469482422
1012, 167.7362518310547
1013, 167.7412567138672
1014, 167.74624633789062
1015, 167.75125122070312
1016, 167.75625610351562
1017, 167.76124572753906
1018, 167.76625061035156
1019, 167.77125549316406
1020, 167.7762451171875
1021, 167.78125
1022, 167.7862548828125
1023, 167.79124450683594
1024, 167.79624938964844
1025, 167.80125427246094
1026, 167.80624389648438
1027, 167.81124877929688
1028, 167.81625366210938
1029, 167.82125854492188
1030, 167.8262481689453
1031, 167.8312530517578
1032, 167.8362579345703
1033, 167.84124755859375
1034, 167.84625244140625
1035, 167.85125732421875
1036, 167.8562469482422
1037, 167.8612518310547
1038, 167.8662567138672
1039, 167.87124633789062
1040, 167.87625122070312
1041, 167.88125610351562
1042, 167.88624572753906
1043, 167.89125061035156
1044, 167.89625549316406
1045, 167.9012451171875
1046, 167.90625
1047, 167.9112548828125
1048, 167.91624450683594
1049, 167.92124938964844
1050, 167.92625427246094
1051, 167.93124389648438
1052, 167.93624877929688
1053, 167.94125366210938
1054, 167.94625854492188
1055, 167.9512481689453
1056, 167.9562530517578
1057, 167.9612579345703
1058, 167.96624755859375
1059, 167.97125244140625
1060, 167.97625732421875
1061, 167.9812469482422
1062, 167.9862518310547
1063, 167.9912567138672
1064, 167.99624633789062
1065, 168.00125122070312
1066, 168.00625610351562
1067, 168.01124572753906
1068, 168.01625061035156
1069, 168.02125549316406
1070, 168.0262451171875
1071, 168.03125
1072, 168.0362548828125
1073, 168.04124450683594
1074, 168.04624938964844
1075, 168.05125427246094
1076, 168.05624389648438
1077, 168.06124877929688
1078, 168.06625366210938
1079, 168.07125854492188
1080, 168.0762481689453
1081, 168.0812530517578
1082, 168.0862579345703
1083, 168.09124755859375
1084, 168.09625244140625
1085, 168.10125732421875
1086, 168.1062469482422
1087, 168.1112518310547
1088, 168.1162567138672
1089, 168.12124633789062
1090, 168.12625122070312
1091, 168.13125610351562
1092, 168.13624572753906
1093, 168.14125061035156
1094, 168.14625549316406
1095, 168.1512451171875
1096, 168.15625
1097, 168.1612548828125
1098, 168.16624450683594
1099, 168.17124938964844
1100, 168.17625427246094
1101, 168.18124389648438
1102, 168.18624877929688
1103, 168.19125366210938
1104, 168.19625854492188
1105, 168.2012481689453
1106, 168.2062530517578
1107, 168.2112579345703
1108, 168.21624755859375
1109, 168.22125244140625
1110, 168.22625732421875
1111, 168.2312469482422
1112, 168.2362518310547
1113, 168.2412567138672
1114, 168.24624633789062
1115, 168.25125122070312
1116, 168.25625610351562
1117, 168.26124572753906
1118, 168.26625061035156
1119, 168.27125549316406
1120, 168.2762451171875
1121, 168.28125
1122, 168.2862548828125
1123, 168.29124450683594
1124, 168.29624938964844
1125, 168.30125427246094
1126, 168.30624389648438
1127, 168.31124877929688
1128, 168.31625366210938
1129, 168.32125854492188
1130, 168.3262481689453
1131, 168.3312530517578
1132, 168.3362579345703
1133, 168.34124755859375
1134, 168.34625244140625
1135, 168.35125732421875
1136, 168.3562469482422
1137, 168.3612518310547
1138, 168.3662567138672
1139, 168.37124633789062
1140, 168.37625122070312
1141, 168.38125610351562
1142, 168.38624572753906
1143, 168.39125061035156
1144, 168.39625549316406
1145, 168.4012451171875
1146, 168.40625
1147, 168.4112548828125
1148, 168.41624450683594
1149, 168.42124938964844
1150, 168.42625427246094
1151, 168.43124389648438
1152, 168.43624877929688
1153, 168.44125366210938
1154, 168.44625854492188
1155, 168.4512481689453
1156, 168.4562530517578
1157, 168.4612579345703
1158, 168.46624755859375
1159, 168.47125244140625
1160, 168.47625732421875
1161, 168.4812469482422
1162, 168.4862518310547
1163, 168.4912567138672
1164, 168.49624633789062
1165, 168.50125122070312
1166, 168.50625610351562
1167, 168.51124572753906
1168, 168.51625061035156
1169, 168.52125549316406
1170, 168.5262451171875
1171, 168.53125
1172, 168.5362548828125
1173, 168.54124450683594
1174, 168.54624938964844
1175, 168.55125427246094
1176, 168.55624389648438
1177, 168.56124877929688
1178, 168.56625366210938
1179, 168.57125854492188
1180, 168.5762481689453
1181, 168.5812530517578
1182, 168.5862579345703
1183, 168.59124755859375
1184, 168.59625244140625
1185, 168.60125732421875
1186, 168.6062469482422
1187, 168.6112518310547
1188, 168.6162567138672
1189, 168.62124633789062
1190, 168.62625122070312
1191, 168.63125610351562
1192, 168.63624572753906
1193, 168.64125061035156
1194, 168.64625549316406
1195, 168.6512451171875
1196, 168.65625
1197, 168.6612548828125
1198, 168.66624450683594
1199, 168.67124938964844
1200, 168.67625427246094
1201, 168.68124389648438
1202, 168.68624877929688
1203, 168.69125366210938
1204, 168.69625854492188
1205, 168.7012481689453
1206, 168.7062530517578
1207, 168.7112579345703
1208, 168.71624755859375
1209, 168.72125244140625
1210, 168.72625732421875
1211, 168.7312469482422
1212, 168.7362518310547
1213, 168.7412567138672
1214, 168.74624633789062
1215, 168.75125122070312
1216, 168.75625610351562
1217, 168.76124572753906
1218, 168.76625061035156
1219, 168.77125549316406
1220, 168.7762451171875
1221, 168.78125
1222, 168.7862548828125
1223, 168.79124450683594
1224, 168.79624938964844
1225, 168.80125427246094
1226, 168.80624389648438
1227, 168.81124877929688
1228, 168.81625366210938
1229, 168.82125854492188
1230, 168.8262481689453
1231, 168.8312530517578
1232, 168.8362579345703
1233, 168.84124755859375
1234, 168.84625244140625
1235, 168.85125732421875
1236, 168.8562469482422
1237, 168.8612518310547
1238, 168.8662567138672
1239, 168.87124633789062
1240, 168.87625122070312
1241, 168.88125610351562
1242, 168.88624572753906
1243, 168.89125061035156
1244, 168.89625549316406
1245, 168.9012451171875
1246, 168.90625
1247, 168.9112548828125
1248, 168.91624450683594
1249, 168.92124938964844
1250, 168.92625427246094
1251, 168.93124389648438
1252, 168.93624877929688
1253, 168.94125366210938
1254, 168.94625854492188
1255, 168.9512481689453
1256, 168.9562530517578
1257, 168.9612579345703
1258, 168.96624755859375
1259, 168.97125244140625
1260, 168.97625732421875
1261, 168.9812469482422
1262, 168.9862518310547
1263, 168.9912567138672
1264, 168.99624633789062
1265, 169.00125122070312
1266, 169.00625610351562
1267, 169.01124572753906
1268, 169.01625061035156
1269, 169.02125549316406
1270, 169.0262451171875
1271, 169.03125
1272, 169.0362548828125
1273, 169.04124450683594
1274, 169.04624938964844
1275, 169.05125427246094
1276, 169.05624389648438
1277, 169.06124877929688
1278, 169.06625366210938
1279, 169.07125854492188
1280, 169.0762481689453
1281, 169.0812530517578
1282, 169.0862579345703
1283, 169.09124755859375
1284, 169.09625244140625
1285, 169.10125732421875
1286, 169.1062469482422
1287, 169.1112518310547
1288, 169.1162567138672
1289, 169.12124633789062
1290, 169.12625122070312
1291, 169.13125610351562
1292, 169.13624572753906
1293, 169.14125061035156
1294, 169.14625549316406
1295, 169.1512451171875
1296, 169.15625
1297, 169.1612548828125
1298, 169.16624450683594
1299, 169.17124938964844
1300, 169.17625427246094
1301, 169.18124389648438
1302, 169.18624877929688
1303, 169.19125366210938
1304, 169.19625854492188
1305, 169.2012481689453
1306, 169.2062530517578
1307, 169.2112579345703
1308, 169.21624755859375
1309, 169.22125244140625
1310, 169.22625732421875
1311, 169.2312469482422
1312, 169.2362518310547
1313, 169.2412567138672
1314, 169.24624633789062
1315, 169.25125122070312
1316, 169.25625610351562
1317, 169.26124572753906
1318, 169.26625061035156
1319, 169.27125549316406
1320, 169.2762451171875
1321, 169.28125
1322, 169.2862548828125
1323, 169.29124450683594
1324, 169.29624938964844
1325, 169.30125427246094
1326, 169.30624389648438
1327, 169.31124877929688
1328, 169.31625366210938
1329, 169.32125854492188
1330, 169.3262481689453
1331, 169.3312530517578
1332, 169.3362579345703
1333, 169.34124755859375
1334, 169.34625244140625
1335, 169.35125732421875
1336, 169.3562469482422
1337, 169.3612518310547
1338, 169.3662567138672
1339, 169.37124633789062
1340, 169.37625122070312
1341, 169.38125610351562
1342, 169.38624572753906
1343, 169.39125061035156
1344, 169.39625549316406
1345, 169.4012451171875
1346, 169.40625
1347, 169.4112548828125
1348, 169.41624450683594
1349, 169.42124938964844
1350, 169.42625427246094
1351, 169.43124389648438
1352, 169.43624877929688
1353, 169.44125366210938
1354, 169.44625854492188
1355, 169.4512481689453
1356, 169.4562530517578
1357, 169.4612579345703
1358, 169.46624755859375
1359, 169.47125244140625
1360, 169.47625732421875
1361, 169.4812469482422
1362, 169.4862518310547
1363, 169.4912567138672
1364, 169.49624633789062
1365, 169.50125122070312
1366, 169.50625610351562
1367, 169.51124572753906
1368, 169.51625061035156
1369, 169.52125549316406
1370, 169.5262451171875
1371, 169.53125
1372, 169.5362548828125
1373, 169.54124450683594
1374, 169.54624938964844
1375, 169.55125427246094
1376, 169.55624389648438
1377, 169.56124877929688
1378, 169.56625366210938
1379, 169.57125854492188
1380, 169.5762481689453
1381, 169.5812530517578
1382, 169.5862579345703
1383, 169.59124755859375
1384, 169.59625244140625
1385, 169.60125732421875
1386, 169.6062469482422
1387, 169.6112518310547
1388, 169.6162567138672
1389, 169.62124633789062
1390, 169.62625122070312
1391, 169.63125610351562
1392, 169.63624572753906
1393, 169.64125061035156
1394, 169.64625549316406
1395, 169.6512451171875
1396, 169.65625
1397, 169.6612548828125
1398, 169.66624450683594
1399, 169.67124938964844
1400, 169.67625427246094
1401, 169.68124389648438
1402, 169.68624877929688
1403, 169.69125366210938
1404, 169.69625854492188
1405, 169.7012481689453
1406, 169.7062530517578
1407, 169.7112579345703
1408, 169.71624755859375
1409, 169.72125244140625
1410, 169.72625732421875
1411, 169.7312469482422
1412, 169.7362518310547
1413, 169.7412567138672
1414, 169.74624633789062
1415, 169.75125122070312
1416, 169.75625610351562
1417, 169.76124572753906
1418, 169.76625061035156
1419, 169.77125549316406
1420, 169.7762451171875
1421, 169.78125
1422, 169.7862548828125
1423, 169.79124450683594
1424, 169.79624938964844
1425, 169.80125427246094
1426, 169.80624389648438
1427, 169.81124877929688
1428, 169.81625366210938
1429, 169.82125854492188
1430, 169.8262481689453
1431, 169.8312530517578
1432, 169.8362579345703
1433, 169.84124755859375
1434, 169.84625244140625
1435, 169.85125732421875
1436, 169.8562469482422
1437, 169.8612518310547
1438, 169.8662567138672
1439, 169.87124633789062
1440, 169.87625122070312
1441, 169.88125610351562
1442, 169.88624572753906
1443, 169.89125061035156
1444, 169.89625549316406
1445, 169.9012451171875
1446, 169.90625
1447, 169.9112548828125
1448, 169.91624450683594
1449, 169.92124938964844
1450, 169.92625427246094
1451, 169.93124389648438
1452, 169.93624877929688
1453, 169.94125366210938
1454, 169.94625854492188
1455, 169.9512481689453
1456, 169.9562530517578
1457, 169.9612579345703
1458, 169.96624755859375
1459, 169.97125244140625
1460, 169.97625732421875
1461, 169.9812469482422
1462, 169.9862518310547
1463, 169.9912567138672
1464, 169.99624633789062
1465, 170.00125122070312
1466, 170.00625610351562
1467, 170.01124572753906
1468, 170.01625061035156
1469, 170.02125549316406
1470, 170.0262451171875
1471, 170.03125
1472, 170.0362548828125
1473, 170.04124450683594
1474, 170.04624938964844
1475, 170.05125427246094
1476, 170.05624389648438
1477, 170.06124877929688
1478, 170.06625366210938
1479, 170.07125854492188
1480, 170.0762481689453
1481, 170.0812530517578
1482, 170.0862579345703
1483, 170.09124755859375
1484, 170.09625244140625
1485, 170.10125732421875
1486, 170.1062469482422
1487, 170.1112518310547
1488, 170.1162567138672
1489, 170.12124633789062
1490, 170.12625122070312
1491, 170.13125610351562
1492, 170.13624572753906
1493, 170.14125061035156
1494, 170.14625549316406
1495, 170.1512451171875
1496, 170.15625
1497, 170.1612548828125
1498, 170.16624450683594
1499, 170.17124938964844
1500, 170.17625427246094
1501, 170.18124389648438
1502, 170.18624877929688
1503, 170.19125366210938
1504, 170.19625854492188
1505, 170.2012481689453
1506, 170.2062530517578
1507, 170.2112579345703
1508, 170.21624755859375
1509, 170.22125244140625
1510, 170.22625732421875
1511, 170.2312469482422
1512, 170.2362518310547
1513, 170.2412567138672
1514, 170.24624633789062
1515, 170.25125122070312
1516, 170.25625610351562
1517, 170.26124572753906
1518, 170.26625061035156
1519, 170.27125549316406
1520, 170.2762451171875
1521, 170.28125
1522, 170.2862548828125
1523, 170.29124450683594
1524, 170.29624938964844
1525, 170.30125427246094
1526, 170.30624389648438
1527, 170.31124877929688
1528, 170.31625366210938
1529, 170.32125854492188
1530, 170.3262481689453
1531, 170.3312530517578
1532, 170.3362579345703
1533, 170.34124755859375
1534, 170.34625244140625
1535, 170.35125732421875
1536, 170.3562469482422
1537, 170.3612518310547
1538, 170.3662567138672
1539, 170.37124633789062
1540, 170.37625122070312
1541, 170.38125610351562
1542, 170.38624572753906
1543, 170.39125061035156
1544, 170.39625549316406
1545, 170.4012451171875
1546, 170.40625
1547, 170.4112548828125
1548, 170.41624450683594
1549, 170.42124938964844
1550, 170.42625427246094
1551, 170.43124389648438
1552, 170.43624877929688
1553, 170.44125366210938
1554, 170.44625854492188
1555, 170.4512481689453
1556, 170.4562530517578
1557, 170.4612579345703
1558, 170.46624755859375
1559, 170.47125244140625
1560, 170.47625732421875
1561, 170.4812469482422
1562, 170.4862518310547
1563, 170.4912567138672
1564, 170.49624633789062
1565, 170.50125122070312
1566, 170.50625610351562
1567, 170.51124572753906
1568, 170.51625061035156
1569, 170.52125549316406
1570, 170.5262451171875
1571, 170.53125
1572, 170.5362548828125
1573, 170.54124450683594
1574, 170.54624938964844
1575, 170.55125427246094
1576, 170.55624389648438
1577, 170.56124877929688
1578, 170.56625366210938
1579, 170.57125854492188
1580, 170.5762481689453
1581, 170.5812530517578
1582, 170.5862579345703
1583, 170.59124755859375
1584, 170.59625244140625
1585, 170.60125732421875
1586, 170.6062469482422
1587, 170.6112518310547
1588, 170.6162567138672
1589, 170.62124633789062
1590, 170.62625122070312
1591, 170.63125610351562
1592, 170.63624572753906
1593, 170.64125061035156
1594, 170.64625549316406
1595, 170.6512451171875
1596, 170.65625
1597, 170.6612548828125
1598, 170.66624450683594
1599, 170.67124938964844
1600, 170.67625427246094
1601, 170.68124389648438
1602, 170.68624877929688
1603, 170.69125366210938
1604, 170.69625854492188
1605, 170.7012481689453
1606, 170.7062530517578
1607, 170.7112579345703
1608, 170.71624755859375
1609, 170.72125244140625
1610, 170.72625732421875
1611, 170.7312469482422
1612, 170.7362518310547
1613, 170.7412567138672
1614, 170.74624633789062
1615, 170.75125122070312
1616, 170.75625610351562
1617, 170.76124572753906
1618, 170.76625061035156
1619, 170.77125549316406
1620, 170.7762451171875
1621, 170.78125
1622, 170.7862548828125
1623, 170.79124450683594
1624, 170.79624938964844
1625, 170.80125427246094
1626, 170.80624389648438
1627, 170.81124877929688
1628, 170.81625366210938
1629, 170.82125854492188
1630, 170.8262481689453
1631, 170.8312530517578
1632, 170.8362579345703
1633, 170.84124755859375
1634, 170.84625244140625
1635, 170.85125732421875
1636, 170.8562469482422
1637, 170.8612518310547
1638, 170.8662567138672
1639, 170.87124633789062
1640, 170.87625122070312
1641, 170.88125610351562
1642, 170.88624572753906
1643, 170.89125061035156
1644, 170.89625549316406
1645, 170.9012451171875
1646, 170.90625
1647, 170.9112548828125
1648, 170.91624450683594
1649, 170.92124938964844
1650, 170.92625427246094
1651, 170.93124389648438
1652, 170.93624877929688
1653, 170.94125366210938
1654, 170.94625854492188
1655, 170.9512481689453
1656, 170.9562530517578
1657, 170.9612579345703
1658, 170.96624755859375
1659, 170.97125244140625
1660, 170.97625732421875
1661, 170.9812469482422
1662, 170.9862518310547
1663, 170.9912567138672
1664, 170.99624633789062
1665, 171.00125122070312
1666, 171.00625610351562
1667, 171.01124572753906
1668, 171.01625061035156
1669, 171.02125549316406
1670, 171.0262451171875
1671, 171.03125
1672, 171.0362548828125
1673, 171.04124450683594
1674, 171.04624938964844
1675, 171.05125427246094
1676, 171.05624389648438
1677, 171.06124877929688
1678, 171.06625366210938
1679, 171.07125854492188
1680, 171.0762481689453
1681, 171.0812530517578
1682, 171.0862579345703
1683, 171.09124755859375
1684, 171.09625244140625
1685, 171.10125732421875
1686, 171.1062469482422
1687, 171.1112518310547
1688, 171.1162567138672
1689, 171.12124633789062
1690, 171.12625122070312
1691, 171.13125610351562
1692, 171.13624572753906
1693, 171.14125061035156
1694, 171.14625549316406
1695, 171.1512451171875
1696, 171.15625
1697, 171.1612548828125
1698, 171.16624450683594
1699, 171.17124938964844
1700, 171.17625427246094
1701, 171.18124389648438
1702, 171.18624877929688
1703, 171.19125366210938
1704, 171.19625854492188
1705, 171.2012481689453
1706, 171.2062530517578
1707, 171.2112579345703
1708, 171.21624755859375
1709, 171.22125244140625
1710, 171.22625732421875
1711, 171.2312469482422
1712, 171.2362518310547
1713, 171.2412567138672
1714, 171.24624633789062
1715, 171.25125122070312
1716, 171.25625610351562
1717, 171.26124572753906
1718, 171.26625061035156
1719, 171.27125549316406
1720, 171.2762451171875
1721, 171.28125
1722, 171.2862548828125
1723, 171.29124450683594
1724, 171.29624938964844
1725, 171.30125427246094
1726, 171.30624389648438
1727, 171.31124877929688
1728, 171.31625366210938
1729, 171.32125854492188
1730, 171.3262481689453
1731, 171.3312530517578
1732, 171.3362579345703
1733, 171.34124755859375
1734, 171.34625244140625
1735, 171.35125732421875
1736, 171.3562469482422
1737, 171.3612518310547
1738, 171.3662567138672
1739, 171.37124633789062
1740, 171.37625122070312
1741, 171.38125610351562
1742, 171.38624572753906
1743, 171.39125061035156
1744, 171.39625549316406
1745, 171.4012451171875
1746, 171.40625
1747, 171.4112548828125
1748, 171.41624450683594
1749, 171.42124938964844
1750, 171.42625427246094
1751, 171.43124389648438
1752, 171.43624877929688
1753, 171.44125366210938
1754, 171.44625854492188
1755, 171.4512481689453
1756, 171.4562530517578
1757, 171.4612579345703
1758, 171.46624755859375
1759, 171.47125244140625
1760, 171.47625732421875
1761, 171.4812469482422
1762, 171.4862518310547
1763, 171.4912567138672
1764, 171.49624633789062
1765, 171.50125122070312
1766, 171.50625610351562
1767, 171.51124572753906
1768, 171.51625061035156
1769, 171.52125549316406
1770, 171.5262451171875
1771, 171.53125
1772, 171.5362548828125
1773, 171.54124450683594
1774, 171.54624938964844
1775, 171.55125427246094
1776, 171.55624389648438
1777, 171.56124877929688
1778, 171.56625366210938
1779, 171.57125854492188
1780, 171.5762481689453
1781, 171.5812530517578
1782, 171.5862579345703
1783, 171.59124755859375
1784, 171.59625244140625
1785, 171.60125732421875
1786, 171.6062469482422
1787, 171.6112518310547
1788, 171.6162567138672
1789, 171.62124633789062
1790, 171.62625122070312
1791, 171.63125610351562
1792, 171.63624572753906
1793, 171.64125061035156
1794, 171.64625549316406
1795, 171.6512451171875
1796, 171.65625
1797, 171.6612548828125
1798, 171.66624450683594
1799, 171.67124938964844
1800, 171.67625427246094
1801, 171.68124389648438
1802, 171.68624877929688
1803, 171.69125366210938
1804, 171.69625854492188
1805, 171.7012481689453
1806, 171.7062530517578
1807, 171.7112579345703
1808, 171.71624755859375
1809, 171.72125244140625
1810, 171.72625732421875
1811, 171.7312469482422
1812, 171.7362518310547
1813, 171.7412567138672
1814, 171.74624633789062
1815, 171.75125122070312
1816, 171.75625610351562
1817, 171.76124572753906
1818, 171.76625061035156
1819, 171.77125549316406
1820, 171.7762451171875
1821, 171.78125
1822, 171.7862548828125
1823, 171.79124450683594
1824, 171.79624938964844
1825, 171.80125427246094
1826, 171.80624389648438
1827, 171.81124877929688
1828, 171.81625366210938
1829, 171.82125854492188
1830, 171.8262481689453
1831, 171.8312530517578
1832, 171.8362579345703
1833, 171.84124755859375
1834, 171.84625244140625
1835, 171.85125732421875
1836, 171.8562469482422
1837, 171.8612518310547
1838, 171.8662567138672
1839, 171.87124633789062
1840, 171.87625122070312
1841, 171.88125610351562
1842, 171.88624572753906
1843, 171.89125061035156
1844, 171.89625549316406
1845, 171.9012451171875
1846, 171.90625
1847, 171.9112548828125
1848, 171.91624450683594
1849, 171.92124938964844
1850, 171.92625427246094
1851, 171.93124389648438
1852, 171.93624877929688
1853, 171.94125366210938
1854, 171.94625854492188
1855, 171.9512481689453
1856, 171.9562530517578
1857, 171.9612579345703
1858, 171.96624755859375
1859, 171.97125244140625
1860, 171.97625732421875
1861, 171.9812469482422
1862, 171.9862518310547
1863, 171.9912567138672
1864, 171.99624633789062
1865, 172.00125122070312
1866, 172.00625610351562
1867, 172.01124572753906
1868, 172.01625061035156
1869, 172.02125549316406
1870, 172.0262451171875
1871, 172.03125
1872, 172.0362548828125
1873, 172.04124450683594
1874, 172.04624938964844
1875, 172.05125427246094
1876, 172.05624389648438
1877, 172.06124877929688
1878, 172.06625366210938
1879, 172.07125854492188
1880, 172.0762481689453
1881, 172.0812530517578
1882, 172.0862579345703
1883, 172.09124755859375
1884, 172.09625244140625
1885, 172.10125732421875
1886, 172.1062469482422
1887, 172.1112518310547
1888, 172.1162567138672
1889, 172.12124633789062
1890, 172.12625122070312
1891, 172.13125610351562
1892, 172.13624572753906
1893, 172.14125061035156
1894, 172.14625549316406
1895, 172.1512451171875
1896, 172.15625
1897, 172.1612548828125
1898, 172.16624450683594
1899, 172.17124938964844
1900, 172.17625427246094
1901, 172.18124389648438
1902, 172.18624877929688
1903, 172.19125366210938
1904, 172.19625854492188
1905, 172.2012481689453
1906, 172.2062530517578
1907, 172.2112579345703
1908, 172.21624755859375
1909, 172.22125244140625
1910, 172.22625732421875
1911, 172.2312469482422
1912, 172.2362518310547
1913, 172.2412567138672
1914, 172.24624633789062
1915, 172.25125122070312
1916, 172.25625610351562
1917, 172.26124572753906
1918, 172.26625061035156
1919, 172.27125549316406
1920, 172.2762451171875
1921, 172.28125
1922, 172.2862548828125
1923, 172.29124450683594
1924, 172.29624938964844
1925, 172.30125427246094
1926, 172.30624389648438
1927, 172.31124877929688
1928, 172.31625366210938
1929, 172.32125854492188
1930, 172.3262481689453
1931, 172.3312530517578
1932, 172.3362579345703
1933, 172.34124755859375
1934, 172.34625244140625
1935, 172.35125732421875
1936, 172.3562469482422
1937, 172.3612518310547
1938, 172.3662567138672
1939, 172.37124633789062
1940, 172.37625122070312
1941, 172.38125610351562
1942, 172.38624572753906
1943, 172.39125061035156
1944, 172.39625549316406
1945, 172.4012451171875
1946, 172.40625
1947, 172.4112548828125
1948, 172.41624450683594
1949, 172.42124938964844
1950, 172.42625427246094
1951, 172.43124389648438
1952, 172.43624877929688
1953, 172.44125366210938
1954, 172.44625854492188
1955, 172.4512481689453
1956, 172.4562530517578
1957, 172.4612579345703
1958, 172.46624755859375
1959, 172.47125244140625
1960, 172.47625732421875
1961, 172.4812469482422
1962, 172.4862518310547
1963, 172.4912567138672
1964, 172.49624633789062
1965, 172.50125122070312
1966, 172.50625610351562
1967, 172.51124572753906
1968, 172.51625061035156
1969, 172.52125549316406
1970, 172.5262451171875
1971, 172.53125
1972, 172.5362548828125
1973, 172.54124450683594
1974, 172.54624938964844
1975, 172.55125427246094
1976, 172.55624389648438
1977, 172.56124877929688
1978, 172.56625366210938
1979, 172.57125854492188
1980, 172.5762481689453
1981, 172.5812530517578
1982, 172.5862579345703
1983, 172.59124755859375
1984, 172.59625244140625
1985, 172.60125732421875
1986, 172.6062469482422
1987, 172.6112518310547
1988, 172.6162567138672
1989, 172.62124633789062
1990, 172.62625122070312
1991, 172.63125610351562
1992, 172.63624572753906
1993, 172.64125061035156
1994, 172.64625549316406
1995, 172.6512451171875
1996, 172.65625
1997, 172.6612548828125
1998, 172.66624450683594
1999, 172.67124938964844
2000, 172.67625427246094
2001, 172.68124389648438
2002, 172.68624877929688
2003, 172.69125366210938
2004, 172.69625854492188
2005, 172.7012481689453
2006, 172.7062530517578
2007, 172.7112579345703
2008, 172.71624755859375
2009, 172.72125244140625
2010, 172.72625732421875
2011, 172.7312469482422
2012, 172.7362518310547
2013, 172.7412567138672
2014, 172.74624633789062
2015, 172.75125122070312
2016, 172.75625610351562
2017, 172.76124572753906
2018, 172.76625061035156
2019, 172.77125549316406
2020, 172.7762451171875
2021, 172.78125
2022, 172.7862548828125
2023, 172.79124450683594
2024, 172.79624938964844
2025, 172.80125427246094
2026, 172.80624389648438
2027, 172.81124877929688
2028, 172.81625366210938
2029, 172.82125854492188
2030, 172.8262481689453
2031, 172.8312530517578
2032, 172.8362579345703
2033, 172.84124755859375
2034, 172.84625244140625
2035, 172.85125732421875
2036, 172.8562469482422
2037, 172.8612518310547
2038, 172.8662567138672
2039, 172.87124633789062
2040, 172.87625122070312
2041, 172.88125610351562
2042, 172.88624572753906
2043, 172.89125061035156
2044, 172.89625549316406
2045, 172.9012451171875
2046, 172.90625
2047, 172.9112548828125
2048, 172.91624450683594
2049, 172.92124938964844
2050, 172.92625427246094
2051, 172.93124389648438
2052, 172.93624877929688
2053, 172.94125366210938
2054, 172.94625854492188
2055, 172.9512481689453
2056, 172.9562530517578
2057, 172.9612579345703
2058, 172.96624755859375
2059, 172.97125244140625
2060, 172.97625732421875
2061, 172.9812469482422
2062, 172.9862518310547
2063, 172.9912567138672
2064, 172.99624633789062
2065, 173.00125122070312
2066, 173.00625610351562
2067, 173.01124572753906
2068, 173.01625061035156
2069, 173.02125549316406
2070, 173.0262451171875
2071, 173.03125
2072, 173.0362548828125
2073, 173.04124450683594
2074, 173.04624938964844
2075, 173.05125427246094
2076, 173.05624389648438
2077, 173.06124877929688
2078, 173.06625366210938
2079, 173.07125854492188
2080, 173.0762481689453
2081, 173.0812530517578
2082, 173.0862579345703
2083, 173.09124755859375
2084, 173.09625244140625
2085, 173.10125732421875
2086, 173.1062469482422
2087, 173.1112518310547
2088, 173.1162567138672
2089, 173.12124633789062
2090, 173.12625122070312
2091, 173.13125610351562
2092, 173.13624572753906
2093, 173.14125061035156
2094, 173.14625549316406
2095, 173.1512451171875
2096, 173.15625
2097, 173.1612548828125
2098, 173.16624450683594
2099, 173.17124938964844
2100, 173.17625427246094
2101, 173.18124389648438
2102, 173.18624877929688
2103, 173.19125366210938
2104, 173.19625854492188
2105, 173.2012481689453
2106, 173.2062530517578
2107, 173.2112579345703
2108, 173.21624755859375
2109, 173.22125244140625
2110, 173.22625732421875
2111, 173.2312469482422
2112, 173.2362518310547
2113, 173.2412567138672
2114, 173.24624633789062
2115, 173.25125122070312
2116, 173.25625610351562
2117, 173.26124572753906
2118, 173.26625061035156
2119, 173.27125549316406
2120, 173.2762451171875
2121, 173.28125
2122, 173.2862548828125
2123, 173.29124450683594
2124, 173.29624938964844
2125, 173.30125427246094
2126, 173.30624389648438
2127, 173.31124877929688
2128, 173.31625366210938
2129, 173.32125854492188
2130, 173.3262481689453
2131, 173.3312530517578
2132, 173.3362579345703
2133, 173.34124755859375
2134, 173.34625244140625
2135, 173.35125732421875
2136, 173.3562469482422
2137, 173.3612518310547
2138, 173.3662567138672
2139, 173.37124633789062
2140, 173.37625122070312
2141, 173.38125610351562
2142, 173.38624572753906
2143, 173.39125061035156
2144, 173.39625549316406
2145, 173.4012451171875
2146, 173.40625
2147, 173.4112548828125
2148, 173.41624450683594
2149, 173.42124938964844
2150, 173.42625427246094
2151, 173.43124389648438
2152, 173.43624877929688
2153, 173.44125366210938
2154, 173.44625854492188
2155, 173.4512481689453
2156, 173.4562530517578
2157, 173.4612579345703
2158, 173.46624755859375
2159, 173.47125244140625
2160, 173.47625732421875
2161, 173.4812469482422
2162, 173.4862518310547
2163, 173.4912567138672
2164, 173.49624633789062
2165, 173.50125122070312
2166, 173.50625610351562
2167, 173.51124572753906
2168, 173.51625061035156
2169, 173.52125549316406
2170, 173.5262451171875
2171, 173.53125
2172, 173.5362548828125
2173, 173.54124450683594
2174, 173.54624938964844
2175, 173.55125427246094
2176, 173.55624389648438
2177, 173.56124877929688
2178, 173.56625366210938
2179, 173.57125854492188
2180, 173.5762481689453
2181, 173.5812530517578
2182, 173.5862579345703
2183, 173.59124755859375
2184, 173.59625244140625
2185, 173.60125732421875
2186, 173.6062469482422
2187, 173.6112518310547
2188, 173.6162567138672
2189, 173.62124633789062
2190, 173.62625122070312
2191, 173.63125610351562
2192, 173.63624572753906
2193, 173.64125061035156
2194, 173.64625549316406
2195, 173.6512451171875
2196, 173.65625
2197, 173.6612548828125
2198, 173.66624450683594
2199, 173.67124938964844
2200, 173.67625427246094
2201, 173.68124389648438
2202, 173.68624877929688
2203, 173.69125366210938
2204, 173.69625854492188
2205, 173.7012481689453
2206, 173.7062530517578
2207, 173.7112579345703
2208, 173.71624755859375
2209, 173.72125244140625
2210, 173.72625732421875
2211, 173.7312469482422
2212, 173.7362518310547
2213, 173.7412567138672
2214, 173.74624633789062
2215, 173.75125122070312
2216, 173.75625610351562
2217, 173.76124572753906
2218, 173.76625061035156
2219, 173.77125549316406
2220, 173.7762451171875
2221, 173.78125
2222, 173.7862548828125
2223, 173.79124450683594
2224, 173.79624938964844
2225, 173.80125427246094
2226, 173.80624389648438
2227, 173.81124877929688
2228, 173.81625366210938
2229, 173.82125854492188
2230, 173.8262481689453
2231, 173.8312530517578
2232, 173.8362579345703
2233, 173.84124755859375
2234, 173.84625244140625
2235, 173.85125732421875
2236, 173.8562469482422
2237, 173.8612518310547
2238, 173.8662567138672
2239, 173.87124633789062
2240, 173.87625122070312
2241, 173.88125610351562
2242, 173.88624572753906
2243, 173.89125061035156
2244, 173.89625549316406
2245, 173.9012451171875
2246, 173.90625
2247, 173.9112548828125
2248, 173.91624450683594
2249, 173.92124938964844
2250, 173.92625427246094
2251, 173.93124389648438
2252, 173.93624877929688
2253, 173.94125366210938
2254, 173.94625854492188
2255, 173.9512481689453
2256, 173.9562530517578
2257, 173.9612579345703
2258, 173.96624755859375
2259, 173.97125244140625
2260, 173.97625732421875
2261, 173.9812469482422
2262, 173.9862518310547
2263, 173.9912567138672
2264, 173.99624633789062
2265, 174.00125122070312
2266, 174.00625610351562
2267, 174.01124572753906
2268, 174.01625061035156
2269, 174.02125549316406
2270, 174.0262451171875
2271, 174.03125
2272, 174.0362548828125
2273, 174.04124450683594
2274, 174.04624938964844
2275, 174.05125427246094
2276, 174.05624389648438
2277, 174.06124877929688
2278, 174.06625366210938
2279, 174.07125854492188
2280, 174.0762481689453
2281, 174.0812530517578
2282, 174.0862579345703
2283, 174.09124755859375
2284, 174.09625244140625
2285, 174.10125732421875
2286, 174.1062469482422
2287, 174.1112518310547
2288, 174.1162567138672
2289, 174.12124633789062
2290, 174.12625122070312
2291, 174.13125610351562
2292, 174.13624572753906
2293, 174.14125061035156
2294, 174.14625549316406
2295, 174.1512451171875
2296, 174.15625
2297, 174.1612548828125
2298, 174.16624450683594
2299, 174.17124938964844
2300, 174.17625427246094
2301, 174.18124389648438
2302, 174.18624877929688
2303, 174.19125366210938
2304, 174.19625854492188
2305, 174.2012481689453
2306, 174.2062530517578
2307, 174.2112579345703
2308, 174.21624755859375
2309, 174.22125244140625
2310, 174.22625732421875
2311, 174.2312469482422
2312, 174.2362518310547
2313, 174.2412567138672
2314, 174.24624633789062
2315, 174.25125122070312
2316, 174.25625610351562
2317, 174.26124572753906
2318, 174.26625061035156
2319, 174.27125549316406
2320, 174.2762451171875
2321, 174.28125
2322, 174.2862548828125
2323, 174.29124450683594
2324, 174.29624938964844
2325, 174.30125427246094
2326, 174.30624389648438
2327, 174.31124877929688
2328, 174.31625366210938
2329, 174.32125854492188
2330, 174.3262481689453
2331, 174.3312530517578
2332, 174.3362579345703
2333, 174.34124755859375
2334, 174.34625244140625
2335, 174.35125732421875
2336, 174.3562469482422
2337, 174.3612518310547
2338, 174.3662567138672
2339, 174.37124633789062
2340, 174.37625122070312
2341, 174.38125610351562
2342, 174.38624572753906
2343, 174.39125061035156
2344, 174.39625549316406
2345, 174.4012451171875
2346, 174.40625
2347, 174.4112548828125
2348, 174.41624450683594
2349, 174.42124938964844
2350, 174.42625427246094
2351, 174.43124389648438
2352, 174.43624877929688
2353, 174.44125366210938
2354, 174.44625854492188
2355, 174.4512481689453
2356, 174.4562530517578
2357, 174.4612579345703
2358, 174.46624755859375
2359, 174.47125244140625
2360, 174.47625732421875
2361, 174.4812469482422
2362, 174.4862518310547
2363, 174.4912567138672
2364, 174.49624633789062
2365, 174.50125122070312
2366, 174.50625610351562
2367, 174.51124572753906
2368, 174.51625061035156
2369, 174.52125549316406
2370, 174.5262451171875
2371, 174.53125
2372, 174.5362548828125
2373, 174.54124450683594
2374, 174.54624938964844
2375, 174.55125427246094
2376, 174.55624389648438
2377, 174.56124877929688
2378, 174.56625366210938
2379, 174.57125854492188
2380, 174.5762481689453
2381, 174.5812530517578
2382, 174.5862579345703
2383, 174.59124755859375
2384, 174.59625244140625
2385, 174.60125732421875
2386, 174.6062469482422
2387, 174.6112518310547
2388, 174.6162567138672
2389, 174.62124633789062
2390, 174.62625122070312
2391, 174.63125610351562
2392, 174.63624572753906
2393, 174.64125061035156
2394, 174.64625549316406
2395, 174.6512451171875
2396, 174.65625
2397, 174.6612548828125
2398, 174.66624450683594
2399, 174.67124938964844
2400, 174.67625427246094
2401, 174.68124389648438
2402, 174.68624877929688
2403, 174.69125366210938
2404, 174.69625854492188
2405, 174.7012481689453
2406, 174.7062530517578
2407, 174.7112579345703
2408, 174.71624755859375
2409, 174.72125244140625
2410, 174.72625732421875
2411, 174.7312469482422
2412, 174.7362518310547
2413, 174.7412567138672
2414, 174.74624633789062
2415, 174.75125122070312
2416, 174.75625610351562
2417, 174.76124572753906
2418, 174.76625061035156
2419, 174.77125549316406
2420, 174.7762451171875
2421, 174.78125
2422, 174.7862548828125
2423, 174.79124450683594
2424, 174.79624938964844
2425, 174.80125427246094
2426, 174.80624389648438
2427, 174.81124877929688
2428, 174.81625366210938
2429, 174.82125854492188
2430, 174.8262481689453
2431, 174.8312530517578
2432, 174.8362579345703
2433, 174.84124755859375
2434, 174.84625244140625
2435, 174.85125732421875
2436, 174.8562469482422
2437, 174.8612518310547
2438, 174.8662567138672
2439, 174.87124633789062
2440, 174.87625122070312
2441, 174.88125610351562
2442, 174.88624572753906
2443, 174.89125061035156
2444, 174.89625549316406
2445, 174.9012451171875
2446, 174.90625
2447, 174.9112548828125
2448, 174.91624450683594
2449, 174.92124938964844
2450, 174.92625427246094
2451, 174.93124389648438
2452, 174.93624877929688
2453, 174.94125366210938
2454, 174.94625854492188
2455, 174.9512481689453
2456, 174.9562530517578
2457, 174.9612579345703
2458, 174.96624755859375
2459, 174.97125244140625
2460, 174.97625732421875
2461, 174.9812469482422
2462, 174.9862518310547
2463, 174.9912567138672
2464, 174.99624633789062
2465, 175.00125122070312
2466, 175.00625610351562
2467, 175.01124572753906
2468, 175.01625061035156
2469, 175.02125549316406
2470, 175.0262451171875
2471, 175.03125
2472, 175.0362548828125
2473, 175.04124450683594
2474, 175.04624938964844
2475, 175.05125427246094
2476, 175.05624389648438
2477, 175.06124877929688
2478, 175.06625366210938
2479, 175.07125854492188
2480, 175.0762481689453
2481, 175.0812530517578
2482, 175.0862579345703
2483, 175.09124755859375
2484, 175.09625244140625
2485, 175.10125732421875
2486, 175.1062469482422
2487, 175.1112518310547
2488, 175.1162567138672
2489, 175.12124633789062
2490, 175.12625122070312
2491, 175.13125610351562
2492, 175.13624572753906
2493, 175.14125061035156
2494, 175.14625549316406
2495, 175.1512451171875
2496, 175.15625
2497, 175.1612548828125
2498, 175.16624450683594
2499, 175.17124938964844
2500, 175.17625427246094
2501, 175.18124389648438
2502, 175.18624877929688
2503, 175.19125366210938
2504, 175.19625854492188
2505, 175.2012481689453
2506, 175.2062530517578
2507, 175.2112579345703
2508, 175.21624755859375
2509, 175.22125244140625
2510, 175.22625732421875
2511, 175.2312469482422
2512, 175.2362518310547
2513, 175.2412567138672
2514, 175.24624633789062
2515, 175.25125122070312
2516, 175.25625610351562
2517, 175.26124572753906
2518, 175.26625061035156
2519, 175.27125549316406
2520, 175.2762451171875
2521, 175.28125
2522, 175.2862548828125
2523, 175.29124450683594
2524, 175.29624938964844
2525, 175.30125427246094
2526, 175.30624389648438
2527, 175.31124877929688
2528, 175.31625366210938
2529, 175.32125854492188
2530, 175.3262481689453
2531, 175.3312530517578
2532, 175.3362579345703
2533, 175.34124755859375
2534, 175.34625244140625
2535, 175.35125732421875
2536, 175.3562469482422
2537, 175.3612518310547
2538, 175.3662567138672
2539, 175.37124633789062
2540, 175.37625122070312
2541, 175.38125610351562
2542, 175.38624572753906
2543, 175.39125061035156
2544, 175.39625549316406
2545, 175.4012451171875
2546, 175.40625
2547, 175.4112548828125
2548, 175.41624450683594
2549, 175.42124938964844
2550, 175.42625427246094
2551, 175.43124389648438
2552, 175.43624877929688
2553, 175.44125366210938
2554, 175.44625854492188
2555, 175.4512481689453
2556, 175.4562530517578
2557, 175.4612579345703
2558, 175.46624755859375
2559, 175.47125244140625
2560, 175.47625732421875
2561, 175.4812469482422
2562, 175.4862518310547
2563, 175.4912567138672
2564, 175.49624633789062
2565, 175.50125122070312
2566, 175.50625610351562
2567, 175.51124572753906
2568, 175.51625061035156
2569, 175.52125549316406
2570, 175.5262451171875
2571, 175.53125
2572, 175.5362548828125
2573, 175.54124450683594
2574, 175.54624938964844
2575, 175.55125427246094
2576, 175.55624389648438
2577, 175.56124877929688
2578, 175.56625366210938
2579, 175.57125854492188
2580, 175.5762481689453
2581, 175.5812530517578
2582, 175.5862579345703
2583, 175.59124755859375
2584, 175.59625244140625
2585, 175.60125732421875
2586, 175.6062469482422
2587, 175.6112518310547
2588, 175.6162567138672
2589, 175.62124633789062
2590, 175.62625122070312
2591, 175.63125610351562
2592, 175.63624572753906
2593, 175.64125061035156
2594, 175.64625549316406
2595, 175.6512451171875
2596, 175.65625
2597, 175.6612548828125
2598, 175.66624450683594
2599, 175.67124938964844
2600, 175.67625427246094
2601, 175.68124389648438
2602, 175.68624877929688
2603, 175.69125366210938
2604, 175.69625854492188
2605, 175.7012481689453
2606, 175.7062530517578
2607, 175.7112579345703
2608, 175.71624755859375
2609, 175.72125244140625
2610, 175.72625732421875
2611, 175.7312469482422
2612, 175.7362518310547
2613, 175.7412567138672
2614, 175.74624633789062
2615, 175.75125122070312
2616, 175.75625610351562
2617, 175.76124572753906
2618, 175.76625061035156
2619, 175.77125549316406
2620, 175.7762451171875
2621, 175.78125
2622, 175.7862548828125
2623, 175.79124450683594
2624, 175.79624938964844
2625, 175.80125427246094
2626, 175.80624389648438
2627, 175.81124877929688
2628, 175.81625366210938
2629, 175.82125854492188
2630, 175.8262481689453
2631, 175.8312530517578
2632, 175.8362579345703
2633, 175.84124755859375
2634, 175.84625244140625
2635, 175.85125732421875
2636, 175.8562469482422
2637, 175.8612518310547
2638, 175.8662567138672
2639, 175.87124633789062
2640, 175.87625122070312
2641, 175.88125610351562
2642, 175.88624572753906
2643, 175.89125061035156
2644, 175.89625549316406
2645, 175.9012451171875
2646, 175.90625
2647, 175.9112548828125
2648, 175.91624450683594
2649, 175.92124938964844
2650, 175.92625427246094
2651, 175.93124389648438
2652, 175.93624877929688
2653, 175.94125366210938
2654, 175.94625854492188
2655, 175.9512481689453
2656, 175.9562530517578
2657, 175.9612579345703
2658, 175.96624755859375
2659, 175.97125244140625
2660, 175.97625732421875
2661, 175.9812469482422
2662, 175.9862518310547
2663, 175.9912567138672
2664, 175.99624633789062
2665, 176.00125122070312
2666, 176.00625610351562
2667, 176.01124572753906
2668, 176.01625061035156
2669, 176.02125549316406
2670, 176.0262451171875
2671, 176.03125
2672, 176.0362548828125
2673, 176.04124450683594
2674, 176.04624938964844
2675, 176.05125427246094
2676, 176.05624389648438
2677, 176.06124877929688
2678, 176.06625366210938
2679, 176.07125854492188
2680, 176.0762481689453
2681, 176.0812530517578
2682, 176.0862579345703
2683, 176.09124755859375
2684, 176.09625244140625
2685, 176.10125732421875
2686, 176.1062469482422
2687, 176.1112518310547
2688, 176.1162567138672
2689, 176.12124633789062
2690, 176.12625122070312
2691, 176.13125610351562
2692, 176.13624572753906
2693, 176.14125061035156
2694, 176.14625549316406
2695, 176.1512451171875
2696, 176.15625
2697, 176.1612548828125
2698, 176.16624450683594
2699, 176.17124938964844
2700, 176.17625427246094
2701, 176.18124389648438
2702, 176.18624877929688
2703, 176.19125366210938
2704, 176.19625854492188
2705, 176.2012481689453
2706, 176.2062530517578
2707, 176.2112579345703
2708, 176.21624755859375
2709, 176.22125244140625
2710, 176.22625732421875
2711, 176.2312469482422
2712, 176.2362518310547
2713, 176.2412567138672
2714, 176.24624633789062
2715, 176.25125122070312
2716, 176.25625610351562
2717, 176.26124572753906
2718, 176.26625061035156
2719, 176.27125549316406
2720, 176.2762451171875
2721, 176.28125
2722, 176.2862548828125
2723, 176.29124450683594
2724, 176.29624938964844
2725, 176.30125427246094
2726, 176.30624389648438
2727, 176.31124877929688
2728, 176.31625366210938
2729, 176.32125854492188
2730, 176.3262481689453
2731, 176.3312530517578
2732, 176.3362579345703
2733, 176.34124755859375
2734, 176.34625244140625
2735, 176.35125732421875
2736, 176.3562469482422
2737, 176.3612518310547
2738, 176.3662567138672
2739, 176.37124633789062
2740, 176.37625122070312
2741, 176.38125610351562
2742, 176.38624572753906
2743, 176.39125061035156
2744, 176.39625549316406
2745, 176.4012451171875
2746, 176.40625
2747, 176.4112548828125
2748, 176.41624450683594
2749, 176.42124938964844
2750, 176.42625427246094
2751, 176.43124389648438
2752, 176.43624877929688
2753, 176.44125366210938
2754, 176.44625854492188
2755, 176.4512481689453
2756, 176.4562530517578
2757, 176.4612579345703
2758, 176.46624755859375
2759, 176.47125244140625
2760, 176.47625732421875
2761, 176.4812469482422
2762, 176.4862518310547
2763, 176.4912567138672
2764, 176.49624633789062
2765, 176.50125122070312
2766, 176.50625610351562
2767, 176.51124572753906
2768, 176.51625061035156
2769, 176.52125549316406
2770, 176.5262451171875
2771, 176.53125
2772, 176.5362548828125
2773, 176.54124450683594
2774, 176.54624938964844
2775, 176.55125427246094
2776, 176.55624389648438
2777, 176.56124877929688
2778, 176.56625366210938
2779, 176.57125854492188
2780, 176.5762481689453
2781, 176.5812530517578
2782, 176.5862579345703
2783, 176.59124755859375
2784, 176.59625244140625
2785, 176.60125732421875
2786, 176.6062469482422
2787, 176.6112518310547
2788, 176.6162567138672
2789, 176.62124633789062
2790, 176.62625122070312
2791, 176.63125610351562
2792, 176.63624572753906
2793, 176.64125061035156
2794, 176.64625549316406
2795, 176.6512451171875
2796, 176.65625
2797, 176.6612548828125
2798, 176.66624450683594
2799, 176.67124938964844
2800, 176.67625427246094
2801, 176.68124389648438
2802, 176.68624877929688
2803, 176.69125366210938
2804, 176.69625854492188
2805, 176.7012481689453
2806, 176.7062530517578
2807, 176.7112579345703
2808, 176.71624755859375
2809, 176.72125244140625
2810, 176.72625732421875
2811, 176.7312469482422
2812, 176.7362518310547
2813, 176.7412567138672
2814, 176.74624633789062
2815, 176.75125122070312
2816, 176.75625610351562
2817, 176.76124572753906
2818, 176.76625061035156
2819, 176.77125549316406
2820, 176.7762451171875
2821, 176.78125
2822, 176.7862548828125
2823, 176.79124450683594
2824, 176.79624938964844
2825, 176.80125427246094
2826, 176.80624389648438
2827, 176.81124877929688
2828, 176.81625366210938
2829, 176.82125854492188
2830, 176.8262481689453
2831, 176.8312530517578
2832, 176.8362579345703
2833, 176.84124755859375
2834, 176.84625244140625
2835, 176.85125732421875
2836, 176.8562469482422
2837, 176.8612518310547
2838, 176.8662567138672
2839, 176.87124633789062
2840, 176.87625122070312
2841, 176.88125610351562
2842, 176.88624572753906
2843, 176.89125061035156
2844, 176.89625549316406
2845, 176.9012451171875
2846, 176.90625
2847, 176.9112548828125
2848, 176.91624450683594
2849, 176.92124938964844
2850, 176.92625427246094
2851, 176.93124389648438
2852, 176.93624877929688
2853, 176.94125366210938
2854, 176.94625854492188
2855, 176.9512481689453
2856, 176.9562530517578
2857, 176.9612579345703
2858, 176.96624755859375
2859, 176.97125244140625
2860, 176.97625732421875
2861, 176.9812469482422
2862, 176.9862518310547
2863, 176.9912567138672
2864, 176.99624633789062
2865, 177.00125122070312
2866, 177.00625610351562
2867, 177.01124572753906
2868, 177.01625061035156
2869, 177.02125549316406
2870, 177.0262451171875
2871, 177.03125
2872, 177.0362548828125
2873, 177.04124450683594
2874, 177.04624938964844
2875, 177.05125427246094
2876, 177.05624389648438
2877, 177.06124877929688
2878, 177.06625366210938
2879, 177.07125854492188
2880, 177.0762481689453
2881, 177.0812530517578
2882, 177.0862579345703
2883, 177.09124755859375
2884, 177.09625244140625
2885, 177.10125732421875
2886, 177.1062469482422
2887, 177.1112518310547
2888, 177.1162567138672
2889, 177.12124633789062
2890, 177.12625122070312
2891, 177.13125610351562
2892, 177.13624572753906
2893, 177.14125061035156
2894, 177.14625549316406
2895, 177.1512451171875
2896, 177.15625
2897, 177.1612548828125
2898, 177.16624450683594
2899, 177.17124938964844
2900, 177.17625427246094
2901, 177.18124389648438
2902, 177.18624877929688
2903, 177.19125366210938
2904, 177.19625854492188
2905, 177.2012481689453
2906, 177.2062530517578
2907, 177.2112579345703
2908, 177.21624755859375
2909, 177.22125244140625
2910, 177.22625732421875
2911, 177.2312469482422
2912, 177.2362518310547
2913, 177.2412567138672
2914, 177.24624633789062
2915, 177.25125122070312
2916, 177.25625610351562
2917, 177.26124572753906
2918, 177.26625061035156
2919, 177.27125549316406
2920, 177.2762451171875
2921, 177.28125
2922, 177.2862548828125
2923, 177.29124450683594
2924, 177.29624938964844
2925, 177.30125427246094
2926, 177.30624389648438
2927, 177.31124877929688
2928, 177.31625366210938
2929, 177.32125854492188
2930, 177.3262481689453
2931, 177.3312530517578
2932, 177.3362579345703
2933, 177.34124755859375
2934, 177.34625244140625
2935, 177.35125732421875
2936, 177.3562469482422
2937, 177.3612518310547
2938, 177.3662567138672
2939, 177.37124633789062
2940, 177.37625122070312
2941, 177.38125610351562
2942, 177.38624572753906
2943, 177.39125061035156
2944, 177.39625549316406
2945, 177.4012451171875
2946, 177.40625
2947, 177.4112548828125
2948, 177.41624450683594
2949, 177.42124938964844
2950, 177.42625427246094
2951, 177.43124389648438
2952, 177.43624877929688
2953, 177.44125366210938
2954, 177.44625854492188
2955, 177.4512481689453
2956, 177.4562530517578
2957, 177.4612579345703
2958, 177.46624755859375
2959, 177.47125244140625
2960, 177.47625732421875
2961, 177.4812469482422
2962, 177.4862518310547
2963, 177.4912567138672
2964, 177.49624633789062
2965, 177.50125122070312
2966, 177.50625610351562
2967, 177.51124572753906
2968, 177.51625061035156
2969, 177.52125549316406
2970, 177.5262451171875
2971, 177.53125
2972, 177.5362548828125
2973, 177.54124450683594
2974, 177.54624938964844
2975, 177.55125427246094
2976, 177.55624389648438
2977, 177.56124877929688
2978, 177.56625366210938
2979, 177.57125854492188
2980, 177.5762481689453
2981, 177.5812530517578
2982, 177.5862579345703
2983, 177.59124755859375
2984, 177.59625244140625
2985, 177.60125732421875
2986, 177.6062469482422
2987, 177.6112518310547
2988, 177.6162567138672
2989, 177.62124633789062
2990, 177.62625122070312
2991, 177.63125610351562
2992, 177.63624572753906
2993, 177.64125061035156
2994, 177.64625549316406
2995, 177.6512451171875
2996, 177.65625
2997, 177.6612548828125
2998, 177.66624450683594
2999, 177.67124938964844
3000, 177.67625427246094
3001, 177.68124389648438
3002, 177.68624877929688
3003, 177.69125366210938
3004, 177.69625854492188
3005, 177.7012481689453
3006, 177.7062530517578
3007, 177.7112579345703
3008, 177.71624755859375
3009, 177.72125244140625
3010, 177.72625732421875
3011, 177.7312469482422
3012, 177.7362518310547
3013, 177.7412567138672
3014, 177.74624633789062
3015, 177.75125122070312
3016, 177.75625610351562
3017, 177.76124572753906
3018, 177.76625061035156
3019, 177.77125549316406
3020, 177.7762451171875
3021, 177.78125
3022, 177.7862548828125
3023, 177.79124450683594
3024, 177.79624938964844
3025, 177.80125427246094
3026, 177.80624389648438
3027, 177.81124877929688
3028, 177.81625366210938
3029, 177.82125854492188
3030, 177.8262481689453
3031, 177.8312530517578
3032, 177.8362579345703
3033, 177.84124755859375
3034, 177.84625244140625
3035, 177.85125732421875
3036, 177.8562469482422
3037, 177.8612518310547
3038, 177.8662567138672
3039, 177.87124633789062
3040, 177.87625122070312
3041, 177.88125610351562
3042, 177.88624572753906
3043, 177.89125061035156
3044, 177.89625549316406
3045, 177.9012451171875
3046, 177.90625
3047, 177.9112548828125
3048, 177.91624450683594
3049, 177.92124938964844
3050, 177.92625427246094
3051, 177.93124389648438
3052, 177.93624877929688
3053, 177.94125366210938
3054, 177.94625854492188
3055, 177.9512481689453
3056, 177.9562530517578
3057, 177.9612579345703
3058, 177.96624755859375
3059, 177.97125244140625
3060, 177.97625732421875
3061, 177.9812469482422
3062, 177.9862518310547
3063, 177.9912567138672
3064, 177.99624633789062
3065, 178.00125122070312
3066, 178.00625610351562
3067, 178.01124572753906
3068, 178.01625061035156
3069, 178.02125549316406
3070, 178.0262451171875
3071, 178.03125
3072, 178.0362548828125
3073, 178.04124450683594
3074, 178.04624938964844
3075, 178.05125427246094
3076, 178.05624389648438
3077, 178.06124877929688
3078, 178.06625366210938
3079, 178.07125854492188
3080, 178.0762481689453
3081, 178.0812530517578
3082, 178.0862579345703
3083, 178.09124755859375
3084, 178.09625244140625
3085, 178.10125732421875
3086, 178.1062469482422
3087, 178.1112518310547
3088, 178.1162567138672
3089, 178.12124633789062
3090, 178.12625122070312
3091, 178.13125610351562
3092, 178.13624572753906
3093, 178.14125061035156
3094, 178.14625549316406
3095, 178.1512451171875
3096, 178.15625
3097, 178.1612548828125
3098, 178.16624450683594
3099, 178.17124938964844
3100, 178.17625427246094
3101, 178.18124389648438
3102, 178.18624877929688
3103, 178.19125366210938
3104, 178.19625854492188
3105, 178.2012481689453
3106, 178.2062530517578
3107, 178.2112579345703
3108, 178.21624755859375
3109, 178.22125244140625
3110, 178.22625732421875
3111, 178.2312469482422
3112, 178.2362518310547
3113, 178.2412567138672
3114, 178.24624633789062
3115, 178.25125122070312
3116, 178.25625610351562
3117, 178.26124572753906
3118, 178.26625061035156
3119, 178.27125549316406
3120, 178.2762451171875
3121, 178.28125
3122, 178.2862548828125
3123, 178.29124450683594
3124, 178.29624938964844
3125, 178.30125427246094
3126, 178.30624389648438
3127, 178.31124877929688
3128, 178.31625366210938
3129, 178.32125854492188
3130, 178.3262481689453
3131, 178.3312530517578
3132, 178.3362579345703
3133, 178.34124755859375
3134, 178.34625244140625
3135, 178.35125732421875
3136, 178.3562469482422
3137, 178.3612518310547
3138, 178.3662567138672
3139, 178.37124633789062
3140, 178.37625122070312
3141, 178.38125610351562
3142, 178.38624572753906
3143, 178.39125061035156
3144, 178.39625549316406
3145, 178.4012451171875
3146, 178.40625
3147, 178.4112548828125
3148, 178.41624450683594
3149, 178.42124938964844
3150, 178.42625427246094
3151, 178.43124389648438
3152, 178.43624877929688
3153, 178.44125366210938
3154, 178.44625854492188
3155, 178.4512481689453
3156, 178.4562530517578
3157, 178.4612579345703
3158, 178.46624755859375
3159, 178.47125244140625
3160, 178.47625732421875
3161, 178.4812469482422
3162, 178.4862518310547
3163, 178.4912567138672
3164, 178.49624633789062
3165, 178.50125122070312
3166, 178.50625610351562
3167, 178.51124572753906
3168, 178.51625061035156
3169, 178.52125549316406
3170, 178.5262451171875
3171, 178.53125
3172, 178.5362548828125
3173, 178.54124450683594
3174, 178.54624938964844
3175, 178.55125427246094
3176, 178.55624389648438
3177, 178.56124877929688
3178, 178.56625366210938
3179, 178.57125854492188
3180, 178.5762481689453
3181, 178.5812530517578
3182, 178.5862579345703
3183, 178.59124755859375
3184, 178.59625244140625
3185, 178.60125732421875
3186, 178.6062469482422
3187, 178.6112518310547
3188, 178.6162567138672
3189, 178.62124633789062
3190, 178.62625122070312
3191, 178.63125610351562
3192, 178.63624572753906
3193, 178.64125061035156
3194, 178.64625549316406
3195, 178.6512451171875
3196, 178.65625
3197, 178.6612548828125
3198, 178.66624450683594
3199, 178.67124938964844
3200, 178.67625427246094
3201, 178.68124389648438
3202, 178.68624877929688
3203, 178.69125366210938
3204, 178.69625854492188
3205, 178.7012481689453
3206, 178.7062530517578
3207, 178.7112579345703
3208, 178.71624755859375
3209, 178.72125244140625
3210, 178.72625732421875
3211, 178.7312469482422
3212, 178.7362518310547
3213, 178.7412567138672
3214, 178.74624633789062
3215, 178.75125122070312
3216, 178.75625610351562
3217, 178.76124572753906
3218, 178.76625061035156
3219, 178.77125549316406
3220, 178.7762451171875
3221, 178.78125
3222, 178.7862548828125
3223, 178.79124450683594
3224, 178.79624938964844
3225, 178.80125427246094
3226, 178.80624389648438
3227, 178.81124877929688
3228, 178.81625366210938
3229, 178.82125854492188
3230, 178.8262481689453
3231, 178.8312530517578
3232, 178.8362579345703
3233, 178.84124755859375
3234, 178.84625244140625
3235, 178.85125732421875
3236, 178.8562469482422
3237, 178.8612518310547
3238, 178.8662567138672
3239, 178.87124633789062
3240, 178.87625122070312
3241, 178.88125610351562
3242, 178.88624572753906
3243, 178.89125061035156
3244, 178.89625549316406
3245, 178.9012451171875
3246, 178.90625
3247, 178.9112548828125
3248, 178.91624450683594
3249, 178.92124938964844
3250, 178.92625427246094
3251, 178.93124389648438
3252, 178.93624877929688
3253, 178.94125366210938
3254, 178.94625854492188
3255, 178.9512481689453
3256, 178.9562530517578
3257, 178.9612579345703
3258, 178.96624755859375
3259, 178.97125244140625
3260, 178.97625732421875
3261, 178.9812469482422
3262, 178.9862518310547
3263, 178.9912567138672
3264, 178.99624633789062
3265, 179.00125122070312
3266, 179.00625610351562
3267, 179.01124572753906
3268, 179.01625061035156
3269, 179.02125549316406
3270, 179.0262451171875
3271, 179.03125
3272, 179.0362548828125
3273, 179.04124450683594
3274, 179.04624938964844
3275, 179.05125427246094
3276, 179.05624389648438
3277, 179.06124877929688
3278, 179.06625366210938
3279, 179.07125854492188
3280, 179.0762481689453
3281, 179.0812530517578
3282, 179.0862579345703
3283, 179.09124755859375
3284, 179.09625244140625
3285, 179.10125732421875
3286, 179.1062469482422
3287, 179.1112518310547
3288, 179.1162567138672
3289, 179.12124633789062
3290, 179.12625122070312
3291, 179.13125610351562
3292, 179.13624572753906
3293, 179.14125061035156
3294, 179.14625549316406
3295, 179.1512451171875
3296, 179.15625
3297, 179.1612548828125
3298, 179.16624450683594
3299, 179.17124938964844
3300, 179.17625427246094
3301, 179.18124389648438
3302, 179.18624877929688
3303, 179.19125366210938
3304, 179.19625854492188
3305, 179.2012481689453
3306, 179.2062530517578
3307, 179.2112579345703
3308, 179.21624755859375
3309, 179.22125244140625
3310, 179.22625732421875
3311, 179.2312469482422
3312, 179.2362518310547
3313, 179.2412567138672
3314, 179.24624633789062
3315, 179.25125122070312
3316, 179.25625610351562
3317, 179.26124572753906
3318, 179.26625061035156
3319, 179.27125549316406
3320, 179.2762451171875
3321, 179.28125
3322, 179.2862548828125
3323, 179.29124450683594
3324, 179.29624938964844
3325, 179.30125427246094
3326, 179.30624389648438
3327, 179.31124877929688
3328, 179.31625366210938
3329, 179.32125854492188
3330, 179.3262481689453
3331, 179.3312530517578
3332, 179.3362579345703
3333, 179.34124755859375
3334, 179.34625244140625
3335, 179.35125732421875
3336, 179.3562469482422
3337, 179.3612518310547
3338, 179.3662567138672
3339, 179.37124633789062
3340, 179.37625122070312
3341, 179.38125610351562
3342, 179.38624572753906
3343, 179.39125061035156
3344, 179.39625549316406
3345, 179.4012451171875
3346, 179.40625
3347, 179.4112548828125
3348, 179.41624450683594
3349, 179.42124938964844
3350, 179.42625427246094
3351, 179.43124389648438
3352, 179.43624877929688
3353, 179.44125366210938
3354, 179.44625854492188
3355, 179.4512481689453
3356, 179.4562530517578
3357, 179.4612579345703
3358, 179.46624755859375
3359, 179.47125244140625
3360, 179.47625732421875
3361, 179.4812469482422
3362, 179.4862518310547
3363, 179.4912567138672
3364, 179.49624633789062
3365, 179.50125122070312
3366, 179.50625610351562
3367, 179.51124572753906
3368, 179.51625061035156
3369, 179.52125549316406
3370, 179.5262451171875
3371, 179.53125
3372, 179.5362548828125
3373, 179.54124450683594
3374, 179.54624938964844
3375, 179.55125427246094
3376, 179.55624389648438
3377, 179.56124877929688
3378, 179.56625366210938
3379, 179.57125854492188
3380, 179.5762481689453
3381, 179.5812530517578
3382, 179.5862579345703
3383, 179.59124755859375
3384, 179.59625244140625
3385, 179.60125732421875
3386, 179.6062469482422
3387, 179.6112518310547
3388, 179.6162567138672
3389, 179.62124633789062
3390, 179.62625122070312
3391, 179.63125610351562
3392, 179.63624572753906
3393, 179.64125061035156
3394, 179.64625549316406
3395, 179.6512451171875
3396, 179.65625
3397, 179.6612548828125
3398, 179.66624450683594
3399, 179.67124938964844
3400, 179.67625427246094
3401, 179.68124389648438
3402, 179.68624877929688
3403, 179.69125366210938
3404, 179.69625854492188
3405, 179.7012481689453
3406, 179.7062530517578
3407, 179.7112579345703
3408, 179.71624755859375
3409, 179.72125244140625
3410, 179.72625732421875
3411, 179.7312469482422
3412, 179.7362518310547
3413, 179.7412567138672
3414, 179.74624633789062
3415, 179.75125122070312
3416, 179.75625610351562
3417, 179.76124572753906
3418, 179.76625061035156
3419, 179.77125549316406
3420, 179.7762451171875
3421, 179.78125
3422, 179.7862548828125
3423, 179.79124450683594
3424, 179.79624938964844
3425, 179.80125427246094
3426, 179.80624389648438
3427, 179.81124877929688
3428, 179.81625366210938
3429, 179.82125854492188
3430, 179.8262481689453
3431, 179.8312530517578
3432, 179.8362579345703
3433, 179.84124755859375
3434, 179.84625244140625
3435, 179.85125732421875
3436, 179.8562469482422
3437, 179.8612518310547
3438, 179.8662567138672
3439, 179.87124633789062
3440, 179.87625122070312
3441, 179.88125610351562
3442, 179.88624572753906
3443, 179.89125061035156
3444, 179.89625549316406
3445, 179.9012451171875
3446, 179.90625
3447, 179.9112548828125
3448, 179.91624450683594
3449, 179.92124938964844
3450, 179.92625427246094
3451, 179.93124389648438
3452, 179.93624877929688
3453, 179.94125366210938
3454, 179.94625854492188
3455, 179.9512481689453
3456, 179.9562530517578
3457, 179.9612579345703
3458, 179.96624755859375
3459, 179.97125244140625
3460, 179.97625732421875
3461, 179.9812469482422
3462, 179.9862518310547
3463, 179.9912567138672
3464, 179.99624633789062
3465, 180.00125122070312
3466, 180.00625610351562
3467, 180.01124572753906
3468, 180.01625061035156
3469, 180.02125549316406
3470, 180.0262451171875
3471, 180.03125
3472, 180.0362548828125
3473, 180.04124450683594
3474, 180.04624938964844
3475, 180.05125427246094
3476, 180.05624389648438
3477, 180.06124877929688
3478, 180.06625366210938
3479, 180.07125854492188
3480, 180.0762481689453
3481, 180.0812530517578
3482, 180.0862579345703
3483, 180.09124755859375
3484, 180.09625244140625
3485, 180.10125732421875
3486, 180.1062469482422
3487, 180.1112518310547
3488, 180.1162567138672
3489, 180.12124633789062
3490, 180.12625122070312
3491, 180.13125610351562
3492, 180.13624572753906
3493, 180.14125061035156
3494, 180.14625549316406
3495, 180.1512451171875
3496, 180.15625
3497, 180.1612548828125
3498, 180.16624450683594
3499, 180.17124938964844
3500, 180.17625427246094
3501, 180.18124389648438
3502, 180.18624877929688
3503, 180.19125366210938
3504, 180.19625854492188
3505, 180.2012481689453
3506, 180.2062530517578
3507, 180.2112579345703
3508, 180.21624755859375
3509, 180.22125244140625
3510, 180.22625732421875
3511, 180.2312469482422
3512, 180.2362518310547
3513, 180.2412567138672
3514, 180.24624633789062
3515, 180.25125122070312
3516, 180.25625610351562
3517, 180.26124572753906
3518, 180.26625061035156
3519, 180.27125549316406
3520, 180.2762451171875
3521, 180.28125
3522, 180.2862548828125
3523, 180.29124450683594
3524, 180.29624938964844
3525, 180.30125427246094
3526, 180.30624389648438
3527, 180.31124877929688
3528, 180.31625366210938
3529, 180.32125854492188
3530, 180.3262481689453
3531, 180.3312530517578
3532, 180.3362579345703
3533, 180.34124755859375
3534, 180.34625244140625
3535, 180.35125732421875
3536, 180.3562469482422
3537, 180.3612518310547
3538, 180.3662567138672
3539, 180.37124633789062
3540, 180.37625122070312
3541, 180.38125610351562
3542, 180.38624572753906
3543, 180.39125061035156
3544, 180.39625549316406
3545, 180.4012451171875
3546, 180.40625
3547, 180.4112548828125
3548, 180.41624450683594
3549, 180.42124938964844
3550, 180.42625427246094
3551, 180.43124389648438
3552, 180.43624877929688
3553, 180.44125366210938
3554, 180.44625854492188
3555, 180.4512481689453
3556, 180.4562530517578
3557, 180.4612579345703
3558, 180.46624755859375
3559, 180.47125244140625
3560, 180.47625732421875
3561, 180.4812469482422
3562, 180.4862518310547
3563, 180.4912567138672
3564, 180.49624633789062
3565, 180.50125122070312
3566, 180.50625610351562
3567, 180.51124572753906
3568, 180.51625061035156
3569, 180.52125549316406
3570, 180.5262451171875
3571, 180.53125
3572, 180.5362548828125
3573, 180.54124450683594
3574, 180.54624938964844
3575, 180.55125427246094
3576, 180.55624389648438
3577, 180.56124877929688
3578, 180.56625366210938
3579, 180.57125854492188
3580, 180.5762481689453
3581, 180.5812530517578
3582, 180.5862579345703
3583, 180.59124755859375
3584, 180.59625244140625
3585, 180.60125732421875
3586, 180.6062469482422
3587, 180.6112518310547
3588, 180.6162567138672
3589, 180.62124633789062
3590, 180.62625122070312
3591, 180.63125610351562
3592, 180.63624572753906
3593, 180.64125061035156
3594, 180.64625549316406
3595, 180.6512451171875
3596, 180.65625
3597, 180.6612548828125
3598, 180.66624450683594
3599, 180.67124938964844
3600, 180.67625427246094
3601, 180.68124389648438
3602, 180.68624877929688
3603, 180.69125366210938
3604, 180.69625854492188
3605, 180.7012481689453
3606, 180.7062530517578
3607, 180.7112579345703
3608, 180.71624755859375
3609, 180.72125244140625
3610, 180.72625732421875
3611, 180.7312469482422
3612, 180.7362518310547
3613, 180.7412567138672
3614, 180.74624633789062
3615, 180.75125122070312
3616, 180.75625610351562
3617, 180.76124572753906
3618, 180.76625061035156
3619, 180.77125549316406
3620, 180.7762451171875
3621, 180.78125
3622, 180.7862548828125
3623, 180.79124450683594
3624, 180.79624938964844
3625, 180.80125427246094
3626, 180.80624389648438
3627, 180.81124877929688
3628, 180.81625366210938
3629, 180.82125854492188
3630, 180.8262481689453
3631, 180.8312530517578
3632, 180.8362579345703
3633, 180.84124755859375
3634, 180.84625244140625
3635, 180.85125732421875
3636, 180.8562469482422
3637, 180.8612518310547
3638, 180.8662567138672
3639, 180.87124633789062
3640, 180.87625122070312
3641, 180.88125610351562
3642, 180.88624572753906
3643, 180.89125061035156
3644, 180.89625549316406
3645, 180.9012451171875
3646, 180.90625
3647, 180.9112548828125
3648, 180.91624450683594
3649, 180.92124938964844
3650, 180.92625427246094
3651, 180.93124389648438
3652, 180.93624877929688
3653, 180.94125366210938
3654, 180.94625854492188
3655, 180.9512481689453
3656, 180.9562530517578
3657, 180.9612579345703
3658, 180.96624755859375
3659, 180.97125244140625
3660, 180.97625732421875
3661, 180.9812469482422
3662, 180.9862518310547
3663, 180.9912567138672
3664, 180.99624633789062
3665, 181.00125122070312
3666, 181.00625610351562
3667, 181.01124572753906
3668, 181.01625061035156
3669, 181.02125549316406
3670, 181.0262451171875
3671, 181.03125
3672, 181.0362548828125
3673, 181.04124450683594
3674, 181.04624938964844
3675, 181.05125427246094
3676, 181.05624389648438
3677, 181.06124877929688
3678, 181.06625366210938
3679, 181.07125854492188
3680, 181.0762481689453
3681, 181.0812530517578
3682, 181.0862579345703
3683, 181.09124755859375
3684, 181.09625244140625
3685, 181.10125732421875
3686, 181.1062469482422
3687, 181.1112518310547
3688, 181.1162567138672
3689, 181.12124633789062
3690, 181.12625122070312
3691, 181.13125610351562
3692, 181.13624572753906
3693, 181.14125061035156
3694, 181.14625549316406
3695, 181.1512451171875
3696, 181.15625
3697, 181.1612548828125
3698, 181.16624450683594
3699, 181.17124938964844
3700, 181.17625427246094
3701, 181.18124389648438
3702, 181.18624877929688
3703, 181.19125366210938
3704, 181.19625854492188
3705, 181.2012481689453
3706, 181.2062530517578
3707, 181.2112579345703
3708, 181.21624755859375
3709, 181.22125244140625
3710, 181.22625732421875
3711, 181.2312469482422
3712, 181.2362518310547
3713, 181.2412567138672
3714, 181.24624633789062
3715, 181.25125122070312
3716, 181.25625610351562
3717, 181.26124572753906
3718, 181.26625061035156
3719, 181.27125549316406
3720, 181.2762451171875
3721, 181.28125
3722, 181.2862548828125
3723, 181.29124450683594
3724, 181.29624938964844
3725, 181.30125427246094
3726, 181.30624389648438
3727, 181.31124877929688
3728, 181.31625366210938
3729, 181.32125854492188
3730, 181.3262481689453
3731, 181.3312530517578
3732, 181.3362579345703
3733, 181.34124755859375
3734, 181.34625244140625
3735, 181.35125732421875
3736, 181.3562469482422
3737, 181.3612518310547
3738, 181.3662567138672
3739, 181.37124633789062
3740, 181.37625122070312
3741, 181.38125610351562
3742, 181.38624572753906
3743, 181.39125061035156
3744, 181.39625549316406
3745, 181.4012451171875
3746, 181.40625
3747, 181.4112548828125
3748, 181.41624450683594
3749, 181.42124938964844
3750, 181.42625427246094
3751, 181.43124389648438
3752, 181.43624877929688
3753, 181.44125366210938
3754, 181.44625854492188
3755, 181.4512481689453
3756, 181.4562530517578
3757, 181.4612579345703
3758, 181.46624755859375
3759, 181.47125244140625
3760, 181.47625732421875
3761, 181.4812469482422
3762, 181.4862518310547
3763, 181.4912567138672
3764, 181.49624633789062
3765, 181.50125122070312
3766, 181.50625610351562
3767, 181.51124572753906
3768, 181.51625061035156
3769, 181.52125549316406
3770, 181.5262451171875
3771, 181.53125
3772, 181.5362548828125
3773, 181.54124450683594
3774, 181.54624938964844
3775, 181.55125427246094
3776, 181.55624389648438
3777, 181.56124877929688
3778, 181.56625366210938
3779, 181.57125854492188
3780, 181.5762481689453
3781, 181.5812530517578
3782, 181.5862579345703
3783, 181.59124755859375
3784, 181.59625244140625
3785, 181.60125732421875
3786, 181.6062469482422
3787, 181.6112518310547
3788, 181.6162567138672
3789, 181.62124633789062
3790, 181.62625122070312
3791, 181.63125610351562
3792, 181.63624572753906
3793, 181.64125061035156
3794, 181.64625549316406
3795, 181.6512451171875
3796, 181.65625
3797, 181.6612548828125
3798, 181.66624450683594
3799, 181.67124938964844
3800, 181.67625427246094
3801, 181.68124389648438
3802, 181.68624877929688
3803, 181.69125366210938
3804, 181.69625854492188
3805, 181.7012481689453
3806, 181.7062530517578
3807, 181.7112579345703
3808, 181.71624755859375
3809, 181.72125244140625
3810, 181.72625732421875
3811, 181.7312469482422
3812, 181.7362518310547
3813, 181.7412567138672
3814, 181.74624633789062
3815, 181.75125122070312
3816, 181.75625610351562
3817, 181.76124572753906
3818, 181.76625061035156
3819, 181.77125549316406
3820, 181.7762451171875
3821, 181.78125
3822, 181.7862548828125
3823, 181.79124450683594
3824, 181.79624938964844
3825, 181.80125427246094
3826, 181.80624389648438
3827, 181.81124877929688
3828, 181.81625366210938
3829, 181.82125854492188
3830, 181.8262481689453
3831, 181.8312530517578
3832, 181.8362579345703
3833, 181.84124755859375
3834, 181.84625244140625
3835, 181.85125732421875
3836, 181.8562469482422
3837, 181.8612518310547
3838, 181.8662567138672
3839, 181.87124633789062
3840, 181.87625122070312
3841, 181.88125610351562
3842, 181.88624572753906
3843, 181.89125061035156
3844, 181.89625549316406
3845, 181.9012451171875
3846, 181.90625
3847, 181.9112548828125
3848, 181.91624450683594
3849, 181.92124938964844
3850, 181.92625427246094
3851, 181.93124389648438
3852, 181.93624877929688
3853, 181.94125366210938
3854, 181.94625854492188
3855, 181.9512481689453
3856, 181.9562530517578
3857, 181.9612579345703
3858, 181.96624755859375
3859, 181.97125244140625
3860, 181.97625732421875
3861, 181.9812469482422
3862, 181.9862518310547
3863, 181.9912567138672
3864, 181.99624633789062
3865, 182.00125122070312
3866, 182.00625610351562
3867, 182.01124572753906
3868, 182.01625061035156
3869, 182.02125549316406
3870, 182.0262451171875
3871, 182.03125
3872, 182.0362548828125
3873, 182.04124450683594
3874, 182.04624938964844
3875, 182.05125427246094
3876, 182.05624389648438
3877, 182.06124877929688
3878, 182.06625366210938
3879, 182.07125854492188
3880, 182.0762481689453
3881, 182.0812530517578
3882, 182.0862579345703
3883, 182.09124755859375
3884, 182.09625244140625
3885, 182.10125732421875
3886, 182.1062469482422
3887, 182.1112518310547
3888, 182.1162567138672
3889, 182.12124633789062
3890, 182.12625122070312
3891, 182.13125610351562
3892, 182.13624572753906
3893, 182.14125061035156
3894, 182.14625549316406
3895, 182.1512451171875
3896, 182.15625
3897, 182.1612548828125
3898, 182.16624450683594
3899, 182.17124938964844
3900, 182.17625427246094
3901, 182.18124389648438
3902, 182.18624877929688
3903, 182.19125366210938
3904, 182.19625854492188
3905, 182.2012481689453
3906, 182.2062530517578
3907, 182.2112579345703
3908, 182.21624755859375
3909, 182.22125244140625
3910, 182.22625732421875
3911, 182.2312469482422
3912, 182.2362518310547
3913, 182.2412567138672
3914, 182.24624633789062
3915, 182.25125122070312
3916, 182.25625610351562
3917, 182.26124572753906
3918, 182.26625061035156
3919, 182.27125549316406
3920, 182.2762451171875
3921, 182.28125
3922, 182.2862548828125
3923, 182.29124450683594
3924, 182.29624938964844
3925, 182.30125427246094
3926, 182.30624389648438
3927, 182.31124877929688
3928, 182.31625366210938
3929, 182.32125854492188
3930, 182.3262481689453
3931, 182.3312530517578
3932, 182.3362579345703
3933, 182.34124755859375
3934, 182.34625244140625
3935, 182.35125732421875
3936, 182.3562469482422
3937, 182.3612518310547
3938, 182.3662567138672
3939, 182.37124633789062
3940, 182.37625122070312
3941, 182.38125610351562
3942, 182.38624572753906
3943, 182.39125061035156
3944, 182.39625549316406
3945, 182.4012451171875
3946, 182.40625
3947, 182.4112548828125
3948, 182.41624450683594
3949, 182.42124938964844
3950, 182.42625427246094
3951, 182.43124389648438
3952, 182.43624877929688
3953, 182.44125366210938
3954, 182.44625854492188
3955, 182.4512481689453
3956, 182.4562530517578
3957, 182.4612579345703
3958, 182.46624755859375
3959, 182.47125244140625
3960, 182.47625732421875
3961, 182.4812469482422
3962, 182.4862518310547
3963, 182.4912567138672
3964, 182.49624633789062
3965, 182.50125122070312
3966, 182.50625610351562
3967, 182.51124572753906
3968, 182.51625061035156
3969, 182.52125549316406
3970, 182.5262451171875
3971, 182.53125
3972, 182.5362548828125
3973, 182.54124450683594
3974, 182.54624938964844
3975, 182.55125427246094
3976, 182.55624389648438
3977, 182.56124877929688
3978, 182.56625366210938
3979, 182.57125854492188
3980, 182.5762481689453
3981, 182.5812530517578
3982, 182.5862579345703
3983, 182.59124755859375
3984, 182.59625244140625
3985, 182.60125732421875
3986, 182.6062469482422
3987, 182.6112518310547
3988, 182.6162567138672
3989, 182.62124633789062
3990, 182.62625122070312
3991, 182.63125610351562
3992, 182.63624572753906
3993, 182.64125061035156
3994, 182.64625549316406
3995, 182.6512451171875
3996, 182.65625
3997, 182.6612548828125
3998, 182.66624450683594
3999, 182.67124938964844
4000, 182.67625427246094
4001, 182.68124389648438
4002, 182.68624877929688
4003, 182.69125366210938
4004, 182.69625854492188
4005, 182.7012481689453
4006, 182.7062530517578
4007, 182.7112579345703
4008, 182.71624755859375
4009, 182.72125244140625
4010, 182.72625732421875
4011, 182.7312469482422
4012, 182.7362518310547
4013, 182.7412567138672
4014, 182.74624633789062
4015, 182.75125122070312
4016, 182.75625610351562
4017, 182.76124572753906
4018, 182.76625061035156
4019, 182.77125549316406
4020, 182.7762451171875
4021, 182.78125
4022, 182.7862548828125
4023, 182.79124450683594
4024, 182.79624938964844
4025, 182.80125427246094
4026, 182.80624389648438
4027, 182.81124877929688
4028, 182.81625366210938
4029, 182.82125854492188
4030, 182.8262481689453
4031, 182.8312530517578
4032, 182.8362579345703
4033, 182.84124755859375
4034, 182.84625244140625
4035, 182.85125732421875
4036, 182.8562469482422
4037, 182.8612518310547
4038, 182.8662567138672
4039, 182.87124633789062
4040, 182.87625122070312
4041, 182.88125610351562
4042, 182.88624572753906
4043, 182.89125061035156
4044, 182.89625549316406
4045, 182.9012451171875
4046, 182.90625
4047, 182.9112548828125
4048, 182.91624450683594
4049, 182.92124938964844
4050, 182.92625427246094
4051, 182.93124389648438
4052, 182.93624877929688
4053, 182.94125366210938
4054, 182.94625854492188
4055, 182.9512481689453
4056, 182.9562530517578
4057, 182.9612579345703
4058, 182.96624755859375
4059, 182.97125244140625
4060, 182.97625732421875
4061, 182.9812469482422
4062, 182.9862518310547
4063, 182.9912567138672
4064, 182.99624633789062
4065, 183.00125122070312
4066, 183.00625610351562
4067, 183.01124572753906
4068, 183.01625061035156
4069, 183.02125549316406
4070, 183.0262451171875
4071, 183.03125
4072, 183.0362548828125
4073, 183.04124450683594
4074, 183.04624938964844
4075, 183.05125427246094
4076, 183.05624389648438
4077, 183.06124877929688
4078, 183.06625366210938
4079, 183.07125854492188
4080, 183.0762481689453
4081, 183.0812530517578
4082, 183.0862579345703
4083, 183.09124755859375
4084, 183.09625244140625
4085, 183.10125732421875
4086, 183.1062469482422
4087, 183.1112518310547
4088, 183.1162567138672
4089, 183.12124633789062
4090, 183.12625122070312
4091, 183.13125610351562
4092, 183.13624572753906
4093, 183.14125061035156
4094, 183.14625549316406
4095, 183.1512451171875
4096, 183.15625
4097, 183.1612548828125
4098, 183.16624450683594
4099, 183.17124938964844
4100, 183.17625427246094
4101, 183.18124389648438
4102, 183.18624877929688
4103, 183.19125366210938
4104, 183.19625854492188
4105, 183.2012481689453
4106, 183.2062530517578
4107, 183.2112579345703
4108, 183.21624755859375
4109, 183.22125244140625
4110, 183.22625732421875
4111, 183.2312469482422
4112, 183.2362518310547
4113, 183.2412567138672
4114, 183.24624633789062
4115, 183.25125122070312
4116, 183.25625610351562
4117, 183.26124572753906
4118, 183.26625061035156
4119, 183.27125549316406
4120, 183.2762451171875
4121, 183.28125
4122, 183.2862548828125
4123, 183.29124450683594
4124, 183.29624938964844
4125, 183.30125427246094
4126, 183.30624389648438
4127, 183.31124877929688
4128, 183.31625366210938
4129, 183.32125854492188
4130, 183.3262481689453
4131, 183.3312530517578
4132, 183.3362579345703
4133, 183.34124755859375
4134, 183.34625244140625
4135, 183.35125732421875
4136, 183.3562469482422
4137, 183.3612518310547
4138, 183.3662567138672
4139, 183.37124633789062
4140, 183.37625122070312
4141, 183.38125610351562
4142, 183.38624572753906
4143, 183.39125061035156
4144, 183.39625549316406
4145, 183.4012451171875
4146, 183.40625
4147, 183.4112548828125
4148, 183.41624450683594
4149, 183.42124938964844
4150, 183.42625427246094
4151, 183.43124389648438
4152, 183.43624877929688
4153, 183.44125366210938
4154, 183.44625854492188
4155, 183.4512481689453
4156, 183.4562530517578
4157, 183.4612579345703
4158, 183.46624755859375
4159, 183.47125244140625
4160, 183.47625732421875
4161, 183.4812469482422
4162, 183.4862518310547
4163, 183.4912567138672
4164, 183.49624633789062
4165, 183.50125122070312
4166, 183.50625610351562
4167, 183.51124572753906
4168, 183.51625061035156
4169, 183.52125549316406
4170, 183.5262451171875
4171, 183.53125
4172, 183.5362548828125
4173, 183.54124450683594
4174, 183.54624938964844
4175, 183.55125427246094
4176, 183.55624389648438
4177, 183.56124877929688
4178, 183.56625366210938
4179, 183.57125854492188
4180, 183.5762481689453
4181, 183.5812530517578
4182, 183.5862579345703
4183, 183.59124755859375
4184, 183.59625244140625
4185, 183.60125732421875
4186, 183.6062469482422
4187, 183.6112518310547
4188, 183.6162567138672
4189, 183.62124633789062
4190, 183.62625122070312
4191, 183.63125610351562
4192, 183.63624572753906
4193, 183.64125061035156
4194, 183.64625549316406
4195, 183.6512451171875
4196, 183.65625
4197, 183.6612548828125
4198, 183.66624450683594
4199, 183.67124938964844
4200, 183.67625427246094
4201, 183.68124389648438
4202, 183.68624877929688
4203, 183.69125366210938
4204, 183.69625854492188
4205, 183.7012481689453
4206, 183.7062530517578
4207, 183.7112579345703
4208, 183.71624755859375
4209, 183.72125244140625
4210, 183.72625732421875
4211, 183.7312469482422
4212, 183.7362518310547
4213, 183.7412567138672
4214, 183.74624633789062
4215, 183.75125122070312
4216, 183.75625610351562
4217, 183.76124572753906
4218, 183.76625061035156
4219, 183.77125549316406
4220, 183.7762451171875
4221, 183.78125
4222, 183.7862548828125
4223, 183.79124450683594
4224, 183.79624938964844
4225, 183.80125427246094
4226, 183.80624389648438
4227, 183.81124877929688
4228, 183.81625366210938
4229, 183.82125854492188
4230, 183.8262481689453
4231, 183.8312530517578
4232, 183.8362579345703
4233, 183.84124755859375
4234, 183.84625244140625
4235, 183.85125732421875
4236, 183.8562469482422
4237, 183.8612518310547
4238, 183.8662567138672
4239, 183.87124633789062
4240, 183.87625122070312
4241, 183.88125610351562
4242, 183.88624572753906
4243, 183.89125061035156
4244, 183.89625549316406
4245, 183.9012451171875
4246, 183.90625
4247, 183.9112548828125
4248, 183.91624450683594
4249, 183.92124938964844
4250, 183.92625427246094
4251, 183.93124389648438
4252, 183.93624877929688
4253, 183.94125366210938
4254, 183.94625854492188
4255, 183.9512481689453
4256, 183.9562530517578
4257, 183.9612579345703
4258, 183.96624755859375
4259, 183.97125244140625
4260, 183.97625732421875
4261, 183.9812469482422
4262, 183.9862518310547
4263, 183.9912567138672
4264, 183.99624633789062
4265, 184.00125122070312
4266, 184.00625610351562
4267, 184.01124572753906
4268, 184.01625061035156
4269, 184.02125549316406
4270, 184.0262451171875
4271, 184.03125
4272, 184.0362548828125
4273, 184.04124450683594
4274, 184.04624938964844
4275, 184.05125427246094
4276, 184.05624389648438
4277, 184.06124877929688
4278, 184.06625366210938
4279, 184.07125854492188
4280, 184.0762481689453
4281, 184.0812530517578
4282, 184.0862579345703
4283, 184.09124755859375
4284, 184.09625244140625
4285, 184.10125732421875
4286, 184.1062469482422
4287, 184.1112518310547
4288, 184.1162567138672
4289, 184.12124633789062
4290, 184.12625122070312
4291, 184.13125610351562
4292, 184.13624572753906
4293, 184.14125061035156
4294, 184.14625549316406
4295, 184.1512451171875
4296, 184.15625
4297, 184.1612548828125
4298, 184.16624450683594
4299, 184.17124938964844
4300, 184.17625427246094
4301, 184.18124389648438
4302, 184.18624877929688
4303, 184.19125366210938
4304, 184.19625854492188
4305, 184.2012481689453
4306, 184.2062530517578
4307, 184.2112579345703
4308, 184.21624755859375
4309, 184.22125244140625
4310, 184.22625732421875
4311, 184.2312469482422
4312, 184.2362518310547
4313, 184.2412567138672
4314, 184.24624633789062
4315, 184.25125122070312
4316, 184.25625610351562
4317, 184.26124572753906
4318, 184.26625061035156
4319, 184.27125549316406
4320, 184.2762451171875
4321, 184.28125
4322, 184.2862548828125
4323, 184.29124450683594
4324, 184.29624938964844
4325, 184.30125427246094
4326, 184.30624389648438
4327, 184.31124877929688
4328, 184.31625366210938
4329, 184.32125854492188
4330, 184.3262481689453
4331, 184.3312530517578
4332, 184.3362579345703
4333, 184.34124755859375
4334, 184.34625244140625
4335, 184.35125732421875
4336, 184.3562469482422
4337, 184.3612518310547
4338, 184.3662567138672
4339, 184.37124633789062
4340, 184.37625122070312
4341, 184.38125610351562
4342, 184.38624572753906
4343, 184.39125061035156
4344, 184.39625549316406
4345, 184.4012451171875
4346, 184.40625
4347, 184.4112548828125
4348, 184.41624450683594
4349, 184.42124938964844
4350, 184.42625427246094
4351, 184.43124389648438
4352, 184.43624877929688
4353, 184.44125366210938
4354, 184.44625854492188
4355, 184.4512481689453
4356, 184.4562530517578
4357, 184.4612579345703
4358, 184.46624755859375
4359, 184.47125244140625
4360, 184.47625732421875
4361, 184.4812469482422
4362, 184.4862518310547
4363, 184.4912567138672
4364, 184.49624633789062
4365, 184.50125122070312
4366, 184.50625610351562
4367, 184.51124572753906
4368, 184.51625061035156
4369, 184.52125549316406
4370, 184.5262451171875
4371, 184.53125
4372, 184.5362548828125
4373, 184.54124450683594
4374, 184.54624938964844
4375, 184.55125427246094
4376, 184.55624389648438
4377, 184.56124877929688
4378, 184.56625366210938
4379, 184.57125854492188
4380, 184.5762481689453
4381, 184.5812530517578
4382, 184.5862579345703
4383, 184.59124755859375
4384, 184.59625244140625
4385, 184.60125732421875
4386, 184.6062469482422
4387, 184.6112518310547
4388, 184.6162567138672
4389, 184.62124633789062
4390, 184.62625122070312
4391, 184.63125610351562
4392, 184.63624572753906
4393, 184.64125061035156
4394, 184.64625549316406
4395, 184.6512451171875
4396, 184.65625
4397, 184.6612548828125
4398, 184.66624450683594
4399, 184.67124938964844
4400, 184.67625427246094
4401, 184.68124389648438
4402, 184.68624877929688
4403, 184.69125366210938
4404, 184.69625854492188
4405, 184.7012481689453
4406, 184.7062530517578
4407, 184.7112579345703
4408, 184.71624755859375
4409, 184.72125244140625
4410, 184.72625732421875
4411, 184.7312469482422
4412, 184.7362518310547
4413, 184.7412567138672
4414, 184.74624633789062
4415, 184.75125122070312
4416, 184.75625610351562
4417, 184.76124572753906
4418, 184.76625061035156
4419, 184.77125549316406
4420, 184.7762451171875
4421, 184.78125
4422, 184.7862548828125
4423, 184.79124450683594
4424, 184.79624938964844
4425, 184.80125427246094
4426, 184.80624389648438
4427, 184.81124877929688
4428, 184.81625366210938
4429, 184.82125854492188
4430, 184.8262481689453
4431, 184.8312530517578
4432, 184.8362579345703
4433, 184.84124755859375
4434, 184.84625244140625
4435, 184.85125732421875
4436, 184.8562469482422
4437, 184.8612518310547
4438, 184.8662567138672
4439, 184.87124633789062
4440, 184.87625122070312
4441, 184.88125610351562
4442, 184.88624572753906
4443, 184.89125061035156
4444, 184.89625549316406
4445, 184.9012451171875
4446, 184.90625
4447, 184.9112548828125
4448, 184.91624450683594
4449, 184.92124938964844
4450, 184.92625427246094
4451, 184.93124389648438
4452, 184.93624877929688
4453, 184.94125366210938
4454, 184.94625854492188
4455, 184.9512481689453
4456, 184.9562530517578
4457, 184.9612579345703
4458, 184.96624755859375
4459, 184.97125244140625
4460, 184.97625732421875
4461, 184.9812469482422
4462, 184.9862518310547
4463, 184.9912567138672
4464, 184.99624633789062
4465, 185.00125122070312
4466, 185.00625610351562
4467, 185.01124572753906
4468, 185.01625061035156
4469, 185.02125549316406
4470, 185.0262451171875
4471, 185.03125
4472, 185.0362548828125
4473, 185.04124450683594
4474, 185.04624938964844
4475, 185.05125427246094
4476, 185.05624389648438
4477, 185.06124877929688
4478, 185.06625366210938
4479, 185.07125854492188
4480, 185.0762481689453
4481, 185.0812530517578
4482, 185.0862579345703
4483, 185.09124755859375
4484, 185.09625244140625
4485, 185.10125732421875
4486, 185.1062469482422
4487, 185.1112518310547
4488, 185.1162567138672
4489, 185.12124633789062
4490, 185.12625122070312
4491, 185.13125610351562
4492, 185.13624572753906
4493, 185.14125061035156
4494, 185.14625549316406
4495, 185.1512451171875
4496, 185.15625
4497, 185.1612548828125
4498, 185.16624450683594
4499, 185.17124938964844
4500, 185.17625427246094
4501, 185.18124389648438
4502, 185.18624877929688
4503, 185.19125366210938
4504, 185.19625854492188
4505, 185.2012481689453
4506, 185.2062530517578
4507, 185.2112579345703
4508, 185.21624755859375
4509, 185.22125244140625
4510, 185.22625732421875
4511, 185.2312469482422
4512, 185.2362518310547
4513, 185.2412567138672
4514, 185.24624633789062
4515, 185.25125122070312
4516, 185.25625610351562
4517, 185.26124572753906
4518, 185.26625061035156
4519, 185.27125549316406
4520, 185.2762451171875
4521, 185.28125
4522, 185.2862548828125
4523, 185.29124450683594
4524, 185.29624938964844
4525, 185.30125427246094
4526, 185.30624389648438
4527, 185.31124877929688
4528, 185.31625366210938
4529, 185.32125854492188
4530, 185.3262481689453
4531, 185.3312530517578
4532, 185.3362579345703
4533, 185.34124755859375
4534, 185.34625244140625
4535, 185.35125732421875
4536, 185.3562469482422
4537, 185.3612518310547
4538, 185.3662567138672
4539, 185.37124633789062
4540, 185.37625122070312
4541, 185.38125610351562
4542, 185.38624572753906
4543, 185.39125061035156
4544, 185.39625549316406
4545, 185.4012451171875
4546, 185.40625
4547, 185.4112548828125
4548, 185.41624450683594
4549, 185.42124938964844
4550, 185.42625427246094
4551, 185.43124389648438
4552, 185.43624877929688
4553, 185.44125366210938
4554, 185.44625854492188
4555, 185.4512481689453
4556, 185.4562530517578
4557, 185.4612579345703
4558, 185.46624755859375
4559, 185.47125244140625
4560, 185.47625732421875
4561, 185.4812469482422
4562, 185.4862518310547
4563, 185.4912567138672
4564, 185.49624633789062
4565, 185.50125122070312
4566, 185.50625610351562
4567, 185.51124572753906
4568, 185.51625061035156
4569, 185.52125549316406
4570, 185.5262451171875
4571, 185.53125
4572, 185.5362548828125
4573, 185.54124450683594
4574, 185.54624938964844
4575, 185.55125427246094
4576, 185.55624389648438
4577, 185.56124877929688
4578, 185.56625366210938
4579, 185.57125854492188
4580, 185.5762481689453
4581, 185.5812530517578
4582, 185.5862579345703
4583, 185.59124755859375
4584, 185.59625244140625
4585, 185.60125732421875
4586, 185.6062469482422
4587, 185.6112518310547
4588, 185.6162567138672
4589, 185.62124633789062
4590, 185.62625122070312
4591, 185.63125610351562
4592, 185.63624572753906
4593, 185.64125061035156
4594, 185.64625549316406
4595, 185.6512451171875
4596, 185.65625
4597, 185.6612548828125
4598, 185.66624450683594
4599, 185.67124938964844
4600, 185.67625427246094
4601, 185.68124389648438
4602, 185.68624877929688
4603, 185.69125366210938
4604, 185.69625854492188
4605, 185.7012481689453
4606, 185.7062530517578
4607, 185.7112579345703
4608, 185.71624755859375
4609, 185.72125244140625
4610, 185.72625732421875
4611, 185.7312469482422
4612, 185.7362518310547
4613, 185.7412567138672
4614, 185.74624633789062
4615, 185.75125122070312
4616, 185.75625610351562
4617, 185.76124572753906
4618, 185.76625061035156
4619, 185.77125549316406
4620, 185.7762451171875
4621, 185.78125
4622, 185.7862548828125
4623, 185.79124450683594
4624, 185.79624938964844
4625, 185.80125427246094
4626, 185.80624389648438
4627, 185.81124877929688
4628, 185.81625366210938
4629, 185.82125854492188
4630, 185.8262481689453
4631, 185.8312530517578
4632, 185.8362579345703
4633, 185.84124755859375
4634, 185.84625244140625
4635, 185.85125732421875
4636, 185.8562469482422
4637, 185.8612518310547
4638, 185.8662567138672
4639, 185.87124633789062
4640, 185.87625122070312
4641, 185.88125610351562
4642, 185.88624572753906
4643, 185.89125061035156
4644, 185.89625549316406
4645, 185.9012451171875
4646, 185.90625
4647, 185.9112548828125
4648, 185.91624450683594
4649, 185.92124938964844
4650, 185.92625427246094
4651, 185.93124389648438
4652, 185.93624877929688
4653, 185.94125366210938
4654, 185.94625854492188
4655, 185.9512481689453
4656, 185.9562530517578
4657, 185.9612579345703
4658, 185.96624755859375
4659, 185.97125244140625
4660, 185.97625732421875
4661, 185.9812469482422
4662, 185.9862518310547
4663, 185.9912567138672
4664, 185.99624633789062
4665, 186.00125122070312
4666, 186.00625610351562
4667, 186.01124572753906
4668, 186.01625061035156
4669, 186.02125549316406
4670, 186.0262451171875
4671, 186.03125
4672, 186.0362548828125
4673, 186.04124450683594
4674, 186.04624938964844
4675, 186.05125427246094
4676, 186.05624389648438
4677, 186.06124877929688
4678, 186.06625366210938
4679, 186.07125854492188
4680, 186.0762481689453
4681, 186.0812530517578
4682, 186.0862579345703
4683, 186.09124755859375
4684, 186.09625244140625
4685, 186.10125732421875
4686, 186.1062469482422
4687, 186.1112518310547
4688, 186.1162567138672
4689, 186.12124633789062
4690, 186.12625122070312
4691, 186.13125610351562
4692, 186.13624572753906
4693, 186.14125061035156
4694, 186.14625549316406
4695, 186.1512451171875
4696, 186.15625
4697, 186.1612548828125
4698, 186.16624450683594
4699, 186.17124938964844
4700, 186.17625427246094
4701, 186.18124389648438
4702, 186.18624877929688
4703, 186.19125366210938
4704, 186.19625854492188
4705, 186.2012481689453
4706, 186.2062530517578
4707, 186.2112579345703
4708, 186.21624755859375
4709, 186.22125244140625
4710, 186.22625732421875
4711, 186.2312469482422
4712, 186.2362518310547
4713, 186.2412567138672
4714, 186.24624633789062
4715, 186.25125122070312
4716, 186.25625610351562
4717, 186.26124572753906
4718, 186.26625061035156
4719, 186.27125549316406
4720, 186.2762451171875
4721, 186.28125
4722, 186.2862548828125
4723, 186.29124450683594
4724, 186.29624938964844
4725, 186.30125427246094
4726, 186.30624389648438
4727, 186.31124877929688
4728, 186.31625366210938
4729, 186.32125854492188
4730, 186.3262481689453
4731, 186.3312530517578
4732, 186.3362579345703
4733, 186.34124755859375
4734, 186.34625244140625
4735, 186.35125732421875
4736, 186.3562469482422
4737, 186.3612518310547
4738, 186.3662567138672
4739, 186.37124633789062
4740, 186.37625122070312
4741, 186.38125610351562
4742, 186.38624572753906
4743, 186.39125061035156
4744, 186.39625549316406
4745, 186.4012451171875
4746, 186.40625
4747, 186.4112548828125
4748, 186.41624450683594
4749, 186.42124938964844
4750, 186.42625427246094
4751, 186.43124389648438
4752, 186.43624877929688
4753, 186.44125366210938
4754, 186.44625854492188
4755, 186.4512481689453
4756, 186.4562530517578
4757, 186.4612579345703
4758, 186.46624755859375
4759, 186.47125244140625
4760, 186.47625732421875
4761, 186.4812469482422
4762, 186.4862518310547
4763, 186.4912567138672
4764, 186.49624633789062
4765, 186.50125122070312
4766, 186.50625610351562
4767, 186.51124572753906
4768, 186.51625061035156
4769, 186.52125549316406
4770, 186.5262451171875
4771, 186.53125
4772, 186.5362548828125
4773, 186.54124450683594
4774, 186.54624938964844
4775, 186.55125427246094
4776, 186.55624389648438
4777, 186.56124877929688
4778, 186.56625366210938
4779, 186.57125854492188
4780, 186.5762481689453
4781, 186.5812530517578
4782, 186.5862579345703
4783, 186.59124755859375
4784, 186.59625244140625
4785, 186.60125732421875
4786, 186.6062469482422
4787, 186.6112518310547
4788, 186.6162567138672
4789, 186.62124633789062
4790, 186.62625122070312
4791, 186.63125610351562
4792, 186.63624572753906
4793, 186.64125061035156
4794, 186.64625549316406
4795, 186.6512451171875
4796, 186.65625
4797, 186.6612548828125
4798, 186.66624450683594
4799, 186.67124938964844
4800, 186.67625427246094
4801, 186.68124389648438
4802, 186.68624877929688
4803, 186.69125366210938
4804, 186.69625854492188
4805, 186.7012481689453
4806, 186.7062530517578
4807, 186.7112579345703
4808, 186.71624755859375
4809, 186.72125244140625
4810, 186.72625732421875
4811, 186.7312469482422
4812, 186.7362518310547
4813, 186.7412567138672
4814, 186.74624633789062
4815, 186.75125122070312
4816, 186.75625610351562
4817, 186.76124572753906
4818, 186.76625061035156
4819, 186.77125549316406
4820, 186.7762451171875
4821, 186.78125
4822, 186.7862548828125
4823, 186.79124450683594
4824, 186.79624938964844
4825, 186.80125427246094
4826, 186.80624389648438
4827, 186.81124877929688
4828, 186.81625366210938
4829, 186.82125854492188
4830, 186.8262481689453
4831, 186.8312530517578
4832, 186.8362579345703
4833, 186.84124755859375
4834, 186.84625244140625
4835, 186.85125732421875
4836, 186.8562469482422
4837, 186.8612518310547
4838, 186.8662567138672
4839, 186.87124633789062
4840, 186.87625122070312
4841, 186.88125610351562
4842, 186.88624572753906
4843, 186.89125061035156
4844, 186.89625549316406
4845, 186.9012451171875
4846, 186.90625
4847, 186.9112548828125
4848, 186.91624450683594
4849, 186.92124938964844
4850, 186.92625427246094
4851, 186.93124389648438
4852, 186.93624877929688
4853, 186.94125366210938
4854, 186.94625854492188
4855, 186.9512481689453
4856, 186.9562530517578
4857, 186.9612579345703
4858, 186.96624755859375
4859, 186.97125244140625
4860, 186.97625732421875
4861, 186.9812469482422
4862, 186.9862518310547
4863, 186.9912567138672
4864, 186.99624633789062
4865, 187.00125122070312
4866, 187.00625610351562
4867, 187.01124572753906
4868, 187.01625061035156
4869, 187.02125549316406
4870, 187.0262451171875
4871, 187.03125
4872, 187.0362548828125
4873, 187.04124450683594
4874, 187.04624938964844
4875, 187.05125427246094
4876, 187.05624389648438
4877, 187.06124877929688
4878, 187.06625366210938
4879, 187.07125854492188
4880, 187.0762481689453
4881, 187.0812530517578
4882, 187.0862579345703
4883, 187.09124755859375
4884, 187.09625244140625
4885, 187.10125732421875
4886, 187.1062469482422
4887, 187.1112518310547
4888, 187.1162567138672
4889, 187.12124633789062
4890, 187.12625122070312
4891, 187.13125610351562
4892, 187.13624572753906
4893, 187.14125061035156
4894, 187.14625549316406
4895, 187.1512451171875
4896, 187.15625
4897, 187.1612548828125
4898, 187.16624450683594
4899, 187.17124938964844
4900, 187.17625427246094
4901, 187.18124389648438
4902, 187.18624877929688
4903, 187.19125366210938
4904, 187.19625854492188
4905, 187.2012481689453
4906, 187.2062530517578
4907, 187.2112579345703
4908, 187.21624755859375
4909, 187.22125244140625
4910, 187.22625732421875
4911, 187.2312469482422
4912, 187.2362518310547
4913, 187.2412567138672
4914, 187.24624633789062
4915, 187.25125122070312
4916, 187.25625610351562
4917, 187.26124572753906
4918, 187.26625061035156
4919, 187.27125549316406
4920, 187.2762451171875
4921, 187.28125
4922, 187.2862548828125
4923, 187.29124450683594
4924, 187.29624938964844
4925, 187.30125427246094
4926, 187.30624389648438
4927, 187.31124877929688
4928, 187.31625366210938
4929, 187.32125854492188
4930, 187.3262481689453
4931, 187.3312530517578
4932, 187.3362579345703
4933, 187.34124755859375
4934, 187.34625244140625
4935, 187.35125732421875
4936, 187.3562469482422
4937, 187.3612518310547
4938, 187.3662567138672
4939, 187.37124633789062
4940, 187.37625122070312
4941, 187.38125610351562
4942, 187.38624572753906
4943, 187.39125061035156
4944, 187.39625549316406
4945, 187.4012451171875
4946, 187.40625
4947, 187.4112548828125
4948, 187.41624450683594
4949, 187.42124938964844
4950, 187.42625427246094
4951, 187.43124389648438
4952, 187.43624877929688
4953, 187.44125366210938
4954, 187.44625854492188
4955, 187.4512481689453
4956, 187.4562530517578
4957, 187.4612579345703
4958, 187.46624755859375
4959, 187.47125244140625
4960, 187.47625732421875
4961, 187.4812469482422
4962, 187.4862518310547
4963, 187.4912567138672
4964, 187.49624633789062
4965, 187.50125122070312
4966, 187.50625610351562
4967, 187.51124572753906
4968, 187.51625061035156
4969, 187.52125549316406
4970, 187.5262451171875
4971, 187.53125
4972, 187.5362548828125
4973, 187.54124450683594
4974, 187.54624938964844
4975, 187.55125427246094
4976, 187.55624389648438
4977, 187.56124877929688
4978, 187.56625366210938
4979, 187.57125854492188
4980, 187.5762481689453
4981, 187.5812530517578
4982, 187.5862579345703
4983, 187.59124755859375
4984, 187.59625244140625
4985, 187.60125732421875
4986, 187.6062469482422
4987, 187.6112518310547
4988, 187.6162567138672
4989, 187.62124633789062
4990, 187.62625122070312
4991, 187.63125610351562
4992, 187.63624572753906
4993, 187.64125061035156
4994, 187.64625549316406
4995, 187.6512451171875
4996, 187.65625
4997, 187.6612548828125
4998, 187.66624450683594
4999, 187.67124938964844
5000, 187.67625427246094
5001, 187.68124389648438
5002, 187.68624877929688
5003, 187.69125366210938
5004, 187.69625854492188
5005, 187.7012481689453
5006, 187.7062530517578
5007, 187.7112579345703
5008, 187.71624755859375
5009, 187.72125244140625
5010, 187.72625732421875
5011, 187.7312469482422
5012, 187.7362518310547
5013, 187.7412567138672
5014, 187.74624633789062
5015, 187.75125122070312
5016, 187.75625610351562
5017, 187.76124572753906
5018, 187.76625061035156
5019, 187.77125549316406
5020, 187.7762451171875
5021, 187.78125
5022, 187.7862548828125
5023, 187.79124450683594
5024, 187.79624938964844
5025, 187.80125427246094
5026, 187.80624389648438
5027, 187.81124877929688
5028, 187.81625366210938
5029, 187.82125854492188
5030, 187.8262481689453
5031, 187.8312530517578
5032, 187.8362579345703
5033, 187.84124755859375
5034, 187.84625244140625
5035, 187.85125732421875
5036, 187.8562469482422
5037, 187.8612518310547
5038, 187.8662567138672
5039, 187.87124633789062
5040, 187.87625122070312
5041, 187.88125610351562
5042, 187.88624572753906
5043, 187.89125061035156
5044, 187.89625549316406
5045, 187.9012451171875
5046, 187.90625
5047, 187.9112548828125
5048, 187.91624450683594
5049, 187.92124938964844
5050, 187.92625427246094
5051, 187.93124389648438
5052, 187.93624877929688
5053, 187.94125366210938
5054, 187.94625854492188
5055, 187.9512481689453
5056, 187.9562530517578
5057, 187.9612579345703
5058, 187.96624755859375
5059, 187.97125244140625
5060, 187.97625732421875
5061, 187.9812469482422
5062, 187.9862518310547
5063, 187.9912567138672
5064, 187.99624633789062
5065, 188.00125122070312
5066, 188.00625610351562
5067, 188.01124572753906
5068, 188.01625061035156
5069, 188.02125549316406
5070, 188.0262451171875
5071, 188.03125
5072, 188.0362548828125
5073, 188.04124450683594
5074, 188.04624938964844
5075, 188.05125427246094
5076, 188.05624389648438
5077, 188.06124877929688
5078, 188.06625366210938
5079, 188.07125854492188
5080, 188.0762481689453
5081, 188.0812530517578
5082, 188.0862579345703
5083, 188.09124755859375
5084, 188.09625244140625
5085, 188.10125732421875
5086, 188.1062469482422
5087, 188.1112518310547
5088, 188.1162567138672
5089, 188.12124633789062
5090, 188.12625122070312
5091, 188.13125610351562
5092, 188.13624572753906
5093, 188.14125061035156
5094, 188.14625549316406
5095, 188.1512451171875
5096, 188.15625
5097, 188.1612548828125
5098, 188.16624450683594
5099, 188.17124938964844
5100, 188.17625427246094
5101, 188.18124389648438
5102, 188.18624877929688
5103, 188.19125366210938
5104, 188.19625854492188
5105, 188.2012481689453
5106, 188.2062530517578
5107, 188.2112579345703
5108, 188.21624755859375
5109, 188.22125244140625
5110, 188.22625732421875
5111, 188.2312469482422
5112, 188.2362518310547
5113, 188.2412567138672
5114, 188.24624633789062
5115, 188.25125122070312
5116, 188.25625610351562
5117, 188.26124572753906
5118, 188.26625061035156
5119, 188.27125549316406
5120, 188.2762451171875
5121, 188.28125
5122, 188.2862548828125
5123, 188.29124450683594
5124, 188.29624938964844
5125, 188.30125427246094
5126, 188.30624389648438
5127, 188.31124877929688
5128, 188.31625366210938
5129, 188.32125854492188
5130, 188.3262481689453
5131, 188.3312530517578
5132, 188.3362579345703
5133, 188.34124755859375
5134, 188.34625244140625
5135, 188.35125732421875
5136, 188.3562469482422
5137, 188.3612518310547
5138, 188.3662567138672
5139, 188.37124633789062
5140, 188.37625122070312
5141, 188.38125610351562
5142, 188.38624572753906
5143, 188.39125061035156
5144, 188.39625549316406
5145, 188.4012451171875
5146, 188.40625
5147, 188.4112548828125
5148, 188.41624450683594
5149, 188.42124938964844
5150, 188.42625427246094
5151, 188.43124389648438
5152, 188.43624877929688
5153, 188.44125366210938
5154, 188.44625854492188
