0, 0.0
1, 0.004999999999199645
2, 0.010000000000218279
3, 0.014999999999417923
4, 0.020000000000436557
5, 0.024999999999636202
6, 0.029999999998835847
7, 0.03499999999985448
8, 0.039999999999054126
9, 0.04500000000007276
10, 0.049999999999272404
11, 0.05500000000029104
12, 0.05999999999949068
13, 0.06500000000050932
14, 0.06999999999970896
15, 0.0749999999989086
16, 0.07999999999992724
17, 0.08499999999912689
18, 0.09000000000014552
19, 0.09499999999934516
20, 0.1000000000003638
21, 0.10499999999956344
22, 0.10999999999876309
23, 0.11499999999978172
24, 0.11999999999898137
25, 0.125
26, 0.12999999999919964
27, 0.13500000000021828
28, 0.13999999999941792
29, 0.14500000000043656
30, 0.1499999999996362
31, 0.15499999999883585
32, 0.15999999999985448
33, 0.16499999999905413
34, 0.17000000000007276
35, 0.1749999999992724
36, 0.18000000000029104
37, 0.18499999999949068
38, 0.19000000000050932
39, 0.19499999999970896
40, 0.1999999999989086
41, 0.20499999999992724
42, 0.20999999999912689
43, 0.21500000000014552
44, 0.21999999999934516
45, 0.2250000000003638
46, 0.22999999999956344
47, 0.2349999999987631
48, 0.23999999999978172
49, 0.24499999999898137
50, 0.25
51, 0.25499999999919964
52, 0.2600000000002183
53, 0.2649999999994179
54, 0.27000000000043656
55, 0.2749999999996362
56, 0.27999999999883585
57, 0.2849999999998545
58, 0.2899999999990541
59, 0.29500000000007276
60, 0.2999999999992724
61, 0.30500000000029104
62, 0.3099999999994907
63, 0.3150000000005093
64, 0.31999999999970896
65, 0.3249999999989086
66, 0.32999999999992724
67, 0.3349999999991269
68, 0.3400000000001455
69, 0.34499999999934516
70, 0.3500000000003638
71, 0.35499999999956344
72, 0.3599999999987631
73, 0.3649999999997817
74, 0.36999999999898137
75, 0.375
76, 0.37999999999919964
77, 0.3850000000002183
78, 0.3899999999994179
79, 0.39500000000043656
80, 0.3999999999996362
81, 0.40499999999883585
82, 0.4099999999998545
83, 0.4149999999990541
84, 0.42000000000007276
85, 0.4249999999992724
86, 0.43000000000029104
87, 0.4349999999994907
88, 0.4400000000005093
89, 0.44499999999970896
90, 0.4499999999989086
91, 0.45499999999992724
92, 0.4599999999991269
93, 0.4650000000001455
94, 0.46999999999934516
95, 0.4750000000003638
96, 0.47999999999956344
97, 0.4849999999987631
98, 0.4899999999997817
99, 0.49499999999898137
100, 0.5
101, 0.5049999999991996
102, 0.5100000000002183
103, 0.5149999999994179
104, 0.5200000000004366
105, 0.5249999999996362
106, 0.5299999999988358
107, 0.5349999999998545
108, 0.5399999999990541
109, 0.5450000000000728
110, 0.5499999999992724
111, 0.555000000000291
112, 0.5599999999994907
113, 0.5650000000005093
114, 0.569999999999709
115, 0.5749999999989086
116, 0.5799999999999272
117, 0.5849999999991269
118, 0.5900000000001455
119, 0.5949999999993452
120, 0.6000000000003638
121, 0.6049999999995634
122, 0.6099999999987631
123, 0.6149999999997817
124, 0.6199999999989814
125, 0.625
126, 0.6299999999991996
127, 0.6350000000002183
128, 0.6399999999994179
129, 0.6450000000004366
130, 0.6499999999996362
131, 0.6549999999988358
132, 0.6599999999998545
133, 0.6649999999990541
134, 0.6700000000000728
135, 0.6749999999992724
136, 0.680000000000291
137, 0.6849999999994907
138, 0.6900000000005093
139, 0.694999999999709
140, 0.6999999999989086
141, 0.7049999999999272
142, 0.7099999999991269
143, 0.7150000000001455
144, 0.7199999999993452
145, 0.7250000000003638
146, 0.7299999999995634
147, 0.7349999999987631
148, 0.7399999999997817
149, 0.7449999999989814
150, 0.75
151, 0.7549999999991996
152, 0.7600000000002183
153, 0.7649999999994179
154, 0.7700000000004366
155, 0.7749999999996362
156, 0.7799999999988358
157, 0.7849999999998545
158, 0.7899999999990541
159, 0.7950000000000728
160, 0.7999999999992724
161, 0.805000000000291
162, 0.8099999999994907
163, 0.8150000000005093
164, 0.819999999999709
165, 0.8249999999989086
166, 0.8299999999999272
167, 0.8349999999991269
168, 0.8400000000001455
169, 0.8449999999993452
170, 0.8500000000003638
171, 0.8549999999995634
172, 0.8599999999987631
173, 0.8649999999997817
174, 0.8699999999989814
175, 0.875
176, 0.8799999999991996
177, 0.8850000000002183
178, 0.8899999999994179
179, 0.8950000000004366
180, 0.8999999999996362
181, 0.9049999999988358
182, 0.9099999999998545
183, 0.9149999999990541
184, 0.9200000000000728
185, 0.9249999999992724
186, 0.930000000000291
187, 0.9349999999994907
188, 0.9400000000005093
189, 0.944999999999709
190, 0.9499999999989086
191, 0.9549999999999272
192, 0.9599999999991269
193, 0.9650000000001455
194, 0.9699999999993452
195, 0.9750000000003638
196, 0.9799999999995634
197, 0.9849999999987631
198, 0.9899999999997817
199, 0.9949999999989814
200, 1.0
201, 1.0049999999991996
202, 1.0100000000002183
203, 1.014999999999418
204, 1.0200000000004366
205, 1.0249999999996362
206, 1.0299999999988358
207, 1.0349999999998545
208, 1.0399999999990541
209, 1.0450000000000728
210, 1.0499999999992724
211, 1.055000000000291
212, 1.0599999999994907
213, 1.0650000000005093
214, 1.069999999999709
215, 1.0749999999989086
216, 1.0799999999999272
217, 1.0849999999991269
218, 1.0900000000001455
219, 1.0949999999993452
220, 1.1000000000003638
221, 1.1049999999995634
222, 1.109999999998763
223, 1.1149999999997817
224, 1.1199999999989814
225, 1.125
226, 1.1299999999991996
227, 1.1350000000002183
228, 1.139999999999418
229, 1.1450000000004366
230, 1.1499999999996362
231, 1.1549999999988358
232, 1.1599999999998545
233, 1.1649999999990541
234, 1.1700000000000728
235, 1.1749999999992724
236, 1.180000000000291
237, 1.1849999999994907
238, 1.1900000000005093
239, 1.194999999999709
240, 1.1999999999989086
241, 1.2049999999999272
242, 1.2099999999991269
243, 1.2150000000001455
244, 1.2199999999993452
245, 1.2250000000003638
246, 1.2299999999995634
247, 1.234999999998763
248, 1.2399999999997817
249, 1.2449999999989814
250, 1.25
251, 1.2549999999991996
252, 1.2600000000002183
253, 1.264999999999418
254, 1.2700000000004366
255, 1.2749999999996362
256, 1.2799999999988358
257, 1.2849999999998545
258, 1.2899999999990541
259, 1.2950000000000728
260, 1.2999999999992724
261, 1.305000000000291
262, 1.3099999999994907
263, 1.3150000000005093
264, 1.319999999999709
265, 1.3249999999989086
266, 1.3299999999999272
267, 1.3349999999991269
268, 1.3400000000001455
269, 1.3449999999993452
270, 1.3500000000003638
271, 1.3549999999995634
272, 1.359999999998763
273, 1.3649999999997817
274, 1.3699999999989814
275, 1.375
276, 1.3799999999991996
277, 1.3850000000002183
278, 1.389999999999418
279, 1.3950000000004366
280, 1.3999999999996362
281, 1.4049999999988358
282, 1.4099999999998545
283, 1.4149999999990541
284, 1.4200000000000728
285, 1.4249999999992724
286, 1.430000000000291
287, 1.4349999999994907
288, 1.4400000000005093
289, 1.444999999999709
290, 1.4499999999989086
291, 1.4549999999999272
292, 1.4599999999991269
293, 1.4650000000001455
294, 1.4699999999993452
295, 1.4750000000003638
296, 1.4799999999995634
297, 1.484999999998763
298, 1.4899999999997817
299, 1.4949999999989814
300, 1.5
301, 1.5049999999991996
302, 1.5100000000002183
303, 1.514999999999418
304, 1.5200000000004366
305, 1.5249999999996362
306, 1.5299999999988358
307, 1.5349999999998545
308, 1.5399999999990541
309, 1.5450000000000728
310, 1.5499999999992724
311, 1.555000000000291
312, 1.5599999999994907
313, 1.5650000000005093
314, 1.569999999999709
315, 1.5749999999989086
316, 1.5799999999999272
317, 1.5849999999991269
318, 1.5900000000001455
319, 1.5949999999993452
320, 1.6000000000003638
321, 1.6049999999995634
364, 1.819999999999709
365, 1.8249999999989086
366, 1.8299999999999272
367, 1.8349999999991269
368, 1.8400000000001455
369, 1.8449999999993452
370, 1.8500000000003638
371, 1.8549999999995634
372, 1.859999999998763
373, 1.8649999999997817
374, 1.8699999999989814
375, 1.875
376, 1.8799999999991996
377, 1.8850000000002183
378, 1.889999999999418
379, 1.8950000000004366
380, 1.8999999999996362
381, 1.9049999999988358
382, 1.9099999999998545
383, 1.9149999999990541
384, 1.9200000000000728
385, 1.9249999999992724
386, 1.930000000000291
387, 1.9349999999994907
388, 1.9400000000005093
389, 1.944999999999709
390, 1.9499999999989086
391, 1.9549999999999272
392, 1.9599999999991269
393, 1.9650000000001455
394, 1.9699999999993452
395, 1.9750000000003638
396, 1.9799999999995634
397, 1.984999999998763
398, 1.9899999999997817
399, 1.9949999999989814
400, 2.0
401, 2.0049999999991996
402, 2.0100000000002183
403, 2.014999999999418
404, 2.0200000000004366
405, 2.024999999999636
406, 2.029999999998836
407, 2.0349999999998545
408, 2.039999999999054
409, 2.0450000000000728
410, 2.0499999999992724
411, 2.055000000000291
412, 2.0599999999994907
413, 2.0650000000005093
414, 2.069999999999709
415, 2.0749999999989086
416, 2.0799999999999272
417, 2.084999999999127
418, 2.0900000000001455
419, 2.094999999999345
420, 2.100000000000364
421, 2.1049999999995634
422, 2.109999999998763
423, 2.1149999999997817
424, 2.1199999999989814
425, 2.125
426, 2.1299999999991996
427, 2.1350000000002183
428, 2.139999999999418
429, 2.1450000000004366
430, 2.149999999999636
431, 2.154999999998836
432, 2.1599999999998545
433, 2.164999999999054
434, 2.1700000000000728
435, 2.1749999999992724
436, 2.180000000000291
437, 2.1849999999994907
438, 2.1900000000005093
439, 2.194999999999709
440, 2.1999999999989086
441, 2.2049999999999272
442, 2.209999999999127
443, 2.2150000000001455
444, 2.219999999999345
445, 2.225000000000364
446, 2.2299999999995634
447, 2.234999999998763
448, 2.2399999999997817
449, 2.2449999999989814
450, 2.25
451, 2.2549999999991996
452, 2.2600000000002183
453, 2.264999999999418
454, 2.2700000000004366
455, 2.274999999999636
456, 2.279999999998836
457, 2.2849999999998545
458, 2.289999999999054
459, 2.2950000000000728
460, 2.2999999999992724
461, 2.305000000000291
462, 2.3099999999994907
463, 2.3150000000005093
464, 2.319999999999709
465, 2.3249999999989086
466, 2.3299999999999272
467, 2.334999999999127
468, 2.3400000000001455
469, 2.344999999999345
470, 2.350000000000364
471, 2.3549999999995634
472, 2.359999999998763
473, 2.3649999999997817
474, 2.3699999999989814
475, 2.375
476, 2.3799999999991996
477, 2.3850000000002183
478, 2.389999999999418
479, 2.3950000000004366
480, 2.399999999999636
481, 2.404999999998836
482, 2.4099999999998545
483, 2.414999999999054
484, 2.4200000000000728
485, 2.4249999999992724
486, 2.430000000000291
487, 2.4349999999994907
488, 2.4400000000005093
489, 2.444999999999709
490, 2.4499999999989086
491, 2.4549999999999272
492, 2.459999999999127
493, 2.4650000000001455
494, 2.469999999999345
495, 2.475000000000364
496, 2.4799999999995634
497, 2.484999999998763
498, 2.4899999999997817
499, 2.4949999999989814
500, 2.5
501, 2.5049999999991996
502, 2.5100000000002183
503, 2.514999999999418
504, 2.5200000000004366
505, 2.524999999999636
506, 2.529999999998836
507, 2.5349999999998545
508, 2.539999999999054
509, 2.5450000000000728
510, 2.5499999999992724
511, 2.555000000000291
512, 2.5599999999994907
513, 2.5650000000005093
514, 2.569999999999709
515, 2.5749999999989086
516, 2.5799999999999272
517, 2.584999999999127
518, 2.5900000000001455
519, 2.594999999999345
520, 2.600000000000364
521, 2.6049999999995634
522, 2.609999999998763
523, 2.6149999999997817
524, 2.6199999999989814
525, 2.625
526, 2.6299999999991996
527, 2.6350000000002183
528, 2.639999999999418
529, 2.6450000000004366
530, 2.649999999999636
531, 2.654999999998836
532, 2.6599999999998545
533, 2.664999999999054
534, 2.6700000000000728
535, 2.6749999999992724
536, 2.680000000000291
537, 2.6849999999994907
538, 2.6900000000005093
539, 2.694999999999709
540, 2.6999999999989086
541, 2.7049999999999272
542, 2.709999999999127
543, 2.7150000000001455
544, 2.719999999999345
545, 2.725000000000364
546, 2.7299999999995634
547, 2.734999999998763
548, 2.7399999999997817
549, 2.7449999999989814
550, 2.75
551, 2.7549999999991996
552, 2.7600000000002183
553, 2.764999999999418
554, 2.7700000000004366
555, 2.774999999999636
556, 2.779999999998836
557, 2.7849999999998545
558, 2.789999999999054
559, 2.7950000000000728
560, 2.7999999999992724
561, 2.805000000000291
562, 2.8099999999994907
563, 2.8150000000005093
564, 2.819999999999709
565, 2.8249999999989086
566, 2.8299999999999272
567, 2.834999999999127
568, 2.8400000000001455
569, 2.844999999999345
570, 2.850000000000364
571, 2.8549999999995634
572, 2.859999999998763
573, 2.8649999999997817
574, 2.8699999999989814
575, 2.875
576, 2.8799999999991996
577, 2.8850000000002183
578, 2.889999999999418
579, 2.8950000000004366
580, 2.899999999999636
581, 2.904999999998836
582, 2.9099999999998545
583, 2.914999999999054
584, 2.9200000000000728
585, 2.9249999999992724
586, 2.930000000000291
587, 2.9349999999994907
588, 2.9400000000005093
589, 2.944999999999709
590, 2.9499999999989086
591, 2.9549999999999272
592, 2.959999999999127
593, 2.9650000000001455
594, 2.969999999999345
595, 2.975000000000364
596, 2.9799999999995634
597, 2.984999999998763
598, 2.9899999999997817
599, 2.9949999999989814
600, 3.0
601, 3.0049999999991996
602, 3.0100000000002183
603, 3.014999999999418
604, 3.0200000000004366
605, 3.024999999999636
606, 3.029999999998836
607, 3.0349999999998545
608, 3.039999999999054
609, 3.0450000000000728
610, 3.0499999999992724
611, 3.055000000000291
612, 3.0599999999994907
613, 3.0650000000005093
614, 3.069999999999709
615, 3.0749999999989086
616, 3.0799999999999272
617, 3.084999999999127
618, 3.0900000000001455
619, 3.094999999999345
620, 3.100000000000364
621, 3.1049999999995634
622, 3.109999999998763
623, 3.1149999999997817
624, 3.1199999999989814
625, 3.125
626, 3.1299999999991996
627, 3.1350000000002183
628, 3.139999999999418
629, 3.1450000000004366
630, 3.149999999999636
631, 3.154999999998836
632, 3.1599999999998545
633, 3.164999999999054
634, 3.1700000000000728
635, 3.1749999999992724
636, 3.180000000000291
637, 3.1849999999994907
638, 3.1900000000005093
639, 3.194999999999709
640, 3.1999999999989086
641, 3.2049999999999272
642, 3.209999999999127
643, 3.2150000000001455
644, 3.219999999999345
645, 3.225000000000364
646, 3.2299999999995634
647, 3.234999999998763
648, 3.2399999999997817
649, 3.2449999999989814
650, 3.25
651, 3.2549999999991996
652, 3.2600000000002183
653, 3.264999999999418
654, 3.2700000000004366
655, 3.274999999999636
656, 3.279999999998836
657, 3.2849999999998545
658, 3.289999999999054
659, 3.2950000000000728
660, 3.2999999999992724
661, 3.305000000000291
662, 3.3099999999994907
663, 3.3150000000005093
664, 3.319999999999709
665, 3.3249999999989086
666, 3.3299999999999272
667, 3.334999999999127
668, 3.3400000000001455
669, 3.344999999999345
670, 3.350000000000364
671, 3.3549999999995634
672, 3.359999999998763
673, 3.3649999999997817
674, 3.3699999999989814
675, 3.375
676, 3.3799999999991996
677, 3.3850000000002183
678, 3.389999999999418
679, 3.3950000000004366
680, 3.399999999999636
681, 3.404999999998836
682, 3.4099999999998545
683, 3.414999999999054
684, 3.4200000000000728
685, 3.4249999999992724
686, 3.430000000000291
687, 3.4349999999994907
688, 3.4400000000005093
689, 3.444999999999709
690, 3.4499999999989086
691, 3.4549999999999272
692, 3.459999999999127
693, 3.4650000000001455
694, 3.469999999999345
695, 3.475000000000364
696, 3.4799999999995634
697, 3.484999999998763
698, 3.4899999999997817
699, 3.4949999999989814
700, 3.5
701, 3.5049999999991996
702, 3.5100000000002183
703, 3.514999999999418
704, 3.5200000000004366
705, 3.524999999999636
706, 3.529999999998836
707, 3.5349999999998545
708, 3.539999999999054
709, 3.5450000000000728
710, 3.5499999999992724
711, 3.555000000000291
712, 3.5599999999994907
713, 3.5650000000005093
714, 3.569999999999709
715, 3.5749999999989086
716, 3.5799999999999272
717, 3.584999999999127
718, 3.5900000000001455
719, 3.594999999999345
720, 3.600000000000364
721, 3.6049999999995634
722, 3.609999999998763
723, 3.6149999999997817
724, 3.6199999999989814
725, 3.625
726, 3.6299999999991996
727, 3.6350000000002183
728, 3.639999999999418
729, 3.6450000000004366
730, 3.649999999999636
731, 3.654999999998836
732, 3.6599999999998545
733, 3.664999999999054
734, 3.6700000000000728
735, 3.6749999999992724
736, 3.680000000000291
737, 3.6849999999994907
738, 3.6900000000005093
739, 3.694999999999709
740, 3.6999999999989086
741, 3.7049999999999272
742, 3.709999999999127
743, 3.7150000000001455
744, 3.719999999999345
745, 3.725000000000364
746, 3.7299999999995634
747, 3.734999999998763
748, 3.7399999999997817
749, 3.7449999999989814
750, 3.75
751, 3.7549999999991996
752, 3.7600000000002183
753, 3.764999999999418
754, 3.7700000000004366
755, 3.774999999999636
756, 3.779999999998836
757, 3.7849999999998545
758, 3.789999999999054
759, 3.7950000000000728
760, 3.7999999999992724
761, 3.805000000000291
762, 3.8099999999994907
763, 3.8150000000005093
764, 3.819999999999709
765, 3.8249999999989086
766, 3.8299999999999272
767, 3.834999999999127
768, 3.8400000000001455
769, 3.844999999999345
770, 3.850000000000364
771, 3.8549999999995634
772, 3.859999999998763
773, 3.8649999999997817
774, 3.8699999999989814
775, 3.875
776, 3.8799999999991996
777, 3.8850000000002183
778, 3.889999999999418
779, 3.8950000000004366
780, 3.899999999999636
781, 3.904999999998836
782, 3.9099999999998545
783, 3.914999999999054
784, 3.9200000000000728
785, 3.9249999999992724
786, 3.930000000000291
787, 3.9349999999994907
788, 3.9400000000005093
789, 3.944999999999709
790, 3.9499999999989086
791, 3.9549999999999272
792, 3.959999999999127
793, 3.9650000000001455
794, 3.969999999999345
795, 3.975000000000364
796, 3.9799999999995634
797, 3.984999999998763
798, 3.9899999999997817
799, 3.9949999999989814
800, 4.0
801, 4.0049999999992
802, 4.010000000000218
803, 4.014999999999418
804, 4.020000000000437
805, 4.024999999999636
806, 4.029999999998836
807, 4.0349999999998545
808, 4.039999999999054
809, 4.045000000000073
810, 4.049999999999272
811, 4.055000000000291
812, 4.059999999999491
813, 4.065000000000509
814, 4.069999999999709
815, 4.074999999998909
816, 4.079999999999927
817, 4.084999999999127
818, 4.0900000000001455
819, 4.094999999999345
820, 4.100000000000364
821, 4.104999999999563
822, 4.109999999998763
823, 4.114999999999782
824, 4.119999999998981
825, 4.125
826, 4.1299999999992
827, 4.135000000000218
828, 4.139999999999418
829, 4.145000000000437
830, 4.149999999999636
831, 4.154999999998836
832, 4.1599999999998545
833, 4.164999999999054
834, 4.170000000000073
835, 4.174999999999272
836, 4.180000000000291
837, 4.184999999999491
838, 4.190000000000509
839, 4.194999999999709
840, 4.199999999998909
841, 4.204999999999927
842, 4.209999999999127
843, 4.2150000000001455
844, 4.219999999999345
845, 4.225000000000364
846, 4.229999999999563
847, 4.234999999998763
848, 4.239999999999782
849, 4.244999999998981
850, 4.25
851, 4.2549999999992
852, 4.260000000000218
853, 4.264999999999418
854, 4.270000000000437
855, 4.274999999999636
856, 4.279999999998836
857, 4.2849999999998545
858, 4.289999999999054
859, 4.295000000000073
860, 4.299999999999272
861, 4.305000000000291
862, 4.309999999999491
863, 4.315000000000509
864, 4.319999999999709
865, 4.324999999998909
866, 4.329999999999927
867, 4.334999999999127
868, 4.3400000000001455
869, 4.344999999999345
870, 4.350000000000364
871, 4.354999999999563
872, 4.359999999998763
873, 4.364999999999782
874, 4.369999999998981
875, 4.375
876, 4.3799999999992
877, 4.385000000000218
878, 4.389999999999418
879, 4.395000000000437
880, 4.399999999999636
881, 4.404999999998836
882, 4.4099999999998545
883, 4.414999999999054
884, 4.420000000000073
885, 4.424999999999272
886, 4.430000000000291
887, 4.434999999999491
888, 4.440000000000509
889, 4.444999999999709
890, 4.449999999998909
891, 4.454999999999927
892, 4.459999999999127
893, 4.4650000000001455
894, 4.469999999999345
895, 4.475000000000364
896, 4.479999999999563
897, 4.484999999998763
898, 4.489999999999782
899, 4.494999999998981
900, 4.5
901, 4.5049999999992
902, 4.510000000000218
903, 4.514999999999418
904, 4.520000000000437
905, 4.524999999999636
906, 4.529999999998836
907, 4.5349999999998545
908, 4.539999999999054
909, 4.545000000000073
910, 4.549999999999272
911, 4.555000000000291
912, 4.559999999999491
913, 4.565000000000509
914, 4.569999999999709
915, 4.574999999998909
916, 4.579999999999927
917, 4.584999999999127
918, 4.5900000000001455
919, 4.594999999999345
920, 4.600000000000364
921, 4.604999999999563
922, 4.609999999998763
923, 4.614999999999782
924, 4.619999999998981
925, 4.625
926, 4.6299999999992
927, 4.635000000000218
928, 4.639999999999418
929, 4.645000000000437
930, 4.649999999999636
931, 4.654999999998836
932, 4.6599999999998545
933, 4.664999999999054
934, 4.670000000000073
935, 4.674999999999272
936, 4.680000000000291
937, 4.684999999999491
938, 4.690000000000509
939, 4.694999999999709
940, 4.699999999998909
941, 4.704999999999927
942, 4.709999999999127
943, 4.7150000000001455
944, 4.719999999999345
945, 4.725000000000364
946, 4.729999999999563
947, 4.734999999998763
948, 4.739999999999782
949, 4.744999999998981
950, 4.75
951, 4.7549999999992
952, 4.760000000000218
953, 4.764999999999418
954, 4.770000000000437
955, 4.774999999999636
956, 4.779999999998836
957, 4.7849999999998545
958, 4.789999999999054
959, 4.795000000000073
960, 4.799999999999272
961, 4.805000000000291
962, 4.809999999999491
963, 4.815000000000509
964, 4.819999999999709
965, 4.824999999998909
966, 4.829999999999927
967, 4.834999999999127
968, 4.8400000000001455
969, 4.844999999999345
970, 4.850000000000364
971, 4.854999999999563
972, 4.859999999998763
973, 4.864999999999782
974, 4.869999999998981
975, 4.875
976, 4.8799999999992
977, 4.885000000000218
978, 4.889999999999418
979, 4.895000000000437
980, 4.899999999999636
981, 4.904999999998836
982, 4.9099999999998545
983, 4.914999999999054
984, 4.920000000000073
985, 4.924999999999272
986, 4.930000000000291
987, 4.934999999999491
988, 4.940000000000509
989, 4.944999999999709
990, 4.949999999998909
991, 4.954999999999927
992, 4.959999999999127
993, 4.9650000000001455
994, 4.969999999999345
995, 4.975000000000364
996, 4.979999999999563
997, 4.984999999998763
998, 4.989999999999782
999, 4.994999999998981
1000, 5.0
1001, 5.0049999999992
1002, 5.010000000000218
1003, 5.014999999999418
1004, 5.020000000000437
1005, 5.024999999999636
1006, 5.029999999998836
1007, 5.0349999999998545
1008, 5.039999999999054
1009, 5.045000000000073
1010, 5.049999999999272
1011, 5.055000000000291
1012, 5.059999999999491
1013, 5.065000000000509
1014, 5.069999999999709
1015, 5.074999999998909
1016, 5.079999999999927
1017, 5.084999999999127
1018, 5.0900000000001455
1019, 5.094999999999345
1020, 5.100000000000364
1021, 5.104999999999563
1022, 5.109999999998763
1023, 5.114999999999782
1024, 5.119999999998981
1025, 5.125
1026, 5.1299999999992
1027, 5.135000000000218
1028, 5.139999999999418
1029, 5.145000000000437
1030, 5.149999999999636
1031, 5.154999999998836
1032, 5.1599999999998545
1033, 5.164999999999054
1034, 5.170000000000073
1035, 5.174999999999272
1036, 5.180000000000291
1037, 5.184999999999491
1038, 5.190000000000509
1039, 5.194999999999709
1040, 5.199999999998909
1041, 5.204999999999927
1042, 5.209999999999127
1043, 5.2150000000001455
1044, 5.219999999999345
1045, 5.225000000000364
1046, 5.229999999999563
1047, 5.234999999998763
1048, 5.239999999999782
1049, 5.244999999998981
1050, 5.25
1051, 5.2549999999992
1052, 5.260000000000218
1053, 5.264999999999418
1054, 5.270000000000437
1055, 5.274999999999636
1056, 5.279999999998836
1057, 5.2849999999998545
1058, 5.289999999999054
1059, 5.295000000000073
1060, 5.299999999999272
1061, 5.305000000000291
1062, 5.309999999999491
1063, 5.315000000000509
1064, 5.319999999999709
1065, 5.324999999998909
1066, 5.329999999999927
1067, 5.334999999999127
1068, 5.3400000000001455
1069, 5.344999999999345
1070, 5.350000000000364
1071, 5.354999999999563
1072, 5.359999999998763
1073, 5.364999999999782
1074, 5.369999999998981
1075, 5.375
1076, 5.3799999999992
1077, 5.385000000000218
1078, 5.389999999999418
1079, 5.395000000000437
1080, 5.399999999999636
1081, 5.404999999998836
1082, 5.4099999999998545
1083, 5.414999999999054
1084, 5.420000000000073
1085, 5.424999999999272
1086, 5.430000000000291
1087, 5.434999999999491
1088, 5.440000000000509
1089, 5.444999999999709
1090, 5.449999999998909
1091, 5.454999999999927
1092, 5.459999999999127
1093, 5.4650000000001455
1094, 5.469999999999345
1095, 5.475000000000364
1096, 5.479999999999563
1097, 5.484999999998763
1098, 5.489999999999782
1099, 5.494999999998981
1100, 5.5
1101, 5.5049999999992
1102, 5.510000000000218
1103, 5.514999999999418
1104, 5.520000000000437
1105, 5.524999999999636
1106, 5.529999999998836
1107, 5.5349999999998545
1108, 5.539999999999054
1109, 5.545000000000073
1110, 5.549999999999272
1111, 5.555000000000291
1112, 5.559999999999491
1113, 5.565000000000509
1114, 5.569999999999709
1115, 5.574999999998909
1116, 5.579999999999927
1117, 5.584999999999127
1118, 5.5900000000001455
1119, 5.594999999999345
1120, 5.600000000000364
1121, 5.604999999999563
1122, 5.609999999998763
1123, 5.614999999999782
1124, 5.619999999998981
1125, 5.625
1126, 5.6299999999992
1127, 5.635000000000218
1128, 5.639999999999418
1129, 5.645000000000437
1130, 5.649999999999636
1131, 5.654999999998836
1132, 5.6599999999998545
1133, 5.664999999999054
1134, 5.670000000000073
1135, 5.674999999999272
1136, 5.680000000000291
1137, 5.684999999999491
1138, 5.690000000000509
1139, 5.694999999999709
1140, 5.699999999998909
1141, 5.704999999999927
1142, 5.709999999999127
1143, 5.7150000000001455
1144, 5.719999999999345
1145, 5.725000000000364
1146, 5.729999999999563
1147, 5.734999999998763
1148, 5.739999999999782
1149, 5.744999999998981
1150, 5.75
1151, 5.7549999999992
1152, 5.760000000000218
1153, 5.764999999999418
1154, 5.770000000000437
1155, 5.774999999999636
1156, 5.779999999998836
1157, 5.7849999999998545
1158, 5.789999999999054
1159, 5.795000000000073
1160, 5.799999999999272
1161, 5.805000000000291
1162, 5.809999999999491
1163, 5.815000000000509
1164, 5.819999999999709
1165, 5.824999999998909
1166, 5.829999999999927
1167, 5.834999999999127
1168, 5.8400000000001455
1169, 5.844999999999345
1170, 5.850000000000364
1171, 5.854999999999563
1172, 5.859999999998763
1173, 5.864999999999782
1174, 5.869999999998981
1175, 5.875
1176, 5.8799999999992
1177, 5.885000000000218
1178, 5.889999999999418
1179, 5.895000000000437
1180, 5.899999999999636
1181, 5.904999999998836
1182, 5.9099999999998545
1183, 5.914999999999054
1184, 5.920000000000073
1185, 5.924999999999272
1186, 5.930000000000291
1187, 5.934999999999491
1188, 5.940000000000509
1189, 5.944999999999709
1190, 5.949999999998909
1191, 5.954999999999927
1192, 5.959999999999127
1193, 5.9650000000001455
1194, 5.969999999999345
1195, 5.975000000000364
1196, 5.979999999999563
1197, 5.984999999998763
1198, 5.989999999999782
1199, 5.994999999998981
1200, 6.0
1201, 6.0049999999992
1202, 6.010000000000218
1203, 6.014999999999418
1204, 6.020000000000437
1205, 6.024999999999636
1206, 6.029999999998836
1207, 6.0349999999998545
1208, 6.039999999999054
1209, 6.045000000000073
1210, 6.049999999999272
1211, 6.055000000000291
1212, 6.059999999999491
1213, 6.065000000000509
1214, 6.069999999999709
1215, 6.074999999998909
1216, 6.079999999999927
1217, 6.084999999999127
1218, 6.0900000000001455
1219, 6.094999999999345
1220, 6.100000000000364
1221, 6.104999999999563
1222, 6.109999999998763
1223, 6.114999999999782
1224, 6.119999999998981
1225, 6.125
1226, 6.1299999999992
1227, 6.135000000000218
1228, 6.139999999999418
1229, 6.145000000000437
1230, 6.149999999999636
1231, 6.154999999998836
1232, 6.1599999999998545
1233, 6.164999999999054
1234, 6.170000000000073
1235, 6.174999999999272
1236, 6.180000000000291
1237, 6.184999999999491
1238, 6.190000000000509
1239, 6.194999999999709
1240, 6.199999999998909
1241, 6.204999999999927
1242, 6.209999999999127
1243, 6.2150000000001455
1244, 6.219999999999345
1245, 6.225000000000364
1246, 6.229999999999563
1247, 6.234999999998763
1248, 6.239999999999782
1249, 6.244999999998981
1250, 6.25
1251, 6.2549999999992
1252, 6.260000000000218
1253, 6.264999999999418
1254, 6.270000000000437
1255, 6.274999999999636
1256, 6.279999999998836
1257, 6.2849999999998545
1258, 6.289999999999054
1259, 6.295000000000073
1260, 6.299999999999272
1261, 6.305000000000291
1262, 6.309999999999491
1263, 6.315000000000509
1264, 6.319999999999709
1265, 6.324999999998909
1266, 6.329999999999927
1267, 6.334999999999127
1268, 6.3400000000001455
1269, 6.344999999999345
1270, 6.350000000000364
1271, 6.354999999999563
1272, 6.359999999998763
1273, 6.364999999999782
1274, 6.369999999998981
1275, 6.375
1276, 6.3799999999992
1277, 6.385000000000218
1278, 6.389999999999418
1279, 6.395000000000437
1280, 6.399999999999636
1281, 6.404999999998836
1282, 6.4099999999998545
1283, 6.414999999999054
1284, 6.420000000000073
1285, 6.424999999999272
1286, 6.430000000000291
1287, 6.434999999999491
1288, 6.440000000000509
1289, 6.444999999999709
1290, 6.449999999998909
1291, 6.454999999999927
1292, 6.459999999999127
1293, 6.4650000000001455
1294, 6.469999999999345
1295, 6.475000000000364
1296, 6.479999999999563
1297, 6.484999999998763
1298, 6.489999999999782
1299, 6.494999999998981
1300, 6.5
1301, 6.5049999999992
1302, 6.510000000000218
1303, 6.514999999999418
1304, 6.520000000000437
1305, 6.524999999999636
1306, 6.529999999998836
1307, 6.5349999999998545
1308, 6.539999999999054
1309, 6.545000000000073
1310, 6.549999999999272
1311, 6.555000000000291
1312, 6.559999999999491
1313, 6.565000000000509
1314, 6.569999999999709
1315, 6.574999999998909
1316, 6.579999999999927
1317, 6.584999999999127
1318, 6.5900000000001455
1319, 6.594999999999345
1320, 6.600000000000364
1321, 6.604999999999563
1322, 6.609999999998763
1323, 6.614999999999782
1324, 6.619999999998981
1325, 6.625
1326, 6.6299999999992
1327, 6.635000000000218
1328, 6.639999999999418
1329, 6.645000000000437
1330, 6.649999999999636
1331, 6.654999999998836
1332, 6.6599999999998545
1333, 6.664999999999054
1334, 6.670000000000073
1335, 6.674999999999272
1336, 6.680000000000291
1337, 6.684999999999491
1338, 6.690000000000509
1339, 6.694999999999709
1340, 6.699999999998909
1341, 6.704999999999927
1342, 6.709999999999127
1343, 6.7150000000001455
1344, 6.719999999999345
1345, 6.725000000000364
1346, 6.729999999999563
1347, 6.734999999998763
1348, 6.739999999999782
1349, 6.744999999998981
1350, 6.75
1351, 6.7549999999992
1352, 6.760000000000218
1353, 6.764999999999418
1354, 6.770000000000437
1355, 6.774999999999636
1356, 6.779999999998836
1357, 6.7849999999998545
1358, 6.789999999999054
1359, 6.795000000000073
1360, 6.799999999999272
1361, 6.805000000000291
1362, 6.809999999999491
1363, 6.815000000000509
1364, 6.819999999999709
1365, 6.824999999998909
1366, 6.829999999999927
1367, 6.834999999999127
1368, 6.8400000000001455
1369, 6.844999999999345
1370, 6.850000000000364
1371, 6.854999999999563
1372, 6.859999999998763
1373, 6.864999999999782
1374, 6.869999999998981
1375, 6.875
1376, 6.8799999999992
1377, 6.885000000000218
1378, 6.889999999999418
1379, 6.895000000000437
1380, 6.899999999999636
1381, 6.904999999998836
1382, 6.9099999999998545
1383, 6.914999999999054
1384, 6.920000000000073
1385, 6.924999999999272
1386, 6.930000000000291
1387, 6.934999999999491
1388, 6.940000000000509
1389, 6.944999999999709
1390, 6.949999999998909
1391, 6.954999999999927
1392, 6.959999999999127
1393, 6.9650000000001455
1394, 6.969999999999345
1395, 6.975000000000364
1396, 6.979999999999563
1397, 6.984999999998763
1398, 6.989999999999782
1399, 6.994999999998981
1400, 7.0
1401, 7.0049999999992
1402, 7.010000000000218
1403, 7.014999999999418
1404, 7.020000000000437
1405, 7.024999999999636
1406, 7.029999999998836
1407, 7.0349999999998545
1408, 7.039999999999054
1409, 7.045000000000073
1410, 7.049999999999272
1411, 7.055000000000291
1412, 7.059999999999491
1413, 7.065000000000509
1414, 7.069999999999709
1415, 7.074999999998909
1416, 7.079999999999927
1417, 7.084999999999127
1418, 7.0900000000001455
1419, 7.094999999999345
1420, 7.100000000000364
1421, 7.104999999999563
1422, 7.109999999998763
1423, 7.114999999999782
1424, 7.119999999998981
1425, 7.125
1426, 7.1299999999992
1427, 7.135000000000218
1428, 7.139999999999418
1429, 7.145000000000437
1430, 7.149999999999636
1431, 7.154999999998836
1432, 7.1599999999998545
1433, 7.164999999999054
1434, 7.170000000000073
1435, 7.174999999999272
1436, 7.180000000000291
1437, 7.184999999999491
1438, 7.190000000000509
1439, 7.194999999999709
1440, 7.199999999998909
1441, 7.204999999999927
1442, 7.209999999999127
1443, 7.2150000000001455
1444, 7.219999999999345
1445, 7.225000000000364
1446, 7.229999999999563
1447, 7.234999999998763
1448, 7.239999999999782
1449, 7.244999999998981
1450, 7.25
1451, 7.2549999999992
1452, 7.260000000000218
1453, 7.264999999999418
1454, 7.270000000000437
1455, 7.274999999999636
1456, 7.279999999998836
1457, 7.2849999999998545
1458, 7.289999999999054
1459, 7.295000000000073
1460, 7.299999999999272
1461, 7.305000000000291
1462, 7.309999999999491
1463, 7.315000000000509
1464, 7.319999999999709
1465, 7.324999999998909
1466, 7.329999999999927
1467, 7.334999999999127
1468, 7.3400000000001455
1469, 7.344999999999345
1470, 7.350000000000364
1471, 7.354999999999563
1472, 7.359999999998763
1473, 7.364999999999782
1474, 7.369999999998981
1475, 7.375
1476, 7.3799999999992
1477, 7.385000000000218
1478, 7.389999999999418
1479, 7.395000000000437
1480, 7.399999999999636
1481, 7.404999999998836
1482, 7.4099999999998545
1483, 7.414999999999054
1484, 7.420000000000073
1485, 7.424999999999272
1486, 7.430000000000291
1487, 7.434999999999491
1488, 7.440000000000509
1489, 7.444999999999709
1490, 7.449999999998909
1491, 7.454999999999927
1492, 7.459999999999127
1493, 7.4650000000001455
1494, 7.469999999999345
1495, 7.475000000000364
1496, 7.479999999999563
1497, 7.484999999998763
1498, 7.489999999999782
1499, 7.494999999998981
1500, 7.5
1501, 7.5049999999992
1502, 7.510000000000218
1503, 7.514999999999418
1504, 7.520000000000437
1505, 7.524999999999636
1506, 7.529999999998836
1507, 7.5349999999998545
1508, 7.539999999999054
1509, 7.545000000000073
1510, 7.549999999999272
1511, 7.555000000000291
1512, 7.559999999999491
1513, 7.565000000000509
1514, 7.569999999999709
1515, 7.574999999998909
1516, 7.579999999999927
1517, 7.584999999999127
1518, 7.5900000000001455
1519, 7.594999999999345
1520, 7.600000000000364
1521, 7.604999999999563
1522, 7.609999999998763
1523, 7.614999999999782
1524, 7.619999999998981
1525, 7.625
1526, 7.6299999999992
1527, 7.635000000000218
1528, 7.639999999999418
1529, 7.645000000000437
1530, 7.649999999999636
1531, 7.654999999998836
1532, 7.6599999999998545
1533, 7.664999999999054
1534, 7.670000000000073
1535, 7.674999999999272
1536, 7.680000000000291
1537, 7.684999999999491
1538, 7.690000000000509
1539, 7.694999999999709
1540, 7.699999999998909
1541, 7.704999999999927
1542, 7.709999999999127
1543, 7.7150000000001455
1544, 7.719999999999345
1545, 7.725000000000364
1546, 7.729999999999563
1547, 7.734999999998763
1548, 7.739999999999782
1549, 7.744999999998981
1550, 7.75
1551, 7.7549999999992
1552, 7.760000000000218
1553, 7.764999999999418
1554, 7.770000000000437
1555, 7.774999999999636
1556, 7.779999999998836
1557, 7.7849999999998545
1558, 7.789999999999054
1559, 7.795000000000073
1560, 7.799999999999272
1561, 7.805000000000291
1562, 7.809999999999491
1563, 7.815000000000509
1564, 7.819999999999709
1565, 7.824999999998909
1566, 7.829999999999927
1567, 7.834999999999127
1568, 7.8400000000001455
1569, 7.844999999999345
1570, 7.850000000000364
1571, 7.854999999999563
1572, 7.859999999998763
1573, 7.864999999999782
1574, 7.869999999998981
1575, 7.875
1576, 7.8799999999992
1577, 7.885000000000218
1578, 7.889999999999418
1579, 7.895000000000437
1580, 7.899999999999636
1581, 7.904999999998836
1582, 7.9099999999998545
1583, 7.914999999999054
1584, 7.920000000000073
1585, 7.924999999999272
1586, 7.930000000000291
1587, 7.934999999999491
1588, 7.940000000000509
1589, 7.944999999999709
1590, 7.949999999998909
1591, 7.954999999999927
1592, 7.959999999999127
1593, 7.9650000000001455
1594, 7.969999999999345
1595, 7.975000000000364
1596, 7.979999999999563
1597, 7.984999999998763
1598, 7.989999999999782
1599, 7.994999999998981
1600, 8.0
1601, 8.0049999999992
1602, 8.010000000000218
1603, 8.014999999999418
1604, 8.020000000000437
1605, 8.024999999999636
1606, 8.029999999998836
1607, 8.034999999999854
1608, 8.039999999999054
1609, 8.045000000000073
1610, 8.049999999999272
1611, 8.055000000000291
1612, 8.05999999999949
1613, 8.06500000000051
1614, 8.069999999999709
1615, 8.074999999998909
1616, 8.079999999999927
1617, 8.084999999999127
1618, 8.090000000000146
1619, 8.094999999999345
1620, 8.100000000000364
1621, 8.104999999999563
1622, 8.109999999998763
1623, 8.114999999999782
1624, 8.119999999998981
1625, 8.125
1626, 8.1299999999992
1627, 8.135000000000218
1628, 8.139999999999418
1629, 8.145000000000437
1630, 8.149999999999636
1631, 8.154999999998836
1632, 8.159999999999854
1633, 8.164999999999054
1634, 8.170000000000073
1635, 8.174999999999272
1636, 8.180000000000291
1637, 8.18499999999949
1638, 8.19000000000051
1639, 8.194999999999709
1640, 8.199999999998909
1641, 8.204999999999927
1642, 8.209999999999127
1643, 8.215000000000146
1644, 8.219999999999345
1645, 8.225000000000364
1646, 8.229999999999563
1647, 8.234999999998763
1648, 8.239999999999782
1649, 8.244999999998981
1650, 8.25
1651, 8.2549999999992
1652, 8.260000000000218
1653, 8.264999999999418
1654, 8.270000000000437
1655, 8.274999999999636
1656, 8.279999999998836
1657, 8.284999999999854
1658, 8.289999999999054
1659, 8.295000000000073
1660, 8.299999999999272
1661, 8.305000000000291
1662, 8.30999999999949
1663, 8.31500000000051
1664, 8.319999999999709
1665, 8.324999999998909
1666, 8.329999999999927
1667, 8.334999999999127
1668, 8.340000000000146
1669, 8.344999999999345
1670, 8.350000000000364
1671, 8.354999999999563
1672, 8.359999999998763
1673, 8.364999999999782
1674, 8.369999999998981
1675, 8.375
1676, 8.3799999999992
1677, 8.385000000000218
1678, 8.389999999999418
1679, 8.395000000000437
1680, 8.399999999999636
1681, 8.404999999998836
1682, 8.409999999999854
1683, 8.414999999999054
1684, 8.420000000000073
1685, 8.424999999999272
1686, 8.430000000000291
1687, 8.43499999999949
1688, 8.44000000000051
1689, 8.444999999999709
1690, 8.449999999998909
1691, 8.454999999999927
1692, 8.459999999999127
1693, 8.465000000000146
1694, 8.469999999999345
1695, 8.475000000000364
1696, 8.479999999999563
1697, 8.484999999998763
1698, 8.489999999999782
1699, 8.494999999998981
1700, 8.5
1701, 8.5049999999992
1702, 8.510000000000218
1703, 8.514999999999418
1704, 8.520000000000437
1705, 8.524999999999636
1706, 8.529999999998836
1707, 8.534999999999854
1708, 8.539999999999054
1709, 8.545000000000073
1710, 8.549999999999272
1711, 8.555000000000291
1712, 8.55999999999949
1713, 8.56500000000051
1714, 8.569999999999709
1715, 8.574999999998909
1716, 8.579999999999927
1717, 8.584999999999127
1718, 8.590000000000146
1719, 8.594999999999345
1720, 8.600000000000364
1721, 8.604999999999563
1722, 8.609999999998763
1723, 8.614999999999782
1724, 8.619999999998981
1725, 8.625
1726, 8.6299999999992
1727, 8.635000000000218
1728, 8.639999999999418
1729, 8.645000000000437
1730, 8.649999999999636
1731, 8.654999999998836
1732, 8.659999999999854
1733, 8.664999999999054
1734, 8.670000000000073
1735, 8.674999999999272
1736, 8.680000000000291
1737, 8.68499999999949
1738, 8.69000000000051
1739, 8.694999999999709
1740, 8.699999999998909
1741, 8.704999999999927
1742, 8.709999999999127
1743, 8.715000000000146
1744, 8.719999999999345
1745, 8.725000000000364
1746, 8.729999999999563
1747, 8.734999999998763
1748, 8.739999999999782
1749, 8.744999999998981
1750, 8.75
1751, 8.7549999999992
1752, 8.760000000000218
1753, 8.764999999999418
1754, 8.770000000000437
1755, 8.774999999999636
1756, 8.779999999998836
1757, 8.784999999999854
1758, 8.789999999999054
1759, 8.795000000000073
1760, 8.799999999999272
1761, 8.805000000000291
1762, 8.80999999999949
1763, 8.81500000000051
1764, 8.819999999999709
1765, 8.824999999998909
1766, 8.829999999999927
1767, 8.834999999999127
1768, 8.840000000000146
1769, 8.844999999999345
1770, 8.850000000000364
1771, 8.854999999999563
1772, 8.859999999998763
1773, 8.864999999999782
1774, 8.869999999998981
1775, 8.875
1776, 8.8799999999992
1777, 8.885000000000218
1778, 8.889999999999418
1779, 8.895000000000437
1780, 8.899999999999636
1781, 8.904999999998836
1782, 8.909999999999854
1783, 8.914999999999054
1784, 8.920000000000073
1785, 8.924999999999272
1786, 8.930000000000291
1787, 8.93499999999949
1788, 8.94000000000051
1789, 8.944999999999709
1790, 8.949999999998909
1791, 8.954999999999927
1792, 8.959999999999127
1793, 8.965000000000146
1794, 8.969999999999345
1795, 8.975000000000364
1796, 8.979999999999563
1797, 8.984999999998763
1798, 8.989999999999782
1799, 8.994999999998981
1800, 9.0
1801, 9.0049999999992
1802, 9.010000000000218
1803, 9.014999999999418
1804, 9.020000000000437
1805, 9.024999999999636
1806, 9.029999999998836
1807, 9.034999999999854
1808, 9.039999999999054
1809, 9.045000000000073
1810, 9.049999999999272
1811, 9.055000000000291
1812, 9.05999999999949
1813, 9.06500000000051
1814, 9.069999999999709
1815, 9.074999999998909
1816, 9.079999999999927
1817, 9.084999999999127
1818, 9.090000000000146
1819, 9.094999999999345
1820, 9.100000000000364
1821, 9.104999999999563
1822, 9.109999999998763
1823, 9.114999999999782
1824, 9.119999999998981
1825, 9.125
1826, 9.1299999999992
1827, 9.135000000000218
1828, 9.139999999999418
1829, 9.145000000000437
1830, 9.149999999999636
1831, 9.154999999998836
1832, 9.159999999999854
1833, 9.164999999999054
1834, 9.170000000000073
1835, 9.174999999999272
1836, 9.180000000000291
1837, 9.18499999999949
1838, 9.19000000000051
1839, 9.194999999999709
1840, 9.199999999998909
1841, 9.204999999999927
1842, 9.209999999999127
1843, 9.215000000000146
1844, 9.219999999999345
1845, 9.225000000000364
1846, 9.229999999999563
1847, 9.234999999998763
1848, 9.239999999999782
1849, 9.244999999998981
1850, 9.25
1851, 9.2549999999992
1852, 9.260000000000218
1853, 9.264999999999418
1854, 9.270000000000437
1855, 9.274999999999636
1856, 9.279999999998836
1857, 9.284999999999854
1858, 9.289999999999054
1859, 9.295000000000073
1860, 9.299999999999272
1861, 9.305000000000291
1862, 9.30999999999949
1863, 9.31500000000051
1864, 9.319999999999709
1865, 9.324999999998909
1866, 9.329999999999927
1867, 9.334999999999127
1868, 9.340000000000146
1869, 9.344999999999345
1870, 9.350000000000364
1871, 9.354999999999563
1872, 9.359999999998763
1873, 9.364999999999782
1874, 9.369999999998981
1875, 9.375
1876, 9.3799999999992
1877, 9.385000000000218
1878, 9.389999999999418
1879, 9.395000000000437
1880, 9.399999999999636
1881, 9.404999999998836
1882, 9.409999999999854
1883, 9.414999999999054
1884, 9.420000000000073
1885, 9.424999999999272
1886, 9.430000000000291
1887, 9.43499999999949
1888, 9.44000000000051
1889, 9.444999999999709
1890, 9.449999999998909
1891, 9.454999999999927
1892, 9.459999999999127
1893, 9.465000000000146
1894, 9.469999999999345
1895, 9.475000000000364
1896, 9.479999999999563
1897, 9.484999999998763
1898, 9.489999999999782
1899, 9.494999999998981
1900, 9.5
1901, 9.5049999999992
1946, 9.729999999999563
1947, 9.734999999998763
1948, 9.739999999999782
1949, 9.744999999998981
1950, 9.75
1951, 9.7549999999992
1952, 9.760000000000218
1953, 9.764999999999418
1954, 9.770000000000437
1955, 9.774999999999636
1956, 9.779999999998836
1957, 9.784999999999854
1958, 9.789999999999054
1959, 9.795000000000073
1960, 9.799999999999272
1961, 9.805000000000291
1962, 9.80999999999949
1963, 9.81500000000051
1964, 9.819999999999709
1965, 9.824999999998909
1966, 9.829999999999927
1967, 9.834999999999127
1968, 9.840000000000146
1969, 9.844999999999345
1970, 9.850000000000364
1971, 9.854999999999563
1972, 9.859999999998763
1973, 9.864999999999782
1974, 9.869999999998981
1975, 9.875
1976, 9.8799999999992
1977, 9.885000000000218
1978, 9.889999999999418
1979, 9.895000000000437
1980, 9.899999999999636
1981, 9.904999999998836
1982, 9.909999999999854
1983, 9.914999999999054
1984, 9.920000000000073
1985, 9.924999999999272
1986, 9.930000000000291
1987, 9.93499999999949
1988, 9.94000000000051
1989, 9.944999999999709
1990, 9.949999999998909
1991, 9.954999999999927
1992, 9.959999999999127
1993, 9.965000000000146
1994, 9.969999999999345
1995, 9.975000000000364
1996, 9.979999999999563
1997, 9.984999999998763
1998, 9.989999999999782
1999, 9.994999999998981
2000, 10.0
2001, 10.0049999999992
2002, 10.010000000000218
2003, 10.014999999999418
2004, 10.020000000000437
2005, 10.024999999999636
2006, 10.029999999998836
2007, 10.034999999999854
2008, 10.039999999999054
2009, 10.045000000000073
2010, 10.049999999999272
2011, 10.055000000000291
2012, 10.05999999999949
2013, 10.06500000000051
2014, 10.069999999999709
2015, 10.074999999998909
2016, 10.079999999999927
2017, 10.084999999999127
2018, 10.090000000000146
2019, 10.094999999999345
2020, 10.100000000000364
2021, 10.104999999999563
2022, 10.109999999998763
2023, 10.114999999999782
2024, 10.119999999998981
2025, 10.125
2026, 10.1299999999992
2027, 10.135000000000218
2028, 10.139999999999418
2029, 10.145000000000437
2030, 10.149999999999636
2031, 10.154999999998836
2032, 10.159999999999854
2033, 10.164999999999054
2034, 10.170000000000073
2035, 10.174999999999272
2036, 10.180000000000291
2037, 10.18499999999949
2038, 10.19000000000051
2039, 10.194999999999709
2040, 10.199999999998909
2041, 10.204999999999927
2042, 10.209999999999127
2043, 10.215000000000146
2044, 10.219999999999345
2045, 10.225000000000364
2046, 10.229999999999563
2047, 10.234999999998763
2048, 10.239999999999782
2049, 10.244999999998981
2050, 10.25
2051, 10.2549999999992
2052, 10.260000000000218
2053, 10.264999999999418
2054, 10.270000000000437
2055, 10.274999999999636
2056, 10.279999999998836
2057, 10.284999999999854
2058, 10.289999999999054
2059, 10.295000000000073
2060, 10.299999999999272
2061, 10.305000000000291
2062, 10.30999999999949
2063, 10.31500000000051
2064, 10.319999999999709
2065, 10.324999999998909
2066, 10.329999999999927
2067, 10.334999999999127
2068, 10.340000000000146
2069, 10.344999999999345
2070, 10.350000000000364
2071, 10.354999999999563
2072, 10.359999999998763
2073, 10.364999999999782
2074, 10.369999999998981
2075, 10.375
2076, 10.3799999999992
2077, 10.385000000000218
2078, 10.389999999999418
2079, 10.395000000000437
2080, 10.399999999999636
2081, 10.404999999998836
2082, 10.409999999999854
2083, 10.414999999999054
2084, 10.420000000000073
2085, 10.424999999999272
2086, 10.430000000000291
2087, 10.43499999999949
2088, 10.44000000000051
2089, 10.444999999999709
2090, 10.449999999998909
2091, 10.454999999999927
2092, 10.459999999999127
2093, 10.465000000000146
2094, 10.469999999999345
2095, 10.475000000000364
2096, 10.479999999999563
2097, 10.484999999998763
2098, 10.489999999999782
2099, 10.494999999998981
2100, 10.5
2101, 10.5049999999992
2102, 10.510000000000218
2103, 10.514999999999418
2104, 10.520000000000437
2105, 10.524999999999636
2106, 10.529999999998836
2107, 10.534999999999854
2108, 10.539999999999054
2109, 10.545000000000073
2110, 10.549999999999272
2111, 10.555000000000291
2112, 10.55999999999949
2113, 10.56500000000051
2114, 10.569999999999709
2115, 10.574999999998909
2116, 10.579999999999927
2117, 10.584999999999127
2118, 10.590000000000146
2119, 10.594999999999345
2120, 10.600000000000364
2121, 10.604999999999563
2122, 10.609999999998763
2123, 10.614999999999782
2124, 10.619999999998981
2125, 10.625
2126, 10.6299999999992
2127, 10.635000000000218
2128, 10.639999999999418
2129, 10.645000000000437
2130, 10.649999999999636
2131, 10.654999999998836
2132, 10.659999999999854
2133, 10.664999999999054
2134, 10.670000000000073
2135, 10.674999999999272
2136, 10.680000000000291
2137, 10.68499999999949
2138, 10.69000000000051
2139, 10.694999999999709
2140, 10.699999999998909
2141, 10.704999999999927
2142, 10.709999999999127
2143, 10.715000000000146
2144, 10.719999999999345
2145, 10.725000000000364
2146, 10.729999999999563
2147, 10.734999999998763
2148, 10.739999999999782
2149, 10.744999999998981
2150, 10.75
2151, 10.7549999999992
2152, 10.760000000000218
2153, 10.764999999999418
2154, 10.770000000000437
2155, 10.774999999999636
2156, 10.779999999998836
2157, 10.784999999999854
2158, 10.789999999999054
2159, 10.795000000000073
2160, 10.799999999999272
2161, 10.805000000000291
2162, 10.80999999999949
2163, 10.81500000000051
2164, 10.819999999999709
2165, 10.824999999998909
2166, 10.829999999999927
2167, 10.834999999999127
2168, 10.840000000000146
2169, 10.844999999999345
2170, 10.850000000000364
2171, 10.854999999999563
2172, 10.859999999998763
2173, 10.864999999999782
2174, 10.869999999998981
2175, 10.875
2176, 10.8799999999992
2177, 10.885000000000218
2178, 10.889999999999418
2179, 10.895000000000437
2180, 10.899999999999636
2181, 10.904999999998836
2182, 10.909999999999854
2183, 10.914999999999054
2184, 10.920000000000073
2185, 10.924999999999272
2186, 10.930000000000291
2187, 10.93499999999949
2188, 10.94000000000051
2189, 10.944999999999709
2190, 10.949999999998909
2191, 10.954999999999927
2192, 10.959999999999127
2193, 10.965000000000146
2194, 10.969999999999345
2195, 10.975000000000364
2196, 10.979999999999563
2197, 10.984999999998763
2198, 10.989999999999782
2199, 10.994999999998981
2200, 11.0
2201, 11.0049999999992
2202, 11.010000000000218
2203, 11.014999999999418
2204, 11.020000000000437
2205, 11.024999999999636
2206, 11.029999999998836
2207, 11.034999999999854
2208, 11.039999999999054
2209, 11.045000000000073
2210, 11.049999999999272
2211, 11.055000000000291
2212, 11.05999999999949
2213, 11.06500000000051
2214, 11.069999999999709
2215, 11.074999999998909
2216, 11.079999999999927
2217, 11.084999999999127
2218, 11.090000000000146
2219, 11.094999999999345
2220, 11.100000000000364
2221, 11.104999999999563
2222, 11.109999999998763
2223, 11.114999999999782
2224, 11.119999999998981
2225, 11.125
2226, 11.1299999999992
2227, 11.135000000000218
2228, 11.139999999999418
2229, 11.145000000000437
2230, 11.149999999999636
2231, 11.154999999998836
2232, 11.159999999999854
2233, 11.164999999999054
2234, 11.170000000000073
2235, 11.174999999999272
2236, 11.180000000000291
2237, 11.18499999999949
2238, 11.19000000000051
2239, 11.194999999999709
2240, 11.199999999998909
2241, 11.204999999999927
2242, 11.209999999999127
2243, 11.215000000000146
2244, 11.219999999999345
2245, 11.225000000000364
2246, 11.229999999999563
2247, 11.234999999998763
2248, 11.239999999999782
2249, 11.244999999998981
2250, 11.25
2251, 11.2549999999992
2252, 11.260000000000218
2253, 11.264999999999418
2254, 11.270000000000437
2255, 11.274999999999636
2256, 11.279999999998836
2257, 11.284999999999854
2258, 11.289999999999054
2259, 11.295000000000073
2260, 11.299999999999272
2261, 11.305000000000291
2262, 11.30999999999949
2263, 11.31500000000051
2264, 11.319999999999709
2265, 11.324999999998909
2266, 11.329999999999927
2267, 11.334999999999127
2268, 11.340000000000146
2269, 11.344999999999345
2270, 11.350000000000364
2271, 11.354999999999563
2272, 11.359999999998763
2273, 11.364999999999782
2274, 11.369999999998981
2275, 11.375
2276, 11.3799999999992
2277, 11.385000000000218
2278, 11.389999999999418
2279, 11.395000000000437
2280, 11.399999999999636
2281, 11.404999999998836
2282, 11.409999999999854
2283, 11.414999999999054
2284, 11.420000000000073
2285, 11.424999999999272
2286, 11.430000000000291
2287, 11.43499999999949
2288, 11.44000000000051
2289, 11.444999999999709
2290, 11.449999999998909
2291, 11.454999999999927
2292, 11.459999999999127
2293, 11.465000000000146
2294, 11.469999999999345
2295, 11.475000000000364
2296, 11.479999999999563
2297, 11.484999999998763
2298, 11.489999999999782
2299, 11.494999999998981
2300, 11.5
2301, 11.5049999999992
2302, 11.510000000000218
2303, 11.514999999999418
2304, 11.520000000000437
2305, 11.524999999999636
2306, 11.529999999998836
2307, 11.534999999999854
2308, 11.539999999999054
2309, 11.545000000000073
2310, 11.549999999999272
2311, 11.555000000000291
2312, 11.55999999999949
2313, 11.56500000000051
2314, 11.569999999999709
2315, 11.574999999998909
2316, 11.579999999999927
2317, 11.584999999999127
2318, 11.590000000000146
2319, 11.594999999999345
2320, 11.600000000000364
2321, 11.604999999999563
2322, 11.609999999998763
2323, 11.614999999999782
2324, 11.619999999998981
2325, 11.625
2326, 11.6299999999992
2327, 11.635000000000218
2328, 11.639999999999418
2329, 11.645000000000437
2330, 11.649999999999636
2331, 11.654999999998836
2332, 11.659999999999854
2333, 11.664999999999054
2334, 11.670000000000073
2335, 11.674999999999272
2336, 11.680000000000291
2337, 11.68499999999949
2338, 11.69000000000051
2339, 11.694999999999709
2340, 11.699999999998909
2341, 11.704999999999927
2342, 11.709999999999127
2343, 11.715000000000146
2344, 11.719999999999345
2345, 11.725000000000364
2346, 11.729999999999563
2347, 11.734999999998763
2348, 11.739999999999782
2349, 11.744999999998981
2350, 11.75
2351, 11.7549999999992
2352, 11.760000000000218
2353, 11.764999999999418
2354, 11.770000000000437
2355, 11.774999999999636
2356, 11.779999999998836
2357, 11.784999999999854
2358, 11.789999999999054
2359, 11.795000000000073
2360, 11.799999999999272
2361, 11.805000000000291
2362, 11.80999999999949
2363, 11.81500000000051
2364, 11.819999999999709
2365, 11.824999999998909
2366, 11.829999999999927
2367, 11.834999999999127
2368, 11.840000000000146
2369, 11.844999999999345
2370, 11.850000000000364
2371, 11.854999999999563
2372, 11.859999999998763
2373, 11.864999999999782
2374, 11.869999999998981
2375, 11.875
2376, 11.8799999999992
2377, 11.885000000000218
-1, 63.02889700000014
0, 63.03389699999934
1, 63.03889700000036
2, 63.04389699999956
3, 63.04889699999876
4, 63.05389699999978
5, 63.05889699999898
6, 63.063897
7, 63.0688969999992
8, 63.073897000000215
9, 63.078896999999415
10, 63.083897000000434
11, 63.08889699999963
12, 63.09389699999883
13, 63.09889699999985
14, 63.10389699999905
15, 63.10889700000007
16, 63.11389699999927
17, 63.11889700000029
18, 63.12389699999949
19, 63.12889700000051
20, 63.133896999999706
21, 63.138896999998906
22, 63.143896999999924
23, 63.148896999999124
24, 63.15389700000014
25, 63.15889699999934
26, 63.16389700000036
27, 63.16889699999956
28, 63.17389699999876
29, 63.17889699999978
30, 63.18389699999898
31, 63.188897
32, 63.1938969999992
33, 63.198897000000215
34, 63.203896999999415
35, 63.208897000000434
36, 63.21389699999963
37, 63.21889699999883
38, 63.22389699999985
39, 63.22889699999905
40, 63.23389700000007
41, 63.23889699999927
42, 63.24389700000029
43, 63.24889699999949
44, 63.25389700000051
45, 63.258896999999706
46, 63.263896999998906
47, 63.268896999999924
48, 63.273896999999124
49, 63.27889700000014
50, 63.28389699999934
51, 63.28889700000036
52, 63.29389699999956
53, 63.29889699999876
54, 63.30389699999978
55, 63.30889699999898
56, 63.313897
57, 63.3188969999992
58, 63.323897000000215
59, 63.328896999999415
60, 63.333897000000434
61, 63.33889699999963
62, 63.34389699999883
63, 63.34889699999985
64, 63.35389699999905
65, 63.35889700000007
66, 63.36389699999927
67, 63.36889700000029
68, 63.37389699999949
69, 63.37889700000051
70, 63.383896999999706
71, 63.388896999998906
72, 63.393896999999924
73, 63.398896999999124
74, 63.40389700000014
75, 63.40889699999934
76, 63.41389700000036
77, 63.41889699999956
78, 63.42389699999876
79, 63.42889699999978
80, 63.43389699999898
81, 63.438897
82, 63.4438969999992
83, 63.448897000000215
84, 63.453896999999415
85, 63.458897000000434
86, 63.46389699999963
87, 63.46889699999883
88, 63.47389699999985
89, 63.47889699999905
90, 63.48389700000007
91, 63.48889699999927
92, 63.49389700000029
93, 63.49889699999949
94, 63.50389700000051
95, 63.508896999999706
96, 63.513896999998906
97, 63.518896999999924
98, 63.523896999999124
99, 63.52889700000014
100, 63.53389699999934
101, 63.53889700000036
102, 63.54389699999956
103, 63.54889699999876
104, 63.55389699999978
105, 63.55889699999898
106, 63.563897
107, 63.5688969999992
108, 63.573897000000215
109, 63.578896999999415
110, 63.583897000000434
111, 63.58889699999963
112, 63.59389699999883
113, 63.59889699999985
114, 63.60389699999905
115, 63.60889700000007
116, 63.61389699999927
117, 63.61889700000029
118, 63.62389699999949
119, 63.62889700000051
120, 63.633896999999706
121, 63.638896999998906
122, 63.643896999999924
123, 63.648896999999124
124, 63.65389700000014
125, 63.65889699999934
126, 63.66389700000036
127, 63.66889699999956
128, 63.67389699999876
129, 63.67889699999978
130, 63.68389699999898
131, 63.688897
132, 63.6938969999992
133, 63.698897000000215
134, 63.703896999999415
135, 63.708897000000434
136, 63.71389699999963
137, 63.71889699999883
138, 63.72389699999985
139, 63.72889699999905
140, 63.73389700000007
141, 63.73889699999927
142, 63.74389700000029
143, 63.74889699999949
144, 63.75389700000051
145, 63.758896999999706
146, 63.763896999998906
147, 63.768896999999924
148, 63.773896999999124
149, 63.77889700000014
150, 63.78389699999934
151, 63.78889700000036
152, 63.79389699999956
153, 63.79889699999876
154, 63.80389699999978
155, 63.80889699999898
156, 63.813897
157, 63.8188969999992
158, 63.823897000000215
159, 63.828896999999415
160, 63.833897000000434
161, 63.83889699999963
162, 63.84389699999883
163, 63.84889699999985
164, 63.85389699999905
165, 63.85889700000007
166, 63.86389699999927
167, 63.86889700000029
168, 63.87389699999949
169, 63.87889700000051
170, 63.883896999999706
171, 63.888896999998906
172, 63.893896999999924
173, 63.898896999999124
174, 63.90389700000014
175, 63.90889699999934
176, 63.91389700000036
177, 63.91889699999956
178, 63.92389699999876
179, 63.92889699999978
180, 63.93389699999898
181, 63.938897
182, 63.9438969999992
183, 63.948897000000215
184, 63.953896999999415
185, 63.958897000000434
186, 63.96389699999963
187, 63.96889699999883
188, 63.97389699999985
189, 63.97889699999905
190, 63.98389700000007
191, 63.98889699999927
192, 63.99389700000029
193, 63.99889699999949
194, 64.0038970000005
195, 64.0088969999997
196, 64.0138969999989
197, 64.01889699999992
198, 64.02389699999912
199, 64.02889700000014
200, 64.03389699999934
201, 64.03889700000036
202, 64.04389699999956
203, 64.04889699999876
204, 64.05389699999978
205, 64.05889699999898
206, 64.063897
207, 64.0688969999992
208, 64.07389700000022
209, 64.07889699999942
210, 64.08389700000043
211, 64.08889699999963
212, 64.09389699999883
213, 64.09889699999985
214, 64.10389699999905
215, 64.10889700000007
216, 64.11389699999927
217, 64.11889700000029
218, 64.12389699999949
219, 64.1288970000005
220, 64.1338969999997
221, 64.1388969999989
222, 64.14389699999992
223, 64.14889699999912
224, 64.15389700000014
225, 64.15889699999934
226, 64.16389700000036
227, 64.16889699999956
228, 64.17389699999876
229, 64.17889699999978
230, 64.18389699999898
231, 64.188897
232, 64.1938969999992
233, 64.19889700000022
234, 64.20389699999942
235, 64.20889700000043
236, 64.21389699999963
237, 64.21889699999883
238, 64.22389699999985
239, 64.22889699999905
240, 64.23389700000007
241, 64.23889699999927
242, 64.24389700000029
243, 64.24889699999949
244, 64.2538970000005
245, 64.2588969999997
246, 64.2638969999989
247, 64.26889699999992
248, 64.27389699999912
249, 64.27889700000014
250, 64.28389699999934
251, 64.28889700000036
252, 64.29389699999956
253, 64.29889699999876
254, 64.30389699999978
255, 64.30889699999898
256, 64.313897
257, 64.3188969999992
258, 64.32389700000022
259, 64.32889699999942
260, 64.33389700000043
261, 64.33889699999963
262, 64.34389699999883
263, 64.34889699999985
264, 64.35389699999905
265, 64.35889700000007
266, 64.36389699999927
267, 64.36889700000029
268, 64.37389699999949
269, 64.3788970000005
270, 64.3838969999997
271, 64.3888969999989
272, 64.39389699999992
273, 64.39889699999912
274, 64.40389700000014
275, 64.40889699999934
276, 64.41389700000036
277, 64.41889699999956
278, 64.42389699999876
279, 64.42889699999978
280, 64.43389699999898
281, 64.438897
282, 64.4438969999992
283, 64.44889700000022
284, 64.45389699999942
285, 64.45889700000043
286, 64.46389699999963
287, 64.46889699999883
288, 64.47389699999985
289, 64.47889699999905
290, 64.48389700000007
291, 64.48889699999927
292, 64.49389700000029
293, 64.49889699999949
294, 64.5038970000005
295, 64.5088969999997
296, 64.5138969999989
297, 64.51889699999992
298, 64.52389699999912
299, 64.52889700000014
300, 64.53389699999934
301, 64.53889700000036
302, 64.54389699999956
303, 64.54889699999876
304, 64.55389699999978
305, 64.55889699999898
306, 64.563897
307, 64.5688969999992
308, 64.57389700000022
309, 64.57889699999942
310, 64.58389700000043
311, 64.58889699999963
312, 64.59389699999883
313, 64.59889699999985
314, 64.60389699999905
315, 64.60889700000007
316, 64.61389699999927
317, 64.61889700000029
318, 64.62389699999949
319, 64.6288970000005
320, 64.6338969999997
321, 64.6388969999989
322, 64.64389699999992
323, 64.64889699999912
324, 64.65389700000014
325, 64.65889699999934
326, 64.66389700000036
327, 64.66889699999956
328, 64.67389699999876
329, 64.67889699999978
330, 64.68389699999898
331, 64.688897
332, 64.6938969999992
333, 64.69889700000022
334, 64.70389699999942
335, 64.70889700000043
336, 64.71389699999963
337, 64.71889699999883
338, 64.72389699999985
339, 64.72889699999905
340, 64.73389700000007
341, 64.73889699999927
342, 64.74389700000029
343, 64.74889699999949
344, 64.7538970000005
345, 64.7588969999997
346, 64.7638969999989
347, 64.76889699999992
348, 64.77389699999912
349, 64.77889700000014
350, 64.78389699999934
351, 64.78889700000036
352, 64.79389699999956
353, 64.79889699999876
354, 64.80389699999978
355, 64.80889699999898
356, 64.813897
357, 64.8188969999992
358, 64.82389700000022
359, 64.82889699999942
360, 64.83389700000043
361, 64.83889699999963
362, 64.84389699999883
363, 64.84889699999985
364, 64.85389699999905
365, 64.85889700000007
366, 64.86389699999927
367, 64.86889700000029
368, 64.87389699999949
369, 64.8788970000005
370, 64.8838969999997
371, 64.8888969999989
372, 64.89389699999992
373, 64.89889699999912
374, 64.90389700000014
375, 64.90889699999934
376, 64.91389700000036
377, 64.91889699999956
378, 64.92389699999876
379, 64.92889699999978
380, 64.93389699999898
381, 64.938897
382, 64.9438969999992
383, 64.94889700000022
384, 64.95389699999942
385, 64.95889700000043
386, 64.96389699999963
387, 64.96889699999883
388, 64.97389699999985
389, 64.97889699999905
390, 64.98389700000007
391, 64.98889699999927
392, 64.99389700000029
393, 64.99889699999949
394, 65.0038970000005
395, 65.0088969999997
396, 65.0138969999989
397, 65.01889699999992
398, 65.02389699999912
399, 65.02889700000014
400, 65.03389699999934
401, 65.03889700000036
402, 65.04389699999956
403, 65.04889699999876
404, 65.05389699999978
405, 65.05889699999898
406, 65.063897
407, 65.0688969999992
408, 65.07389700000022
409, 65.07889699999942
410, 65.08389700000043
411, 65.08889699999963
412, 65.09389699999883
413, 65.09889699999985
414, 65.10389699999905
415, 65.10889700000007
416, 65.11389699999927
417, 65.11889700000029
418, 65.12389699999949
419, 65.1288970000005
420, 65.1338969999997
421, 65.1388969999989
422, 65.14389699999992
423, 65.14889699999912
424, 65.15389700000014
425, 65.15889699999934
426, 65.16389700000036
427, 65.16889699999956
428, 65.17389699999876
429, 65.17889699999978
430, 65.18389699999898
431, 65.188897
432, 65.1938969999992
433, 65.19889700000022
434, 65.20389699999942
435, 65.20889700000043
436, 65.21389699999963
437, 65.21889699999883
438, 65.22389699999985
439, 65.22889699999905
440, 65.23389700000007
441, 65.23889699999927
442, 65.24389700000029
443, 65.24889699999949
444, 65.2538970000005
445, 65.2588969999997
446, 65.2638969999989
447, 65.26889699999992
448, 65.27389699999912
449, 65.27889700000014
450, 65.28389699999934
451, 65.28889700000036
452, 65.29389699999956
453, 65.29889699999876
454, 65.30389699999978
455, 65.30889699999898
456, 65.313897
457, 65.3188969999992
458, 65.32389700000022
459, 65.32889699999942
460, 65.33389700000043
461, 65.33889699999963
462, 65.34389699999883
463, 65.34889699999985
464, 65.35389699999905
465, 65.35889700000007
466, 65.36389699999927
467, 65.36889700000029
468, 65.37389699999949
469, 65.3788970000005
470, 65.3838969999997
471, 65.3888969999989
472, 65.39389699999992
473, 65.39889699999912
474, 65.40389700000014
475, 65.40889699999934
476, 65.41389700000036
477, 65.41889699999956
478, 65.42389699999876
479, 65.42889699999978
480, 65.43389699999898
481, 65.438897
482, 65.4438969999992
483, 65.44889700000022
484, 65.45389699999942
485, 65.45889700000043
486, 65.46389699999963
487, 65.46889699999883
488, 65.47389699999985
489, 65.47889699999905
490, 65.48389700000007
491, 65.48889699999927
492, 65.49389700000029
493, 65.49889699999949
494, 65.5038970000005
495, 65.5088969999997
496, 65.5138969999989
497, 65.51889699999992
498, 65.52389699999912
499, 65.52889700000014
500, 65.53389699999934
501, 65.53889700000036
502, 65.54389699999956
503, 65.54889699999876
504, 65.55389699999978
505, 65.55889699999898
506, 65.563897
507, 65.5688969999992
508, 65.57389700000022
509, 65.57889699999942
510, 65.58389700000043
511, 65.58889699999963
512, 65.59389699999883
513, 65.59889699999985
514, 65.60389699999905
515, 65.60889700000007
516, 65.61389699999927
517, 65.61889700000029
518, 65.62389699999949
519, 65.6288970000005
520, 65.6338969999997
521, 65.6388969999989
522, 65.64389699999992
523, 65.64889699999912
524, 65.65389700000014
525, 65.65889699999934
526, 65.66389700000036
527, 65.66889699999956
528, 65.67389699999876
529, 65.67889699999978
530, 65.68389699999898
531, 65.688897
532, 65.6938969999992
533, 65.69889700000022
534, 65.70389699999942
535, 65.70889700000043
536, 65.71389699999963
537, 65.71889699999883
538, 65.72389699999985
539, 65.72889699999905
540, 65.73389700000007
541, 65.73889699999927
542, 65.74389700000029
543, 65.74889699999949
544, 65.7538970000005
545, 65.7588969999997
546, 65.7638969999989
547, 65.76889699999992
548, 65.77389699999912
549, 65.77889700000014
550, 65.78389699999934
551, 65.78889700000036
552, 65.79389699999956
553, 65.79889699999876
554, 65.80389699999978
555, 65.80889699999898
556, 65.813897
557, 65.8188969999992
558, 65.82389700000022
559, 65.82889699999942
560, 65.83389700000043
561, 65.83889699999963
562, 65.84389699999883
563, 65.84889699999985
564, 65.85389699999905
565, 65.85889700000007
566, 65.86389699999927
567, 65.86889700000029
568, 65.87389699999949
569, 65.8788970000005
570, 65.8838969999997
571, 65.8888969999989
572, 65.89389699999992
573, 65.89889699999912
574, 65.90389700000014
575, 65.90889699999934
576, 65.91389700000036
577, 65.91889699999956
578, 65.92389699999876
579, 65.92889699999978
580, 65.93389699999898
581, 65.938897
582, 65.9438969999992
583, 65.94889700000022
584, 65.95389699999942
585, 65.95889700000043
586, 65.96389699999963
587, 65.96889699999883
588, 65.97389699999985
589, 65.97889699999905
590, 65.98389700000007
591, 65.98889699999927
592, 65.99389700000029
593, 65.99889699999949
594, 66.0038970000005
595, 66.0088969999997
596, 66.0138969999989
597, 66.01889699999992
598, 66.02389699999912
599, 66.02889700000014
600, 66.03389699999934
601, 66.03889700000036
602, 66.04389699999956
603, 66.04889699999876
604, 66.05389699999978
605, 66.05889699999898
606, 66.063897
607, 66.0688969999992
608, 66.07389700000022
609, 66.07889699999942
610, 66.08389700000043
611, 66.08889699999963
612, 66.09389699999883
613, 66.09889699999985
614, 66.10389699999905
615, 66.10889700000007
616, 66.11389699999927
617, 66.11889700000029
618, 66.12389699999949
619, 66.1288970000005
620, 66.1338969999997
621, 66.1388969999989
622, 66.14389699999992
623, 66.14889699999912
624, 66.15389700000014
625, 66.15889699999934
626, 66.16389700000036
627, 66.16889699999956
628, 66.17389699999876
629, 66.17889699999978
630, 66.18389699999898
631, 66.188897
632, 66.1938969999992
633, 66.19889700000022
634, 66.20389699999942
635, 66.20889700000043
636, 66.21389699999963
637, 66.21889699999883
638, 66.22389699999985
639, 66.22889699999905
640, 66.23389700000007
641, 66.23889699999927
642, 66.24389700000029
643, 66.24889699999949
644, 66.2538970000005
645, 66.2588969999997
646, 66.2638969999989
647, 66.26889699999992
648, 66.27389699999912
649, 66.27889700000014
650, 66.28389699999934
651, 66.28889700000036
652, 66.29389699999956
653, 66.29889699999876
654, 66.30389699999978
655, 66.30889699999898
656, 66.313897
657, 66.3188969999992
658, 66.32389700000022
659, 66.32889699999942
660, 66.33389700000043
661, 66.33889699999963
662, 66.34389699999883
663, 66.34889699999985
664, 66.35389699999905
665, 66.35889700000007
666, 66.36389699999927
667, 66.36889700000029
668, 66.37389699999949
669, 66.3788970000005
670, 66.3838969999997
671, 66.3888969999989
672, 66.39389699999992
673, 66.39889699999912
674, 66.40389700000014
675, 66.40889699999934
676, 66.41389700000036
677, 66.41889699999956
678, 66.42389699999876
679, 66.42889699999978
680, 66.43389699999898
681, 66.438897
682, 66.4438969999992
683, 66.44889700000022
684, 66.45389699999942
685, 66.45889700000043
686, 66.46389699999963
687, 66.46889699999883
688, 66.47389699999985
689, 66.47889699999905
690, 66.48389700000007
691, 66.48889699999927
692, 66.49389700000029
693, 66.49889699999949
694, 66.5038970000005
695, 66.5088969999997
696, 66.5138969999989
697, 66.51889699999992
698, 66.52389699999912
699, 66.52889700000014
700, 66.53389699999934
701, 66.53889700000036
702, 66.54389699999956
703, 66.54889699999876
704, 66.55389699999978
705, 66.55889699999898
706, 66.563897
707, 66.5688969999992
708, 66.57389700000022
709, 66.57889699999942
710, 66.58389700000043
711, 66.58889699999963
712, 66.59389699999883
713, 66.59889699999985
714, 66.60389699999905
715, 66.60889700000007
716, 66.61389699999927
717, 66.61889700000029
718, 66.62389699999949
719, 66.6288970000005
720, 66.6338969999997
721, 66.6388969999989
722, 66.64389699999992
723, 66.64889699999912
724, 66.65389700000014
725, 66.65889699999934
726, 66.66389700000036
727, 66.66889699999956
728, 66.67389699999876
729, 66.67889699999978
730, 66.68389699999898
731, 66.688897
732, 66.6938969999992
733, 66.69889700000022
734, 66.70389699999942
735, 66.70889700000043
736, 66.71389699999963
737, 66.71889699999883
738, 66.72389699999985
739, 66.72889699999905
740, 66.73389700000007
741, 66.73889699999927
742, 66.74389700000029
743, 66.74889699999949
744, 66.7538970000005
745, 66.7588969999997
746, 66.7638969999989
747, 66.76889699999992
748, 66.77389699999912
749, 66.77889700000014
750, 66.78389699999934
751, 66.78889700000036
752, 66.79389699999956
753, 66.79889699999876
754, 66.80389699999978
755, 66.80889699999898
756, 66.813897
757, 66.8188969999992
758, 66.82389700000022
759, 66.82889699999942
760, 66.83389700000043
761, 66.83889699999963
762, 66.84389699999883
763, 66.84889699999985
764, 66.85389699999905
765, 66.85889700000007
766, 66.86389699999927
767, 66.86889700000029
768, 66.87389699999949
769, 66.8788970000005
770, 66.8838969999997
771, 66.8888969999989
772, 66.89389699999992
773, 66.89889699999912
774, 66.90389700000014
775, 66.90889699999934
776, 66.91389700000036
777, 66.91889699999956
778, 66.92389699999876
779, 66.92889699999978
780, 66.93389699999898
781, 66.938897
782, 66.9438969999992
783, 66.94889700000022
784, 66.95389699999942
785, 66.95889700000043
786, 66.96389699999963
787, 66.96889699999883
788, 66.97389699999985
789, 66.97889699999905
790, 66.98389700000007
791, 66.98889699999927
792, 66.99389700000029
793, 66.99889699999949
794, 67.0038970000005
795, 67.0088969999997
796, 67.0138969999989
797, 67.01889699999992
798, 67.02389699999912
799, 67.02889700000014
800, 67.03389699999934
801, 67.03889700000036
802, 67.04389699999956
803, 67.04889699999876
804, 67.05389699999978
805, 67.05889699999898
806, 67.063897
807, 67.0688969999992
808, 67.07389700000022
809, 67.07889699999942
810, 67.08389700000043
811, 67.08889699999963
812, 67.09389699999883
813, 67.09889699999985
814, 67.10389699999905
815, 67.10889700000007
816, 67.11389699999927
817, 67.11889700000029
818, 67.12389699999949
819, 67.1288970000005
820, 67.1338969999997
821, 67.1388969999989
822, 67.14389699999992
823, 67.14889699999912
824, 67.15389700000014
825, 67.15889699999934
826, 67.16389700000036
827, 67.16889699999956
828, 67.17389699999876
829, 67.17889699999978
830, 67.18389699999898
831, 67.188897
832, 67.1938969999992
833, 67.19889700000022
834, 67.20389699999942
835, 67.20889700000043
836, 67.21389699999963
837, 67.21889699999883
838, 67.22389699999985
839, 67.22889699999905
840, 67.23389700000007
841, 67.23889699999927
842, 67.24389700000029
843, 67.24889699999949
844, 67.2538970000005
845, 67.2588969999997
846, 67.2638969999989
847, 67.26889699999992
848, 67.27389699999912
849, 67.27889700000014
850, 67.28389699999934
851, 67.28889700000036
852, 67.29389699999956
853, 67.29889699999876
854, 67.30389699999978
855, 67.30889699999898
856, 67.313897
857, 67.3188969999992
858, 67.32389700000022
859, 67.32889699999942
860, 67.33389700000043
861, 67.33889699999963
862, 67.34389699999883
863, 67.34889699999985
864, 67.35389699999905
865, 67.35889700000007
866, 67.36389699999927
867, 67.36889700000029
868, 67.37389699999949
869, 67.3788970000005
870, 67.3838969999997
871, 67.3888969999989
872, 67.39389699999992
873, 67.39889699999912
874, 67.40389700000014
875, 67.40889699999934
876, 67.41389700000036
877, 67.41889699999956
878, 67.42389699999876
879, 67.42889699999978
880, 67.43389699999898
881, 67.438897
882, 67.4438969999992
883, 67.44889700000022
884, 67.45389699999942
885, 67.45889700000043
886, 67.46389699999963
887, 67.46889699999883
888, 67.47389699999985
889, 67.47889699999905
890, 67.48389700000007
891, 67.48889699999927
892, 67.49389700000029
893, 67.49889699999949
894, 67.5038970000005
895, 67.5088969999997
896, 67.5138969999989
897, 67.51889699999992
898, 67.52389699999912
899, 67.52889700000014
900, 67.53389699999934
901, 67.53889700000036
902, 67.54389699999956
903, 67.54889699999876
904, 67.55389699999978
905, 67.55889699999898
906, 67.563897
907, 67.5688969999992
908, 67.57389700000022
909, 67.57889699999942
910, 67.58389700000043
911, 67.58889699999963
912, 67.59389699999883
913, 67.59889699999985
914, 67.60389699999905
915, 67.60889700000007
916, 67.61389699999927
917, 67.61889700000029
918, 67.62389699999949
919, 67.6288970000005
920, 67.6338969999997
921, 67.6388969999989
922, 67.64389699999992
923, 67.64889699999912
924, 67.65389700000014
925, 67.65889699999934
926, 67.66389700000036
927, 67.66889699999956
928, 67.67389699999876
929, 67.67889699999978
930, 67.68389699999898
931, 67.688897
932, 67.6938969999992
933, 67.69889700000022
934, 67.70389699999942
935, 67.70889700000043
936, 67.71389699999963
937, 67.71889699999883
938, 67.72389699999985
939, 67.72889699999905
940, 67.73389700000007
941, 67.73889699999927
942, 67.74389700000029
943, 67.74889699999949
944, 67.7538970000005
945, 67.7588969999997
946, 67.7638969999989
947, 67.76889699999992
948, 67.77389699999912
949, 67.77889700000014
950, 67.78389699999934
951, 67.78889700000036
952, 67.79389699999956
953, 67.79889699999876
954, 67.80389699999978
955, 67.80889699999898
956, 67.813897
957, 67.8188969999992
958, 67.82389700000022
959, 67.82889699999942
960, 67.83389700000043
961, 67.83889699999963
962, 67.84389699999883
963, 67.84889699999985
964, 67.85389699999905
965, 67.85889700000007
966, 67.86389699999927
967, 67.86889700000029
968, 67.87389699999949
969, 67.8788970000005
970, 67.8838969999997
971, 67.8888969999989
972, 67.89389699999992
973, 67.89889699999912
974, 67.90389700000014
975, 67.90889699999934
976, 67.91389700000036
977, 67.91889699999956
978, 67.92389699999876
979, 67.92889699999978
980, 67.93389699999898
981, 67.938897
982, 67.9438969999992
983, 67.94889700000022
984, 67.95389699999942
985, 67.95889700000043
986, 67.96389699999963
987, 67.96889699999883
988, 67.97389699999985
989, 67.97889699999905
990, 67.98389700000007
991, 67.98889699999927
992, 67.99389700000029
993, 67.99889699999949
994, 68.0038970000005
995, 68.0088969999997
996, 68.0138969999989
997, 68.01889699999992
998, 68.02389699999912
999, 68.02889700000014
1000, 68.03389699999934
1001, 68.03889700000036
1002, 68.04389699999956
1003, 68.04889699999876
1004, 68.05389699999978
1005, 68.05889699999898
1006, 68.063897
1007, 68.0688969999992
1008, 68.07389700000022
1009, 68.07889699999942
1010, 68.08389700000043
1011, 68.08889699999963
1012, 68.09389699999883
1013, 68.09889699999985
1014, 68.10389699999905
1015, 68.10889700000007
1016, 68.11389699999927
1017, 68.11889700000029
1018, 68.12389699999949
1019, 68.1288970000005
1020, 68.1338969999997
1021, 68.1388969999989
1022, 68.14389699999992
1023, 68.14889699999912
1024, 68.15389700000014
1025, 68.15889699999934
1026, 68.16389700000036
1027, 68.16889699999956
1028, 68.17389699999876
1029, 68.17889699999978
1030, 68.18389699999898
1031, 68.188897
1032, 68.1938969999992
1033, 68.19889700000022
1034, 68.20389699999942
1035, 68.20889700000043
1036, 68.21389699999963
1037, 68.21889699999883
1038, 68.22389699999985
1039, 68.22889699999905
1040, 68.23389700000007
1041, 68.23889699999927
1042, 68.24389700000029
1043, 68.24889699999949
1044, 68.2538970000005
1045, 68.2588969999997
1046, 68.2638969999989
1047, 68.26889699999992
1048, 68.27389699999912
1049, 68.27889700000014
1050, 68.28389699999934
1051, 68.28889700000036
1052, 68.29389699999956
1053, 68.29889699999876
1054, 68.30389699999978
1055, 68.30889699999898
1056, 68.313897
1057, 68.3188969999992
1058, 68.32389700000022
1059, 68.32889699999942
1060, 68.33389700000043
1061, 68.33889699999963
1062, 68.34389699999883
1063, 68.34889699999985
1064, 68.35389699999905
1065, 68.35889700000007
1066, 68.36389699999927
1067, 68.36889700000029
1068, 68.37389699999949
1069, 68.3788970000005
1070, 68.3838969999997
1071, 68.3888969999989
1072, 68.39389699999992
1073, 68.39889699999912
1074, 68.40389700000014
1075, 68.40889699999934
1076, 68.41389700000036
1077, 68.41889699999956
1078, 68.42389699999876
1079, 68.42889699999978
1080, 68.43389699999898
1081, 68.438897
1082, 68.4438969999992
1083, 68.44889700000022
1084, 68.45389699999942
1085, 68.45889700000043
1086, 68.46389699999963
1087, 68.46889699999883
1088, 68.47389699999985
1089, 68.47889699999905
1090, 68.48389700000007
1091, 68.48889699999927
1092, 68.49389700000029
1093, 68.49889699999949
1094, 68.5038970000005
1095, 68.5088969999997
1096, 68.5138969999989
1097, 68.51889699999992
1098, 68.52389699999912
1099, 68.52889700000014
1100, 68.53389699999934
1101, 68.53889700000036
1102, 68.54389699999956
1103, 68.54889699999876
1104, 68.55389699999978
1105, 68.55889699999898
1106, 68.563897
1107, 68.5688969999992
1108, 68.57389700000022
1109, 68.57889699999942
1110, 68.58389700000043
1111, 68.58889699999963
1112, 68.59389699999883
1113, 68.59889699999985
1114, 68.60389699999905
1115, 68.60889700000007
1116, 68.61389699999927
1117, 68.61889700000029
1118, 68.62389699999949
1119, 68.6288970000005
1120, 68.6338969999997
1121, 68.6388969999989
1122, 68.64389699999992
1123, 68.64889699999912
1124, 68.65389700000014
1125, 68.65889699999934
1126, 68.66389700000036
1127, 68.66889699999956
1128, 68.67389699999876
1129, 68.67889699999978
1130, 68.68389699999898
1131, 68.688897
1132, 68.6938969999992
1133, 68.69889700000022
1134, 68.70389699999942
1135, 68.70889700000043
1136, 68.71389699999963
1137, 68.71889699999883
1138, 68.72389699999985
1139, 68.72889699999905
1140, 68.73389700000007
1141, 68.73889699999927
1142, 68.74389700000029
1143, 68.74889699999949
1144, 68.7538970000005
1145, 68.7588969999997
1146, 68.7638969999989
1147, 68.76889699999992
1148, 68.77389699999912
1149, 68.77889700000014
1150, 68.78389699999934
1151, 68.78889700000036
1152, 68.79389699999956
1153, 68.79889699999876
1154, 68.80389699999978
1155, 68.80889699999898
1156, 68.813897
1157, 68.8188969999992
1158, 68.82389700000022
1159, 68.82889699999942
1160, 68.83389700000043
1161, 68.83889699999963
1162, 68.84389699999883
1163, 68.84889699999985
1164, 68.85389699999905
1165, 68.85889700000007
1166, 68.86389699999927
1167, 68.86889700000029
1168, 68.87389699999949
1169, 68.8788970000005
1170, 68.8838969999997
1171, 68.8888969999989
1172, 68.89389699999992
1173, 68.89889699999912
1174, 68.90389700000014
1175, 68.90889699999934
1176, 68.91389700000036
1177, 68.91889699999956
1178, 68.92389699999876
1179, 68.92889699999978
1180, 68.93389699999898
1181, 68.938897
1182, 68.9438969999992
1183, 68.94889700000022
1184, 68.95389699999942
1185, 68.95889700000043
1186, 68.96389699999963
1187, 68.96889699999883
1188, 68.97389699999985
1189, 68.97889699999905
1190, 68.98389700000007
1191, 68.98889699999927
1192, 68.99389700000029
1193, 68.99889699999949
1194, 69.0038970000005
1195, 69.0088969999997
1196, 69.0138969999989
1197, 69.01889699999992
1198, 69.02389699999912
1199, 69.02889700000014
1200, 69.03389699999934
1201, 69.03889700000036
1202, 69.04389699999956
1203, 69.04889699999876
1204, 69.05389699999978
1205, 69.05889699999898
1206, 69.063897
1207, 69.0688969999992
1208, 69.07389700000022
1209, 69.07889699999942
1210, 69.08389700000043
1211, 69.08889699999963
1212, 69.09389699999883
1213, 69.09889699999985
1214, 69.10389699999905
1215, 69.10889700000007
1216, 69.11389699999927
1217, 69.11889700000029
1218, 69.12389699999949
1219, 69.1288970000005
1220, 69.1338969999997
1221, 69.1388969999989
1222, 69.14389699999992
1223, 69.14889699999912
1224, 69.15389700000014
1225, 69.15889699999934
1226, 69.16389700000036
1227, 69.16889699999956
1228, 69.17389699999876
1229, 69.17889699999978
1230, 69.18389699999898
1231, 69.188897
1232, 69.1938969999992
1233, 69.19889700000022
1234, 69.20389699999942
1235, 69.20889700000043
1236, 69.21389699999963
1237, 69.21889699999883
1238, 69.22389699999985
1239, 69.22889699999905
1240, 69.23389700000007
1241, 69.23889699999927
1242, 69.24389700000029
1243, 69.24889699999949
1244, 69.2538970000005
1245, 69.2588969999997
1246, 69.2638969999989
1247, 69.26889699999992
1248, 69.27389699999912
1249, 69.27889700000014
1250, 69.28389699999934
1251, 69.28889700000036
1252, 69.29389699999956
1253, 69.29889699999876
1254, 69.30389699999978
1255, 69.30889699999898
1256, 69.313897
1257, 69.3188969999992
1258, 69.32389700000022
1259, 69.32889699999942
1260, 69.33389700000043
1261, 69.33889699999963
1262, 69.34389699999883
1263, 69.34889699999985
1264, 69.35389699999905
1265, 69.35889700000007
1266, 69.36389699999927
1267, 69.36889700000029
1268, 69.37389699999949
1269, 69.3788970000005
1270, 69.3838969999997
1271, 69.3888969999989
1272, 69.39389699999992
1273, 69.39889699999912
1274, 69.40389700000014
1275, 69.40889699999934
1276, 69.41389700000036
1277, 69.41889699999956
1278, 69.42389699999876
1279, 69.42889699999978
1280, 69.43389699999898
1281, 69.438897
1282, 69.4438969999992
1283, 69.44889700000022
1284, 69.45389699999942
1285, 69.45889700000043
1286, 69.46389699999963
1287, 69.46889699999883
1288, 69.47389699999985
1289, 69.47889699999905
1290, 69.48389700000007
1291, 69.48889699999927
1292, 69.49389700000029
1293, 69.49889699999949
1294, 69.5038970000005
1295, 69.5088969999997
1296, 69.5138969999989
1297, 69.51889699999992
1298, 69.52389699999912
1299, 69.52889700000014
1300, 69.53389699999934
1301, 69.53889700000036
1302, 69.54389699999956
1303, 69.54889699999876
1304, 69.55389699999978
1305, 69.55889699999898
1306, 69.563897
1307, 69.5688969999992
1308, 69.57389700000022
1309, 69.57889699999942
1310, 69.58389700000043
1311, 69.58889699999963
1312, 69.59389699999883
1313, 69.59889699999985
1314, 69.60389699999905
1315, 69.60889700000007
1316, 69.61389699999927
1317, 69.61889700000029
1318, 69.62389699999949
1319, 69.6288970000005
1320, 69.6338969999997
1321, 69.6388969999989
1322, 69.64389699999992
1323, 69.64889699999912
1324, 69.65389700000014
1325, 69.65889699999934
1326, 69.66389700000036
1327, 69.66889699999956
1328, 69.67389699999876
1329, 69.67889699999978
1330, 69.68389699999898
1331, 69.688897
1332, 69.6938969999992
1333, 69.69889700000022
1334, 69.70389699999942
1335, 69.70889700000043
1336, 69.71389699999963
1337, 69.71889699999883
1338, 69.72389699999985
1339, 69.72889699999905
1340, 69.73389700000007
1341, 69.73889699999927
1342, 69.74389700000029
1343, 69.74889699999949
1344, 69.7538970000005
1345, 69.7588969999997
1346, 69.7638969999989
1347, 69.76889699999992
1348, 69.77389699999912
1349, 69.77889700000014
1350, 69.78389699999934
1351, 69.78889700000036
1352, 69.79389699999956
1353, 69.79889699999876
1354, 69.80389699999978
1355, 69.80889699999898
1356, 69.813897
1357, 69.8188969999992
1358, 69.82389700000022
1359, 69.82889699999942
1360, 69.83389700000043
1361, 69.83889699999963
1362, 69.84389699999883
1363, 69.84889699999985
1364, 69.85389699999905
1365, 69.85889700000007
1366, 69.86389699999927
1367, 69.86889700000029
1368, 69.87389699999949
1369, 69.8788970000005
1370, 69.8838969999997
1371, 69.8888969999989
1372, 69.89389699999992
1373, 69.89889699999912
1374, 69.90389700000014
1375, 69.90889699999934
1376, 69.91389700000036
1377, 69.91889699999956
1378, 69.92389699999876
1379, 69.92889699999978
1380, 69.93389699999898
1381, 69.938897
1382, 69.9438969999992
1383, 69.94889700000022
1384, 69.95389699999942
1385, 69.95889700000043
1386, 69.96389699999963
1387, 69.96889699999883
1388, 69.97389699999985
1389, 69.97889699999905
1390, 69.98389700000007
1391, 69.98889699999927
1392, 69.99389700000029
1393, 69.99889699999949
1394, 70.0038970000005
1395, 70.0088969999997
1396, 70.0138969999989
1397, 70.01889699999992
1398, 70.02389699999912
1399, 70.02889700000014
1400, 70.03389699999934
1401, 70.03889700000036
1402, 70.04389699999956
1403, 70.04889699999876
1404, 70.05389699999978
1405, 70.05889699999898
1406, 70.063897
1407, 70.0688969999992
1408, 70.07389700000022
1409, 70.07889699999942
1410, 70.08389700000043
1411, 70.08889699999963
1412, 70.09389699999883
1413, 70.09889699999985
1414, 70.10389699999905
1415, 70.10889700000007
1416, 70.11389699999927
1417, 70.11889700000029
1418, 70.12389699999949
1419, 70.1288970000005
1420, 70.1338969999997
1421, 70.1388969999989
1422, 70.14389699999992
1423, 70.14889699999912
1424, 70.15389700000014
1425, 70.15889699999934
1426, 70.16389700000036
1427, 70.16889699999956
1428, 70.17389699999876
1429, 70.17889699999978
1430, 70.18389699999898
1431, 70.188897
1432, 70.1938969999992
1433, 70.19889700000022
1434, 70.20389699999942
1435, 70.20889700000043
1436, 70.21389699999963
1437, 70.21889699999883
1438, 70.22389699999985
1439, 70.22889699999905
1440, 70.23389700000007
1441, 70.23889699999927
1442, 70.24389700000029
1443, 70.24889699999949
1444, 70.2538970000005
1445, 70.2588969999997
1446, 70.2638969999989
1447, 70.26889699999992
1448, 70.27389699999912
1449, 70.27889700000014
1450, 70.28389699999934
1451, 70.28889700000036
1452, 70.29389699999956
1453, 70.29889699999876
1454, 70.30389699999978
1455, 70.30889699999898
1456, 70.313897
1457, 70.3188969999992
1458, 70.32389700000022
1459, 70.32889699999942
1460, 70.33389700000043
1461, 70.33889699999963
1462, 70.34389699999883
1463, 70.34889699999985
1464, 70.35389699999905
1465, 70.35889700000007
1466, 70.36389699999927
1467, 70.36889700000029
1468, 70.37389699999949
1469, 70.3788970000005
1470, 70.3838969999997
1471, 70.3888969999989
1472, 70.39389699999992
1473, 70.39889699999912
1474, 70.40389700000014
1475, 70.40889699999934
1476, 70.41389700000036
1477, 70.41889699999956
1478, 70.42389699999876
1479, 70.42889699999978
1480, 70.43389699999898
1481, 70.438897
1482, 70.4438969999992
1483, 70.44889700000022
1484, 70.45389699999942
1485, 70.45889700000043
1486, 70.46389699999963
1487, 70.46889699999883
1488, 70.47389699999985
1489, 70.47889699999905
1490, 70.48389700000007
1491, 70.48889699999927
1492, 70.49389700000029
1493, 70.49889699999949
1494, 70.5038970000005
1495, 70.5088969999997
1496, 70.5138969999989
1497, 70.51889699999992
1498, 70.52389699999912
1499, 70.52889700000014
1500, 70.53389699999934
1501, 70.53889700000036
1502, 70.54389699999956
1503, 70.54889699999876
1504, 70.55389699999978
1505, 70.55889699999898
1506, 70.563897
1507, 70.5688969999992
1508, 70.57389700000022
1509, 70.57889699999942
1510, 70.58389700000043
1511, 70.58889699999963
1512, 70.59389699999883
1513, 70.59889699999985
1514, 70.60389699999905
1515, 70.60889700000007
1516, 70.61389699999927
1517, 70.61889700000029
1518, 70.62389699999949
1519, 70.6288970000005
1520, 70.6338969999997
1521, 70.6388969999989
1522, 70.64389699999992
1523, 70.64889699999912
1524, 70.65389700000014
1525, 70.65889699999934
1526, 70.66389700000036
1527, 70.66889699999956
1528, 70.67389699999876
1529, 70.67889699999978
1530, 70.68389699999898
1531, 70.688897
1532, 70.6938969999992
1533, 70.69889700000022
1534, 70.70389699999942
1535, 70.70889700000043
1536, 70.71389699999963
1537, 70.71889699999883
1538, 70.72389699999985
1539, 70.72889699999905
1540, 70.73389700000007
1541, 70.73889699999927
1542, 70.74389700000029
1543, 70.74889699999949
1544, 70.7538970000005
1545, 70.7588969999997
1546, 70.7638969999989
1547, 70.76889699999992
1548, 70.77389699999912
1549, 70.77889700000014
1550, 70.78389699999934
1551, 70.78889700000036
1552, 70.79389699999956
1553, 70.79889699999876
1554, 70.80389699999978
1555, 70.80889699999898
1556, 70.813897
1557, 70.8188969999992
1558, 70.82389700000022
1559, 70.82889699999942
1560, 70.83389700000043
1561, 70.83889699999963
1562, 70.84389699999883
1563, 70.84889699999985
1564, 70.85389699999905
1565, 70.85889700000007
1566, 70.86389699999927
1567, 70.86889700000029
1568, 70.87389699999949
1569, 70.8788970000005
1570, 70.8838969999997
1571, 70.8888969999989
1572, 70.89389699999992
1573, 70.89889699999912
1574, 70.90389700000014
1575, 70.90889699999934
1576, 70.91389700000036
1577, 70.91889699999956
1578, 70.92389699999876
1579, 70.92889699999978
1580, 70.93389699999898
1581, 70.938897
1582, 70.9438969999992
1583, 70.94889700000022
1584, 70.95389699999942
1585, 70.95889700000043
1586, 70.96389699999963
1587, 70.96889699999883
1588, 70.97389699999985
1589, 70.97889699999905
1590, 70.98389700000007
1591, 70.98889699999927
1592, 70.99389700000029
1593, 70.99889699999949
1594, 71.0038970000005
1595, 71.0088969999997
1596, 71.0138969999989
1597, 71.01889699999992
1598, 71.02389699999912
1599, 71.02889700000014
1600, 71.03389699999934
1601, 71.03889700000036
1602, 71.04389699999956
1603, 71.04889699999876
1604, 71.05389699999978
1605, 71.05889699999898
1606, 71.063897
1607, 71.0688969999992
1608, 71.07389700000022
1609, 71.07889699999942
1610, 71.08389700000043
1611, 71.08889699999963
1612, 71.09389699999883
1613, 71.09889699999985
1614, 71.10389699999905
1615, 71.10889700000007
1616, 71.11389699999927
1617, 71.11889700000029
1618, 71.12389699999949
1619, 71.1288970000005
1620, 71.1338969999997
1621, 71.1388969999989
1622, 71.14389699999992
1623, 71.14889699999912
1624, 71.15389700000014
1625, 71.15889699999934
1626, 71.16389700000036
1627, 71.16889699999956
1628, 71.17389699999876
1629, 71.17889699999978
1630, 71.18389699999898
1631, 71.188897
1632, 71.1938969999992
1633, 71.19889700000022
1634, 71.20389699999942
1635, 71.20889700000043
1636, 71.21389699999963
1637, 71.21889699999883
1638, 71.22389699999985
1639, 71.22889699999905
1640, 71.23389700000007
1641, 71.23889699999927
1642, 71.24389700000029
1643, 71.24889699999949
1644, 71.2538970000005
1645, 71.2588969999997
1646, 71.2638969999989
1647, 71.26889699999992
1648, 71.27389699999912
1649, 71.27889700000014
1650, 71.28389699999934
1651, 71.28889700000036
1652, 71.29389699999956
1653, 71.29889699999876
1654, 71.30389699999978
1655, 71.30889699999898
1656, 71.313897
1657, 71.3188969999992
1658, 71.32389700000022
1659, 71.32889699999942
1660, 71.33389700000043
1661, 71.33889699999963
1662, 71.34389699999883
1663, 71.34889699999985
1664, 71.35389699999905
1665, 71.35889700000007
1666, 71.36389699999927
1667, 71.36889700000029
1668, 71.37389699999949
1669, 71.3788970000005
1670, 71.3838969999997
1671, 71.3888969999989
1672, 71.39389699999992
1673, 71.39889699999912
1674, 71.40389700000014
1675, 71.40889699999934
1676, 71.41389700000036
1677, 71.41889699999956
1678, 71.42389699999876
1679, 71.42889699999978
1680, 71.43389699999898
1681, 71.438897
1682, 71.4438969999992
1683, 71.44889700000022
1684, 71.45389699999942
1685, 71.45889700000043
1686, 71.46389699999963
1687, 71.46889699999883
1688, 71.47389699999985
1689, 71.47889699999905
1690, 71.48389700000007
1691, 71.48889699999927
1692, 71.49389700000029
1693, 71.49889699999949
1694, 71.5038970000005
1695, 71.5088969999997
1696, 71.5138969999989
1697, 71.51889699999992
1698, 71.52389699999912
1699, 71.52889700000014
1700, 71.53389699999934
1701, 71.53889700000036
1702, 71.54389699999956
1703, 71.54889699999876
1704, 71.55389699999978
1705, 71.55889699999898
1706, 71.563897
1707, 71.5688969999992
1708, 71.57389700000022
1709, 71.57889699999942
1710, 71.58389700000043
1711, 71.58889699999963
1712, 71.59389699999883
1713, 71.59889699999985
1714, 71.60389699999905
1715, 71.60889700000007
1716, 71.61389699999927
1717, 71.61889700000029
1718, 71.62389699999949
1719, 71.6288970000005
1720, 71.6338969999997
1721, 71.6388969999989
1722, 71.64389699999992
1723, 71.64889699999912
1724, 71.65389700000014
1725, 71.65889699999934
1726, 71.66389700000036
1727, 71.66889699999956
1728, 71.67389699999876
1729, 71.67889699999978
1730, 71.68389699999898
1731, 71.688897
1732, 71.6938969999992
1733, 71.69889700000022
1734, 71.70389699999942
1735, 71.70889700000043
1736, 71.71389699999963
1737, 71.71889699999883
1738, 71.72389699999985
1739, 71.72889699999905
1740, 71.73389700000007
1741, 71.73889699999927
1742, 71.74389700000029
1743, 71.74889699999949
1744, 71.7538970000005
1745, 71.7588969999997
1746, 71.7638969999989
1747, 71.76889699999992
1748, 71.77389699999912
1749, 71.77889700000014
1750, 71.78389699999934
1751, 71.78889700000036
1752, 71.79389699999956
1753, 71.79889699999876
1754, 71.80389699999978
1755, 71.80889699999898
1756, 71.813897
1757, 71.8188969999992
1758, 71.82389700000022
1759, 71.82889699999942
1760, 71.83389700000043
1761, 71.83889699999963
1762, 71.84389699999883
1763, 71.84889699999985
1764, 71.85389699999905
1765, 71.85889700000007
1766, 71.86389699999927
1767, 71.86889700000029
1768, 71.87389699999949
1769, 71.8788970000005
1770, 71.8838969999997
1771, 71.8888969999989
1772, 71.89389699999992
1773, 71.89889699999912
1774, 71.90389700000014
1775, 71.90889699999934
1776, 71.91389700000036
1777, 71.91889699999956
1778, 71.92389699999876
1779, 71.92889699999978
1780, 71.93389699999898
1781, 71.938897
1782, 71.9438969999992
1783, 71.94889700000022
1784, 71.95389699999942
1785, 71.95889700000043
1786, 71.96389699999963
1787, 71.96889699999883
1788, 71.97389699999985
1789, 71.97889699999905
1790, 71.98389700000007
1791, 71.98889699999927
1792, 71.99389700000029
1793, 71.99889699999949
1794, 72.0038970000005
1795, 72.0088969999997
1796, 72.0138969999989
1797, 72.01889699999992
1798, 72.02389699999912
1799, 72.02889700000014
1800, 72.03389699999934
1801, 72.03889700000036
1802, 72.04389699999956
1803, 72.04889699999876
1804, 72.05389699999978
1805, 72.05889699999898
1806, 72.063897
1807, 72.0688969999992
1808, 72.07389700000022
1809, 72.07889699999942
1810, 72.08389700000043
1811, 72.08889699999963
1812, 72.09389699999883
1813, 72.09889699999985
1814, 72.10389699999905
1815, 72.10889700000007
1816, 72.11389699999927
1817, 72.11889700000029
1818, 72.12389699999949
1819, 72.1288970000005
1820, 72.1338969999997
1821, 72.1388969999989
1822, 72.14389699999992
1823, 72.14889699999912
1824, 72.15389700000014
1825, 72.15889699999934
1826, 72.16389700000036
1827, 72.16889699999956
1828, 72.17389699999876
1829, 72.17889699999978
1830, 72.18389699999898
1831, 72.188897
1832, 72.1938969999992
1833, 72.19889700000022
1834, 72.20389699999942
1835, 72.20889700000043
1836, 72.21389699999963
1837, 72.21889699999883
1838, 72.22389699999985
1839, 72.22889699999905
1840, 72.23389700000007
1841, 72.23889699999927
1842, 72.24389700000029
1843, 72.24889699999949
1844, 72.2538970000005
1845, 72.2588969999997
1846, 72.2638969999989
1847, 72.26889699999992
1848, 72.27389699999912
1849, 72.27889700000014
1850, 72.28389699999934
1851, 72.28889700000036
1852, 72.29389699999956
1853, 72.29889699999876
1854, 72.30389699999978
1855, 72.30889699999898
1856, 72.313897
1857, 72.3188969999992
1858, 72.32389700000022
1859, 72.32889699999942
1860, 72.33389700000043
1861, 72.33889699999963
1862, 72.34389699999883
1863, 72.34889699999985
1864, 72.35389699999905
1865, 72.35889700000007
1866, 72.36389699999927
1867, 72.36889700000029
1868, 72.37389699999949
1869, 72.3788970000005
1870, 72.3838969999997
1871, 72.3888969999989
1872, 72.39389699999992
1873, 72.39889699999912
1874, 72.40389700000014
1875, 72.40889699999934
1876, 72.41389700000036
1877, 72.41889699999956
1878, 72.42389699999876
1879, 72.42889699999978
1880, 72.43389699999898
1881, 72.438897
1882, 72.4438969999992
1883, 72.44889700000022
1884, 72.45389699999942
1885, 72.45889700000043
1886, 72.46389699999963
1887, 72.46889699999883
1888, 72.47389699999985
1889, 72.47889699999905
1890, 72.48389700000007
1891, 72.48889699999927
1892, 72.49389700000029
1893, 72.49889699999949
1894, 72.5038970000005
1895, 72.5088969999997
1896, 72.5138969999989
1897, 72.51889699999992
1898, 72.52389699999912
1899, 72.52889700000014
1900, 72.53389699999934
1901, 72.53889700000036
1902, 72.54389699999956
1903, 72.54889699999876
1904, 72.55389699999978
1905, 72.55889699999898
1906, 72.563897
1907, 72.5688969999992
1908, 72.57389700000022
1909, 72.57889699999942
1910, 72.58389700000043
1911, 72.58889699999963
1912, 72.59389699999883
1913, 72.59889699999985
1914, 72.60389699999905
1915, 72.60889700000007
1916, 72.61389699999927
1917, 72.61889700000029
1918, 72.62389699999949
1919, 72.6288970000005
1920, 72.6338969999997
1921, 72.6388969999989
1922, 72.64389699999992
1923, 72.64889699999912
1924, 72.65389700000014
1925, 72.65889699999934
1926, 72.66389700000036
1927, 72.66889699999956
1928, 72.67389699999876
1929, 72.67889699999978
1930, 72.68389699999898
1931, 72.688897
1932, 72.6938969999992
1933, 72.69889700000022
1934, 72.70389699999942
1935, 72.70889700000043
1936, 72.71389699999963
1937, 72.71889699999883
1938, 72.72389699999985
1939, 72.72889699999905
1940, 72.73389700000007
1941, 72.73889699999927
1942, 72.74389700000029
1943, 72.74889699999949
1944, 72.7538970000005
1945, 72.7588969999997
1946, 72.7638969999989
1947, 72.76889699999992
1948, 72.77389699999912
1949, 72.77889700000014
1950, 72.78389699999934
1951, 72.78889700000036
1952, 72.79389699999956
1953, 72.79889699999876
1954, 72.80389699999978
1955, 72.80889699999898
1956, 72.813897
1957, 72.8188969999992
1958, 72.82389700000022
1959, 72.82889699999942
1960, 72.83389700000043
1961, 72.83889699999963
1962, 72.84389699999883
1963, 72.84889699999985
1964, 72.85389699999905
1965, 72.85889700000007
1966, 72.86389699999927
1967, 72.86889700000029
1968, 72.87389699999949
1969, 72.8788970000005
1970, 72.8838969999997
1971, 72.8888969999989
1972, 72.89389699999992
1973, 72.89889699999912
1974, 72.90389700000014
1975, 72.90889699999934
1976, 72.91389700000036
1977, 72.91889699999956
1978, 72.92389699999876
1979, 72.92889699999978
1980, 72.93389699999898
1981, 72.938897
1982, 72.9438969999992
1983, 72.94889700000022
1984, 72.95389699999942
1985, 72.95889700000043
1986, 72.96389699999963
1987, 72.96889699999883
1988, 72.97389699999985
1989, 72.97889699999905
1990, 72.98389700000007
1991, 72.98889699999927
1992, 72.99389700000029
1993, 72.99889699999949
1994, 73.0038970000005
1995, 73.0088969999997
1996, 73.0138969999989
1997, 73.01889699999992
1998, 73.02389699999912
1999, 73.02889700000014
2000, 73.03389699999934
2001, 73.03889700000036
2002, 73.04389699999956
2003, 73.04889699999876
2004, 73.05389699999978
2005, 73.05889699999898
2006, 73.063897
2007, 73.0688969999992
2008, 73.07389700000022
2009, 73.07889699999942
2010, 73.08389700000043
2011, 73.08889699999963
2012, 73.09389699999883
2013, 73.09889699999985
2014, 73.10389699999905
2015, 73.10889700000007
2016, 73.11389699999927
2017, 73.11889700000029
2018, 73.12389699999949
2019, 73.1288970000005
2020, 73.1338969999997
2021, 73.1388969999989
2022, 73.14389699999992
2023, 73.14889699999912
2024, 73.15389700000014
2025, 73.15889699999934
2026, 73.16389700000036
2027, 73.16889699999956
2028, 73.17389699999876
2029, 73.17889699999978
2030, 73.18389699999898
2031, 73.188897
2032, 73.1938969999992
2033, 73.19889700000022
2034, 73.20389699999942
2035, 73.20889700000043
2036, 73.21389699999963
2037, 73.21889699999883
2038, 73.22389699999985
2039, 73.22889699999905
2040, 73.23389700000007
2041, 73.23889699999927
2042, 73.24389700000029
2043, 73.24889699999949
2044, 73.2538970000005
2045, 73.2588969999997
2046, 73.2638969999989
2047, 73.26889699999992
2048, 73.27389699999912
2049, 73.27889700000014
2050, 73.28389699999934
2051, 73.28889700000036
2052, 73.29389699999956
2053, 73.29889699999876
2054, 73.30389699999978
2055, 73.30889699999898
2056, 73.313897
2057, 73.3188969999992
2058, 73.32389700000022
2059, 73.32889699999942
2060, 73.33389700000043
2061, 73.33889699999963
2062, 73.34389699999883
2063, 73.34889699999985
2064, 73.35389699999905
2065, 73.35889700000007
2066, 73.36389699999927
2067, 73.36889700000029
2068, 73.37389699999949
2069, 73.3788970000005
2070, 73.3838969999997
2071, 73.3888969999989
2072, 73.39389699999992
2073, 73.39889699999912
2074, 73.40389700000014
2075, 73.40889699999934
2076, 73.41389700000036
2077, 73.41889699999956
2078, 73.42389699999876
2079, 73.42889699999978
2080, 73.43389699999898
2081, 73.438897
2082, 73.4438969999992
2083, 73.44889700000022
2084, 73.45389699999942
2085, 73.45889700000043
2086, 73.46389699999963
2087, 73.46889699999883
2088, 73.47389699999985
2089, 73.47889699999905
2090, 73.48389700000007
2091, 73.48889699999927
2092, 73.49389700000029
2093, 73.49889699999949
2094, 73.5038970000005
2095, 73.5088969999997
2096, 73.5138969999989
2097, 73.51889699999992
2098, 73.52389699999912
2099, 73.52889700000014
2100, 73.53389699999934
2101, 73.53889700000036
2102, 73.54389699999956
2103, 73.54889699999876
2104, 73.55389699999978
2105, 73.55889699999898
2106, 73.563897
2107, 73.5688969999992
2108, 73.57389700000022
2109, 73.57889699999942
2110, 73.58389700000043
2111, 73.58889699999963
2112, 73.59389699999883
2113, 73.59889699999985
2114, 73.60389699999905
2115, 73.60889700000007
2116, 73.61389699999927
2117, 73.61889700000029
2118, 73.62389699999949
2119, 73.6288970000005
2120, 73.6338969999997
2121, 73.6388969999989
2122, 73.64389699999992
2123, 73.64889699999912
2124, 73.65389700000014
2125, 73.65889699999934
2126, 73.66389700000036
2127, 73.66889699999956
2128, 73.67389699999876
2129, 73.67889699999978
2130, 73.68389699999898
2131, 73.688897
2132, 73.6938969999992
2133, 73.69889700000022
2134, 73.70389699999942
2135, 73.70889700000043
2136, 73.71389699999963
2137, 73.71889699999883
2138, 73.72389699999985
2139, 73.72889699999905
2140, 73.73389700000007
2141, 73.73889699999927
2142, 73.74389700000029
2143, 73.74889699999949
2144, 73.7538970000005
2145, 73.7588969999997
2146, 73.7638969999989
2147, 73.76889699999992
2148, 73.77389699999912
2149, 73.77889700000014
2150, 73.78389699999934
2151, 73.78889700000036
2152, 73.79389699999956
2153, 73.79889699999876
2154, 73.80389699999978
2155, 73.80889699999898
2156, 73.813897
2157, 73.8188969999992
2158, 73.82389700000022
2159, 73.82889699999942
2160, 73.83389700000043
2161, 73.83889699999963
2162, 73.84389699999883
2163, 73.84889699999985
2164, 73.85389699999905
2165, 73.85889700000007
2166, 73.86389699999927
2167, 73.86889700000029
2168, 73.87389699999949
2169, 73.8788970000005
2170, 73.8838969999997
2171, 73.8888969999989
2172, 73.89389699999992
2173, 73.89889699999912
2174, 73.90389700000014
2175, 73.90889699999934
2176, 73.91389700000036
2177, 73.91889699999956
2178, 73.92389699999876
2179, 73.92889699999978
2180, 73.93389699999898
2181, 73.938897
2182, 73.9438969999992
2183, 73.94889700000022
2184, 73.95389699999942
2185, 73.95889700000043
2186, 73.96389699999963
2187, 73.96889699999883
2188, 73.97389699999985
2189, 73.97889699999905
2190, 73.98389700000007
2191, 73.98889699999927
2192, 73.99389700000029
2193, 73.99889699999949
2194, 74.0038970000005
2195, 74.0088969999997
2196, 74.0138969999989
2197, 74.01889699999992
2198, 74.02389699999912
2199, 74.02889700000014
2200, 74.03389699999934
2201, 74.03889700000036
2202, 74.04389699999956
2203, 74.04889699999876
2204, 74.05389699999978
2205, 74.05889699999898
2206, 74.063897
2207, 74.0688969999992
2208, 74.07389700000022
2209, 74.07889699999942
2210, 74.08389700000043
2211, 74.08889699999963
2212, 74.09389699999883
2213, 74.09889699999985
2214, 74.10389699999905
2215, 74.10889700000007
2216, 74.11389699999927
2217, 74.11889700000029
2218, 74.12389699999949
2219, 74.1288970000005
2220, 74.1338969999997
2221, 74.1388969999989
2222, 74.14389699999992
2223, 74.14889699999912
2224, 74.15389700000014
2225, 74.15889699999934
2226, 74.16389700000036
2227, 74.16889699999956
2228, 74.17389699999876
2229, 74.17889699999978
2230, 74.18389699999898
2231, 74.188897
2232, 74.1938969999992
2233, 74.19889700000022
2234, 74.20389699999942
2235, 74.20889700000043
2236, 74.21389699999963
2237, 74.21889699999883
2238, 74.22389699999985
2239, 74.22889699999905
2240, 74.23389700000007
2241, 74.23889699999927
2242, 74.24389700000029
2243, 74.24889699999949
2244, 74.2538970000005
2245, 74.2588969999997
2246, 74.2638969999989
2247, 74.26889699999992
2248, 74.27389699999912
2249, 74.27889700000014
2250, 74.28389699999934
2251, 74.28889700000036
2252, 74.29389699999956
2253, 74.29889699999876
2254, 74.30389699999978
2255, 74.30889699999898
2256, 74.313897
2257, 74.3188969999992
2258, 74.32389700000022
2259, 74.32889699999942
2260, 74.33389700000043
2261, 74.33889699999963
2262, 74.34389699999883
2263, 74.34889699999985
2264, 74.35389699999905
2265, 74.35889700000007
2266, 74.36389699999927
2267, 74.36889700000029
2268, 74.37389699999949
2269, 74.3788970000005
2270, 74.3838969999997
2271, 74.3888969999989
2272, 74.39389699999992
2273, 74.39889699999912
2274, 74.40389700000014
2275, 74.40889699999934
2276, 74.41389700000036
2277, 74.41889699999956
2278, 74.42389699999876
2279, 74.42889699999978
2280, 74.43389699999898
2281, 74.438897
2282, 74.4438969999992
2283, 74.44889700000022
2284, 74.45389699999942
2285, 74.45889700000043
2286, 74.46389699999963
2287, 74.46889699999883
2288, 74.47389699999985
2289, 74.47889699999905
2290, 74.48389700000007
2291, 74.48889699999927
2292, 74.49389700000029
2293, 74.49889699999949
2294, 74.5038970000005
2295, 74.5088969999997
2296, 74.5138969999989
2297, 74.51889699999992
2298, 74.52389699999912
2299, 74.52889700000014
2300, 74.53389699999934
2301, 74.53889700000036
2302, 74.54389699999956
2303, 74.54889699999876
2304, 74.55389699999978
2305, 74.55889699999898
2306, 74.563897
2307, 74.5688969999992
2308, 74.57389700000022
2309, 74.57889699999942
2310, 74.58389700000043
2311, 74.58889699999963
2312, 74.59389699999883
2313, 74.59889699999985
2314, 74.60389699999905
2315, 74.60889700000007
2316, 74.61389699999927
2317, 74.61889700000029
2318, 74.62389699999949
2319, 74.6288970000005
2320, 74.6338969999997
2321, 74.6388969999989
2322, 74.64389699999992
2323, 74.64889699999912
2324, 74.65389700000014
2325, 74.65889699999934
2326, 74.66389700000036
2327, 74.66889699999956
2328, 74.67389699999876
2329, 74.67889699999978
2330, 74.68389699999898
2331, 74.688897
2332, 74.6938969999992
2333, 74.69889700000022
2334, 74.70389699999942
2335, 74.70889700000043
2336, 74.71389699999963
2337, 74.71889699999883
2338, 74.72389699999985
2339, 74.72889699999905
2340, 74.73389700000007
2341, 74.73889699999927
2342, 74.74389700000029
2343, 74.74889699999949
2344, 74.7538970000005
2345, 74.7588969999997
2346, 74.7638969999989
2347, 74.76889699999992
2348, 74.77389699999912
2349, 74.77889700000014
2350, 74.78389699999934
2351, 74.78889700000036
2352, 74.79389699999956
2353, 74.79889699999876
2354, 74.80389699999978
2355, 74.80889699999898
2356, 74.813897
2357, 74.8188969999992
2358, 74.82389700000022
2359, 74.82889699999942
2360, 74.83389700000043
2361, 74.83889699999963
2362, 74.84389699999883
2363, 74.84889699999985
2364, 74.85389699999905
2365, 74.85889700000007
2366, 74.86389699999927
2367, 74.86889700000029
2368, 74.87389699999949
2369, 74.8788970000005
2370, 74.8838969999997
2371, 74.8888969999989
2372, 74.89389699999992
2373, 74.89889699999912
2374, 74.90389700000014
2375, 74.90889699999934
0, 126.05224300000009
1, 126.05724299999929
2, 126.06224300000031
3, 126.06724299999951
4, 126.0722429999987
5, 126.07724299999973
6, 126.08224299999893
7, 126.08724299999994
8, 126.09224299999914
9, 126.09724300000016
10, 126.10224299999936
11, 126.10724300000038
12, 126.11224299999958
13, 126.11724299999878
14, 126.1222429999998
15, 126.127242999999
16, 126.13224300000002
17, 126.13724299999922
18, 126.14224300000024
19, 126.14724299999943
20, 126.15224300000045
21, 126.15724299999965
22, 126.16224299999885
23, 126.16724299999987
24, 126.17224299999907
25, 126.17724300000009
26, 126.18224299999929
27, 126.18724300000031
28, 126.19224299999951
29, 126.1972429999987
30, 126.20224299999973
31, 126.20724299999893
32, 126.21224299999994
33, 126.21724299999914
34, 126.22224300000016
35, 126.22724299999936
36, 126.23224300000038
37, 126.23724299999958
38, 126.24224299999878
39, 126.2472429999998
40, 126.252242999999
41, 126.25724300000002
42, 126.26224299999922
43, 126.26724300000024
44, 126.27224299999943
45, 126.27724300000045
46, 126.28224299999965
47, 126.28724299999885
48, 126.29224299999987
49, 126.29724299999907
50, 126.30224300000009
51, 126.30724299999929
52, 126.31224300000031
53, 126.31724299999951
54, 126.3222429999987
55, 126.32724299999973
56, 126.33224299999893
57, 126.33724299999994
58, 126.34224299999914
59, 126.34724300000016
60, 126.35224299999936
61, 126.35724300000038
62, 126.36224299999958
63, 126.36724299999878
64, 126.3722429999998
65, 126.377242999999
66, 126.38224300000002
67, 126.38724299999922
68, 126.39224300000024
69, 126.39724299999943
70, 126.40224300000045
71, 126.40724299999965
72, 126.41224299999885
73, 126.41724299999987
74, 126.42224299999907
75, 126.42724300000009
76, 126.43224299999929
77, 126.43724300000031
78, 126.44224299999951
79, 126.4472429999987
80, 126.45224299999973
81, 126.45724299999893
82, 126.46224299999994
83, 126.46724299999914
84, 126.47224300000016
85, 126.47724299999936
86, 126.48224300000038
87, 126.48724299999958
88, 126.49224299999878
89, 126.4972429999998
90, 126.502242999999
91, 126.50724300000002
92, 126.51224299999922
93, 126.51724300000024
94, 126.52224299999943
95, 126.52724300000045
96, 126.53224299999965
97, 126.53724299999885
98, 126.54224299999987
99, 126.54724299999907
100, 126.55224300000009
101, 126.55724299999929
102, 126.56224300000031
103, 126.56724299999951
104, 126.5722429999987
105, 126.57724299999973
106, 126.58224299999893
107, 126.58724299999994
108, 126.59224299999914
109, 126.59724300000016
110, 126.60224299999936
111, 126.60724300000038
112, 126.61224299999958
113, 126.61724299999878
114, 126.6222429999998
115, 126.627242999999
116, 126.63224300000002
117, 126.63724299999922
118, 126.64224300000024
119, 126.64724299999943
120, 126.65224300000045
121, 126.65724299999965
122, 126.66224299999885
123, 126.66724299999987
124, 126.67224299999907
125, 126.67724300000009
126, 126.68224299999929
127, 126.68724300000031
128, 126.69224299999951
129, 126.6972429999987
130, 126.70224299999973
131, 126.70724299999893
132, 126.71224299999994
133, 126.71724299999914
134, 126.72224300000016
135, 126.72724299999936
136, 126.73224300000038
137, 126.73724299999958
138, 126.74224299999878
139, 126.7472429999998
140, 126.752242999999
141, 126.75724300000002
142, 126.76224299999922
143, 126.76724300000024
144, 126.77224299999943
145, 126.77724300000045
146, 126.78224299999965
147, 126.78724299999885
148, 126.79224299999987
149, 126.79724299999907
150, 126.80224300000009
151, 126.80724299999929
152, 126.81224300000031
153, 126.81724299999951
154, 126.8222429999987
155, 126.82724299999973
156, 126.83224299999893
157, 126.83724299999994
158, 126.84224299999914
159, 126.84724300000016
160, 126.85224299999936
161, 126.85724300000038
162, 126.86224299999958
163, 126.86724299999878
164, 126.8722429999998
165, 126.877242999999
166, 126.88224300000002
167, 126.88724299999922
168, 126.89224300000024
169, 126.89724299999943
170, 126.90224300000045
171, 126.90724299999965
172, 126.91224299999885
173, 126.91724299999987
174, 126.92224299999907
175, 126.92724300000009
176, 126.93224299999929
177, 126.93724300000031
178, 126.94224299999951
179, 126.9472429999987
180, 126.95224299999973
181, 126.95724299999893
182, 126.96224299999994
183, 126.96724299999914
184, 126.97224300000016
185, 126.97724299999936
186, 126.98224300000038
187, 126.98724299999958
188, 126.99224299999878
189, 126.9972429999998
190, 127.002242999999
191, 127.00724300000002
192, 127.01224299999922
193, 127.01724300000024
194, 127.02224299999943
195, 127.02724300000045
196, 127.03224299999965
197, 127.03724299999885
198, 127.04224299999987
199, 127.04724299999907
200, 127.05224300000009
201, 127.05724299999929
202, 127.06224300000031
203, 127.06724299999951
204, 127.0722429999987
205, 127.07724299999973
206, 127.08224299999893
207, 127.08724299999994
208, 127.09224299999914
209, 127.09724300000016
210, 127.10224299999936
211, 127.10724300000038
212, 127.11224299999958
213, 127.11724299999878
214, 127.1222429999998
215, 127.127242999999
216, 127.13224300000002
217, 127.13724299999922
218, 127.14224300000024
219, 127.14724299999943
220, 127.15224300000045
221, 127.15724299999965
222, 127.16224299999885
223, 127.16724299999987
224, 127.17224299999907
225, 127.17724300000009
226, 127.18224299999929
227, 127.18724300000031
228, 127.19224299999951
229, 127.1972429999987
230, 127.20224299999973
231, 127.20724299999893
232, 127.21224299999994
233, 127.21724299999914
234, 127.22224300000016
235, 127.22724299999936
236, 127.23224300000038
237, 127.23724299999958
238, 127.24224299999878
239, 127.2472429999998
240, 127.252242999999
241, 127.25724300000002
242, 127.26224299999922
243, 127.26724300000024
244, 127.27224299999943
245, 127.27724300000045
246, 127.28224299999965
247, 127.28724299999885
248, 127.29224299999987
249, 127.29724299999907
250, 127.30224300000009
251, 127.30724299999929
252, 127.31224300000031
253, 127.31724299999951
254, 127.3222429999987
255, 127.32724299999973
256, 127.33224299999893
257, 127.33724299999994
258, 127.34224299999914
259, 127.34724300000016
260, 127.35224299999936
261, 127.35724300000038
262, 127.36224299999958
263, 127.36724299999878
264, 127.3722429999998
265, 127.377242999999
266, 127.38224300000002
267, 127.38724299999922
268, 127.39224300000024
269, 127.39724299999943
270, 127.40224300000045
271, 127.40724299999965
272, 127.41224299999885
273, 127.41724299999987
274, 127.42224299999907
275, 127.42724300000009
276, 127.43224299999929
277, 127.43724300000031
278, 127.44224299999951
279, 127.4472429999987
280, 127.45224299999973
281, 127.45724299999893
282, 127.46224299999994
283, 127.46724299999914
284, 127.47224300000016
285, 127.47724299999936
286, 127.48224300000038
287, 127.48724299999958
288, 127.49224299999878
289, 127.4972429999998
290, 127.502242999999
291, 127.50724300000002
292, 127.51224299999922
293, 127.51724300000024
294, 127.52224299999943
295, 127.52724300000045
296, 127.53224299999965
297, 127.53724299999885
298, 127.54224299999987
299, 127.54724299999907
300, 127.55224300000009
301, 127.55724299999929
302, 127.56224300000031
303, 127.56724299999951
304, 127.5722429999987
305, 127.57724299999973
306, 127.58224299999893
307, 127.58724299999994
308, 127.59224299999914
309, 127.59724300000016
310, 127.60224299999936
311, 127.60724300000038
312, 127.61224299999958
313, 127.61724299999878
314, 127.6222429999998
315, 127.627242999999
316, 127.63224300000002
317, 127.63724299999922
318, 127.64224300000024
319, 127.64724299999943
320, 127.65224300000045
321, 127.65724299999965
322, 127.66224299999885
323, 127.66724299999987
324, 127.67224299999907
325, 127.67724300000009
326, 127.68224299999929
327, 127.68724300000031
328, 127.69224299999951
329, 127.6972429999987
330, 127.70224299999973
331, 127.70724299999893
332, 127.71224299999994
333, 127.71724299999914
334, 127.72224300000016
335, 127.72724299999936
336, 127.73224300000038
337, 127.73724299999958
338, 127.74224299999878
339, 127.7472429999998
340, 127.752242999999
341, 127.75724300000002
342, 127.76224299999922
343, 127.76724300000024
344, 127.77224299999943
345, 127.77724300000045
346, 127.78224299999965
347, 127.78724299999885
348, 127.79224299999987
349, 127.79724299999907
350, 127.80224300000009
351, 127.80724299999929
352, 127.81224300000031
353, 127.81724299999951
354, 127.8222429999987
355, 127.82724299999973
356, 127.83224299999893
357, 127.83724299999994
358, 127.84224299999914
359, 127.84724300000016
360, 127.85224299999936
361, 127.85724300000038
362, 127.86224299999958
363, 127.86724299999878
364, 127.8722429999998
365, 127.877242999999
366, 127.88224300000002
367, 127.88724299999922
368, 127.89224300000024
369, 127.89724299999943
370, 127.90224300000045
371, 127.90724299999965
372, 127.91224299999885
373, 127.91724299999987
374, 127.92224299999907
375, 127.92724300000009
376, 127.93224299999929
377, 127.93724300000031
378, 127.94224299999951
379, 127.9472429999987
380, 127.95224299999973
381, 127.95724299999893
382, 127.96224299999994
383, 127.96724299999914
384, 127.97224300000016
385, 127.97724299999936
386, 127.98224300000038
387, 127.98724299999958
388, 127.99224299999878
389, 127.9972429999998
390, 128.002242999999
391, 128.00724300000002
392, 128.01224299999922
393, 128.01724300000024
394, 128.02224299999943
395, 128.02724300000045
396, 128.03224299999965
397, 128.03724299999885
398, 128.04224299999987
399, 128.04724299999907
400, 128.0522430000001
401, 128.0572429999993
402, 128.0622430000003
403, 128.0672429999995
404, 128.0722429999987
405, 128.07724299999973
406, 128.08224299999893
407, 128.08724299999994
408, 128.09224299999914
409, 128.09724300000016
410, 128.10224299999936
411, 128.10724300000038
412, 128.11224299999958
413, 128.11724299999878
414, 128.1222429999998
415, 128.127242999999
416, 128.13224300000002
417, 128.13724299999922
418, 128.14224300000024
419, 128.14724299999943
420, 128.15224300000045
421, 128.15724299999965
422, 128.16224299999885
423, 128.16724299999987
424, 128.17224299999907
425, 128.1772430000001
426, 128.1822429999993
427, 128.1872430000003
428, 128.1922429999995
429, 128.1972429999987
430, 128.20224299999973
431, 128.20724299999893
432, 128.21224299999994
433, 128.21724299999914
434, 128.22224300000016
435, 128.22724299999936
436, 128.23224300000038
437, 128.23724299999958
438, 128.24224299999878
439, 128.2472429999998
440, 128.252242999999
441, 128.25724300000002
442, 128.26224299999922
443, 128.26724300000024
444, 128.27224299999943
445, 128.27724300000045
446, 128.28224299999965
447, 128.28724299999885
448, 128.29224299999987
449, 128.29724299999907
450, 128.3022430000001
451, 128.3072429999993
452, 128.3122430000003
453, 128.3172429999995
454, 128.3222429999987
455, 128.32724299999973
456, 128.33224299999893
457, 128.33724299999994
458, 128.34224299999914
459, 128.34724300000016
460, 128.35224299999936
461, 128.35724300000038
462, 128.36224299999958
463, 128.36724299999878
464, 128.3722429999998
465, 128.377242999999
466, 128.38224300000002
467, 128.38724299999922
468, 128.39224300000024
469, 128.39724299999943
470, 128.40224300000045
471, 128.40724299999965
472, 128.41224299999885
473, 128.41724299999987
474, 128.42224299999907
475, 128.4272430000001
476, 128.4322429999993
477, 128.4372430000003
478, 128.4422429999995
479, 128.4472429999987
480, 128.45224299999973
481, 128.45724299999893
482, 128.46224299999994
483, 128.46724299999914
484, 128.47224300000016
485, 128.47724299999936
486, 128.48224300000038
487, 128.48724299999958
488, 128.49224299999878
489, 128.4972429999998
490, 128.502242999999
491, 128.50724300000002
492, 128.51224299999922
493, 128.51724300000024
494, 128.52224299999943
495, 128.52724300000045
496, 128.53224299999965
497, 128.53724299999885
498, 128.54224299999987
499, 128.54724299999907
500, 128.5522430000001
501, 128.5572429999993
502, 128.5622430000003
503, 128.5672429999995
504, 128.5722429999987
505, 128.57724299999973
506, 128.58224299999893
507, 128.58724299999994
508, 128.59224299999914
509, 128.59724300000016
510, 128.60224299999936
511, 128.60724300000038
512, 128.61224299999958
513, 128.61724299999878
514, 128.6222429999998
515, 128.627242999999
516, 128.63224300000002
517, 128.63724299999922
518, 128.64224300000024
519, 128.64724299999943
520, 128.65224300000045
521, 128.65724299999965
522, 128.66224299999885
523, 128.66724299999987
524, 128.67224299999907
525, 128.6772430000001
526, 128.6822429999993
527, 128.6872430000003
528, 128.6922429999995
529, 128.6972429999987
530, 128.70224299999973
531, 128.70724299999893
532, 128.71224299999994
533, 128.71724299999914
534, 128.72224300000016
535, 128.72724299999936
536, 128.73224300000038
537, 128.73724299999958
538, 128.74224299999878
539, 128.7472429999998
540, 128.752242999999
541, 128.75724300000002
542, 128.76224299999922
543, 128.76724300000024
544, 128.77224299999943
545, 128.77724300000045
546, 128.78224299999965
547, 128.78724299999885
548, 128.79224299999987
549, 128.79724299999907
550, 128.8022430000001
551, 128.8072429999993
552, 128.8122430000003
553, 128.8172429999995
554, 128.8222429999987
555, 128.82724299999973
556, 128.83224299999893
557, 128.83724299999994
558, 128.84224299999914
559, 128.84724300000016
560, 128.85224299999936
561, 128.85724300000038
562, 128.86224299999958
563, 128.86724299999878
564, 128.8722429999998
565, 128.877242999999
566, 128.88224300000002
567, 128.88724299999922
568, 128.89224300000024
569, 128.89724299999943
570, 128.90224300000045
571, 128.90724299999965
572, 128.91224299999885
573, 128.91724299999987
574, 128.92224299999907
575, 128.9272430000001
576, 128.9322429999993
577, 128.9372430000003
578, 128.9422429999995
579, 128.9472429999987
580, 128.95224299999973
581, 128.95724299999893
582, 128.96224299999994
583, 128.96724299999914
584, 128.97224300000016
585, 128.97724299999936
586, 128.98224300000038
587, 128.98724299999958
588, 128.99224299999878
589, 128.9972429999998
590, 129.002242999999
591, 129.00724300000002
592, 129.01224299999922
593, 129.01724300000024
594, 129.02224299999943
595, 129.02724300000045
596, 129.03224299999965
597, 129.03724299999885
598, 129.04224299999987
599, 129.04724299999907
600, 129.0522430000001
601, 129.0572429999993
602, 129.0622430000003
603, 129.0672429999995
604, 129.0722429999987
605, 129.07724299999973
606, 129.08224299999893
607, 129.08724299999994
608, 129.09224299999914
609, 129.09724300000016
610, 129.10224299999936
611, 129.10724300000038
612, 129.11224299999958
613, 129.11724299999878
614, 129.1222429999998
615, 129.127242999999
616, 129.13224300000002
617, 129.13724299999922
618, 129.14224300000024
619, 129.14724299999943
620, 129.15224300000045
621, 129.15724299999965
622, 129.16224299999885
623, 129.16724299999987
624, 129.17224299999907
625, 129.1772430000001
626, 129.1822429999993
627, 129.1872430000003
628, 129.1922429999995
629, 129.1972429999987
630, 129.20224299999973
631, 129.20724299999893
632, 129.21224299999994
633, 129.21724299999914
634, 129.22224300000016
635, 129.22724299999936
636, 129.23224300000038
637, 129.23724299999958
638, 129.24224299999878
639, 129.2472429999998
640, 129.252242999999
641, 129.25724300000002
642, 129.26224299999922
643, 129.26724300000024
644, 129.27224299999943
645, 129.27724300000045
646, 129.28224299999965
647, 129.28724299999885
648, 129.29224299999987
649, 129.29724299999907
650, 129.3022430000001
651, 129.3072429999993
652, 129.3122430000003
653, 129.3172429999995
654, 129.3222429999987
655, 129.32724299999973
656, 129.33224299999893
657, 129.33724299999994
658, 129.34224299999914
659, 129.34724300000016
660, 129.35224299999936
661, 129.35724300000038
662, 129.36224299999958
663, 129.36724299999878
664, 129.3722429999998
665, 129.377242999999
666, 129.38224300000002
667, 129.38724299999922
668, 129.39224300000024
669, 129.39724299999943
670, 129.40224300000045
671, 129.40724299999965
672, 129.41224299999885
673, 129.41724299999987
674, 129.42224299999907
675, 129.4272430000001
676, 129.4322429999993
677, 129.4372430000003
678, 129.4422429999995
679, 129.4472429999987
680, 129.45224299999973
681, 129.45724299999893
682, 129.46224299999994
683, 129.46724299999914
684, 129.47224300000016
685, 129.47724299999936
686, 129.48224300000038
687, 129.48724299999958
688, 129.49224299999878
689, 129.4972429999998
690, 129.502242999999
691, 129.50724300000002
692, 129.51224299999922
693, 129.51724300000024
694, 129.52224299999943
695, 129.52724300000045
696, 129.53224299999965
697, 129.53724299999885
698, 129.54224299999987
699, 129.54724299999907
700, 129.5522430000001
701, 129.5572429999993
702, 129.5622430000003
703, 129.5672429999995
704, 129.5722429999987
705, 129.57724299999973
706, 129.58224299999893
707, 129.58724299999994
708, 129.59224299999914
709, 129.59724300000016
710, 129.60224299999936
711, 129.60724300000038
712, 129.61224299999958
713, 129.61724299999878
714, 129.6222429999998
715, 129.627242999999
716, 129.63224300000002
717, 129.63724299999922
718, 129.64224300000024
719, 129.64724299999943
720, 129.65224300000045
721, 129.65724299999965
722, 129.66224299999885
723, 129.66724299999987
724, 129.67224299999907
725, 129.6772430000001
726, 129.6822429999993
727, 129.6872430000003
728, 129.6922429999995
729, 129.6972429999987
730, 129.70224299999973
731, 129.70724299999893
732, 129.71224299999994
733, 129.71724299999914
734, 129.72224300000016
735, 129.72724299999936
736, 129.73224300000038
737, 129.73724299999958
738, 129.74224299999878
739, 129.7472429999998
740, 129.752242999999
741, 129.75724300000002
742, 129.76224299999922
743, 129.76724300000024
744, 129.77224299999943
745, 129.77724300000045
746, 129.78224299999965
747, 129.78724299999885
748, 129.79224299999987
749, 129.79724299999907
750, 129.8022430000001
751, 129.8072429999993
752, 129.8122430000003
753, 129.8172429999995
754, 129.8222429999987
755, 129.82724299999973
756, 129.83224299999893
757, 129.83724299999994
758, 129.84224299999914
759, 129.84724300000016
760, 129.85224299999936
761, 129.85724300000038
762, 129.86224299999958
763, 129.86724299999878
764, 129.8722429999998
765, 129.877242999999
766, 129.88224300000002
767, 129.88724299999922
768, 129.89224300000024
769, 129.89724299999943
770, 129.90224300000045
771, 129.90724299999965
772, 129.91224299999885
773, 129.91724299999987
774, 129.92224299999907
775, 129.9272430000001
776, 129.9322429999993
777, 129.9372430000003
778, 129.9422429999995
779, 129.9472429999987
780, 129.95224299999973
781, 129.95724299999893
782, 129.96224299999994
783, 129.96724299999914
784, 129.97224300000016
785, 129.97724299999936
786, 129.98224300000038
787, 129.98724299999958
788, 129.99224299999878
789, 129.9972429999998
790, 130.002242999999
791, 130.00724300000002
792, 130.01224299999922
793, 130.01724300000024
794, 130.02224299999943
795, 130.02724300000045
796, 130.03224299999965
797, 130.03724299999885
798, 130.04224299999987
799, 130.04724299999907
800, 130.0522430000001
801, 130.0572429999993
802, 130.0622430000003
803, 130.0672429999995
804, 130.0722429999987
805, 130.07724299999973
806, 130.08224299999893
807, 130.08724299999994
808, 130.09224299999914
809, 130.09724300000016
810, 130.10224299999936
811, 130.10724300000038
812, 130.11224299999958
813, 130.11724299999878
814, 130.1222429999998
815, 130.127242999999
816, 130.13224300000002
817, 130.13724299999922
818, 130.14224300000024
819, 130.14724299999943
820, 130.15224300000045
821, 130.15724299999965
822, 130.16224299999885
823, 130.16724299999987
824, 130.17224299999907
825, 130.1772430000001
826, 130.1822429999993
827, 130.1872430000003
828, 130.1922429999995
829, 130.1972429999987
830, 130.20224299999973
831, 130.20724299999893
832, 130.21224299999994
833, 130.21724299999914
834, 130.22224300000016
835, 130.22724299999936
836, 130.23224300000038
837, 130.23724299999958
838, 130.24224299999878
839, 130.2472429999998
840, 130.252242999999
841, 130.25724300000002
842, 130.26224299999922
843, 130.26724300000024
844, 130.27224299999943
845, 130.27724300000045
846, 130.28224299999965
847, 130.28724299999885
848, 130.29224299999987
849, 130.29724299999907
850, 130.3022430000001
851, 130.3072429999993
852, 130.3122430000003
853, 130.3172429999995
854, 130.3222429999987
855, 130.32724299999973
856, 130.33224299999893
857, 130.33724299999994
858, 130.34224299999914
859, 130.34724300000016
860, 130.35224299999936
861, 130.35724300000038
862, 130.36224299999958
863, 130.36724299999878
864, 130.3722429999998
865, 130.377242999999
866, 130.38224300000002
867, 130.38724299999922
868, 130.39224300000024
869, 130.39724299999943
870, 130.40224300000045
871, 130.40724299999965
872, 130.41224299999885
873, 130.41724299999987
874, 130.42224299999907
875, 130.4272430000001
876, 130.4322429999993
877, 130.4372430000003
878, 130.4422429999995
879, 130.4472429999987
880, 130.45224299999973
881, 130.45724299999893
882, 130.46224299999994
883, 130.46724299999914
884, 130.47224300000016
885, 130.47724299999936
886, 130.48224300000038
887, 130.48724299999958
888, 130.49224299999878
889, 130.4972429999998
890, 130.502242999999
891, 130.50724300000002
892, 130.51224299999922
893, 130.51724300000024
894, 130.52224299999943
895, 130.52724300000045
896, 130.53224299999965
897, 130.53724299999885
898, 130.54224299999987
899, 130.54724299999907
900, 130.5522430000001
901, 130.5572429999993
902, 130.5622430000003
903, 130.5672429999995
904, 130.5722429999987
905, 130.57724299999973
906, 130.58224299999893
907, 130.58724299999994
908, 130.59224299999914
909, 130.59724300000016
910, 130.60224299999936
911, 130.60724300000038
912, 130.61224299999958
913, 130.61724299999878
914, 130.6222429999998
915, 130.627242999999
916, 130.63224300000002
917, 130.63724299999922
918, 130.64224300000024
919, 130.64724299999943
920, 130.65224300000045
921, 130.65724299999965
922, 130.66224299999885
923, 130.66724299999987
924, 130.67224299999907
925, 130.6772430000001
926, 130.6822429999993
927, 130.6872430000003
928, 130.6922429999995
929, 130.6972429999987
930, 130.70224299999973
931, 130.70724299999893
932, 130.71224299999994
933, 130.71724299999914
934, 130.72224300000016
935, 130.72724299999936
936, 130.73224300000038
937, 130.73724299999958
938, 130.74224299999878
939, 130.7472429999998
940, 130.752242999999
941, 130.75724300000002
942, 130.76224299999922
943, 130.76724300000024
944, 130.77224299999943
945, 130.77724300000045
946, 130.78224299999965
947, 130.78724299999885
948, 130.79224299999987
949, 130.79724299999907
950, 130.8022430000001
951, 130.8072429999993
952, 130.8122430000003
953, 130.8172429999995
954, 130.8222429999987
955, 130.82724299999973
956, 130.83224299999893
957, 130.83724299999994
958, 130.84224299999914
959, 130.84724300000016
960, 130.85224299999936
961, 130.85724300000038
962, 130.86224299999958
963, 130.86724299999878
964, 130.8722429999998
965, 130.877242999999
966, 130.88224300000002
967, 130.88724299999922
968, 130.89224300000024
969, 130.89724299999943
970, 130.90224300000045
971, 130.90724299999965
972, 130.91224299999885
973, 130.91724299999987
974, 130.92224299999907
975, 130.9272430000001
976, 130.9322429999993
977, 130.9372430000003
978, 130.9422429999995
979, 130.9472429999987
980, 130.95224299999973
981, 130.95724299999893
982, 130.96224299999994
983, 130.96724299999914
984, 130.97224300000016
985, 130.97724299999936
986, 130.98224300000038
987, 130.98724299999958
988, 130.99224299999878
989, 130.9972429999998
990, 131.002242999999
991, 131.00724300000002
992, 131.01224299999922
993, 131.01724300000024
994, 131.02224299999943
995, 131.02724300000045
996, 131.03224299999965
997, 131.03724299999885
998, 131.04224299999987
999, 131.04724299999907
1000, 131.0522430000001
1001, 131.0572429999993
1002, 131.0622430000003
1003, 131.0672429999995
1004, 131.0722429999987
1005, 131.07724299999973
1006, 131.08224299999893
1007, 131.08724299999994
1008, 131.09224299999914
1009, 131.09724300000016
1010, 131.10224299999936
1011, 131.10724300000038
1012, 131.11224299999958
1013, 131.11724299999878
1014, 131.1222429999998
1015, 131.127242999999
1016, 131.13224300000002
1017, 131.13724299999922
1018, 131.14224300000024
1019, 131.14724299999943
1020, 131.15224300000045
1021, 131.15724299999965
1022, 131.16224299999885
1023, 131.16724299999987
1024, 131.17224299999907
1025, 131.1772430000001
1026, 131.1822429999993
1027, 131.1872430000003
1028, 131.1922429999995
1029, 131.1972429999987
1030, 131.20224299999973
1031, 131.20724299999893
1032, 131.21224299999994
1033, 131.21724299999914
1034, 131.22224300000016
1035, 131.22724299999936
1036, 131.23224300000038
1037, 131.23724299999958
1038, 131.24224299999878
1039, 131.2472429999998
1040, 131.252242999999
1041, 131.25724300000002
1042, 131.26224299999922
1043, 131.26724300000024
1044, 131.27224299999943
1045, 131.27724300000045
1046, 131.28224299999965
1047, 131.28724299999885
1048, 131.29224299999987
1049, 131.29724299999907
1050, 131.3022430000001
1051, 131.3072429999993
1052, 131.3122430000003
1053, 131.3172429999995
1054, 131.3222429999987
1055, 131.32724299999973
1056, 131.33224299999893
1057, 131.33724299999994
1058, 131.34224299999914
1059, 131.34724300000016
1060, 131.35224299999936
1061, 131.35724300000038
1062, 131.36224299999958
1063, 131.36724299999878
1064, 131.3722429999998
1065, 131.377242999999
1066, 131.38224300000002
1067, 131.38724299999922
1068, 131.39224300000024
1069, 131.39724299999943
1070, 131.40224300000045
1071, 131.40724299999965
1072, 131.41224299999885
1073, 131.41724299999987
1074, 131.42224299999907
1075, 131.4272430000001
1076, 131.4322429999993
1077, 131.4372430000003
1078, 131.4422429999995
1079, 131.4472429999987
1080, 131.45224299999973
1081, 131.45724299999893
1082, 131.46224299999994
1083, 131.46724299999914
1084, 131.47224300000016
1085, 131.47724299999936
1086, 131.48224300000038
1087, 131.48724299999958
1088, 131.49224299999878
1089, 131.4972429999998
1090, 131.502242999999
1091, 131.50724300000002
1092, 131.51224299999922
1093, 131.51724300000024
1094, 131.52224299999943
1095, 131.52724300000045
1096, 131.53224299999965
1141, 131.75724300000002
1142, 131.76224299999922
1143, 131.76724300000024
1144, 131.77224299999943
1145, 131.77724300000045
1146, 131.78224299999965
1147, 131.78724299999885
1148, 131.79224299999987
1149, 131.79724299999907
1150, 131.8022430000001
1151, 131.8072429999993
1152, 131.8122430000003
1153, 131.8172429999995
1154, 131.8222429999987
1155, 131.82724299999973
1156, 131.83224299999893
1157, 131.83724299999994
1158, 131.84224299999914
1159, 131.84724300000016
1160, 131.85224299999936
1161, 131.85724300000038
1162, 131.86224299999958
1163, 131.86724299999878
1164, 131.8722429999998
1165, 131.877242999999
1166, 131.88224300000002
1167, 131.88724299999922
1168, 131.89224300000024
1169, 131.89724299999943
1170, 131.90224300000045
1171, 131.90724299999965
1172, 131.91224299999885
1173, 131.91724299999987
1174, 131.92224299999907
1175, 131.9272430000001
1176, 131.9322429999993
1177, 131.9372430000003
1178, 131.9422429999995
1179, 131.9472429999987
1180, 131.95224299999973
1181, 131.95724299999893
1182, 131.96224299999994
1183, 131.96724299999914
1184, 131.97224300000016
1185, 131.97724299999936
1186, 131.98224300000038
1187, 131.98724299999958
1188, 131.99224299999878
1189, 131.9972429999998
1190, 132.002242999999
1191, 132.00724300000002
1192, 132.01224299999922
1193, 132.01724300000024
1194, 132.02224299999943
1195, 132.02724300000045
1196, 132.03224299999965
1197, 132.03724299999885
1198, 132.04224299999987
1199, 132.04724299999907
1200, 132.0522430000001
1201, 132.0572429999993
1202, 132.0622430000003
1203, 132.0672429999995
1204, 132.0722429999987
1205, 132.07724299999973
1206, 132.08224299999893
1207, 132.08724299999994
1208, 132.09224299999914
1209, 132.09724300000016
1210, 132.10224299999936
1211, 132.10724300000038
1212, 132.11224299999958
1213, 132.11724299999878
1214, 132.1222429999998
1215, 132.127242999999
1216, 132.13224300000002
1217, 132.13724299999922
1218, 132.14224300000024
1219, 132.14724299999943
1220, 132.15224300000045
1221, 132.15724299999965
1222, 132.16224299999885
1223, 132.16724299999987
1224, 132.17224299999907
1225, 132.1772430000001
1226, 132.1822429999993
1227, 132.1872430000003
1228, 132.1922429999995
1229, 132.1972429999987
1230, 132.20224299999973
1231, 132.20724299999893
1232, 132.21224299999994
1233, 132.21724299999914
1234, 132.22224300000016
1235, 132.22724299999936
1236, 132.23224300000038
1237, 132.23724299999958
1238, 132.24224299999878
1239, 132.2472429999998
1240, 132.252242999999
1241, 132.25724300000002
1242, 132.26224299999922
1243, 132.26724300000024
1244, 132.27224299999943
1245, 132.27724300000045
1246, 132.28224299999965
1247, 132.28724299999885
1248, 132.29224299999987
1249, 132.29724299999907
1250, 132.3022430000001
1251, 132.3072429999993
1252, 132.3122430000003
1253, 132.3172429999995
1254, 132.3222429999987
1255, 132.32724299999973
1256, 132.33224299999893
1257, 132.33724299999994
1258, 132.34224299999914
1259, 132.34724300000016
1260, 132.35224299999936
1261, 132.35724300000038
1262, 132.36224299999958
1263, 132.36724299999878
1264, 132.3722429999998
1265, 132.377242999999
1266, 132.38224300000002
1267, 132.38724299999922
1268, 132.39224300000024
1269, 132.39724299999943
1270, 132.40224300000045
1271, 132.40724299999965
1272, 132.41224299999885
1273, 132.41724299999987
1274, 132.42224299999907
1275, 132.4272430000001
1276, 132.4322429999993
1277, 132.4372430000003
1278, 132.4422429999995
1279, 132.4472429999987
1280, 132.45224299999973
1281, 132.45724299999893
1282, 132.46224299999994
1283, 132.46724299999914
1284, 132.47224300000016
1285, 132.47724299999936
1286, 132.48224300000038
1287, 132.48724299999958
1288, 132.49224299999878
1289, 132.4972429999998
1290, 132.502242999999
1291, 132.50724300000002
1292, 132.51224299999922
1293, 132.51724300000024
1294, 132.52224299999943
1295, 132.52724300000045
1296, 132.53224299999965
1297, 132.53724299999885
1298, 132.54224299999987
1299, 132.54724299999907
1300, 132.5522430000001
1301, 132.5572429999993
1302, 132.5622430000003
1303, 132.5672429999995
1304, 132.5722429999987
1305, 132.57724299999973
1306, 132.58224299999893
1307, 132.58724299999994
1308, 132.59224299999914
1309, 132.59724300000016
1310, 132.60224299999936
1311, 132.60724300000038
1312, 132.61224299999958
1313, 132.61724299999878
1314, 132.6222429999998
1315, 132.627242999999
1316, 132.63224300000002
1317, 132.63724299999922
1318, 132.64224300000024
1319, 132.64724299999943
1320, 132.65224300000045
1321, 132.65724299999965
1322, 132.66224299999885
1323, 132.66724299999987
1324, 132.67224299999907
1325, 132.6772430000001
1326, 132.6822429999993
1327, 132.6872430000003
1328, 132.6922429999995
1329, 132.6972429999987
1330, 132.70224299999973
1331, 132.70724299999893
1332, 132.71224299999994
1333, 132.71724299999914
1334, 132.72224300000016
1335, 132.72724299999936
1336, 132.73224300000038
1337, 132.73724299999958
1338, 132.74224299999878
1339, 132.7472429999998
1340, 132.752242999999
1341, 132.75724300000002
1342, 132.76224299999922
1343, 132.76724300000024
1344, 132.77224299999943
1345, 132.77724300000045
1346, 132.78224299999965
1347, 132.78724299999885
1348, 132.79224299999987
1349, 132.79724299999907
1350, 132.8022430000001
1351, 132.8072429999993
1352, 132.8122430000003
1353, 132.8172429999995
1354, 132.8222429999987
1355, 132.82724299999973
1356, 132.83224299999893
1357, 132.83724299999994
1358, 132.84224299999914
1359, 132.84724300000016
1360, 132.85224299999936
1361, 132.85724300000038
1362, 132.86224299999958
1363, 132.86724299999878
1364, 132.8722429999998
1365, 132.877242999999
1366, 132.88224300000002
1367, 132.88724299999922
1368, 132.89224300000024
1369, 132.89724299999943
1370, 132.90224300000045
1371, 132.90724299999965
1372, 132.91224299999885
1373, 132.91724299999987
1374, 132.92224299999907
1375, 132.9272430000001
1376, 132.9322429999993
1377, 132.9372430000003
1378, 132.9422429999995
1379, 132.9472429999987
1380, 132.95224299999973
1381, 132.95724299999893
1382, 132.96224299999994
1383, 132.96724299999914
1384, 132.97224300000016
1385, 132.97724299999936
1386, 132.98224300000038
1387, 132.98724299999958
1388, 132.99224299999878
1389, 132.9972429999998
1390, 133.002242999999
1391, 133.00724300000002
1392, 133.01224299999922
1393, 133.01724300000024
1394, 133.02224299999943
1395, 133.02724300000045
1396, 133.03224299999965
1397, 133.03724299999885
1398, 133.04224299999987
1399, 133.04724299999907
1400, 133.0522430000001
1401, 133.0572429999993
1402, 133.0622430000003
1403, 133.0672429999995
1404, 133.0722429999987
1405, 133.07724299999973
1406, 133.08224299999893
1407, 133.08724299999994
1408, 133.09224299999914
1409, 133.09724300000016
1410, 133.10224299999936
1411, 133.10724300000038
1412, 133.11224299999958
1413, 133.11724299999878
1414, 133.1222429999998
1415, 133.127242999999
1416, 133.13224300000002
1417, 133.13724299999922
1418, 133.14224300000024
1419, 133.14724299999943
1420, 133.15224300000045
1421, 133.15724299999965
1422, 133.16224299999885
1423, 133.16724299999987
1424, 133.17224299999907
1425, 133.1772430000001
1426, 133.1822429999993
1427, 133.1872430000003
1428, 133.1922429999995
1429, 133.1972429999987
1430, 133.20224299999973
1431, 133.20724299999893
1432, 133.21224299999994
1433, 133.21724299999914
1434, 133.22224300000016
1435, 133.22724299999936
1436, 133.23224300000038
1437, 133.23724299999958
1438, 133.24224299999878
1439, 133.2472429999998
1440, 133.252242999999
1441, 133.25724300000002
1442, 133.26224299999922
1443, 133.26724300000024
1444, 133.27224299999943
1445, 133.27724300000045
1446, 133.28224299999965
1491, 133.50724300000002
1492, 133.51224299999922
1493, 133.51724300000024
1494, 133.52224299999943
1495, 133.52724300000045
1496, 133.53224299999965
1497, 133.53724299999885
1498, 133.54224299999987
1499, 133.54724299999907
1500, 133.5522430000001
1501, 133.5572429999993
1502, 133.5622430000003
1503, 133.5672429999995
1504, 133.5722429999987
1505, 133.57724299999973
1506, 133.58224299999893
1507, 133.58724299999994
1508, 133.59224299999914
1509, 133.59724300000016
1510, 133.60224299999936
1511, 133.60724300000038
1512, 133.61224299999958
1513, 133.61724299999878
1514, 133.6222429999998
1515, 133.627242999999
1516, 133.63224300000002
1517, 133.63724299999922
1518, 133.64224300000024
1519, 133.64724299999943
1520, 133.65224300000045
1521, 133.65724299999965
1522, 133.66224299999885
1523, 133.66724299999987
1524, 133.67224299999907
1525, 133.6772430000001
1526, 133.6822429999993
1527, 133.6872430000003
1528, 133.6922429999995
1529, 133.6972429999987
1530, 133.70224299999973
1531, 133.70724299999893
1532, 133.71224299999994
1533, 133.71724299999914
1534, 133.72224300000016
1535, 133.72724299999936
1536, 133.73224300000038
1537, 133.73724299999958
1538, 133.74224299999878
1539, 133.7472429999998
1540, 133.752242999999
1541, 133.75724300000002
1542, 133.76224299999922
1543, 133.76724300000024
1544, 133.77224299999943
1545, 133.77724300000045
1546, 133.78224299999965
1547, 133.78724299999885
1548, 133.79224299999987
1549, 133.79724299999907
1550, 133.8022430000001
1551, 133.8072429999993
1552, 133.8122430000003
1553, 133.8172429999995
1554, 133.8222429999987
1555, 133.82724299999973
1556, 133.83224299999893
1557, 133.83724299999994
1558, 133.84224299999914
1559, 133.84724300000016
1560, 133.85224299999936
1561, 133.85724300000038
1562, 133.86224299999958
1563, 133.86724299999878
1564, 133.8722429999998
1565, 133.877242999999
1566, 133.88224300000002
1567, 133.88724299999922
1568, 133.89224300000024
1569, 133.89724299999943
1570, 133.90224300000045
1571, 133.90724299999965
1572, 133.91224299999885
1573, 133.91724299999987
1574, 133.92224299999907
1575, 133.9272430000001
1576, 133.9322429999993
1577, 133.9372430000003
1578, 133.9422429999995
1579, 133.9472429999987
1580, 133.95224299999973
1581, 133.95724299999893
1582, 133.96224299999994
1583, 133.96724299999914
1584, 133.97224300000016
1585, 133.97724299999936
1586, 133.98224300000038
1587, 133.98724299999958
1588, 133.99224299999878
1589, 133.9972429999998
1590, 134.002242999999
1591, 134.00724300000002
1592, 134.01224299999922
1593, 134.01724300000024
1594, 134.02224299999943
1595, 134.02724300000045
1596, 134.03224299999965
1597, 134.03724299999885
1598, 134.04224299999987
1599, 134.04724299999907
1600, 134.0522430000001
1601, 134.0572429999993
1602, 134.0622430000003
1603, 134.0672429999995
1604, 134.0722429999987
1605, 134.07724299999973
1606, 134.08224299999893
1607, 134.08724299999994
1608, 134.09224299999914
1609, 134.09724300000016
1610, 134.10224299999936
1611, 134.10724300000038
1612, 134.11224299999958
1613, 134.11724299999878
1614, 134.1222429999998
1615, 134.127242999999
1616, 134.13224300000002
1617, 134.13724299999922
1618, 134.14224300000024
1619, 134.14724299999943
1620, 134.15224300000045
1621, 134.15724299999965
1622, 134.16224299999885
1623, 134.16724299999987
1624, 134.17224299999907
1625, 134.1772430000001
1626, 134.1822429999993
1627, 134.1872430000003
1628, 134.1922429999995
1629, 134.1972429999987
1630, 134.20224299999973
1631, 134.20724299999893
1632, 134.21224299999994
1633, 134.21724299999914
1634, 134.22224300000016
1635, 134.22724299999936
1636, 134.23224300000038
1637, 134.23724299999958
1638, 134.24224299999878
1639, 134.2472429999998
1640, 134.252242999999
1641, 134.25724300000002
1642, 134.26224299999922
1643, 134.26724300000024
1644, 134.27224299999943
1645, 134.27724300000045
1646, 134.28224299999965
1647, 134.28724299999885
1648, 134.29224299999987
1649, 134.29724299999907
1650, 134.3022430000001
1651, 134.3072429999993
1652, 134.3122430000003
1653, 134.3172429999995
1654, 134.3222429999987
1655, 134.32724299999973
1656, 134.33224299999893
1657, 134.33724299999994
1658, 134.34224299999914
1659, 134.34724300000016
1660, 134.35224299999936
1661, 134.35724300000038
1662, 134.36224299999958
1663, 134.36724299999878
1664, 134.3722429999998
1665, 134.377242999999
1666, 134.38224300000002
1667, 134.38724299999922
1668, 134.39224300000024
1669, 134.39724299999943
1670, 134.40224300000045
1671, 134.40724299999965
1672, 134.41224299999885
1673, 134.41724299999987
1674, 134.42224299999907
1675, 134.4272430000001
1676, 134.4322429999993
1677, 134.4372430000003
1678, 134.4422429999995
1679, 134.4472429999987
1680, 134.45224299999973
1681, 134.45724299999893
1682, 134.46224299999994
1683, 134.46724299999914
1684, 134.47224300000016
1685, 134.47724299999936
1686, 134.48224300000038
1687, 134.48724299999958
1688, 134.49224299999878
1689, 134.4972429999998
1690, 134.502242999999
1691, 134.50724300000002
1692, 134.51224299999922
1693, 134.51724300000024
1694, 134.52224299999943
1695, 134.52724300000045
1696, 134.53224299999965
1697, 134.53724299999885
1698, 134.54224299999987
1699, 134.54724299999907
1700, 134.5522430000001
1701, 134.5572429999993
1702, 134.5622430000003
1703, 134.5672429999995
1704, 134.5722429999987
1705, 134.57724299999973
1706, 134.58224299999893
1707, 134.58724299999994
1708, 134.59224299999914
1709, 134.59724300000016
1710, 134.60224299999936
1711, 134.60724300000038
1712, 134.61224299999958
1713, 134.61724299999878
1714, 134.6222429999998
1715, 134.627242999999
1716, 134.63224300000002
1717, 134.63724299999922
1718, 134.64224300000024
1719, 134.64724299999943
1720, 134.65224300000045
1721, 134.65724299999965
1722, 134.66224299999885
1723, 134.66724299999987
1724, 134.67224299999907
1725, 134.6772430000001
1726, 134.6822429999993
1727, 134.6872430000003
1728, 134.6922429999995
1729, 134.6972429999987
1730, 134.70224299999973
1731, 134.70724299999893
1732, 134.71224299999994
1733, 134.71724299999914
1734, 134.72224300000016
1735, 134.72724299999936
1736, 134.73224300000038
1737, 134.73724299999958
1738, 134.74224299999878
1739, 134.7472429999998
1740, 134.752242999999
1741, 134.75724300000002
1742, 134.76224299999922
1743, 134.76724300000024
1744, 134.77224299999943
1745, 134.77724300000045
1746, 134.78224299999965
1747, 134.78724299999885
1748, 134.79224299999987
1749, 134.79724299999907
1750, 134.8022430000001
1751, 134.8072429999993
1752, 134.8122430000003
1753, 134.8172429999995
1754, 134.8222429999987
1755, 134.82724299999973
1756, 134.83224299999893
1757, 134.83724299999994
1758, 134.84224299999914
1759, 134.84724300000016
1760, 134.85224299999936
1761, 134.85724300000038
1762, 134.86224299999958
1763, 134.86724299999878
1764, 134.8722429999998
1765, 134.877242999999
1766, 134.88224300000002
1767, 134.88724299999922
1768, 134.89224300000024
1769, 134.89724299999943
1770, 134.90224300000045
1771, 134.90724299999965
1772, 134.91224299999885
1773, 134.91724299999987
1774, 134.92224299999907
1775, 134.9272430000001
1776, 134.9322429999993
1777, 134.9372430000003
1778, 134.9422429999995
1779, 134.9472429999987
1780, 134.95224299999973
1781, 134.95724299999893
1782, 134.96224299999994
1783, 134.96724299999914
1784, 134.97224300000016
1785, 134.97724299999936
1786, 134.98224300000038
1787, 134.98724299999958
1788, 134.99224299999878
1789, 134.9972429999998
1790, 135.002242999999
1791, 135.00724300000002
1792, 135.01224299999922
1793, 135.01724300000024
1794, 135.02224299999943
1795, 135.02724300000045
1796, 135.03224299999965
1797, 135.03724299999885
1798, 135.04224299999987
1799, 135.04724299999907
1800, 135.0522430000001
1801, 135.0572429999993
1802, 135.0622430000003
1803, 135.0672429999995
1804, 135.0722429999987
1805, 135.07724299999973
1806, 135.08224299999893
1807, 135.08724299999994
1808, 135.09224299999914
1809, 135.09724300000016
1810, 135.10224299999936
1811, 135.10724300000038
1812, 135.11224299999958
1813, 135.11724299999878
1814, 135.1222429999998
1815, 135.127242999999
1816, 135.13224300000002
1817, 135.13724299999922
1818, 135.14224300000024
1819, 135.14724299999943
1820, 135.15224300000045
1821, 135.15724299999965
1822, 135.16224299999885
1823, 135.16724299999987
1824, 135.17224299999907
1825, 135.1772430000001
1826, 135.1822429999993
1827, 135.1872430000003
1828, 135.1922429999995
1829, 135.1972429999987
1830, 135.20224299999973
1831, 135.20724299999893
1832, 135.21224299999994
1833, 135.21724299999914
1834, 135.22224300000016
1835, 135.22724299999936
1836, 135.23224300000038
1837, 135.23724299999958
1838, 135.24224299999878
1839, 135.2472429999998
1840, 135.252242999999
1841, 135.25724300000002
1842, 135.26224299999922
1843, 135.26724300000024
1844, 135.27224299999943
1845, 135.27724300000045
1846, 135.28224299999965
1847, 135.28724299999885
1848, 135.29224299999987
1849, 135.29724299999907
1850, 135.3022430000001
1851, 135.3072429999993
1852, 135.3122430000003
1853, 135.3172429999995
1854, 135.3222429999987
1855, 135.32724299999973
1856, 135.33224299999893
1857, 135.33724299999994
1858, 135.34224299999914
1859, 135.34724300000016
1860, 135.35224299999936
1861, 135.35724300000038
1862, 135.36224299999958
1863, 135.36724299999878
1864, 135.3722429999998
1865, 135.377242999999
1866, 135.38224300000002
1867, 135.38724299999922
1868, 135.39224300000024
1869, 135.39724299999943
1870, 135.40224300000045
1871, 135.40724299999965
1872, 135.41224299999885
1873, 135.41724299999987
1874, 135.42224299999907
1875, 135.4272430000001
1876, 135.4322429999993
1877, 135.4372430000003
1878, 135.4422429999995
1879, 135.4472429999987
1880, 135.45224299999973
1881, 135.45724299999893
1882, 135.46224299999994
1883, 135.46724299999914
1884, 135.47224300000016
1885, 135.47724299999936
1886, 135.48224300000038
1887, 135.48724299999958
1888, 135.49224299999878
1889, 135.4972429999998
1890, 135.502242999999
1891, 135.50724300000002
1892, 135.51224299999922
1893, 135.51724300000024
1894, 135.52224299999943
1895, 135.52724300000045
1896, 135.53224299999965
1897, 135.53724299999885
1898, 135.54224299999987
1899, 135.54724299999907
1900, 135.5522430000001
1901, 135.5572429999993
1902, 135.5622430000003
1903, 135.5672429999995
1904, 135.5722429999987
1905, 135.57724299999973
1906, 135.58224299999893
1907, 135.58724299999994
1908, 135.59224299999914
1909, 135.59724300000016
1910, 135.60224299999936
1911, 135.60724300000038
1912, 135.61224299999958
1913, 135.61724299999878
1914, 135.6222429999998
1915, 135.627242999999
1916, 135.63224300000002
1917, 135.63724299999922
1918, 135.64224300000024
1919, 135.64724299999943
1920, 135.65224300000045
1921, 135.65724299999965
1922, 135.66224299999885
1923, 135.66724299999987
1924, 135.67224299999907
1925, 135.6772430000001
1926, 135.6822429999993
1927, 135.6872430000003
1928, 135.6922429999995
1929, 135.6972429999987
1930, 135.70224299999973
1931, 135.70724299999893
1932, 135.71224299999994
1933, 135.71724299999914
1934, 135.72224300000016
1935, 135.72724299999936
1936, 135.73224300000038
1937, 135.73724299999958
1938, 135.74224299999878
1939, 135.7472429999998
1940, 135.752242999999
1941, 135.75724300000002
1942, 135.76224299999922
1943, 135.76724300000024
1944, 135.77224299999943
1945, 135.77724300000045
1946, 135.78224299999965
1947, 135.78724299999885
1948, 135.79224299999987
1949, 135.79724299999907
1950, 135.8022430000001
1951, 135.8072429999993
1952, 135.8122430000003
1953, 135.8172429999995
1954, 135.8222429999987
1955, 135.82724299999973
1956, 135.83224299999893
1957, 135.83724299999994
1958, 135.84224299999914
1959, 135.84724300000016
1960, 135.85224299999936
1961, 135.85724300000038
1962, 135.86224299999958
1963, 135.86724299999878
1964, 135.8722429999998
1965, 135.877242999999
1966, 135.88224300000002
1967, 135.88724299999922
1968, 135.89224300000024
1969, 135.89724299999943
1970, 135.90224300000045
1971, 135.90724299999965
1972, 135.91224299999885
1973, 135.91724299999987
1974, 135.92224299999907
1975, 135.9272430000001
1976, 135.9322429999993
1977, 135.9372430000003
1978, 135.9422429999995
1979, 135.9472429999987
1980, 135.95224299999973
1981, 135.95724299999893
1982, 135.96224299999994
1983, 135.96724299999914
1984, 135.97224300000016
1985, 135.97724299999936
1986, 135.98224300000038
1987, 135.98724299999958
1988, 135.99224299999878
1989, 135.9972429999998
1990, 136.002242999999
1991, 136.00724300000002
1992, 136.01224299999922
1993, 136.01724300000024
1994, 136.02224299999943
1995, 136.02724300000045
1996, 136.03224299999965
1997, 136.03724299999885
1998, 136.04224299999987
1999, 136.04724299999907
2000, 136.0522430000001
2001, 136.0572429999993
2002, 136.0622430000003
2003, 136.0672429999995
2004, 136.0722429999987
2005, 136.07724299999973
2006, 136.08224299999893
2007, 136.08724299999994
2008, 136.09224299999914
2009, 136.09724300000016
2010, 136.10224299999936
2011, 136.10724300000038
2012, 136.11224299999958
2013, 136.11724299999878
2014, 136.1222429999998
2015, 136.127242999999
2016, 136.13224300000002
2017, 136.13724299999922
2018, 136.14224300000024
2019, 136.14724299999943
2020, 136.15224300000045
2021, 136.15724299999965
2022, 136.16224299999885
2023, 136.16724299999987
2024, 136.17224299999907
2025, 136.1772430000001
2026, 136.1822429999993
2027, 136.1872430000003
2028, 136.1922429999995
2029, 136.1972429999987
2030, 136.20224299999973
2031, 136.20724299999893
2032, 136.21224299999994
2033, 136.21724299999914
2034, 136.22224300000016
2035, 136.22724299999936
2036, 136.23224300000038
2037, 136.23724299999958
2038, 136.24224299999878
2039, 136.2472429999998
2040, 136.252242999999
2041, 136.25724300000002
2042, 136.26224299999922
2043, 136.26724300000024
2044, 136.27224299999943
2045, 136.27724300000045
2046, 136.28224299999965
2047, 136.28724299999885
2048, 136.29224299999987
2049, 136.29724299999907
2050, 136.3022430000001
2051, 136.3072429999993
2052, 136.3122430000003
2053, 136.3172429999995
2054, 136.3222429999987
2055, 136.32724299999973
2056, 136.33224299999893
2057, 136.33724299999994
2058, 136.34224299999914
2059, 136.34724300000016
2060, 136.35224299999936
2061, 136.35724300000038
2062, 136.36224299999958
2063, 136.36724299999878
2064, 136.3722429999998
2065, 136.377242999999
2066, 136.38224300000002
2067, 136.38724299999922
2068, 136.39224300000024
2069, 136.39724299999943
2070, 136.40224300000045
2071, 136.40724299999965
2072, 136.41224299999885
2073, 136.41724299999987
2074, 136.42224299999907
2075, 136.4272430000001
2076, 136.4322429999993
2077, 136.4372430000003
2078, 136.4422429999995
2079, 136.4472429999987
2080, 136.45224299999973
2081, 136.45724299999893
2082, 136.46224299999994
2083, 136.46724299999914
2084, 136.47224300000016
2085, 136.47724299999936
2086, 136.48224300000038
2087, 136.48724299999958
2088, 136.49224299999878
2089, 136.4972429999998
2090, 136.502242999999
2091, 136.50724300000002
2092, 136.51224299999922
2093, 136.51724300000024
2094, 136.52224299999943
2095, 136.52724300000045
2096, 136.53224299999965
2097, 136.53724299999885
2098, 136.54224299999987
2099, 136.54724299999907
2100, 136.5522430000001
2101, 136.5572429999993
2102, 136.5622430000003
2103, 136.5672429999995
2104, 136.5722429999987
2105, 136.57724299999973
2106, 136.58224299999893
2107, 136.58724299999994
2108, 136.59224299999914
2109, 136.59724300000016
2110, 136.60224299999936
2111, 136.60724300000038
2112, 136.61224299999958
2113, 136.61724299999878
2114, 136.6222429999998
2115, 136.627242999999
2116, 136.63224300000002
2117, 136.63724299999922
2118, 136.64224300000024
2119, 136.64724299999943
2120, 136.65224300000045
2121, 136.65724299999965
2122, 136.66224299999885
2123, 136.66724299999987
2124, 136.67224299999907
2125, 136.6772430000001
2126, 136.6822429999993
2127, 136.6872430000003
2128, 136.6922429999995
2129, 136.6972429999987
2130, 136.70224299999973
2131, 136.70724299999893
2132, 136.71224299999994
2133, 136.71724299999914
2134, 136.72224300000016
2135, 136.72724299999936
2136, 136.73224300000038
2137, 136.73724299999958
2138, 136.74224299999878
2139, 136.7472429999998
2140, 136.752242999999
2141, 136.75724300000002
2142, 136.76224299999922
2143, 136.76724300000024
2144, 136.77224299999943
2145, 136.77724300000045
2146, 136.78224299999965
2147, 136.78724299999885
2148, 136.79224299999987
2149, 136.79724299999907
2150, 136.8022430000001
2151, 136.8072429999993
2152, 136.8122430000003
2153, 136.8172429999995
2154, 136.8222429999987
2155, 136.82724299999973
2156, 136.83224299999893
2157, 136.83724299999994
2158, 136.84224299999914
2159, 136.84724300000016
2160, 136.85224299999936
2161, 136.85724300000038
2162, 136.86224299999958
2163, 136.86724299999878
2164, 136.8722429999998
2165, 136.877242999999
2166, 136.88224300000002
2167, 136.88724299999922
2168, 136.89224300000024
2169, 136.89724299999943
2170, 136.90224300000045
2171, 136.90724299999965
2172, 136.91224299999885
2173, 136.91724299999987
2174, 136.92224299999907
2175, 136.9272430000001
2176, 136.9322429999993
2177, 136.9372430000003
2178, 136.9422429999995
2179, 136.9472429999987
2180, 136.95224299999973
2181, 136.95724299999893
2182, 136.96224299999994
2183, 136.96724299999914
2184, 136.97224300000016
2185, 136.97724299999936
2186, 136.98224300000038
2187, 136.98724299999958
2188, 136.99224299999878
2189, 136.9972429999998
2190, 137.002242999999
2191, 137.00724300000002
2192, 137.01224299999922
2193, 137.01724300000024
2194, 137.02224299999943
2195, 137.02724300000045
2196, 137.03224299999965
2197, 137.03724299999885
2198, 137.04224299999987
2199, 137.04724299999907
2200, 137.0522430000001
2201, 137.0572429999993
2202, 137.0622430000003
2203, 137.0672429999995
2204, 137.0722429999987
2205, 137.07724299999973
2206, 137.08224299999893
2207, 137.08724299999994
2208, 137.09224299999914
2209, 137.09724300000016
2210, 137.10224299999936
2211, 137.10724300000038
2212, 137.11224299999958
2213, 137.11724299999878
2214, 137.1222429999998
2215, 137.127242999999
2216, 137.13224300000002
2217, 137.13724299999922
2218, 137.14224300000024
2219, 137.14724299999943
2220, 137.15224300000045
2221, 137.15724299999965
2222, 137.16224299999885
2223, 137.16724299999987
2224, 137.17224299999907
2225, 137.1772430000001
2226, 137.1822429999993
2227, 137.1872430000003
2228, 137.1922429999995
2229, 137.1972429999987
2230, 137.20224299999973
2231, 137.20724299999893
2232, 137.21224299999994
2233, 137.21724299999914
2234, 137.22224300000016
2235, 137.22724299999936
2236, 137.23224300000038
2237, 137.23724299999958
2238, 137.24224299999878
2239, 137.2472429999998
2240, 137.252242999999
2241, 137.25724300000002
2242, 137.26224299999922
2243, 137.26724300000024
2244, 137.27224299999943
2245, 137.27724300000045
2246, 137.28224299999965
2247, 137.28724299999885
2248, 137.29224299999987
2249, 137.29724299999907
2250, 137.3022430000001
2251, 137.3072429999993
2252, 137.3122430000003
2253, 137.3172429999995
2254, 137.3222429999987
2255, 137.32724299999973
2256, 137.33224299999893
2257, 137.33724299999994
2258, 137.34224299999914
2259, 137.34724300000016
2260, 137.35224299999936
2261, 137.35724300000038
2262, 137.36224299999958
2263, 137.36724299999878
2264, 137.3722429999998
2265, 137.377242999999
2266, 137.38224300000002
2267, 137.38724299999922
2268, 137.39224300000024
2269, 137.39724299999943
2270, 137.40224300000045
2271, 137.40724299999965
2272, 137.41224299999885
2273, 137.41724299999987
2274, 137.42224299999907
2275, 137.4272430000001
2276, 137.4322429999993
2277, 137.4372430000003
2278, 137.4422429999995
2279, 137.4472429999987
2280, 137.45224299999973
2281, 137.45724299999893
2282, 137.46224299999994
2283, 137.46724299999914
2284, 137.47224300000016
2285, 137.47724299999936
2286, 137.48224300000038
2287, 137.48724299999958
2288, 137.49224299999878
2289, 137.4972429999998
2290, 137.502242999999
2291, 137.50724300000002
2292, 137.51224299999922
2293, 137.51724300000024
2294, 137.52224299999943
2295, 137.52724300000045
2296, 137.53224299999965
2297, 137.53724299999885
2298, 137.54224299999987
2299, 137.54724299999907
2300, 137.5522430000001
2301, 137.5572429999993
2302, 137.5622430000003
2303, 137.5672429999995
2304, 137.5722429999987
2305, 137.57724299999973
2306, 137.58224299999893
2307, 137.58724299999994
2308, 137.59224299999914
2309, 137.59724300000016
2310, 137.60224299999936
2311, 137.60724300000038
2312, 137.61224299999958
2313, 137.61724299999878
2314, 137.6222429999998
2315, 137.627242999999
2316, 137.63224300000002
2317, 137.63724299999922
2318, 137.64224300000024
2319, 137.64724299999943
2320, 137.65224300000045
2321, 137.65724299999965
2322, 137.66224299999885
2323, 137.66724299999987
2324, 137.67224299999907
2325, 137.6772430000001
2326, 137.6822429999993
2327, 137.6872430000003
2328, 137.6922429999995
2329, 137.6972429999987
2330, 137.70224299999973
2331, 137.70724299999893
2332, 137.71224299999994
2333, 137.71724299999914
2334, 137.72224300000016
2335, 137.72724299999936
2336, 137.73224300000038
2337, 137.73724299999958
2338, 137.74224299999878
2339, 137.7472429999998
2340, 137.752242999999
2341, 137.75724300000002
2342, 137.76224299999922
2343, 137.76724300000024
2344, 137.77224299999943
2345, 137.77724300000045
2346, 137.78224299999965
2347, 137.78724299999885
2348, 137.79224299999987
2349, 137.79724299999907
2350, 137.8022430000001
2351, 137.8072429999993
2352, 137.8122430000003
2353, 137.8172429999995
2354, 137.8222429999987
2355, 137.82724299999973
2356, 137.83224299999893
2357, 137.83724299999994
2358, 137.84224299999914
2359, 137.84724300000016
2360, 137.85224299999936
2361, 137.85724300000038
2362, 137.86224299999958
2363, 137.86724299999878
2364, 137.8722429999998
2365, 137.877242999999
2366, 137.88224300000002
2367, 137.88724299999922
2368, 137.89224300000024
2369, 137.89724299999943
2370, 137.90224300000045
2371, 137.90724299999965
2372, 137.91224299999885
2373, 137.91724299999987
2374, 137.92224299999907
2375, 137.9272430000001
2376, 137.9322429999993
2377, 137.9372430000003
2378, 137.9422429999995
0, 189.0814589999991
1, 189.0864590000001
2, 189.0914589999993
3, 189.09645900000032
4, 189.10145899999952
5, 189.10645899999872
6, 189.11145899999974
7, 189.11645899999894
8, 189.12145899999996
9, 189.12645899999916
10, 189.13145900000018
11, 189.13645899999938
12, 189.1414590000004
13, 189.1464589999996
14, 189.1514589999988
15, 189.1564589999998
16, 189.161458999999
17, 189.16645900000003
18, 189.17145899999923
19, 189.17645900000025
20, 189.18145899999945
21, 189.18645900000047
22, 189.19145899999967
23, 189.19645899999887
24, 189.2014589999999
25, 189.2064589999991
26, 189.2114590000001
27, 189.2164589999993
28, 189.22145900000032
29, 189.22645899999952
30, 189.23145899999872
31, 189.23645899999974
32, 189.24145899999894
33, 189.24645899999996
34, 189.25145899999916
35, 189.25645900000018
36, 189.26145899999938
37, 189.2664590000004
38, 189.2714589999996
39, 189.2764589999988
40, 189.2814589999998
41, 189.286458999999
42, 189.29145900000003
43, 189.29645899999923
44, 189.30145900000025
45, 189.30645899999945
46, 189.31145900000047
47, 189.31645899999967
48, 189.32145899999887
49, 189.3264589999999
50, 189.3314589999991
51, 189.3364590000001
52, 189.3414589999993
53, 189.34645900000032
54, 189.35145899999952
55, 189.35645899999872
56, 189.36145899999974
57, 189.36645899999894
58, 189.37145899999996
59, 189.37645899999916
60, 189.38145900000018
61, 189.38645899999938
62, 189.3914590000004
63, 189.3964589999996
64, 189.4014589999988
65, 189.4064589999998
66, 189.411458999999
67, 189.41645900000003
68, 189.42145899999923
69, 189.42645900000025
70, 189.43145899999945
71, 189.43645900000047
72, 189.44145899999967
73, 189.44645899999887
74, 189.4514589999999
75, 189.4564589999991
76, 189.4614590000001
77, 189.4664589999993
78, 189.47145900000032
79, 189.47645899999952
80, 189.48145899999872
81, 189.48645899999974
82, 189.49145899999894
83, 189.49645899999996
84, 189.50145899999916
85, 189.50645900000018
86, 189.51145899999938
87, 189.5164590000004
88, 189.5214589999996
89, 189.5264589999988
90, 189.5314589999998
91, 189.536458999999
92, 189.54145900000003
93, 189.54645899999923
94, 189.55145900000025
95, 189.55645899999945
96, 189.56145900000047
97, 189.56645899999967
98, 189.57145899999887
99, 189.5764589999999
100, 189.5814589999991
101, 189.5864590000001
102, 189.5914589999993
103, 189.59645900000032
104, 189.60145899999952
105, 189.60645899999872
106, 189.61145899999974
107, 189.61645899999894
108, 189.62145899999996
109, 189.62645899999916
110, 189.63145900000018
111, 189.63645899999938
112, 189.6414590000004
113, 189.6464589999996
114, 189.6514589999988
115, 189.6564589999998
116, 189.661458999999
117, 189.66645900000003
118, 189.67145899999923
119, 189.67645900000025
120, 189.68145899999945
121, 189.68645900000047
122, 189.69145899999967
123, 189.69645899999887
124, 189.7014589999999
125, 189.7064589999991
126, 189.7114590000001
127, 189.7164589999993
128, 189.72145900000032
129, 189.72645899999952
130, 189.73145899999872
131, 189.73645899999974
132, 189.74145899999894
133, 189.74645899999996
134, 189.75145899999916
135, 189.75645900000018
136, 189.76145899999938
137, 189.7664590000004
138, 189.7714589999996
139, 189.7764589999988
140, 189.7814589999998
141, 189.786458999999
142, 189.79145900000003
143, 189.79645899999923
144, 189.80145900000025
145, 189.80645899999945
146, 189.81145900000047
147, 189.81645899999967
148, 189.82145899999887
149, 189.8264589999999
150, 189.8314589999991
151, 189.8364590000001
152, 189.8414589999993
153, 189.84645900000032
154, 189.85145899999952
155, 189.85645899999872
156, 189.86145899999974
157, 189.86645899999894
158, 189.87145899999996
159, 189.87645899999916
160, 189.88145900000018
161, 189.88645899999938
162, 189.8914590000004
163, 189.8964589999996
164, 189.9014589999988
165, 189.9064589999998
166, 189.911458999999
167, 189.91645900000003
168, 189.92145899999923
169, 189.92645900000025
170, 189.93145899999945
171, 189.93645900000047
172, 189.94145899999967
173, 189.94645899999887
174, 189.9514589999999
175, 189.9564589999991
176, 189.9614590000001
177, 189.9664589999993
178, 189.97145900000032
179, 189.97645899999952
180, 189.98145899999872
181, 189.98645899999974
182, 189.99145899999894
183, 189.99645899999996
184, 190.00145899999916
185, 190.00645900000018
186, 190.01145899999938
187, 190.0164590000004
188, 190.0214589999996
189, 190.0264589999988
190, 190.0314589999998
191, 190.036458999999
192, 190.04145900000003
193, 190.04645899999923
194, 190.05145900000025
195, 190.05645899999945
196, 190.06145900000047
197, 190.06645899999967
198, 190.07145899999887
199, 190.0764589999999
200, 190.0814589999991
201, 190.0864590000001
202, 190.0914589999993
203, 190.09645900000032
204, 190.10145899999952
205, 190.10645899999872
206, 190.11145899999974
207, 190.11645899999894
208, 190.12145899999996
209, 190.12645899999916
210, 190.13145900000018
211, 190.13645899999938
212, 190.1414590000004
213, 190.1464589999996
214, 190.1514589999988
215, 190.1564589999998
216, 190.161458999999
217, 190.16645900000003
218, 190.17145899999923
219, 190.17645900000025
220, 190.18145899999945
221, 190.18645900000047
222, 190.19145899999967
223, 190.19645899999887
224, 190.2014589999999
225, 190.2064589999991
226, 190.2114590000001
227, 190.2164589999993
228, 190.22145900000032
229, 190.22645899999952
230, 190.23145899999872
231, 190.23645899999974
232, 190.24145899999894
233, 190.24645899999996
234, 190.25145899999916
235, 190.25645900000018
236, 190.26145899999938
237, 190.2664590000004
238, 190.2714589999996
239, 190.2764589999988
240, 190.2814589999998
241, 190.286458999999
242, 190.29145900000003
243, 190.29645899999923
244, 190.30145900000025
245, 190.30645899999945
246, 190.31145900000047
247, 190.31645899999967
248, 190.32145899999887
249, 190.3264589999999
250, 190.3314589999991
251, 190.3364590000001
252, 190.3414589999993
253, 190.34645900000032
254, 190.35145899999952
255, 190.35645899999872
256, 190.36145899999974
257, 190.36645899999894
258, 190.37145899999996
259, 190.37645899999916
260, 190.38145900000018
261, 190.38645899999938
262, 190.3914590000004
263, 190.3964589999996
264, 190.4014589999988
265, 190.4064589999998
266, 190.411458999999
267, 190.41645900000003
268, 190.42145899999923
269, 190.42645900000025
270, 190.43145899999945
271, 190.43645900000047
272, 190.44145899999967
273, 190.44645899999887
274, 190.4514589999999
275, 190.4564589999991
276, 190.4614590000001
277, 190.4664589999993
278, 190.47145900000032
279, 190.47645899999952
280, 190.48145899999872
281, 190.48645899999974
282, 190.49145899999894
283, 190.49645899999996
284, 190.50145899999916
285, 190.50645900000018
286, 190.51145899999938
287, 190.5164590000004
288, 190.5214589999996
289, 190.5264589999988
290, 190.5314589999998
291, 190.536458999999
292, 190.54145900000003
293, 190.54645899999923
294, 190.55145900000025
295, 190.55645899999945
296, 190.56145900000047
297, 190.56645899999967
298, 190.57145899999887
299, 190.5764589999999
300, 190.5814589999991
301, 190.5864590000001
302, 190.5914589999993
303, 190.59645900000032
304, 190.60145899999952
305, 190.60645899999872
306, 190.61145899999974
307, 190.61645899999894
308, 190.62145899999996
309, 190.62645899999916
310, 190.63145900000018
311, 190.63645899999938
312, 190.6414590000004
313, 190.6464589999996
314, 190.6514589999988
315, 190.6564589999998
316, 190.661458999999
317, 190.66645900000003
318, 190.67145899999923
319, 190.67645900000025
320, 190.68145899999945
321, 190.68645900000047
322, 190.69145899999967
323, 190.69645899999887
324, 190.7014589999999
325, 190.7064589999991
326, 190.7114590000001
327, 190.7164589999993
328, 190.72145900000032
329, 190.72645899999952
330, 190.73145899999872
331, 190.73645899999974
332, 190.74145899999894
333, 190.74645899999996
334, 190.75145899999916
335, 190.75645900000018
336, 190.76145899999938
337, 190.7664590000004
338, 190.7714589999996
339, 190.7764589999988
340, 190.7814589999998
341, 190.786458999999
342, 190.79145900000003
343, 190.79645899999923
344, 190.80145900000025
345, 190.80645899999945
346, 190.81145900000047
347, 190.81645899999967
348, 190.82145899999887
349, 190.8264589999999
350, 190.8314589999991
351, 190.8364590000001
352, 190.8414589999993
353, 190.84645900000032
354, 190.85145899999952
355, 190.85645899999872
356, 190.86145899999974
357, 190.86645899999894
358, 190.87145899999996
359, 190.87645899999916
360, 190.88145900000018
361, 190.88645899999938
362, 190.8914590000004
363, 190.8964589999996
364, 190.9014589999988
365, 190.9064589999998
366, 190.911458999999
367, 190.91645900000003
368, 190.92145899999923
369, 190.92645900000025
370, 190.93145899999945
371, 190.93645900000047
372, 190.94145899999967
373, 190.94645899999887
374, 190.9514589999999
375, 190.9564589999991
376, 190.9614590000001
377, 190.9664589999993
378, 190.97145900000032
379, 190.97645899999952
380, 190.98145899999872
381, 190.98645899999974
382, 190.99145899999894
383, 190.99645899999996
384, 191.00145899999916
385, 191.00645900000018
386, 191.01145899999938
387, 191.0164590000004
388, 191.0214589999996
389, 191.0264589999988
390, 191.0314589999998
391, 191.036458999999
392, 191.04145900000003
393, 191.04645899999923
394, 191.05145900000025
395, 191.05645899999945
396, 191.06145900000047
397, 191.06645899999967
398, 191.07145899999887
399, 191.0764589999999
400, 191.0814589999991
401, 191.0864590000001
402, 191.0914589999993
403, 191.09645900000032
404, 191.10145899999952
405, 191.10645899999872
406, 191.11145899999974
407, 191.11645899999894
408, 191.12145899999996
409, 191.12645899999916
410, 191.13145900000018
411, 191.13645899999938
412, 191.1414590000004
413, 191.1464589999996
414, 191.1514589999988
415, 191.1564589999998
416, 191.161458999999
417, 191.16645900000003
418, 191.17145899999923
419, 191.17645900000025
420, 191.18145899999945
421, 191.18645900000047
422, 191.19145899999967
423, 191.19645899999887
424, 191.2014589999999
425, 191.2064589999991
426, 191.2114590000001
427, 191.2164589999993
428, 191.22145900000032
429, 191.22645899999952
430, 191.23145899999872
431, 191.23645899999974
432, 191.24145899999894
433, 191.24645899999996
434, 191.25145899999916
435, 191.25645900000018
436, 191.26145899999938
437, 191.2664590000004
438, 191.2714589999996
439, 191.2764589999988
440, 191.2814589999998
441, 191.286458999999
442, 191.29145900000003
443, 191.29645899999923
444, 191.30145900000025
445, 191.30645899999945
446, 191.31145900000047
447, 191.31645899999967
448, 191.32145899999887
449, 191.3264589999999
450, 191.3314589999991
451, 191.3364590000001
452, 191.3414589999993
453, 191.34645900000032
454, 191.35145899999952
455, 191.35645899999872
456, 191.36145899999974
457, 191.36645899999894
458, 191.37145899999996
459, 191.37645899999916
460, 191.38145900000018
461, 191.38645899999938
462, 191.3914590000004
463, 191.3964589999996
464, 191.4014589999988
465, 191.4064589999998
466, 191.411458999999
467, 191.41645900000003
468, 191.42145899999923
469, 191.42645900000025
470, 191.43145899999945
471, 191.43645900000047
472, 191.44145899999967
473, 191.44645899999887
474, 191.4514589999999
475, 191.4564589999991
476, 191.4614590000001
477, 191.4664589999993
478, 191.47145900000032
479, 191.47645899999952
480, 191.48145899999872
481, 191.48645899999974
482, 191.49145899999894
483, 191.49645899999996
484, 191.50145899999916
485, 191.50645900000018
486, 191.51145899999938
487, 191.5164590000004
488, 191.5214589999996
489, 191.5264589999988
490, 191.5314589999998
491, 191.536458999999
492, 191.54145900000003
493, 191.54645899999923
494, 191.55145900000025
495, 191.55645899999945
496, 191.56145900000047
497, 191.56645899999967
498, 191.57145899999887
499, 191.5764589999999
500, 191.5814589999991
501, 191.5864590000001
502, 191.5914589999993
503, 191.59645900000032
504, 191.60145899999952
505, 191.60645899999872
506, 191.61145899999974
507, 191.61645899999894
508, 191.62145899999996
509, 191.62645899999916
510, 191.63145900000018
511, 191.63645899999938
512, 191.6414590000004
513, 191.6464589999996
514, 191.6514589999988
515, 191.6564589999998
516, 191.661458999999
517, 191.66645900000003
518, 191.67145899999923
519, 191.67645900000025
520, 191.68145899999945
521, 191.68645900000047
522, 191.69145899999967
523, 191.69645899999887
524, 191.7014589999999
525, 191.7064589999991
526, 191.7114590000001
527, 191.7164589999993
528, 191.72145900000032
529, 191.72645899999952
530, 191.73145899999872
531, 191.73645899999974
532, 191.74145899999894
533, 191.74645899999996
534, 191.75145899999916
535, 191.75645900000018
536, 191.76145899999938
537, 191.7664590000004
538, 191.7714589999996
539, 191.7764589999988
540, 191.7814589999998
541, 191.786458999999
542, 191.79145900000003
543, 191.79645899999923
544, 191.80145900000025
545, 191.80645899999945
546, 191.81145900000047
547, 191.81645899999967
548, 191.82145899999887
549, 191.8264589999999
550, 191.8314589999991
551, 191.8364590000001
552, 191.8414589999993
553, 191.84645900000032
554, 191.85145899999952
555, 191.85645899999872
556, 191.86145899999974
557, 191.86645899999894
558, 191.87145899999996
559, 191.87645899999916
560, 191.88145900000018
561, 191.88645899999938
562, 191.8914590000004
563, 191.8964589999996
564, 191.9014589999988
565, 191.9064589999998
566, 191.911458999999
567, 191.91645900000003
568, 191.92145899999923
569, 191.92645900000025
570, 191.93145899999945
571, 191.93645900000047
572, 191.94145899999967
573, 191.94645899999887
574, 191.9514589999999
575, 191.9564589999991
576, 191.9614590000001
577, 191.9664589999993
578, 191.97145900000032
579, 191.97645899999952
580, 191.98145899999872
581, 191.98645899999974
582, 191.99145899999894
583, 191.99645899999996
584, 192.00145899999916
585, 192.00645900000018
586, 192.01145899999938
587, 192.0164590000004
588, 192.0214589999996
589, 192.0264589999988
590, 192.0314589999998
591, 192.036458999999
592, 192.04145900000003
593, 192.04645899999923
594, 192.05145900000025
595, 192.05645899999945
596, 192.06145900000047
597, 192.06645899999967
598, 192.07145899999887
599, 192.0764589999999
600, 192.0814589999991
601, 192.0864590000001
602, 192.0914589999993
603, 192.09645900000032
604, 192.10145899999952
605, 192.10645899999872
606, 192.11145899999974
607, 192.11645899999894
608, 192.12145899999996
609, 192.12645899999916
610, 192.13145900000018
611, 192.13645899999938
612, 192.1414590000004
613, 192.1464589999996
614, 192.1514589999988
615, 192.1564589999998
616, 192.161458999999
617, 192.16645900000003
618, 192.17145899999923
619, 192.17645900000025
620, 192.18145899999945
621, 192.18645900000047
622, 192.19145899999967
623, 192.19645899999887
624, 192.2014589999999
625, 192.2064589999991
626, 192.2114590000001
627, 192.2164589999993
628, 192.22145900000032
629, 192.22645899999952
630, 192.23145899999872
631, 192.23645899999974
632, 192.24145899999894
633, 192.24645899999996
634, 192.25145899999916
635, 192.25645900000018
636, 192.26145899999938
637, 192.2664590000004
638, 192.2714589999996
639, 192.2764589999988
640, 192.2814589999998
641, 192.286458999999
642, 192.29145900000003
643, 192.29645899999923
644, 192.30145900000025
645, 192.30645899999945
646, 192.31145900000047
647, 192.31645899999967
648, 192.32145899999887
649, 192.3264589999999
650, 192.3314589999991
651, 192.3364590000001
652, 192.3414589999993
653, 192.34645900000032
654, 192.35145899999952
655, 192.35645899999872
656, 192.36145899999974
657, 192.36645899999894
658, 192.37145899999996
659, 192.37645899999916
660, 192.38145900000018
661, 192.38645899999938
662, 192.3914590000004
663, 192.3964589999996
664, 192.4014589999988
665, 192.4064589999998
666, 192.411458999999
667, 192.41645900000003
668, 192.42145899999923
669, 192.42645900000025
670, 192.43145899999945
671, 192.43645900000047
672, 192.44145899999967
673, 192.44645899999887
674, 192.4514589999999
675, 192.4564589999991
676, 192.4614590000001
677, 192.4664589999993
678, 192.47145900000032
679, 192.47645899999952
680, 192.48145899999872
681, 192.48645899999974
682, 192.49145899999894
683, 192.49645899999996
684, 192.50145899999916
685, 192.50645900000018
686, 192.51145899999938
687, 192.5164590000004
688, 192.5214589999996
689, 192.5264589999988
690, 192.5314589999998
691, 192.536458999999
692, 192.54145900000003
693, 192.54645899999923
694, 192.55145900000025
695, 192.55645899999945
696, 192.56145900000047
697, 192.56645899999967
698, 192.57145899999887
699, 192.5764589999999
700, 192.5814589999991
701, 192.5864590000001
702, 192.5914589999993
703, 192.59645900000032
704, 192.60145899999952
705, 192.60645899999872
706, 192.61145899999974
707, 192.61645899999894
708, 192.62145899999996
709, 192.62645899999916
710, 192.63145900000018
711, 192.63645899999938
712, 192.6414590000004
713, 192.6464589999996
714, 192.6514589999988
715, 192.6564589999998
716, 192.661458999999
717, 192.66645900000003
718, 192.67145899999923
719, 192.67645900000025
720, 192.68145899999945
721, 192.68645900000047
722, 192.69145899999967
723, 192.69645899999887
724, 192.7014589999999
725, 192.7064589999991
726, 192.7114590000001
727, 192.7164589999993
728, 192.72145900000032
729, 192.72645899999952
730, 192.73145899999872
731, 192.73645899999974
732, 192.74145899999894
733, 192.74645899999996
734, 192.75145899999916
735, 192.75645900000018
736, 192.76145899999938
737, 192.7664590000004
738, 192.7714589999996
739, 192.7764589999988
740, 192.7814589999998
741, 192.786458999999
742, 192.79145900000003
743, 192.79645899999923
744, 192.80145900000025
745, 192.80645899999945
746, 192.81145900000047
747, 192.81645899999967
748, 192.82145899999887
749, 192.8264589999999
750, 192.8314589999991
751, 192.8364590000001
752, 192.8414589999993
753, 192.84645900000032
754, 192.85145899999952
755, 192.85645899999872
756, 192.86145899999974
757, 192.86645899999894
758, 192.87145899999996
759, 192.87645899999916
760, 192.88145900000018
761, 192.88645899999938
762, 192.8914590000004
763, 192.8964589999996
764, 192.9014589999988
765, 192.9064589999998
766, 192.911458999999
767, 192.91645900000003
768, 192.92145899999923
769, 192.92645900000025
770, 192.93145899999945
771, 192.93645900000047
772, 192.94145899999967
773, 192.94645899999887
774, 192.9514589999999
775, 192.9564589999991
776, 192.9614590000001
777, 192.9664589999993
778, 192.97145900000032
779, 192.97645899999952
780, 192.98145899999872
781, 192.98645899999974
782, 192.99145899999894
783, 192.99645899999996
784, 193.00145899999916
785, 193.00645900000018
786, 193.01145899999938
787, 193.0164590000004
788, 193.0214589999996
789, 193.0264589999988
790, 193.0314589999998
791, 193.036458999999
792, 193.04145900000003
793, 193.04645899999923
794, 193.05145900000025
795, 193.05645899999945
796, 193.06145900000047
797, 193.06645899999967
798, 193.07145899999887
799, 193.0764589999999
800, 193.0814589999991
801, 193.0864590000001
802, 193.0914589999993
803, 193.09645900000032
804, 193.10145899999952
805, 193.10645899999872
806, 193.11145899999974
807, 193.11645899999894
808, 193.12145899999996
809, 193.12645899999916
810, 193.13145900000018
811, 193.13645899999938
812, 193.1414590000004
813, 193.1464589999996
814, 193.1514589999988
815, 193.1564589999998
816, 193.161458999999
817, 193.16645900000003
818, 193.17145899999923
819, 193.17645900000025
820, 193.18145899999945
821, 193.18645900000047
822, 193.19145899999967
823, 193.19645899999887
824, 193.2014589999999
825, 193.2064589999991
826, 193.2114590000001
827, 193.2164589999993
828, 193.22145900000032
829, 193.22645899999952
830, 193.23145899999872
831, 193.23645899999974
832, 193.24145899999894
833, 193.24645899999996
834, 193.25145899999916
835, 193.25645900000018
836, 193.26145899999938
837, 193.2664590000004
838, 193.2714589999996
839, 193.2764589999988
840, 193.2814589999998
841, 193.286458999999
842, 193.29145900000003
843, 193.29645899999923
844, 193.30145900000025
845, 193.30645899999945
846, 193.31145900000047
847, 193.31645899999967
848, 193.32145899999887
849, 193.3264589999999
850, 193.3314589999991
851, 193.3364590000001
852, 193.3414589999993
853, 193.34645900000032
854, 193.35145899999952
855, 193.35645899999872
856, 193.36145899999974
857, 193.36645899999894
858, 193.37145899999996
859, 193.37645899999916
860, 193.38145900000018
861, 193.38645899999938
862, 193.3914590000004
863, 193.3964589999996
864, 193.4014589999988
865, 193.4064589999998
866, 193.411458999999
867, 193.41645900000003
868, 193.42145899999923
869, 193.42645900000025
870, 193.43145899999945
871, 193.43645900000047
872, 193.44145899999967
873, 193.44645899999887
874, 193.4514589999999
875, 193.4564589999991
876, 193.4614590000001
877, 193.4664589999993
878, 193.47145900000032
879, 193.47645899999952
880, 193.48145899999872
881, 193.48645899999974
882, 193.49145899999894
883, 193.49645899999996
884, 193.50145899999916
885, 193.50645900000018
886, 193.51145899999938
887, 193.5164590000004
888, 193.5214589999996
889, 193.5264589999988
890, 193.5314589999998
891, 193.536458999999
892, 193.54145900000003
893, 193.54645899999923
894, 193.55145900000025
895, 193.55645899999945
896, 193.56145900000047
897, 193.56645899999967
898, 193.57145899999887
899, 193.5764589999999
900, 193.5814589999991
901, 193.5864590000001
902, 193.5914589999993
903, 193.59645900000032
904, 193.60145899999952
905, 193.60645899999872
906, 193.61145899999974
907, 193.61645899999894
908, 193.62145899999996
909, 193.62645899999916
910, 193.63145900000018
911, 193.63645899999938
912, 193.6414590000004
913, 193.6464589999996
914, 193.6514589999988
915, 193.6564589999998
916, 193.661458999999
917, 193.66645900000003
918, 193.67145899999923
919, 193.67645900000025
920, 193.68145899999945
921, 193.68645900000047
922, 193.69145899999967
923, 193.69645899999887
924, 193.7014589999999
925, 193.7064589999991
926, 193.7114590000001
927, 193.7164589999993
928, 193.72145900000032
929, 193.72645899999952
930, 193.73145899999872
931, 193.73645899999974
932, 193.74145899999894
933, 193.74645899999996
934, 193.75145899999916
935, 193.75645900000018
936, 193.76145899999938
937, 193.7664590000004
938, 193.7714589999996
939, 193.7764589999988
940, 193.7814589999998
941, 193.786458999999
942, 193.79145900000003
943, 193.79645899999923
944, 193.80145900000025
945, 193.80645899999945
946, 193.81145900000047
947, 193.81645899999967
948, 193.82145899999887
949, 193.8264589999999
950, 193.8314589999991
951, 193.8364590000001
952, 193.8414589999993
953, 193.84645900000032
954, 193.85145899999952
955, 193.85645899999872
956, 193.86145899999974
957, 193.86645899999894
958, 193.87145899999996
959, 193.87645899999916
960, 193.88145900000018
961, 193.88645899999938
962, 193.8914590000004
963, 193.8964589999996
964, 193.9014589999988
965, 193.9064589999998
966, 193.911458999999
967, 193.91645900000003
968, 193.92145899999923
969, 193.92645900000025
970, 193.93145899999945
971, 193.93645900000047
972, 193.94145899999967
973, 193.94645899999887
974, 193.9514589999999
975, 193.9564589999991
976, 193.9614590000001
977, 193.9664589999993
978, 193.97145900000032
979, 193.97645899999952
980, 193.98145899999872
981, 193.98645899999974
982, 193.99145899999894
983, 193.99645899999996
984, 194.00145899999916
985, 194.00645900000018
986, 194.01145899999938
987, 194.0164590000004
988, 194.0214589999996
989, 194.0264589999988
990, 194.0314589999998
991, 194.036458999999
992, 194.04145900000003
993, 194.04645899999923
994, 194.05145900000025
995, 194.05645899999945
996, 194.06145900000047
997, 194.06645899999967
998, 194.07145899999887
999, 194.0764589999999
1000, 194.0814589999991
1001, 194.0864590000001
1002, 194.0914589999993
1003, 194.09645900000032
1004, 194.10145899999952
1005, 194.10645899999872
1006, 194.11145899999974
1007, 194.11645899999894
1008, 194.12145899999996
1009, 194.12645899999916
1010, 194.13145900000018
1011, 194.13645899999938
1012, 194.1414590000004
1013, 194.1464589999996
1014, 194.1514589999988
1015, 194.1564589999998
1016, 194.161458999999
1017, 194.16645900000003
1018, 194.17145899999923
1019, 194.17645900000025
1020, 194.18145899999945
1021, 194.18645900000047
1022, 194.19145899999967
1023, 194.19645899999887
1024, 194.2014589999999
1025, 194.2064589999991
1026, 194.2114590000001
1027, 194.2164589999993
1028, 194.22145900000032
1029, 194.22645899999952
1030, 194.23145899999872
1031, 194.23645899999974
1032, 194.24145899999894
1033, 194.24645899999996
1034, 194.25145899999916
1035, 194.25645900000018
1036, 194.26145899999938
1037, 194.2664590000004
1038, 194.2714589999996
1039, 194.2764589999988
1040, 194.2814589999998
1041, 194.286458999999
1042, 194.29145900000003
1043, 194.29645899999923
1044, 194.30145900000025
1045, 194.30645899999945
1046, 194.31145900000047
1047, 194.31645899999967
1048, 194.32145899999887
1049, 194.3264589999999
1050, 194.3314589999991
1051, 194.3364590000001
1052, 194.3414589999993
1053, 194.34645900000032
1054, 194.35145899999952
1055, 194.35645899999872
1056, 194.36145899999974
1057, 194.36645899999894
1058, 194.37145899999996
1059, 194.37645899999916
1060, 194.38145900000018
1061, 194.38645899999938
1062, 194.3914590000004
1063, 194.3964589999996
1064, 194.4014589999988
1065, 194.4064589999998
1066, 194.411458999999
1067, 194.41645900000003
1068, 194.42145899999923
1069, 194.42645900000025
1070, 194.43145899999945
1071, 194.43645900000047
1072, 194.44145899999967
1073, 194.44645899999887
1074, 194.4514589999999
1075, 194.4564589999991
1076, 194.4614590000001
1077, 194.4664589999993
1078, 194.47145900000032
1079, 194.47645899999952
1080, 194.48145899999872
1081, 194.48645899999974
1082, 194.49145899999894
1083, 194.49645899999996
1084, 194.50145899999916
1085, 194.50645900000018
1086, 194.51145899999938
1087, 194.5164590000004
1088, 194.5214589999996
1089, 194.5264589999988
1090, 194.5314589999998
1091, 194.536458999999
1092, 194.54145900000003
1093, 194.54645899999923
1094, 194.55145900000025
1095, 194.55645899999945
1096, 194.56145900000047
1097, 194.56645899999967
1098, 194.57145899999887
1099, 194.5764589999999
1100, 194.5814589999991
1101, 194.5864590000001
1102, 194.5914589999993
1103, 194.59645900000032
1104, 194.60145899999952
1105, 194.60645899999872
1106, 194.61145899999974
1107, 194.61645899999894
1108, 194.62145899999996
1109, 194.62645899999916
1110, 194.63145900000018
1111, 194.63645899999938
1112, 194.6414590000004
1113, 194.6464589999996
1114, 194.6514589999988
1115, 194.6564589999998
1116, 194.661458999999
1117, 194.66645900000003
1118, 194.67145899999923
1119, 194.67645900000025
1120, 194.68145899999945
1121, 194.68645900000047
1122, 194.69145899999967
1123, 194.69645899999887
1124, 194.7014589999999
1125, 194.7064589999991
1126, 194.7114590000001
1127, 194.7164589999993
1128, 194.72145900000032
1129, 194.72645899999952
1130, 194.73145899999872
1131, 194.73645899999974
1132, 194.74145899999894
1133, 194.74645899999996
1134, 194.75145899999916
1135, 194.75645900000018
1136, 194.76145899999938
1137, 194.7664590000004
1138, 194.7714589999996
1139, 194.7764589999988
1140, 194.7814589999998
1141, 194.786458999999
1142, 194.79145900000003
1143, 194.79645899999923
1144, 194.80145900000025
1145, 194.80645899999945
1146, 194.81145900000047
1147, 194.81645899999967
1148, 194.82145899999887
1149, 194.8264589999999
1150, 194.8314589999991
1151, 194.8364590000001
1152, 194.8414589999993
1153, 194.84645900000032
1154, 194.85145899999952
1155, 194.85645899999872
1156, 194.86145899999974
1157, 194.86645899999894
1158, 194.87145899999996
1159, 194.87645899999916
1160, 194.88145900000018
1161, 194.88645899999938
1162, 194.8914590000004
1163, 194.8964589999996
1164, 194.9014589999988
1165, 194.9064589999998
1166, 194.911458999999
1167, 194.91645900000003
1168, 194.92145899999923
1169, 194.92645900000025
1170, 194.93145899999945
1171, 194.93645900000047
1172, 194.94145899999967
1173, 194.94645899999887
1174, 194.9514589999999
1175, 194.9564589999991
1176, 194.9614590000001
1177, 194.9664589999993
1178, 194.97145900000032
1179, 194.97645899999952
1180, 194.98145899999872
1181, 194.98645899999974
1182, 194.99145899999894
1183, 194.99645899999996
1184, 195.00145899999916
1185, 195.00645900000018
1186, 195.01145899999938
1187, 195.0164590000004
1188, 195.0214589999996
1189, 195.0264589999988
1190, 195.0314589999998
1191, 195.036458999999
1192, 195.04145900000003
1193, 195.04645899999923
1194, 195.05145900000025
1195, 195.05645899999945
1196, 195.06145900000047
1197, 195.06645899999967
1198, 195.07145899999887
1199, 195.0764589999999
1200, 195.0814589999991
1201, 195.0864590000001
1202, 195.0914589999993
1203, 195.09645900000032
1204, 195.10145899999952
1205, 195.10645899999872
1206, 195.11145899999974
1207, 195.11645899999894
1208, 195.12145899999996
1209, 195.12645899999916
1210, 195.13145900000018
1211, 195.13645899999938
1212, 195.1414590000004
1213, 195.1464589999996
1214, 195.1514589999988
1215, 195.1564589999998
1216, 195.161458999999
1217, 195.16645900000003
1218, 195.17145899999923
1219, 195.17645900000025
1220, 195.18145899999945
1221, 195.18645900000047
1222, 195.19145899999967
1223, 195.19645899999887
1224, 195.2014589999999
1225, 195.2064589999991
1226, 195.2114590000001
1227, 195.2164589999993
1228, 195.22145900000032
1229, 195.22645899999952
1230, 195.23145899999872
1231, 195.23645899999974
1232, 195.24145899999894
1233, 195.24645899999996
1234, 195.25145899999916
1235, 195.25645900000018
1236, 195.26145899999938
1237, 195.2664590000004
1238, 195.2714589999996
1239, 195.2764589999988
1240, 195.2814589999998
1241, 195.286458999999
1242, 195.29145900000003
1243, 195.29645899999923
1244, 195.30145900000025
1245, 195.30645899999945
1246, 195.31145900000047
1247, 195.31645899999967
1248, 195.32145899999887
1249, 195.3264589999999
1250, 195.3314589999991
1251, 195.3364590000001
1252, 195.3414589999993
1253, 195.34645900000032
1254, 195.35145899999952
1255, 195.35645899999872
1256, 195.36145899999974
1257, 195.36645899999894
1258, 195.37145899999996
1259, 195.37645899999916
1260, 195.38145900000018
1261, 195.38645899999938
1262, 195.3914590000004
1263, 195.3964589999996
1264, 195.4014589999988
1265, 195.4064589999998
1266, 195.411458999999
1267, 195.41645900000003
1268, 195.42145899999923
1269, 195.42645900000025
1270, 195.43145899999945
1271, 195.43645900000047
1272, 195.44145899999967
1273, 195.44645899999887
1274, 195.4514589999999
1275, 195.4564589999991
1276, 195.4614590000001
1277, 195.4664589999993
1278, 195.47145900000032
1279, 195.47645899999952
1280, 195.48145899999872
1281, 195.48645899999974
1282, 195.49145899999894
1283, 195.49645899999996
1284, 195.50145899999916
1285, 195.50645900000018
1286, 195.51145899999938
1287, 195.5164590000004
1288, 195.5214589999996
1289, 195.5264589999988
1290, 195.5314589999998
1291, 195.536458999999
1292, 195.54145900000003
1293, 195.54645899999923
1294, 195.55145900000025
1295, 195.55645899999945
1296, 195.56145900000047
1297, 195.56645899999967
1298, 195.57145899999887
1299, 195.5764589999999
1300, 195.5814589999991
1301, 195.5864590000001
1302, 195.5914589999993
1303, 195.59645900000032
1304, 195.60145899999952
1305, 195.60645899999872
1306, 195.61145899999974
1307, 195.61645899999894
1308, 195.62145899999996
1309, 195.62645899999916
1310, 195.63145900000018
1311, 195.63645899999938
1312, 195.6414590000004
1313, 195.6464589999996
1314, 195.6514589999988
1315, 195.6564589999998
1316, 195.661458999999
1317, 195.66645900000003
1318, 195.67145899999923
1319, 195.67645900000025
1320, 195.68145899999945
1321, 195.68645900000047
1322, 195.69145899999967
1323, 195.69645899999887
1324, 195.7014589999999
1325, 195.7064589999991
1326, 195.7114590000001
1327, 195.7164589999993
1328, 195.72145900000032
1329, 195.72645899999952
1330, 195.73145899999872
1331, 195.73645899999974
1332, 195.74145899999894
1333, 195.74645899999996
1334, 195.75145899999916
1335, 195.75645900000018
1336, 195.76145899999938
1337, 195.7664590000004
1338, 195.7714589999996
1339, 195.7764589999988
1340, 195.7814589999998
1341, 195.786458999999
1342, 195.79145900000003
1343, 195.79645899999923
1344, 195.80145900000025
1345, 195.80645899999945
1346, 195.81145900000047
1347, 195.81645899999967
1348, 195.82145899999887
1349, 195.8264589999999
1350, 195.8314589999991
1351, 195.8364590000001
1352, 195.8414589999993
1353, 195.84645900000032
1354, 195.85145899999952
1355, 195.85645899999872
1356, 195.86145899999974
1357, 195.86645899999894
1358, 195.87145899999996
1359, 195.87645899999916
1360, 195.88145900000018
1361, 195.88645899999938
1362, 195.8914590000004
1363, 195.8964589999996
1364, 195.9014589999988
1365, 195.9064589999998
1366, 195.911458999999
1367, 195.91645900000003
1368, 195.92145899999923
1369, 195.92645900000025
1370, 195.93145899999945
1371, 195.93645900000047
1372, 195.94145899999967
1373, 195.94645899999887
1374, 195.9514589999999
1375, 195.9564589999991
1376, 195.9614590000001
1377, 195.9664589999993
1378, 195.97145900000032
1379, 195.97645899999952
1380, 195.98145899999872
1381, 195.98645899999974
1382, 195.99145899999894
1383, 195.99645899999996
1384, 196.00145899999916
1385, 196.00645900000018
1386, 196.01145899999938
1387, 196.0164590000004
1388, 196.0214589999996
1389, 196.0264589999988
1390, 196.0314589999998
1391, 196.036458999999
1392, 196.04145900000003
1393, 196.04645899999923
1394, 196.05145900000025
1395, 196.05645899999945
1396, 196.06145900000047
1397, 196.06645899999967
1398, 196.07145899999887
1399, 196.0764589999999
1400, 196.0814589999991
1401, 196.0864590000001
1402, 196.0914589999993
1403, 196.09645900000032
1404, 196.10145899999952
1405, 196.10645899999872
1406, 196.11145899999974
1407, 196.11645899999894
1408, 196.12145899999996
1409, 196.12645899999916
1410, 196.13145900000018
1411, 196.13645899999938
1412, 196.1414590000004
1413, 196.1464589999996
1414, 196.1514589999988
1415, 196.1564589999998
1416, 196.161458999999
1417, 196.16645900000003
1418, 196.17145899999923
1419, 196.17645900000025
1420, 196.18145899999945
1421, 196.18645900000047
1422, 196.19145899999967
1423, 196.19645899999887
1424, 196.2014589999999
1425, 196.2064589999991
1426, 196.2114590000001
1427, 196.2164589999993
1428, 196.22145900000032
1429, 196.22645899999952
1430, 196.23145899999872
1431, 196.23645899999974
1432, 196.24145899999894
1433, 196.24645899999996
1434, 196.25145899999916
1435, 196.25645900000018
1436, 196.26145899999938
1437, 196.2664590000004
1438, 196.2714589999996
1439, 196.2764589999988
1440, 196.2814589999998
1441, 196.286458999999
1442, 196.29145900000003
1443, 196.29645899999923
1444, 196.30145900000025
1445, 196.30645899999945
1446, 196.31145900000047
1447, 196.31645899999967
1448, 196.32145899999887
1449, 196.3264589999999
1450, 196.3314589999991
1451, 196.3364590000001
1452, 196.3414589999993
1453, 196.34645900000032
1454, 196.35145899999952
1455, 196.35645899999872
1456, 196.36145899999974
1457, 196.36645899999894
1458, 196.37145899999996
1459, 196.37645899999916
1460, 196.38145900000018
1461, 196.38645899999938
1462, 196.3914590000004
1463, 196.3964589999996
1464, 196.4014589999988
1465, 196.4064589999998
1466, 196.411458999999
1467, 196.41645900000003
1468, 196.42145899999923
1469, 196.42645900000025
1470, 196.43145899999945
1471, 196.43645900000047
1472, 196.44145899999967
1473, 196.44645899999887
1474, 196.4514589999999
1475, 196.4564589999991
1476, 196.4614590000001
1477, 196.4664589999993
1478, 196.47145900000032
1479, 196.47645899999952
1480, 196.48145899999872
1481, 196.48645899999974
1482, 196.49145899999894
1483, 196.49645899999996
1484, 196.50145899999916
1485, 196.50645900000018
1486, 196.51145899999938
1487, 196.5164590000004
1488, 196.5214589999996
1489, 196.5264589999988
1490, 196.5314589999998
1491, 196.536458999999
1492, 196.54145900000003
1493, 196.54645899999923
1494, 196.55145900000025
1495, 196.55645899999945
1496, 196.56145900000047
1497, 196.56645899999967
1498, 196.57145899999887
1499, 196.5764589999999
1500, 196.5814589999991
1501, 196.5864590000001
1502, 196.5914589999993
1503, 196.59645900000032
1504, 196.60145899999952
1505, 196.60645899999872
1506, 196.61145899999974
1507, 196.61645899999894
1508, 196.62145899999996
1509, 196.62645899999916
1510, 196.63145900000018
1511, 196.63645899999938
1512, 196.6414590000004
1513, 196.6464589999996
1514, 196.6514589999988
1515, 196.6564589999998
1516, 196.661458999999
1517, 196.66645900000003
1518, 196.67145899999923
1519, 196.67645900000025
1520, 196.68145899999945
1521, 196.68645900000047
1522, 196.69145899999967
1523, 196.69645899999887
1524, 196.7014589999999
1525, 196.7064589999991
1526, 196.7114590000001
1527, 196.7164589999993
1528, 196.72145900000032
1529, 196.72645899999952
1530, 196.73145899999872
1531, 196.73645899999974
1532, 196.74145899999894
1533, 196.74645899999996
1534, 196.75145899999916
1535, 196.75645900000018
1536, 196.76145899999938
1537, 196.7664590000004
1538, 196.7714589999996
1539, 196.7764589999988
1540, 196.7814589999998
1541, 196.786458999999
1542, 196.79145900000003
1543, 196.79645899999923
1544, 196.80145900000025
1545, 196.80645899999945
1546, 196.81145900000047
1547, 196.81645899999967
1548, 196.82145899999887
1549, 196.8264589999999
1550, 196.8314589999991
1551, 196.8364590000001
1552, 196.8414589999993
1553, 196.84645900000032
1554, 196.85145899999952
1555, 196.85645899999872
1556, 196.86145899999974
1557, 196.86645899999894
1558, 196.87145899999996
1559, 196.87645899999916
1560, 196.88145900000018
1561, 196.88645899999938
1562, 196.8914590000004
1563, 196.8964589999996
1564, 196.9014589999988
1565, 196.9064589999998
1566, 196.911458999999
1567, 196.91645900000003
1568, 196.92145899999923
1569, 196.92645900000025
1570, 196.93145899999945
1571, 196.93645900000047
1572, 196.94145899999967
1573, 196.94645899999887
1574, 196.9514589999999
1575, 196.9564589999991
1576, 196.9614590000001
1577, 196.9664589999993
1578, 196.97145900000032
1579, 196.97645899999952
1580, 196.98145899999872
1581, 196.98645899999974
1582, 196.99145899999894
1583, 196.99645899999996
1584, 197.00145899999916
1585, 197.00645900000018
1586, 197.01145899999938
1587, 197.0164590000004
1588, 197.0214589999996
1589, 197.0264589999988
1590, 197.0314589999998
1591, 197.036458999999
1592, 197.04145900000003
1593, 197.04645899999923
1594, 197.05145900000025
1595, 197.05645899999945
1596, 197.06145900000047
1597, 197.06645899999967
1598, 197.07145899999887
1599, 197.0764589999999
1600, 197.0814589999991
1601, 197.0864590000001
1602, 197.0914589999993
1603, 197.09645900000032
1604, 197.10145899999952
1605, 197.10645899999872
1606, 197.11145899999974
1607, 197.11645899999894
1608, 197.12145899999996
1609, 197.12645899999916
1610, 197.13145900000018
1611, 197.13645899999938
1612, 197.1414590000004
1613, 197.1464589999996
1614, 197.1514589999988
1615, 197.1564589999998
1616, 197.161458999999
1617, 197.16645900000003
1618, 197.17145899999923
1619, 197.17645900000025
1620, 197.18145899999945
1621, 197.18645900000047
1622, 197.19145899999967
1623, 197.19645899999887
1624, 197.2014589999999
1625, 197.2064589999991
1626, 197.2114590000001
1627, 197.2164589999993
1628, 197.22145900000032
1629, 197.22645899999952
1630, 197.23145899999872
1631, 197.23645899999974
1632, 197.24145899999894
1633, 197.24645899999996
1634, 197.25145899999916
1635, 197.25645900000018
1636, 197.26145899999938
1637, 197.2664590000004
1638, 197.2714589999996
1639, 197.2764589999988
1640, 197.2814589999998
1641, 197.286458999999
1642, 197.29145900000003
1643, 197.29645899999923
1644, 197.30145900000025
1645, 197.30645899999945
1646, 197.31145900000047
1647, 197.31645899999967
1648, 197.32145899999887
1649, 197.3264589999999
1650, 197.3314589999991
1651, 197.3364590000001
1652, 197.3414589999993
1653, 197.34645900000032
1654, 197.35145899999952
1655, 197.35645899999872
1656, 197.36145899999974
1657, 197.36645899999894
1658, 197.37145899999996
1659, 197.37645899999916
1660, 197.38145900000018
1661, 197.38645899999938
1662, 197.3914590000004
1663, 197.3964589999996
1664, 197.4014589999988
1665, 197.4064589999998
1666, 197.411458999999
1667, 197.41645900000003
1668, 197.42145899999923
1669, 197.42645900000025
1670, 197.43145899999945
1671, 197.43645900000047
1672, 197.44145899999967
1673, 197.44645899999887
1674, 197.4514589999999
1675, 197.4564589999991
1676, 197.4614590000001
1677, 197.4664589999993
1678, 197.47145900000032
1679, 197.47645899999952
1680, 197.48145899999872
1681, 197.48645899999974
1682, 197.49145899999894
1683, 197.49645899999996
1684, 197.50145899999916
1685, 197.50645900000018
1686, 197.51145899999938
1687, 197.5164590000004
1688, 197.5214589999996
1689, 197.5264589999988
1690, 197.5314589999998
1691, 197.536458999999
1692, 197.54145900000003
1693, 197.54645899999923
1694, 197.55145900000025
1695, 197.55645899999945
1696, 197.56145900000047
1697, 197.56645899999967
1698, 197.57145899999887
1699, 197.5764589999999
1700, 197.5814589999991
1701, 197.5864590000001
1702, 197.5914589999993
1703, 197.59645900000032
1704, 197.60145899999952
1705, 197.60645899999872
1706, 197.61145899999974
1707, 197.61645899999894
1708, 197.62145899999996
1709, 197.62645899999916
1710, 197.63145900000018
1711, 197.63645899999938
1712, 197.6414590000004
1713, 197.6464589999996
1714, 197.6514589999988
1715, 197.6564589999998
1716, 197.661458999999
1717, 197.66645900000003
1718, 197.67145899999923
1719, 197.67645900000025
1720, 197.68145899999945
1721, 197.68645900000047
1722, 197.69145899999967
1723, 197.69645899999887
1724, 197.7014589999999
1725, 197.7064589999991
1726, 197.7114590000001
1727, 197.7164589999993
1728, 197.72145900000032
1729, 197.72645899999952
1730, 197.73145899999872
1731, 197.73645899999974
1732, 197.74145899999894
1733, 197.74645899999996
1734, 197.75145899999916
1735, 197.75645900000018
1736, 197.76145899999938
1737, 197.7664590000004
1738, 197.7714589999996
1739, 197.7764589999988
1740, 197.7814589999998
1741, 197.786458999999
1742, 197.79145900000003
1743, 197.79645899999923
1744, 197.80145900000025
1745, 197.80645899999945
1746, 197.81145900000047
1747, 197.81645899999967
1748, 197.82145899999887
1749, 197.8264589999999
1750, 197.8314589999991
1751, 197.8364590000001
1752, 197.8414589999993
1753, 197.84645900000032
1754, 197.85145899999952
1755, 197.85645899999872
1756, 197.86145899999974
1757, 197.86645899999894
1758, 197.87145899999996
1759, 197.87645899999916
1760, 197.88145900000018
1761, 197.88645899999938
1762, 197.8914590000004
1763, 197.8964589999996
1764, 197.9014589999988
1765, 197.9064589999998
1766, 197.911458999999
1767, 197.91645900000003
1768, 197.92145899999923
1769, 197.92645900000025
1770, 197.93145899999945
1771, 197.93645900000047
1772, 197.94145899999967
1773, 197.94645899999887
1774, 197.9514589999999
1775, 197.9564589999991
1776, 197.9614590000001
1777, 197.9664589999993
1778, 197.97145900000032
1779, 197.97645899999952
1780, 197.98145899999872
1781, 197.98645899999974
1782, 197.99145899999894
1783, 197.99645899999996
1784, 198.00145899999916
1785, 198.00645900000018
1786, 198.01145899999938
1787, 198.0164590000004
1788, 198.0214589999996
1789, 198.0264589999988
1790, 198.0314589999998
1791, 198.036458999999
1792, 198.04145900000003
1793, 198.04645899999923
1794, 198.05145900000025
1795, 198.05645899999945
1796, 198.06145900000047
1797, 198.06645899999967
1798, 198.07145899999887
1799, 198.0764589999999
1800, 198.0814589999991
1801, 198.0864590000001
1802, 198.0914589999993
1803, 198.09645900000032
1804, 198.10145899999952
1805, 198.10645899999872
1806, 198.11145899999974
1807, 198.11645899999894
1808, 198.12145899999996
1809, 198.12645899999916
1810, 198.13145900000018
1811, 198.13645899999938
1812, 198.1414590000004
1813, 198.1464589999996
1814, 198.1514589999988
1815, 198.1564589999998
1816, 198.161458999999
1817, 198.16645900000003
1818, 198.17145899999923
1819, 198.17645900000025
1820, 198.18145899999945
1821, 198.18645900000047
1822, 198.19145899999967
1823, 198.19645899999887
1824, 198.2014589999999
1825, 198.2064589999991
1826, 198.2114590000001
1827, 198.2164589999993
1828, 198.22145900000032
1829, 198.22645899999952
1830, 198.23145899999872
1831, 198.23645899999974
1832, 198.24145899999894
1833, 198.24645899999996
1834, 198.25145899999916
1835, 198.25645900000018
1836, 198.26145899999938
1837, 198.2664590000004
1838, 198.2714589999996
1839, 198.2764589999988
1840, 198.2814589999998
1841, 198.286458999999
1842, 198.29145900000003
1843, 198.29645899999923
1844, 198.30145900000025
1845, 198.30645899999945
1846, 198.31145900000047
1847, 198.31645899999967
1848, 198.32145899999887
1849, 198.3264589999999
1850, 198.3314589999991
1851, 198.3364590000001
1852, 198.3414589999993
1853, 198.34645900000032
1854, 198.35145899999952
1855, 198.35645899999872
1856, 198.36145899999974
1857, 198.36645899999894
1858, 198.37145899999996
1859, 198.37645899999916
1860, 198.38145900000018
1861, 198.38645899999938
1862, 198.3914590000004
1863, 198.3964589999996
1864, 198.4014589999988
1865, 198.4064589999998
1866, 198.411458999999
1867, 198.41645900000003
1868, 198.42145899999923
1869, 198.42645900000025
1870, 198.43145899999945
1871, 198.43645900000047
1872, 198.44145899999967
1873, 198.44645899999887
1874, 198.4514589999999
1875, 198.4564589999991
1876, 198.4614590000001
1877, 198.4664589999993
1878, 198.47145900000032
1879, 198.47645899999952
1880, 198.48145899999872
1881, 198.48645899999974
1882, 198.49145899999894
1883, 198.49645899999996
1884, 198.50145899999916
1885, 198.50645900000018
1886, 198.51145899999938
1887, 198.5164590000004
1888, 198.5214589999996
1889, 198.5264589999988
1890, 198.5314589999998
1891, 198.536458999999
1892, 198.54145900000003
1893, 198.54645899999923
1894, 198.55145900000025
1895, 198.55645899999945
1896, 198.56145900000047
1897, 198.56645899999967
1898, 198.57145899999887
1899, 198.5764589999999
1900, 198.5814589999991
1901, 198.5864590000001
1902, 198.5914589999993
1903, 198.59645900000032
1904, 198.60145899999952
1905, 198.60645899999872
1906, 198.61145899999974
1907, 198.61645899999894
1908, 198.62145899999996
1909, 198.62645899999916
1910, 198.63145900000018
1911, 198.63645899999938
1912, 198.6414590000004
1913, 198.6464589999996
1914, 198.6514589999988
1915, 198.6564589999998
1916, 198.661458999999
1917, 198.66645900000003
1918, 198.67145899999923
1919, 198.67645900000025
1920, 198.68145899999945
1921, 198.68645900000047
1922, 198.69145899999967
1923, 198.69645899999887
1924, 198.7014589999999
1925, 198.7064589999991
1926, 198.7114590000001
1927, 198.7164589999993
1928, 198.72145900000032
1929, 198.72645899999952
1930, 198.73145899999872
1931, 198.73645899999974
1932, 198.74145899999894
1933, 198.74645899999996
1934, 198.75145899999916
1935, 198.75645900000018
1936, 198.76145899999938
1937, 198.7664590000004
1938, 198.7714589999996
1939, 198.7764589999988
1940, 198.7814589999998
1941, 198.786458999999
1942, 198.79145900000003
1943, 198.79645899999923
1944, 198.80145900000025
1945, 198.80645899999945
1946, 198.81145900000047
1947, 198.81645899999967
1948, 198.82145899999887
1949, 198.8264589999999
1950, 198.8314589999991
1951, 198.8364590000001
1952, 198.8414589999993
1953, 198.84645900000032
1954, 198.85145899999952
1955, 198.85645899999872
1956, 198.86145899999974
1957, 198.86645899999894
1958, 198.87145899999996
1959, 198.87645899999916
1960, 198.88145900000018
1961, 198.88645899999938
1962, 198.8914590000004
1963, 198.8964589999996
1964, 198.9014589999988
1965, 198.9064589999998
1966, 198.911458999999
1967, 198.91645900000003
1968, 198.92145899999923
1969, 198.92645900000025
1970, 198.93145899999945
1971, 198.93645900000047
1972, 198.94145899999967
1973, 198.94645899999887
1974, 198.9514589999999
1975, 198.9564589999991
1976, 198.9614590000001
1977, 198.9664589999993
1978, 198.97145900000032
1979, 198.97645899999952
1980, 198.98145899999872
1981, 198.98645899999974
1982, 198.99145899999894
1983, 198.99645899999996
1984, 199.00145899999916
1985, 199.00645900000018
1986, 199.01145899999938
1987, 199.0164590000004
1988, 199.0214589999996
1989, 199.0264589999988
1990, 199.0314589999998
1991, 199.036458999999
1992, 199.04145900000003
1993, 199.04645899999923
1994, 199.05145900000025
1995, 199.05645899999945
1996, 199.06145900000047
1997, 199.06645899999967
1998, 199.07145899999887
1999, 199.0764589999999
2000, 199.0814589999991
2001, 199.0864590000001
2002, 199.0914589999993
2003, 199.09645900000032
2004, 199.10145899999952
2005, 199.10645899999872
2006, 199.11145899999974
2007, 199.11645899999894
2008, 199.12145899999996
2009, 199.12645899999916
2010, 199.13145900000018
2011, 199.13645899999938
2012, 199.1414590000004
2013, 199.1464589999996
2014, 199.1514589999988
2015, 199.1564589999998
2016, 199.161458999999
2017, 199.16645900000003
2018, 199.17145899999923
2019, 199.17645900000025
2020, 199.18145899999945
2021, 199.18645900000047
2022, 199.19145899999967
2023, 199.19645899999887
2024, 199.2014589999999
2025, 199.2064589999991
2026, 199.2114590000001
2027, 199.2164589999993
2028, 199.22145900000032
2029, 199.22645899999952
2030, 199.23145899999872
2031, 199.23645899999974
2032, 199.24145899999894
2033, 199.24645899999996
2034, 199.25145899999916
2035, 199.25645900000018
2036, 199.26145899999938
2037, 199.2664590000004
2038, 199.2714589999996
2039, 199.2764589999988
2040, 199.2814589999998
2041, 199.286458999999
2042, 199.29145900000003
2043, 199.29645899999923
2044, 199.30145900000025
2045, 199.30645899999945
2046, 199.31145900000047
2047, 199.31645899999967
2048, 199.32145899999887
2049, 199.3264589999999
2050, 199.3314589999991
2051, 199.3364590000001
2052, 199.3414589999993
2053, 199.34645900000032
2054, 199.35145899999952
2055, 199.35645899999872
2056, 199.36145899999974
2057, 199.36645899999894
2058, 199.37145899999996
2059, 199.37645899999916
2060, 199.38145900000018
2061, 199.38645899999938
2062, 199.3914590000004
2063, 199.3964589999996
2064, 199.4014589999988
2065, 199.4064589999998
2066, 199.411458999999
2067, 199.41645900000003
2068, 199.42145899999923
2069, 199.42645900000025
2070, 199.43145899999945
2071, 199.43645900000047
2072, 199.44145899999967
2073, 199.44645899999887
2074, 199.4514589999999
2075, 199.4564589999991
2076, 199.4614590000001
2077, 199.4664589999993
2078, 199.47145900000032
2079, 199.47645899999952
2080, 199.48145899999872
2081, 199.48645899999974
2082, 199.49145899999894
2083, 199.49645899999996
2084, 199.50145899999916
2085, 199.50645900000018
2086, 199.51145899999938
2087, 199.5164590000004
2088, 199.5214589999996
2089, 199.5264589999988
2090, 199.5314589999998
2091, 199.536458999999
2092, 199.54145900000003
2093, 199.54645899999923
2094, 199.55145900000025
2095, 199.55645899999945
2096, 199.56145900000047
2097, 199.56645899999967
2098, 199.57145899999887
2099, 199.5764589999999
2100, 199.5814589999991
2101, 199.5864590000001
2102, 199.5914589999993
2103, 199.59645900000032
2104, 199.60145899999952
2105, 199.60645899999872
2106, 199.61145899999974
2107, 199.61645899999894
2108, 199.62145899999996
2109, 199.62645899999916
2110, 199.63145900000018
2111, 199.63645899999938
2112, 199.6414590000004
2113, 199.6464589999996
2114, 199.6514589999988
2115, 199.6564589999998
2116, 199.661458999999
2117, 199.66645900000003
2118, 199.67145899999923
2119, 199.67645900000025
2120, 199.68145899999945
2121, 199.68645900000047
2122, 199.69145899999967
2123, 199.69645899999887
2124, 199.7014589999999
2125, 199.7064589999991
2126, 199.7114590000001
2127, 199.7164589999993
2128, 199.72145900000032
2129, 199.72645899999952
2130, 199.73145899999872
2131, 199.73645899999974
2132, 199.74145899999894
2133, 199.74645899999996
2134, 199.75145899999916
2135, 199.75645900000018
2136, 199.76145899999938
2137, 199.7664590000004
2138, 199.7714589999996
2139, 199.7764589999988
2140, 199.7814589999998
2141, 199.786458999999
2142, 199.79145900000003
2143, 199.79645899999923
2144, 199.80145900000025
2145, 199.80645899999945
2146, 199.81145900000047
2147, 199.81645899999967
2148, 199.82145899999887
2149, 199.8264589999999
2150, 199.8314589999991
2151, 199.8364590000001
2152, 199.8414589999993
2153, 199.84645900000032
2154, 199.85145899999952
2155, 199.85645899999872
2156, 199.86145899999974
2157, 199.86645899999894
2158, 199.87145899999996
2159, 199.87645899999916
2160, 199.88145900000018
2161, 199.88645899999938
2162, 199.8914590000004
2163, 199.8964589999996
2164, 199.9014589999988
2165, 199.9064589999998
2166, 199.911458999999
2167, 199.91645900000003
2168, 199.92145899999923
2169, 199.92645900000025
2170, 199.93145899999945
2171, 199.93645900000047
2172, 199.94145899999967
2173, 199.94645899999887
2174, 199.9514589999999
2175, 199.9564589999991
2176, 199.9614590000001
2177, 199.9664589999993
2178, 199.97145900000032
2179, 199.97645899999952
2180, 199.98145899999872
2181, 199.98645899999974
2182, 199.99145899999894
2183, 199.99645899999996
2184, 200.00145899999916
2185, 200.00645900000018
2186, 200.01145899999938
2187, 200.0164590000004
2188, 200.0214589999996
2189, 200.0264589999988
2190, 200.0314589999998
2191, 200.036458999999
2192, 200.04145900000003
2193, 200.04645899999923
2194, 200.05145900000025
2195, 200.05645899999945
2196, 200.06145900000047
2197, 200.06645899999967
2198, 200.07145899999887
2199, 200.0764589999999
2200, 200.0814589999991
2201, 200.0864590000001
2202, 200.0914589999993
2203, 200.09645900000032
2204, 200.10145899999952
2205, 200.10645899999872
2206, 200.11145899999974
2207, 200.11645899999894
2208, 200.12145899999996
2209, 200.12645899999916
2210, 200.13145900000018
2211, 200.13645899999938
2212, 200.1414590000004
2213, 200.1464589999996
2214, 200.1514589999988
2215, 200.1564589999998
2216, 200.161458999999
2217, 200.16645900000003
2218, 200.17145899999923
2219, 200.17645900000025
2220, 200.18145899999945
2221, 200.18645900000047
2222, 200.19145899999967
2223, 200.19645899999887
2224, 200.2014589999999
2225, 200.2064589999991
2226, 200.2114590000001
2227, 200.2164589999993
2228, 200.22145900000032
2229, 200.22645899999952
2230, 200.23145899999872
2231, 200.23645899999974
2232, 200.24145899999894
2233, 200.24645899999996
2234, 200.25145899999916
2235, 200.25645900000018
2236, 200.26145899999938
2237, 200.2664590000004
2238, 200.2714589999996
2239, 200.2764589999988
2240, 200.2814589999998
2241, 200.286458999999
2242, 200.29145900000003
2243, 200.29645899999923
2244, 200.30145900000025
2245, 200.30645899999945
2246, 200.31145900000047
2247, 200.31645899999967
2248, 200.32145899999887
2249, 200.3264589999999
2250, 200.3314589999991
2251, 200.3364590000001
2252, 200.3414589999993
2253, 200.34645900000032
2254, 200.35145899999952
2255, 200.35645899999872
2256, 200.36145899999974
2257, 200.36645899999894
2258, 200.37145899999996
2259, 200.37645899999916
2260, 200.38145900000018
2261, 200.38645899999938
2262, 200.3914590000004
2263, 200.3964589999996
2264, 200.4014589999988
2265, 200.4064589999998
2266, 200.411458999999
2267, 200.41645900000003
2268, 200.42145899999923
2269, 200.42645900000025
2270, 200.43145899999945
2271, 200.43645900000047
2272, 200.44145899999967
2273, 200.44645899999887
2274, 200.4514589999999
2275, 200.4564589999991
2276, 200.4614590000001
2277, 200.4664589999993
2278, 200.47145900000032
2279, 200.47645899999952
2280, 200.48145899999872
2281, 200.48645899999974
2282, 200.49145899999894
2283, 200.49645899999996
2284, 200.50145899999916
2285, 200.50645900000018
2286, 200.51145899999938
2287, 200.5164590000004
2288, 200.5214589999996
2289, 200.5264589999988
2290, 200.5314589999998
2291, 200.536458999999
2292, 200.54145900000003
2293, 200.54645899999923
2294, 200.55145900000025
2295, 200.55645899999945
2296, 200.56145900000047
2297, 200.56645899999967
2298, 200.57145899999887
2299, 200.5764589999999
2300, 200.5814589999991
2301, 200.5864590000001
2302, 200.5914589999993
2303, 200.59645900000032
2304, 200.60145899999952
2305, 200.60645899999872
2306, 200.61145899999974
2307, 200.61645899999894
2308, 200.62145899999996
2309, 200.62645899999916
2310, 200.63145900000018
2311, 200.63645899999938
2312, 200.6414590000004
2313, 200.6464589999996
2314, 200.6514589999988
2315, 200.6564589999998
2316, 200.661458999999
2317, 200.66645900000003
2318, 200.67145899999923
2319, 200.67645900000025
2320, 200.68145899999945
2321, 200.68645900000047
2322, 200.69145899999967
2323, 200.69645899999887
2324, 200.7014589999999
2325, 200.7064589999991
2326, 200.7114590000001
2327, 200.7164589999993
2328, 200.72145900000032
2329, 200.72645899999952
2330, 200.73145899999872
2331, 200.73645899999974
2332, 200.74145899999894
2333, 200.74645899999996
2334, 200.75145899999916
2335, 200.75645900000018
2336, 200.76145899999938
2337, 200.7664590000004
2338, 200.7714589999996
2339, 200.7764589999988
2340, 200.7814589999998
2341, 200.786458999999
2342, 200.79145900000003
2343, 200.79645899999923
2344, 200.80145900000025
2345, 200.80645899999945
2346, 200.81145900000047
2347, 200.81645899999967
2348, 200.82145899999887
2349, 200.8264589999999
2350, 200.8314589999991
2351, 200.8364590000001
2352, 200.8414589999993
2353, 200.84645900000032
2354, 200.85145899999952
2355, 200.85645899999872
2356, 200.86145899999974
2357, 200.86645899999894
2358, 200.87145899999996
2359, 200.87645899999916
2360, 200.88145900000018
2361, 200.88645899999938
2362, 200.8914590000004
2363, 200.8964589999996
2364, 200.9014589999988
2365, 200.9064589999998
2366, 200.911458999999
2367, 200.91645900000003
2368, 200.92145899999923
2369, 200.92645900000025
2370, 200.93145899999945
2371, 200.93645900000047
2372, 200.94145899999967
2373, 200.94645899999887
2374, 200.9514589999999
2375, 200.9564589999991
2376, 200.9614590000001
2377, 200.9664589999993
2378, 200.97145900000032
-2, 252.12931000000026
-1, 252.13430999999946
0, 252.13931000000048
1, 252.14430999999968
2, 252.14930999999888
3, 252.1543099999999
4, 252.1593099999991
5, 252.1643100000001
6, 252.1693099999993
7, 252.17431000000033
8, 252.17930999999953
9, 252.18430999999873
10, 252.18930999999975
11, 252.19430999999895
12, 252.19930999999997
13, 252.20430999999917
14, 252.2093100000002
15, 252.2143099999994
16, 252.2193100000004
17, 252.2243099999996
18, 252.2293099999988
19, 252.23430999999982
20, 252.23930999999902
21, 252.24431000000004
22, 252.24930999999924
23, 252.25431000000026
24, 252.25930999999946
25, 252.26431000000048
26, 252.26930999999968
27, 252.27430999999888
28, 252.2793099999999
29, 252.2843099999991
30, 252.2893100000001
31, 252.2943099999993
32, 252.29931000000033
33, 252.30430999999953
34, 252.30930999999873
35, 252.31430999999975
36, 252.31930999999895
37, 252.32430999999997
38, 252.32930999999917
39, 252.3343100000002
40, 252.3393099999994
41, 252.3443100000004
42, 252.3493099999996
43, 252.3543099999988
44, 252.35930999999982
45, 252.36430999999902
46, 252.36931000000004
47, 252.37430999999924
48, 252.37931000000026
49, 252.38430999999946
50, 252.38931000000048
51, 252.39430999999968
52, 252.39930999999888
53, 252.4043099999999
54, 252.4093099999991
55, 252.4143100000001
56, 252.4193099999993
57, 252.42431000000033
58, 252.42930999999953
59, 252.43430999999873
60, 252.43930999999975
61, 252.44430999999895
62, 252.44930999999997
63, 252.45430999999917
64, 252.4593100000002
65, 252.4643099999994
66, 252.4693100000004
67, 252.4743099999996
68, 252.4793099999988
69, 252.48430999999982
70, 252.48930999999902
71, 252.49431000000004
72, 252.49930999999924
73, 252.50431000000026
74, 252.50930999999946
75, 252.51431000000048
76, 252.51930999999968
77, 252.52430999999888
78, 252.5293099999999
79, 252.5343099999991
80, 252.5393100000001
81, 252.5443099999993
82, 252.54931000000033
83, 252.55430999999953
84, 252.55930999999873
85, 252.56430999999975
86, 252.56930999999895
87, 252.57430999999997
88, 252.57930999999917
89, 252.5843100000002
90, 252.5893099999994
91, 252.5943100000004
92, 252.5993099999996
93, 252.6043099999988
94, 252.60930999999982
95, 252.61430999999902
96, 252.61931000000004
97, 252.62430999999924
98, 252.62931000000026
99, 252.63430999999946
100, 252.63931000000048
101, 252.64430999999968
102, 252.64930999999888
103, 252.6543099999999
104, 252.6593099999991
105, 252.6643100000001
106, 252.6693099999993
107, 252.67431000000033
108, 252.67930999999953
109, 252.68430999999873
110, 252.68930999999975
111, 252.69430999999895
112, 252.69930999999997
113, 252.70430999999917
114, 252.7093100000002
115, 252.7143099999994
116, 252.7193100000004
117, 252.7243099999996
118, 252.7293099999988
119, 252.73430999999982
120, 252.73930999999902
121, 252.74431000000004
122, 252.74930999999924
123, 252.75431000000026
124, 252.75930999999946
125, 252.76431000000048
126, 252.76930999999968
127, 252.77430999999888
128, 252.7793099999999
129, 252.7843099999991
130, 252.7893100000001
131, 252.7943099999993
132, 252.79931000000033
133, 252.80430999999953
134, 252.80930999999873
135, 252.81430999999975
136, 252.81930999999895
137, 252.82430999999997
138, 252.82930999999917
139, 252.8343100000002
140, 252.8393099999994
141, 252.8443100000004
142, 252.8493099999996
143, 252.8543099999988
144, 252.85930999999982
145, 252.86430999999902
146, 252.86931000000004
147, 252.87430999999924
148, 252.87931000000026
149, 252.88430999999946
150, 252.88931000000048
151, 252.89430999999968
152, 252.89930999999888
153, 252.9043099999999
154, 252.9093099999991
155, 252.9143100000001
156, 252.9193099999993
157, 252.92431000000033
158, 252.92930999999953
159, 252.93430999999873
160, 252.93930999999975
161, 252.94430999999895
162, 252.94930999999997
163, 252.95430999999917
164, 252.9593100000002
165, 252.9643099999994
166, 252.9693100000004
167, 252.9743099999996
168, 252.9793099999988
169, 252.98430999999982
170, 252.98930999999902
171, 252.99431000000004
172, 252.99930999999924
173, 253.00431000000026
174, 253.00930999999946
175, 253.01431000000048
176, 253.01930999999968
177, 253.02430999999888
178, 253.0293099999999
179, 253.0343099999991
180, 253.0393100000001
181, 253.0443099999993
182, 253.04931000000033
183, 253.05430999999953
184, 253.05930999999873
185, 253.06430999999975
186, 253.06930999999895
187, 253.07430999999997
188, 253.07930999999917
189, 253.0843100000002
190, 253.0893099999994
191, 253.0943100000004
192, 253.0993099999996
193, 253.1043099999988
194, 253.10930999999982
195, 253.11430999999902
196, 253.11931000000004
197, 253.12430999999924
198, 253.12931000000026
199, 253.13430999999946
200, 253.13931000000048
201, 253.14430999999968
202, 253.14930999999888
203, 253.1543099999999
204, 253.1593099999991
205, 253.1643100000001
206, 253.1693099999993
207, 253.17431000000033
208, 253.17930999999953
209, 253.18430999999873
210, 253.18930999999975
211, 253.19430999999895
212, 253.19930999999997
213, 253.20430999999917
214, 253.2093100000002
215, 253.2143099999994
216, 253.2193100000004
217, 253.2243099999996
218, 253.2293099999988
219, 253.23430999999982
220, 253.23930999999902
221, 253.24431000000004
222, 253.24930999999924
223, 253.25431000000026
224, 253.25930999999946
225, 253.26431000000048
226, 253.26930999999968
227, 253.27430999999888
228, 253.2793099999999
229, 253.2843099999991
230, 253.2893100000001
231, 253.2943099999993
232, 253.29931000000033
233, 253.30430999999953
234, 253.30930999999873
235, 253.31430999999975
236, 253.31930999999895
237, 253.32430999999997
238, 253.32930999999917
239, 253.3343100000002
240, 253.3393099999994
241, 253.3443100000004
242, 253.3493099999996
243, 253.3543099999988
244, 253.35930999999982
245, 253.36430999999902
246, 253.36931000000004
247, 253.37430999999924
248, 253.37931000000026
249, 253.38430999999946
250, 253.38931000000048
251, 253.39430999999968
252, 253.39930999999888
253, 253.4043099999999
254, 253.4093099999991
255, 253.4143100000001
256, 253.4193099999993
257, 253.42431000000033
258, 253.42930999999953
259, 253.43430999999873
260, 253.43930999999975
261, 253.44430999999895
262, 253.44930999999997
263, 253.45430999999917
264, 253.4593100000002
265, 253.4643099999994
266, 253.4693100000004
267, 253.4743099999996
268, 253.4793099999988
269, 253.48430999999982
270, 253.48930999999902
271, 253.49431000000004
272, 253.49930999999924
273, 253.50431000000026
274, 253.50930999999946
275, 253.51431000000048
276, 253.51930999999968
277, 253.52430999999888
278, 253.5293099999999
279, 253.5343099999991
280, 253.5393100000001
281, 253.5443099999993
282, 253.54931000000033
283, 253.55430999999953
284, 253.55930999999873
285, 253.56430999999975
286, 253.56930999999895
287, 253.57430999999997
288, 253.57930999999917
289, 253.5843100000002
290, 253.5893099999994
291, 253.5943100000004
292, 253.5993099999996
293, 253.6043099999988
294, 253.60930999999982
295, 253.61430999999902
296, 253.61931000000004
297, 253.62430999999924
298, 253.62931000000026
299, 253.63430999999946
300, 253.63931000000048
301, 253.64430999999968
302, 253.64930999999888
303, 253.6543099999999
304, 253.6593099999991
305, 253.6643100000001
306, 253.6693099999993
307, 253.67431000000033
308, 253.67930999999953
309, 253.68430999999873
310, 253.68930999999975
311, 253.69430999999895
312, 253.69930999999997
313, 253.70430999999917
314, 253.7093100000002
315, 253.7143099999994
316, 253.7193100000004
317, 253.7243099999996
318, 253.7293099999988
319, 253.73430999999982
320, 253.73930999999902
321, 253.74431000000004
322, 253.74930999999924
323, 253.75431000000026
324, 253.75930999999946
325, 253.76431000000048
326, 253.76930999999968
327, 253.77430999999888
328, 253.7793099999999
329, 253.7843099999991
330, 253.7893100000001
331, 253.7943099999993
332, 253.79931000000033
333, 253.80430999999953
334, 253.80930999999873
335, 253.81430999999975
336, 253.81930999999895
337, 253.82430999999997
338, 253.82930999999917
339, 253.8343100000002
340, 253.8393099999994
341, 253.8443100000004
342, 253.8493099999996
343, 253.8543099999988
344, 253.85930999999982
345, 253.86430999999902
346, 253.86931000000004
347, 253.87430999999924
348, 253.87931000000026
349, 253.88430999999946
350, 253.88931000000048
351, 253.89430999999968
352, 253.89930999999888
353, 253.9043099999999
354, 253.9093099999991
355, 253.9143100000001
356, 253.9193099999993
357, 253.92431000000033
358, 253.92930999999953
359, 253.93430999999873
360, 253.93930999999975
361, 253.94430999999895
362, 253.94930999999997
363, 253.95430999999917
364, 253.9593100000002
365, 253.9643099999994
366, 253.9693100000004
367, 253.9743099999996
368, 253.9793099999988
369, 253.98430999999982
370, 253.98930999999902
371, 253.99431000000004
372, 253.99930999999924
373, 254.00431000000026
374, 254.00930999999946
375, 254.01431000000048
376, 254.01930999999968
377, 254.02430999999888
378, 254.0293099999999
379, 254.0343099999991
380, 254.0393100000001
381, 254.0443099999993
382, 254.04931000000033
383, 254.05430999999953
384, 254.05930999999873
385, 254.06430999999975
386, 254.06930999999895
387, 254.07430999999997
388, 254.07930999999917
389, 254.0843100000002
390, 254.0893099999994
391, 254.0943100000004
392, 254.0993099999996
393, 254.1043099999988
394, 254.10930999999982
395, 254.11430999999902
396, 254.11931000000004
397, 254.12430999999924
398, 254.12931000000026
399, 254.13430999999946
400, 254.13931000000048
401, 254.14430999999968
402, 254.14930999999888
403, 254.1543099999999
404, 254.1593099999991
405, 254.1643100000001
406, 254.1693099999993
407, 254.17431000000033
408, 254.17930999999953
409, 254.18430999999873
410, 254.18930999999975
411, 254.19430999999895
412, 254.19930999999997
413, 254.20430999999917
414, 254.2093100000002
415, 254.2143099999994
416, 254.2193100000004
417, 254.2243099999996
418, 254.2293099999988
419, 254.23430999999982
420, 254.23930999999902
421, 254.24431000000004
422, 254.24930999999924
423, 254.25431000000026
424, 254.25930999999946
425, 254.26431000000048
426, 254.26930999999968
427, 254.27430999999888
428, 254.2793099999999
429, 254.2843099999991
430, 254.2893100000001
431, 254.2943099999993
432, 254.29931000000033
433, 254.30430999999953
434, 254.30930999999873
435, 254.31430999999975
436, 254.31930999999895
437, 254.32430999999997
438, 254.32930999999917
439, 254.3343100000002
440, 254.3393099999994
441, 254.3443100000004
442, 254.3493099999996
443, 254.3543099999988
444, 254.35930999999982
445, 254.36430999999902
446, 254.36931000000004
447, 254.37430999999924
448, 254.37931000000026
449, 254.38430999999946
450, 254.38931000000048
451, 254.39430999999968
452, 254.39930999999888
453, 254.4043099999999
454, 254.4093099999991
455, 254.4143100000001
456, 254.4193099999993
457, 254.42431000000033
458, 254.42930999999953
459, 254.43430999999873
460, 254.43930999999975
461, 254.44430999999895
462, 254.44930999999997
463, 254.45430999999917
464, 254.4593100000002
465, 254.4643099999994
466, 254.4693100000004
467, 254.4743099999996
468, 254.4793099999988
469, 254.48430999999982
470, 254.48930999999902
471, 254.49431000000004
472, 254.49930999999924
473, 254.50431000000026
474, 254.50930999999946
475, 254.51431000000048
476, 254.51930999999968
477, 254.52430999999888
478, 254.5293099999999
479, 254.5343099999991
480, 254.5393100000001
481, 254.5443099999993
482, 254.54931000000033
483, 254.55430999999953
484, 254.55930999999873
485, 254.56430999999975
486, 254.56930999999895
487, 254.57430999999997
488, 254.57930999999917
489, 254.5843100000002
490, 254.5893099999994
491, 254.5943100000004
492, 254.5993099999996
493, 254.6043099999988
494, 254.60930999999982
495, 254.61430999999902
496, 254.61931000000004
497, 254.62430999999924
498, 254.62931000000026
499, 254.63430999999946
500, 254.63931000000048
501, 254.64430999999968
502, 254.64930999999888
503, 254.6543099999999
504, 254.6593099999991
505, 254.6643100000001
506, 254.6693099999993
507, 254.67431000000033
508, 254.67930999999953
509, 254.68430999999873
510, 254.68930999999975
511, 254.69430999999895
512, 254.69930999999997
513, 254.70430999999917
514, 254.7093100000002
515, 254.7143099999994
516, 254.7193100000004
517, 254.7243099999996
518, 254.7293099999988
519, 254.73430999999982
520, 254.73930999999902
521, 254.74431000000004
522, 254.74930999999924
523, 254.75431000000026
524, 254.75930999999946
525, 254.76431000000048
526, 254.76930999999968
527, 254.77430999999888
528, 254.7793099999999
529, 254.7843099999991
530, 254.7893100000001
531, 254.7943099999993
532, 254.79931000000033
533, 254.80430999999953
534, 254.80930999999873
535, 254.81430999999975
536, 254.81930999999895
537, 254.82430999999997
538, 254.82930999999917
539, 254.8343100000002
540, 254.8393099999994
541, 254.8443100000004
542, 254.8493099999996
543, 254.8543099999988
544, 254.85930999999982
545, 254.86430999999902
546, 254.86931000000004
547, 254.87430999999924
548, 254.87931000000026
549, 254.88430999999946
550, 254.88931000000048
551, 254.89430999999968
552, 254.89930999999888
553, 254.9043099999999
554, 254.9093099999991
555, 254.9143100000001
556, 254.9193099999993
557, 254.92431000000033
558, 254.92930999999953
559, 254.93430999999873
560, 254.93930999999975
561, 254.94430999999895
562, 254.94930999999997
563, 254.95430999999917
564, 254.9593100000002
565, 254.9643099999994
566, 254.9693100000004
567, 254.9743099999996
568, 254.9793099999988
569, 254.98430999999982
570, 254.98930999999902
571, 254.99431000000004
572, 254.99930999999924
573, 255.00431000000026
574, 255.00930999999946
575, 255.01431000000048
576, 255.01930999999968
577, 255.02430999999888
578, 255.0293099999999
579, 255.0343099999991
580, 255.0393100000001
581, 255.0443099999993
582, 255.04931000000033
583, 255.05430999999953
584, 255.05930999999873
585, 255.06430999999975
586, 255.06930999999895
587, 255.07430999999997
588, 255.07930999999917
589, 255.0843100000002
590, 255.0893099999994
591, 255.0943100000004
592, 255.0993099999996
593, 255.1043099999988
594, 255.10930999999982
595, 255.11430999999902
596, 255.11931000000004
597, 255.12430999999924
598, 255.12931000000026
599, 255.13430999999946
600, 255.13931000000048
601, 255.14430999999968
602, 255.14930999999888
603, 255.1543099999999
604, 255.1593099999991
605, 255.1643100000001
606, 255.1693099999993
607, 255.17431000000033
608, 255.17930999999953
609, 255.18430999999873
610, 255.18930999999975
611, 255.19430999999895
612, 255.19930999999997
613, 255.20430999999917
614, 255.2093100000002
615, 255.2143099999994
616, 255.2193100000004
617, 255.2243099999996
618, 255.2293099999988
619, 255.23430999999982
620, 255.23930999999902
621, 255.24431000000004
622, 255.24930999999924
623, 255.25431000000026
624, 255.25930999999946
625, 255.26431000000048
626, 255.26930999999968
627, 255.27430999999888
628, 255.2793099999999
629, 255.2843099999991
630, 255.2893100000001
631, 255.2943099999993
632, 255.29931000000033
633, 255.30430999999953
634, 255.30930999999873
635, 255.31430999999975
636, 255.31930999999895
637, 255.32430999999997
638, 255.32930999999917
639, 255.3343100000002
640, 255.3393099999994
641, 255.3443100000004
642, 255.3493099999996
643, 255.3543099999988
644, 255.35930999999982
645, 255.36430999999902
646, 255.36931000000004
647, 255.37430999999924
648, 255.37931000000026
649, 255.38430999999946
650, 255.38931000000048
651, 255.39430999999968
652, 255.39930999999888
653, 255.4043099999999
654, 255.4093099999991
655, 255.4143100000001
656, 255.4193099999993
657, 255.42431000000033
658, 255.42930999999953
659, 255.43430999999873
660, 255.43930999999975
661, 255.44430999999895
662, 255.44930999999997
663, 255.45430999999917
664, 255.4593100000002
665, 255.4643099999994
666, 255.4693100000004
667, 255.4743099999996
668, 255.4793099999988
669, 255.48430999999982
670, 255.48930999999902
671, 255.49431000000004
672, 255.49930999999924
673, 255.50431000000026
674, 255.50930999999946
675, 255.51431000000048
676, 255.51930999999968
677, 255.52430999999888
678, 255.5293099999999
679, 255.5343099999991
680, 255.5393100000001
681, 255.5443099999993
682, 255.54931000000033
683, 255.55430999999953
684, 255.55930999999873
685, 255.56430999999975
686, 255.56930999999895
687, 255.57430999999997
688, 255.57930999999917
689, 255.5843100000002
690, 255.5893099999994
691, 255.5943100000004
692, 255.5993099999996
693, 255.6043099999988
694, 255.60930999999982
695, 255.61430999999902
696, 255.61931000000004
697, 255.62430999999924
698, 255.62931000000026
699, 255.63430999999946
700, 255.63931000000048
701, 255.64430999999968
702, 255.64930999999888
703, 255.6543099999999
704, 255.6593099999991
705, 255.6643100000001
706, 255.6693099999993
707, 255.67431000000033
708, 255.67930999999953
709, 255.68430999999873
710, 255.68930999999975
711, 255.69430999999895
712, 255.69930999999997
713, 255.70430999999917
714, 255.7093100000002
715, 255.7143099999994
716, 255.7193100000004
717, 255.7243099999996
718, 255.7293099999988
719, 255.73430999999982
720, 255.73930999999902
721, 255.74431000000004
722, 255.74930999999924
723, 255.75431000000026
724, 255.75930999999946
725, 255.76431000000048
726, 255.76930999999968
727, 255.77430999999888
728, 255.7793099999999
729, 255.7843099999991
730, 255.7893100000001
731, 255.7943099999993
732, 255.79931000000033
733, 255.80430999999953
734, 255.80930999999873
735, 255.81430999999975
736, 255.81930999999895
737, 255.82430999999997
738, 255.82930999999917
739, 255.8343100000002
740, 255.8393099999994
741, 255.8443100000004
742, 255.8493099999996
743, 255.8543099999988
744, 255.85930999999982
745, 255.86430999999902
746, 255.86931000000004
747, 255.87430999999924
748, 255.87931000000026
749, 255.88430999999946
750, 255.88931000000048
751, 255.89430999999968
752, 255.89930999999888
753, 255.9043099999999
754, 255.9093099999991
755, 255.9143100000001
756, 255.9193099999993
757, 255.92431000000033
758, 255.92930999999953
759, 255.93430999999873
760, 255.93930999999975
761, 255.94430999999895
762, 255.94930999999997
763, 255.95430999999917
764, 255.9593100000002
765, 255.9643099999994
766, 255.9693100000004
767, 255.9743099999996
768, 255.9793099999988
769, 255.98430999999982
770, 255.98930999999902
771, 255.99431000000004
772, 255.99930999999924
773, 256.00431000000026
774, 256.00930999999946
775, 256.0143100000005
776, 256.0193099999997
777, 256.0243099999989
778, 256.0293099999999
779, 256.0343099999991
780, 256.0393100000001
781, 256.0443099999993
782, 256.04931000000033
783, 256.05430999999953
784, 256.05930999999873
785, 256.06430999999975
786, 256.06930999999895
787, 256.07430999999997
788, 256.07930999999917
789, 256.0843100000002
790, 256.0893099999994
791, 256.0943100000004
792, 256.0993099999996
793, 256.1043099999988
794, 256.1093099999998
795, 256.114309999999
796, 256.11931000000004
797, 256.12430999999924
798, 256.12931000000026
799, 256.13430999999946
800, 256.1393100000005
801, 256.1443099999997
802, 256.1493099999989
803, 256.1543099999999
804, 256.1593099999991
805, 256.1643100000001
806, 256.1693099999993
807, 256.17431000000033
808, 256.17930999999953
809, 256.18430999999873
810, 256.18930999999975
811, 256.19430999999895
812, 256.19930999999997
813, 256.20430999999917
814, 256.2093100000002
815, 256.2143099999994
816, 256.2193100000004
817, 256.2243099999996
818, 256.2293099999988
819, 256.2343099999998
820, 256.239309999999
821, 256.24431000000004
822, 256.24930999999924
823, 256.25431000000026
824, 256.25930999999946
825, 256.2643100000005
826, 256.2693099999997
827, 256.2743099999989
828, 256.2793099999999
829, 256.2843099999991
830, 256.2893100000001
831, 256.2943099999993
832, 256.29931000000033
833, 256.30430999999953
834, 256.30930999999873
835, 256.31430999999975
836, 256.31930999999895
837, 256.32430999999997
838, 256.32930999999917
839, 256.3343100000002
840, 256.3393099999994
841, 256.3443100000004
842, 256.3493099999996
843, 256.3543099999988
844, 256.3593099999998
845, 256.364309999999
846, 256.36931000000004
847, 256.37430999999924
848, 256.37931000000026
849, 256.38430999999946
850, 256.3893100000005
851, 256.3943099999997
852, 256.3993099999989
853, 256.4043099999999
854, 256.4093099999991
855, 256.4143100000001
856, 256.4193099999993
857, 256.42431000000033
858, 256.42930999999953
859, 256.43430999999873
860, 256.43930999999975
861, 256.44430999999895
862, 256.44930999999997
863, 256.45430999999917
864, 256.4593100000002
865, 256.4643099999994
866, 256.4693100000004
867, 256.4743099999996
868, 256.4793099999988
869, 256.4843099999998
870, 256.489309999999
871, 256.49431000000004
872, 256.49930999999924
873, 256.50431000000026
874, 256.50930999999946
875, 256.5143100000005
876, 256.5193099999997
877, 256.5243099999989
878, 256.5293099999999
879, 256.5343099999991
880, 256.5393100000001
881, 256.5443099999993
882, 256.54931000000033
883, 256.55430999999953
884, 256.55930999999873
885, 256.56430999999975
886, 256.56930999999895
887, 256.57430999999997
888, 256.57930999999917
889, 256.5843100000002
890, 256.5893099999994
891, 256.5943100000004
892, 256.5993099999996
893, 256.6043099999988
894, 256.6093099999998
895, 256.614309999999
896, 256.61931000000004
897, 256.62430999999924
898, 256.62931000000026
899, 256.63430999999946
900, 256.6393100000005
901, 256.6443099999997
902, 256.6493099999989
903, 256.6543099999999
904, 256.6593099999991
905, 256.6643100000001
906, 256.6693099999993
907, 256.67431000000033
908, 256.67930999999953
909, 256.68430999999873
910, 256.68930999999975
911, 256.69430999999895
912, 256.69930999999997
913, 256.70430999999917
914, 256.7093100000002
915, 256.7143099999994
916, 256.7193100000004
917, 256.7243099999996
918, 256.7293099999988
919, 256.7343099999998
920, 256.739309999999
921, 256.74431000000004
922, 256.74930999999924
923, 256.75431000000026
924, 256.75930999999946
925, 256.7643100000005
926, 256.7693099999997
927, 256.7743099999989
928, 256.7793099999999
929, 256.7843099999991
930, 256.7893100000001
931, 256.7943099999993
932, 256.79931000000033
933, 256.80430999999953
934, 256.80930999999873
935, 256.81430999999975
936, 256.81930999999895
937, 256.82430999999997
938, 256.82930999999917
939, 256.8343100000002
940, 256.8393099999994
941, 256.8443100000004
942, 256.8493099999996
943, 256.8543099999988
944, 256.8593099999998
945, 256.864309999999
946, 256.86931000000004
947, 256.87430999999924
948, 256.87931000000026
949, 256.88430999999946
950, 256.8893100000005
951, 256.8943099999997
952, 256.8993099999989
953, 256.9043099999999
954, 256.9093099999991
955, 256.9143100000001
956, 256.9193099999993
957, 256.92431000000033
958, 256.92930999999953
959, 256.93430999999873
960, 256.93930999999975
961, 256.94430999999895
962, 256.94930999999997
963, 256.95430999999917
964, 256.9593100000002
965, 256.9643099999994
966, 256.9693100000004
967, 256.9743099999996
968, 256.9793099999988
969, 256.9843099999998
970, 256.989309999999
971, 256.99431000000004
972, 256.99930999999924
973, 257.00431000000026
974, 257.00930999999946
975, 257.0143100000005
976, 257.0193099999997
977, 257.0243099999989
978, 257.0293099999999
979, 257.0343099999991
980, 257.0393100000001
981, 257.0443099999993
982, 257.04931000000033
983, 257.05430999999953
984, 257.05930999999873
985, 257.06430999999975
986, 257.06930999999895
987, 257.07430999999997
988, 257.07930999999917
989, 257.0843100000002
990, 257.0893099999994
991, 257.0943100000004
992, 257.0993099999996
993, 257.1043099999988
994, 257.1093099999998
995, 257.114309999999
996, 257.11931000000004
997, 257.12430999999924
998, 257.12931000000026
999, 257.13430999999946
1000, 257.1393100000005
1001, 257.1443099999997
1002, 257.1493099999989
1003, 257.1543099999999
1004, 257.1593099999991
1005, 257.1643100000001
1006, 257.1693099999993
1007, 257.17431000000033
1008, 257.17930999999953
1009, 257.18430999999873
1010, 257.18930999999975
1011, 257.19430999999895
1012, 257.19930999999997
1013, 257.20430999999917
1014, 257.2093100000002
1015, 257.2143099999994
1016, 257.2193100000004
1017, 257.2243099999996
1018, 257.2293099999988
1019, 257.2343099999998
1020, 257.239309999999
1021, 257.24431000000004
1022, 257.24930999999924
1023, 257.25431000000026
1024, 257.25930999999946
1025, 257.2643100000005
1026, 257.2693099999997
1027, 257.2743099999989
1028, 257.2793099999999
1029, 257.2843099999991
1030, 257.2893100000001
1031, 257.2943099999993
1032, 257.29931000000033
1033, 257.30430999999953
1034, 257.30930999999873
1035, 257.31430999999975
1036, 257.31930999999895
1037, 257.32430999999997
1038, 257.32930999999917
1039, 257.3343100000002
1040, 257.3393099999994
1041, 257.3443100000004
1042, 257.3493099999996
1043, 257.3543099999988
1044, 257.3593099999998
1045, 257.364309999999
1046, 257.36931000000004
1047, 257.37430999999924
1048, 257.37931000000026
1049, 257.38430999999946
1050, 257.3893100000005
1051, 257.3943099999997
1052, 257.3993099999989
1053, 257.4043099999999
1054, 257.4093099999991
1055, 257.4143100000001
1056, 257.4193099999993
1057, 257.42431000000033
1058, 257.42930999999953
1059, 257.43430999999873
1060, 257.43930999999975
1061, 257.44430999999895
1062, 257.44930999999997
1063, 257.45430999999917
1064, 257.4593100000002
1065, 257.4643099999994
1066, 257.4693100000004
1067, 257.4743099999996
1068, 257.4793099999988
1069, 257.4843099999998
1070, 257.489309999999
1071, 257.49431000000004
1072, 257.49930999999924
1073, 257.50431000000026
1074, 257.50930999999946
1075, 257.5143100000005
1076, 257.5193099999997
1077, 257.5243099999989
1078, 257.5293099999999
1079, 257.5343099999991
1080, 257.5393100000001
1081, 257.5443099999993
1082, 257.54931000000033
1083, 257.55430999999953
1084, 257.55930999999873
1085, 257.56430999999975
1086, 257.56930999999895
1087, 257.57430999999997
1088, 257.57930999999917
1089, 257.5843100000002
1090, 257.5893099999994
1091, 257.5943100000004
1092, 257.5993099999996
1093, 257.6043099999988
1094, 257.6093099999998
1095, 257.614309999999
1096, 257.61931000000004
1097, 257.62430999999924
1098, 257.62931000000026
1099, 257.63430999999946
1100, 257.6393100000005
1101, 257.6443099999997
1102, 257.6493099999989
1103, 257.6543099999999
1104, 257.6593099999991
1105, 257.6643100000001
1106, 257.6693099999993
1107, 257.67431000000033
1108, 257.67930999999953
1109, 257.68430999999873
1110, 257.68930999999975
1111, 257.69430999999895
1112, 257.69930999999997
1113, 257.70430999999917
1114, 257.7093100000002
1115, 257.7143099999994
1116, 257.7193100000004
1117, 257.7243099999996
1118, 257.7293099999988
1119, 257.7343099999998
1120, 257.739309999999
1121, 257.74431000000004
1122, 257.74930999999924
1123, 257.75431000000026
1124, 257.75930999999946
1125, 257.7643100000005
1126, 257.7693099999997
1127, 257.7743099999989
1128, 257.7793099999999
1129, 257.7843099999991
1130, 257.7893100000001
1131, 257.7943099999993
1132, 257.79931000000033
1133, 257.80430999999953
1134, 257.80930999999873
1135, 257.81430999999975
1136, 257.81930999999895
1137, 257.82430999999997
1138, 257.82930999999917
1139, 257.8343100000002
1140, 257.8393099999994
1141, 257.8443100000004
1142, 257.8493099999996
1143, 257.8543099999988
1144, 257.8593099999998
1145, 257.864309999999
1146, 257.86931000000004
1147, 257.87430999999924
1148, 257.87931000000026
1149, 257.88430999999946
1150, 257.8893100000005
1151, 257.8943099999997
1152, 257.8993099999989
1153, 257.9043099999999
1154, 257.9093099999991
1155, 257.9143100000001
1156, 257.9193099999993
1157, 257.92431000000033
1158, 257.92930999999953
1159, 257.93430999999873
1160, 257.93930999999975
1161, 257.94430999999895
1162, 257.94930999999997
1163, 257.95430999999917
1164, 257.9593100000002
1165, 257.9643099999994
1166, 257.9693100000004
1167, 257.9743099999996
1168, 257.9793099999988
1169, 257.9843099999998
1170, 257.989309999999
1171, 257.99431000000004
1172, 257.99930999999924
1173, 258.00431000000026
1174, 258.00930999999946
1175, 258.0143100000005
1176, 258.0193099999997
1177, 258.0243099999989
1178, 258.0293099999999
1179, 258.0343099999991
1180, 258.0393100000001
1181, 258.0443099999993
1182, 258.04931000000033
1183, 258.05430999999953
1184, 258.05930999999873
1185, 258.06430999999975
1186, 258.06930999999895
1187, 258.07430999999997
1188, 258.07930999999917
1189, 258.0843100000002
1190, 258.0893099999994
1191, 258.0943100000004
1192, 258.0993099999996
1193, 258.1043099999988
1194, 258.1093099999998
1195, 258.114309999999
1196, 258.11931000000004
1197, 258.12430999999924
1198, 258.12931000000026
1199, 258.13430999999946
1200, 258.1393100000005
1201, 258.1443099999997
1202, 258.1493099999989
1203, 258.1543099999999
1204, 258.1593099999991
1205, 258.1643100000001
1206, 258.1693099999993
1207, 258.17431000000033
1208, 258.17930999999953
1209, 258.18430999999873
1210, 258.18930999999975
1211, 258.19430999999895
1212, 258.19930999999997
1213, 258.20430999999917
1214, 258.2093100000002
1215, 258.2143099999994
1216, 258.2193100000004
1217, 258.2243099999996
1218, 258.2293099999988
1219, 258.2343099999998
1220, 258.239309999999
1221, 258.24431000000004
1222, 258.24930999999924
1223, 258.25431000000026
1224, 258.25930999999946
1225, 258.2643100000005
1226, 258.2693099999997
1227, 258.2743099999989
1228, 258.2793099999999
1229, 258.2843099999991
1230, 258.2893100000001
1231, 258.2943099999993
1232, 258.29931000000033
1233, 258.30430999999953
1234, 258.30930999999873
1235, 258.31430999999975
1236, 258.31930999999895
1237, 258.32430999999997
1238, 258.32930999999917
1239, 258.3343100000002
1240, 258.3393099999994
1241, 258.3443100000004
1242, 258.3493099999996
1243, 258.3543099999988
1244, 258.3593099999998
1245, 258.364309999999
1246, 258.36931000000004
1247, 258.37430999999924
1248, 258.37931000000026
1249, 258.38430999999946
1250, 258.3893100000005
1251, 258.3943099999997
1252, 258.3993099999989
1253, 258.4043099999999
1254, 258.4093099999991
1255, 258.4143100000001
1256, 258.4193099999993
1257, 258.42431000000033
1258, 258.42930999999953
1259, 258.43430999999873
1260, 258.43930999999975
1261, 258.44430999999895
1262, 258.44930999999997
1263, 258.45430999999917
1264, 258.4593100000002
1265, 258.4643099999994
1266, 258.4693100000004
1267, 258.4743099999996
1268, 258.4793099999988
1269, 258.4843099999998
1270, 258.489309999999
1271, 258.49431000000004
1272, 258.49930999999924
1273, 258.50431000000026
1274, 258.50930999999946
1275, 258.5143100000005
1276, 258.5193099999997
1277, 258.5243099999989
1278, 258.5293099999999
1279, 258.5343099999991
1280, 258.5393100000001
1281, 258.5443099999993
1282, 258.54931000000033
1283, 258.55430999999953
1284, 258.55930999999873
1285, 258.56430999999975
1286, 258.56930999999895
1287, 258.57430999999997
1288, 258.57930999999917
1289, 258.5843100000002
1290, 258.5893099999994
1291, 258.5943100000004
1292, 258.5993099999996
1293, 258.6043099999988
1294, 258.6093099999998
1295, 258.614309999999
1296, 258.61931000000004
1297, 258.62430999999924
1298, 258.62931000000026
1299, 258.63430999999946
1300, 258.6393100000005
1301, 258.6443099999997
1302, 258.6493099999989
1303, 258.6543099999999
1304, 258.6593099999991
1305, 258.6643100000001
1306, 258.6693099999993
1307, 258.67431000000033
1308, 258.67930999999953
1309, 258.68430999999873
1310, 258.68930999999975
1311, 258.69430999999895
1312, 258.69930999999997
1313, 258.70430999999917
1314, 258.7093100000002
1315, 258.7143099999994
1316, 258.7193100000004
1317, 258.7243099999996
1318, 258.7293099999988
1319, 258.7343099999998
1320, 258.739309999999
1321, 258.74431000000004
1322, 258.74930999999924
1323, 258.75431000000026
1324, 258.75930999999946
1325, 258.7643100000005
1326, 258.7693099999997
1327, 258.7743099999989
1328, 258.7793099999999
1329, 258.7843099999991
1330, 258.7893100000001
1331, 258.7943099999993
1332, 258.79931000000033
1333, 258.80430999999953
1334, 258.80930999999873
1335, 258.81430999999975
1336, 258.81930999999895
1337, 258.82430999999997
1338, 258.82930999999917
1339, 258.8343100000002
1340, 258.8393099999994
1341, 258.8443100000004
1342, 258.8493099999996
1343, 258.8543099999988
1344, 258.8593099999998
1345, 258.864309999999
1346, 258.86931000000004
1347, 258.87430999999924
1348, 258.87931000000026
1349, 258.88430999999946
1350, 258.8893100000005
1351, 258.8943099999997
1352, 258.8993099999989
1353, 258.9043099999999
1354, 258.9093099999991
1355, 258.9143100000001
1356, 258.9193099999993
1357, 258.92431000000033
1358, 258.92930999999953
1359, 258.93430999999873
1360, 258.93930999999975
1361, 258.94430999999895
1362, 258.94930999999997
1363, 258.95430999999917
1364, 258.9593100000002
1365, 258.9643099999994
1366, 258.9693100000004
1367, 258.9743099999996
1368, 258.9793099999988
1369, 258.9843099999998
1370, 258.989309999999
1371, 258.99431000000004
1372, 258.99930999999924
1373, 259.00431000000026
1374, 259.00930999999946
1375, 259.0143100000005
1376, 259.0193099999997
1377, 259.0243099999989
1378, 259.0293099999999
1379, 259.0343099999991
1380, 259.0393100000001
1381, 259.0443099999993
1382, 259.04931000000033
1383, 259.05430999999953
1384, 259.05930999999873
1385, 259.06430999999975
1386, 259.06930999999895
1387, 259.07430999999997
1388, 259.07930999999917
1389, 259.0843100000002
1390, 259.0893099999994
1391, 259.0943100000004
1392, 259.0993099999996
1393, 259.1043099999988
1394, 259.1093099999998
1395, 259.114309999999
1396, 259.11931000000004
1397, 259.12430999999924
1398, 259.12931000000026
1399, 259.13430999999946
1400, 259.1393100000005
1401, 259.1443099999997
1402, 259.1493099999989
1403, 259.1543099999999
1404, 259.1593099999991
1405, 259.1643100000001
1406, 259.1693099999993
1407, 259.17431000000033
1408, 259.17930999999953
1409, 259.18430999999873
1410, 259.18930999999975
1411, 259.19430999999895
1412, 259.19930999999997
1413, 259.20430999999917
1414, 259.2093100000002
1415, 259.2143099999994
1416, 259.2193100000004
1417, 259.2243099999996
1418, 259.2293099999988
1419, 259.2343099999998
1420, 259.239309999999
1421, 259.24431000000004
1422, 259.24930999999924
1423, 259.25431000000026
1424, 259.25930999999946
1425, 259.2643100000005
1426, 259.2693099999997
1427, 259.2743099999989
1428, 259.2793099999999
1429, 259.2843099999991
1430, 259.2893100000001
1431, 259.2943099999993
1432, 259.29931000000033
1433, 259.30430999999953
1434, 259.30930999999873
1435, 259.31430999999975
1436, 259.31930999999895
1437, 259.32430999999997
1438, 259.32930999999917
1439, 259.3343100000002
1440, 259.3393099999994
1441, 259.3443100000004
1442, 259.3493099999996
1443, 259.3543099999988
1444, 259.3593099999998
1445, 259.364309999999
1446, 259.36931000000004
1447, 259.37430999999924
1448, 259.37931000000026
1449, 259.38430999999946
1450, 259.3893100000005
1451, 259.3943099999997
1452, 259.3993099999989
1453, 259.4043099999999
1454, 259.4093099999991
1455, 259.4143100000001
1456, 259.4193099999993
1457, 259.42431000000033
1458, 259.42930999999953
1459, 259.43430999999873
1460, 259.43930999999975
1461, 259.44430999999895
1462, 259.44930999999997
1463, 259.45430999999917
1464, 259.4593100000002
1465, 259.4643099999994
1466, 259.4693100000004
1467, 259.4743099999996
1468, 259.4793099999988
1469, 259.4843099999998
1470, 259.489309999999
1471, 259.49431000000004
1472, 259.49930999999924
1473, 259.50431000000026
1474, 259.50930999999946
1475, 259.5143100000005
1476, 259.5193099999997
1477, 259.5243099999989
1478, 259.5293099999999
1479, 259.5343099999991
1480, 259.5393100000001
1481, 259.5443099999993
1482, 259.54931000000033
1483, 259.55430999999953
1484, 259.55930999999873
1485, 259.56430999999975
1486, 259.56930999999895
1487, 259.57430999999997
1488, 259.57930999999917
1489, 259.5843100000002
1490, 259.5893099999994
1491, 259.5943100000004
1492, 259.5993099999996
1493, 259.6043099999988
1494, 259.6093099999998
1495, 259.614309999999
1496, 259.61931000000004
1497, 259.62430999999924
1498, 259.62931000000026
1499, 259.63430999999946
1500, 259.6393100000005
1501, 259.6443099999997
1502, 259.6493099999989
1503, 259.6543099999999
1504, 259.6593099999991
1505, 259.6643100000001
1506, 259.6693099999993
1507, 259.67431000000033
1508, 259.67930999999953
1509, 259.68430999999873
1510, 259.68930999999975
1511, 259.69430999999895
1512, 259.69930999999997
1513, 259.70430999999917
1514, 259.7093100000002
1515, 259.7143099999994
1516, 259.7193100000004
1517, 259.7243099999996
1518, 259.7293099999988
1519, 259.7343099999998
1520, 259.739309999999
1521, 259.74431000000004
1522, 259.74930999999924
1523, 259.75431000000026
1524, 259.75930999999946
1525, 259.7643100000005
1526, 259.7693099999997
1527, 259.7743099999989
1528, 259.7793099999999
1529, 259.7843099999991
1530, 259.7893100000001
1531, 259.7943099999993
1532, 259.79931000000033
1533, 259.80430999999953
1534, 259.80930999999873
1535, 259.81430999999975
1536, 259.81930999999895
1537, 259.82430999999997
1538, 259.82930999999917
1539, 259.8343100000002
1540, 259.8393099999994
1541, 259.8443100000004
1542, 259.8493099999996
1543, 259.8543099999988
1544, 259.8593099999998
1545, 259.864309999999
1546, 259.86931000000004
1547, 259.87430999999924
1548, 259.87931000000026
1549, 259.88430999999946
1550, 259.8893100000005
1551, 259.8943099999997
1552, 259.8993099999989
1553, 259.9043099999999
1554, 259.9093099999991
1555, 259.9143100000001
1556, 259.9193099999993
1557, 259.92431000000033
1558, 259.92930999999953
1559, 259.93430999999873
1560, 259.93930999999975
1561, 259.94430999999895
1562, 259.94930999999997
1563, 259.95430999999917
1564, 259.9593100000002
1565, 259.9643099999994
1566, 259.9693100000004
1567, 259.9743099999996
1568, 259.9793099999988
1569, 259.9843099999998
1570, 259.989309999999
1571, 259.99431000000004
1572, 259.99930999999924
1573, 260.00431000000026
1574, 260.00930999999946
1575, 260.0143100000005
1576, 260.0193099999997
1577, 260.0243099999989
1578, 260.0293099999999
1579, 260.0343099999991
1580, 260.0393100000001
1581, 260.0443099999993
1582, 260.04931000000033
1583, 260.05430999999953
1584, 260.05930999999873
1585, 260.06430999999975
1586, 260.06930999999895
1587, 260.07430999999997
1588, 260.07930999999917
1589, 260.0843100000002
1590, 260.0893099999994
1591, 260.0943100000004
1592, 260.0993099999996
1593, 260.1043099999988
1594, 260.1093099999998
1595, 260.114309999999
1596, 260.11931000000004
1597, 260.12430999999924
1598, 260.12931000000026
1599, 260.13430999999946
1600, 260.1393100000005
1601, 260.1443099999997
1602, 260.1493099999989
1603, 260.1543099999999
1604, 260.1593099999991
1605, 260.1643100000001
1606, 260.1693099999993
1607, 260.17431000000033
1608, 260.17930999999953
1609, 260.18430999999873
1610, 260.18930999999975
1611, 260.19430999999895
1612, 260.19930999999997
1613, 260.20430999999917
1614, 260.2093100000002
1615, 260.2143099999994
1616, 260.2193100000004
1617, 260.2243099999996
1618, 260.2293099999988
1619, 260.2343099999998
1620, 260.239309999999
1621, 260.24431000000004
1622, 260.24930999999924
1623, 260.25431000000026
1624, 260.25930999999946
1625, 260.2643100000005
1626, 260.2693099999997
1627, 260.2743099999989
1628, 260.2793099999999
1629, 260.2843099999991
1630, 260.2893100000001
1631, 260.2943099999993
1632, 260.29931000000033
1633, 260.30430999999953
1634, 260.30930999999873
1635, 260.31430999999975
1636, 260.31930999999895
1637, 260.32430999999997
1638, 260.32930999999917
1639, 260.3343100000002
1640, 260.3393099999994
1641, 260.3443100000004
1642, 260.3493099999996
1643, 260.3543099999988
1644, 260.3593099999998
1645, 260.364309999999
1646, 260.36931000000004
1647, 260.37430999999924
1648, 260.37931000000026
1649, 260.38430999999946
1650, 260.3893100000005
1651, 260.3943099999997
1652, 260.3993099999989
1653, 260.4043099999999
1654, 260.4093099999991
1655, 260.4143100000001
1656, 260.4193099999993
1657, 260.42431000000033
1658, 260.42930999999953
1659, 260.43430999999873
1660, 260.43930999999975
1661, 260.44430999999895
1662, 260.44930999999997
1663, 260.45430999999917
1664, 260.4593100000002
1665, 260.4643099999994
1666, 260.4693100000004
1667, 260.4743099999996
1668, 260.4793099999988
1669, 260.4843099999998
1670, 260.489309999999
1671, 260.49431000000004
1672, 260.49930999999924
1673, 260.50431000000026
1674, 260.50930999999946
1675, 260.5143100000005
1676, 260.5193099999997
1677, 260.5243099999989
1678, 260.5293099999999
1679, 260.5343099999991
1680, 260.5393100000001
1681, 260.5443099999993
1682, 260.54931000000033
1683, 260.55430999999953
1684, 260.55930999999873
1685, 260.56430999999975
1686, 260.56930999999895
1687, 260.57430999999997
1688, 260.57930999999917
1689, 260.5843100000002
1690, 260.5893099999994
1691, 260.5943100000004
1692, 260.5993099999996
1693, 260.6043099999988
1694, 260.6093099999998
1695, 260.614309999999
1696, 260.61931000000004
1697, 260.62430999999924
1698, 260.62931000000026
1699, 260.63430999999946
1700, 260.6393100000005
1701, 260.6443099999997
1702, 260.6493099999989
1703, 260.6543099999999
1704, 260.6593099999991
1705, 260.6643100000001
1706, 260.6693099999993
1707, 260.67431000000033
1708, 260.67930999999953
1709, 260.68430999999873
1710, 260.68930999999975
1711, 260.69430999999895
1712, 260.69930999999997
1713, 260.70430999999917
1714, 260.7093100000002
1715, 260.7143099999994
1716, 260.7193100000004
1717, 260.7243099999996
1718, 260.7293099999988
1719, 260.7343099999998
1720, 260.739309999999
1721, 260.74431000000004
1722, 260.74930999999924
1723, 260.75431000000026
1724, 260.75930999999946
1725, 260.7643100000005
1726, 260.7693099999997
1727, 260.7743099999989
1728, 260.7793099999999
1729, 260.7843099999991
1730, 260.7893100000001
1731, 260.7943099999993
1732, 260.79931000000033
1733, 260.80430999999953
1734, 260.80930999999873
1735, 260.81430999999975
1736, 260.81930999999895
1737, 260.82430999999997
1738, 260.82930999999917
1739, 260.8343100000002
1740, 260.8393099999994
1741, 260.8443100000004
1742, 260.8493099999996
1743, 260.8543099999988
1744, 260.8593099999998
1745, 260.864309999999
1746, 260.86931000000004
1747, 260.87430999999924
1748, 260.87931000000026
1749, 260.88430999999946
1750, 260.8893100000005
1751, 260.8943099999997
1752, 260.8993099999989
1753, 260.9043099999999
1754, 260.9093099999991
1755, 260.9143100000001
1756, 260.9193099999993
1757, 260.92431000000033
1758, 260.92930999999953
1759, 260.93430999999873
1760, 260.93930999999975
1761, 260.94430999999895
1762, 260.94930999999997
1763, 260.95430999999917
1764, 260.9593100000002
1765, 260.9643099999994
1766, 260.9693100000004
1767, 260.9743099999996
1768, 260.9793099999988
1769, 260.9843099999998
1770, 260.989309999999
1771, 260.99431000000004
1772, 260.99930999999924
1773, 261.00431000000026
1774, 261.00930999999946
1775, 261.0143100000005
1776, 261.0193099999997
1777, 261.0243099999989
1778, 261.0293099999999
1779, 261.0343099999991
1780, 261.0393100000001
1781, 261.0443099999993
1782, 261.04931000000033
1783, 261.05430999999953
1784, 261.05930999999873
1785, 261.06430999999975
1786, 261.06930999999895
1787, 261.07430999999997
1788, 261.07930999999917
1789, 261.0843100000002
1790, 261.0893099999994
1791, 261.0943100000004
1792, 261.0993099999996
1793, 261.1043099999988
1794, 261.1093099999998
1795, 261.114309999999
1796, 261.11931000000004
1797, 261.12430999999924
1798, 261.12931000000026
1799, 261.13430999999946
1800, 261.1393100000005
1801, 261.1443099999997
1802, 261.1493099999989
1803, 261.1543099999999
1804, 261.1593099999991
1805, 261.1643100000001
1806, 261.1693099999993
1807, 261.17431000000033
1808, 261.17930999999953
1809, 261.18430999999873
1810, 261.18930999999975
1811, 261.19430999999895
1812, 261.19930999999997
1813, 261.20430999999917
1814, 261.2093100000002
1815, 261.2143099999994
1816, 261.2193100000004
1817, 261.2243099999996
1818, 261.2293099999988
1819, 261.2343099999998
1820, 261.239309999999
1821, 261.24431000000004
1822, 261.24930999999924
1823, 261.25431000000026
1824, 261.25930999999946
1825, 261.2643100000005
1826, 261.2693099999997
1827, 261.2743099999989
1828, 261.2793099999999
1829, 261.2843099999991
1830, 261.2893100000001
1831, 261.2943099999993
1832, 261.29931000000033
1833, 261.30430999999953
1834, 261.30930999999873
1835, 261.31430999999975
1836, 261.31930999999895
1837, 261.32430999999997
1838, 261.32930999999917
1839, 261.3343100000002
1840, 261.3393099999994
1841, 261.3443100000004
1842, 261.3493099999996
1843, 261.3543099999988
1844, 261.3593099999998
1845, 261.364309999999
1846, 261.36931000000004
1847, 261.37430999999924
1848, 261.37931000000026
1849, 261.38430999999946
1850, 261.3893100000005
1851, 261.3943099999997
1852, 261.3993099999989
1853, 261.4043099999999
1854, 261.4093099999991
1855, 261.4143100000001
1856, 261.4193099999993
1857, 261.42431000000033
1858, 261.42930999999953
1859, 261.43430999999873
1860, 261.43930999999975
1861, 261.44430999999895
1862, 261.44930999999997
1863, 261.45430999999917
1864, 261.4593100000002
1865, 261.4643099999994
1866, 261.4693100000004
1867, 261.4743099999996
1868, 261.4793099999988
1869, 261.4843099999998
1870, 261.489309999999
1871, 261.49431000000004
1872, 261.49930999999924
1873, 261.50431000000026
1874, 261.50930999999946
1875, 261.5143100000005
1876, 261.5193099999997
1877, 261.5243099999989
1878, 261.5293099999999
1879, 261.5343099999991
1880, 261.5393100000001
1881, 261.5443099999993
1882, 261.54931000000033
1883, 261.55430999999953
1884, 261.55930999999873
1885, 261.56430999999975
1886, 261.56930999999895
1887, 261.57430999999997
1888, 261.57930999999917
1889, 261.5843100000002
1890, 261.5893099999994
1891, 261.5943100000004
1892, 261.5993099999996
1893, 261.6043099999988
1894, 261.6093099999998
1895, 261.614309999999
1896, 261.61931000000004
1897, 261.62430999999924
1898, 261.62931000000026
1899, 261.63430999999946
1900, 261.6393100000005
1901, 261.6443099999997
1902, 261.6493099999989
1903, 261.6543099999999
1904, 261.6593099999991
1905, 261.6643100000001
1906, 261.6693099999993
1907, 261.67431000000033
1908, 261.67930999999953
1909, 261.68430999999873
1910, 261.68930999999975
1911, 261.69430999999895
1912, 261.69930999999997
1913, 261.70430999999917
1914, 261.7093100000002
1915, 261.7143099999994
1916, 261.7193100000004
1917, 261.7243099999996
1918, 261.7293099999988
1919, 261.7343099999998
1920, 261.739309999999
1921, 261.74431000000004
1922, 261.74930999999924
1923, 261.75431000000026
1924, 261.75930999999946
1925, 261.7643100000005
1926, 261.7693099999997
1927, 261.7743099999989
1928, 261.7793099999999
1929, 261.7843099999991
1930, 261.7893100000001
1931, 261.7943099999993
1932, 261.79931000000033
1933, 261.80430999999953
1934, 261.80930999999873
1935, 261.81430999999975
1936, 261.81930999999895
1937, 261.82430999999997
1938, 261.82930999999917
1939, 261.8343100000002
1940, 261.8393099999994
1941, 261.8443100000004
1942, 261.8493099999996
1943, 261.8543099999988
1944, 261.8593099999998
1945, 261.864309999999
1946, 261.86931000000004
1947, 261.87430999999924
1948, 261.87931000000026
1949, 261.88430999999946
1950, 261.8893100000005
1951, 261.8943099999997
1952, 261.8993099999989
1953, 261.9043099999999
1954, 261.9093099999991
1955, 261.9143100000001
1956, 261.9193099999993
1957, 261.92431000000033
1958, 261.92930999999953
1959, 261.93430999999873
1960, 261.93930999999975
1961, 261.94430999999895
1962, 261.94930999999997
1963, 261.95430999999917
1964, 261.9593100000002
1965, 261.9643099999994
1966, 261.9693100000004
1967, 261.9743099999996
1968, 261.9793099999988
1969, 261.9843099999998
1970, 261.989309999999
1971, 261.99431000000004
1972, 261.99930999999924
1973, 262.00431000000026
1974, 262.00930999999946
1975, 262.0143100000005
1976, 262.0193099999997
1977, 262.0243099999989
1978, 262.0293099999999
1979, 262.0343099999991
1980, 262.0393100000001
1981, 262.0443099999993
1982, 262.04931000000033
1983, 262.05430999999953
1984, 262.05930999999873
1985, 262.06430999999975
1986, 262.06930999999895
1987, 262.07430999999997
1988, 262.07930999999917
1989, 262.0843100000002
1990, 262.0893099999994
1991, 262.0943100000004
1992, 262.0993099999996
1993, 262.1043099999988
1994, 262.1093099999998
1995, 262.114309999999
2040, 262.3393099999994
2041, 262.3443100000004
2042, 262.3493099999996
2043, 262.3543099999988
2044, 262.3593099999998
2045, 262.364309999999
2046, 262.36931000000004
2047, 262.37430999999924
2048, 262.37931000000026
2049, 262.38430999999946
2050, 262.3893100000005
2051, 262.3943099999997
2052, 262.3993099999989
2053, 262.4043099999999
2054, 262.4093099999991
2055, 262.4143100000001
2056, 262.4193099999993
2057, 262.42431000000033
2058, 262.42930999999953
2059, 262.43430999999873
2060, 262.43930999999975
2061, 262.44430999999895
2062, 262.44930999999997
2063, 262.45430999999917
2064, 262.4593100000002
2065, 262.4643099999994
2066, 262.4693100000004
2067, 262.4743099999996
2068, 262.4793099999988
2069, 262.4843099999998
2070, 262.489309999999
2071, 262.49431000000004
2072, 262.49930999999924
2073, 262.50431000000026
2074, 262.50930999999946
2075, 262.5143100000005
2076, 262.5193099999997
2077, 262.5243099999989
2078, 262.5293099999999
2079, 262.5343099999991
2080, 262.5393100000001
2081, 262.5443099999993
2082, 262.54931000000033
2083, 262.55430999999953
2084, 262.55930999999873
2085, 262.56430999999975
2086, 262.56930999999895
2087, 262.57430999999997
2088, 262.57930999999917
2089, 262.5843100000002
2090, 262.5893099999994
2091, 262.5943100000004
2092, 262.5993099999996
2093, 262.6043099999988
2094, 262.6093099999998
2095, 262.614309999999
2096, 262.61931000000004
2097, 262.62430999999924
2098, 262.62931000000026
2099, 262.63430999999946
2100, 262.6393100000005
2101, 262.6443099999997
2102, 262.6493099999989
2103, 262.6543099999999
2104, 262.6593099999991
2105, 262.6643100000001
2106, 262.6693099999993
2107, 262.67431000000033
2108, 262.67930999999953
2109, 262.68430999999873
2110, 262.68930999999975
2111, 262.69430999999895
2112, 262.69930999999997
2113, 262.70430999999917
2114, 262.7093100000002
2115, 262.7143099999994
2116, 262.7193100000004
2117, 262.7243099999996
2118, 262.7293099999988
2119, 262.7343099999998
2120, 262.739309999999
2121, 262.74431000000004
2122, 262.74930999999924
2123, 262.75431000000026
2124, 262.75930999999946
2125, 262.7643100000005
2126, 262.7693099999997
2127, 262.7743099999989
2128, 262.7793099999999
2129, 262.7843099999991
2130, 262.7893100000001
2131, 262.7943099999993
2132, 262.79931000000033
2133, 262.80430999999953
2134, 262.80930999999873
2135, 262.81430999999975
2136, 262.81930999999895
2137, 262.82430999999997
2138, 262.82930999999917
2139, 262.8343100000002
2140, 262.8393099999994
2141, 262.8443100000004
2142, 262.8493099999996
2143, 262.8543099999988
2144, 262.8593099999998
2145, 262.864309999999
2146, 262.86931000000004
2147, 262.87430999999924
2148, 262.87931000000026
2149, 262.88430999999946
2150, 262.8893100000005
2151, 262.8943099999997
2152, 262.8993099999989
2153, 262.9043099999999
2154, 262.9093099999991
2155, 262.9143100000001
2156, 262.9193099999993
2157, 262.92431000000033
2158, 262.92930999999953
2159, 262.93430999999873
2160, 262.93930999999975
2161, 262.94430999999895
2162, 262.94930999999997
2163, 262.95430999999917
2164, 262.9593100000002
2165, 262.9643099999994
2166, 262.9693100000004
2167, 262.9743099999996
2168, 262.9793099999988
2169, 262.9843099999998
2170, 262.989309999999
2171, 262.99431000000004
2172, 262.99930999999924
2173, 263.00431000000026
2174, 263.00930999999946
2175, 263.0143100000005
2176, 263.0193099999997
2177, 263.0243099999989
2178, 263.0293099999999
2179, 263.0343099999991
2180, 263.0393100000001
2181, 263.0443099999993
2182, 263.04931000000033
2183, 263.05430999999953
2184, 263.05930999999873
2185, 263.06430999999975
2186, 263.06930999999895
2187, 263.07430999999997
2188, 263.07930999999917
2189, 263.0843100000002
2190, 263.0893099999994
2191, 263.0943100000004
2192, 263.0993099999996
2193, 263.1043099999988
2194, 263.1093099999998
2195, 263.114309999999
2196, 263.11931000000004
2197, 263.12430999999924
2198, 263.12931000000026
2199, 263.13430999999946
2200, 263.1393100000005
2201, 263.1443099999997
2202, 263.1493099999989
2203, 263.1543099999999
2204, 263.1593099999991
2205, 263.1643100000001
2206, 263.1693099999993
2207, 263.17431000000033
2208, 263.17930999999953
2209, 263.18430999999873
2210, 263.18930999999975
2211, 263.19430999999895
2212, 263.19930999999997
2213, 263.20430999999917
2214, 263.2093100000002
2215, 263.2143099999994
2216, 263.2193100000004
2217, 263.2243099999996
2218, 263.2293099999988
2219, 263.2343099999998
2220, 263.239309999999
2221, 263.24431000000004
2222, 263.24930999999924
2223, 263.25431000000026
2224, 263.25930999999946
2225, 263.2643100000005
2226, 263.2693099999997
2227, 263.2743099999989
2228, 263.2793099999999
2229, 263.2843099999991
2230, 263.2893100000001
2231, 263.2943099999993
2232, 263.29931000000033
2233, 263.30430999999953
2234, 263.30930999999873
2235, 263.31430999999975
2236, 263.31930999999895
2237, 263.32430999999997
2238, 263.32930999999917
2239, 263.3343100000002
2240, 263.3393099999994
2241, 263.3443100000004
2242, 263.3493099999996
2243, 263.3543099999988
2244, 263.3593099999998
2245, 263.364309999999
2246, 263.36931000000004
2247, 263.37430999999924
2248, 263.37931000000026
2249, 263.38430999999946
2250, 263.3893100000005
2251, 263.3943099999997
2252, 263.3993099999989
2253, 263.4043099999999
2254, 263.4093099999991
2255, 263.4143100000001
2256, 263.4193099999993
2257, 263.42431000000033
2258, 263.42930999999953
2259, 263.43430999999873
2260, 263.43930999999975
2261, 263.44430999999895
2262, 263.44930999999997
2263, 263.45430999999917
2264, 263.4593100000002
2265, 263.4643099999994
2266, 263.4693100000004
2267, 263.4743099999996
2268, 263.4793099999988
2269, 263.4843099999998
2270, 263.489309999999
2271, 263.49431000000004
2272, 263.49930999999924
2273, 263.50431000000026
2274, 263.50930999999946
2275, 263.5143100000005
2276, 263.5193099999997
2277, 263.5243099999989
2278, 263.5293099999999
2279, 263.5343099999991
2280, 263.5393100000001
2281, 263.5443099999993
2282, 263.54931000000033
2283, 263.55430999999953
2284, 263.55930999999873
2285, 263.56430999999975
2286, 263.56930999999895
2287, 263.57430999999997
2288, 263.57930999999917
2289, 263.5843100000002
2290, 263.5893099999994
2291, 263.5943100000004
2292, 263.5993099999996
2293, 263.6043099999988
2294, 263.6093099999998
2295, 263.614309999999
2296, 263.61931000000004
2297, 263.62430999999924
2298, 263.62931000000026
2299, 263.63430999999946
2300, 263.6393100000005
2301, 263.6443099999997
2302, 263.6493099999989
2303, 263.6543099999999
2304, 263.6593099999991
2305, 263.6643100000001
2306, 263.6693099999993
2307, 263.67431000000033
2308, 263.67930999999953
2309, 263.68430999999873
2310, 263.68930999999975
2311, 263.69430999999895
2312, 263.69930999999997
2313, 263.70430999999917
2314, 263.7093100000002
2315, 263.7143099999994
2316, 263.7193100000004
2317, 263.7243099999996
2318, 263.7293099999988
2319, 263.7343099999998
2320, 263.739309999999
2321, 263.74431000000004
2322, 263.74930999999924
2323, 263.75431000000026
2324, 263.75930999999946
2325, 263.7643100000005
2326, 263.7693099999997
2327, 263.7743099999989
2328, 263.7793099999999
2329, 263.7843099999991
2330, 263.7893100000001
2331, 263.7943099999993
2332, 263.79931000000033
2333, 263.80430999999953
2334, 263.80930999999873
2335, 263.81430999999975
2336, 263.81930999999895
2337, 263.82430999999997
2338, 263.82930999999917
2339, 263.8343100000002
2340, 263.8393099999994
2341, 263.8443100000004
2342, 263.8493099999996
2343, 263.8543099999988
2344, 263.8593099999998
2345, 263.864309999999
2346, 263.86931000000004
2347, 263.87430999999924
2348, 263.87931000000026
2349, 263.88430999999946
2350, 263.8893100000005
2351, 263.8943099999997
2352, 263.8993099999989
2353, 263.9043099999999
2354, 263.9093099999991
2355, 263.9143100000001
2356, 263.9193099999993
2357, 263.92431000000033
2358, 263.92930999999953
2359, 263.93430999999873
2360, 263.93930999999975
2361, 263.94430999999895
2362, 263.94930999999997
2363, 263.95430999999917
2364, 263.9593100000002
2365, 263.9643099999994
2366, 263.9693100000004
2367, 263.9743099999996
2368, 263.9793099999988
2369, 263.9843099999998
2370, 263.989309999999
2371, 263.99431000000004
2372, 263.99930999999924
2373, 264.00431000000026
-2, 315.12452999999914
-1, 315.12953000000016
0, 315.13452999999936
1, 315.1395300000004
2, 315.1445299999996
3, 315.1495299999988
4, 315.1545299999998
5, 315.159529999999
6, 315.16453
7, 315.1695299999992
8, 315.17453000000023
9, 315.17952999999943
10, 315.18453000000045
11, 315.18952999999965
12, 315.19452999999885
13, 315.19952999999987
14, 315.20452999999907
15, 315.2095300000001
16, 315.2145299999993
17, 315.2195300000003
18, 315.2245299999995
19, 315.2295299999987
20, 315.2345299999997
21, 315.2395299999989
22, 315.24452999999994
23, 315.24952999999914
24, 315.25453000000016
25, 315.25952999999936
26, 315.2645300000004
27, 315.2695299999996
28, 315.2745299999988
29, 315.2795299999998
30, 315.284529999999
31, 315.28953
32, 315.2945299999992
33, 315.29953000000023
34, 315.30452999999943
35, 315.30953000000045
36, 315.31452999999965
37, 315.31952999999885
38, 315.32452999999987
39, 315.32952999999907
40, 315.3345300000001
41, 315.3395299999993
42, 315.3445300000003
43, 315.3495299999995
44, 315.3545299999987
45, 315.3595299999997
46, 315.3645299999989
47, 315.36952999999994
48, 315.37452999999914
49, 315.37953000000016
50, 315.38452999999936
51, 315.3895300000004
52, 315.3945299999996
53, 315.3995299999988
54, 315.4045299999998
55, 315.409529999999
56, 315.41453
57, 315.4195299999992
58, 315.42453000000023
59, 315.42952999999943
60, 315.43453000000045
61, 315.43952999999965
62, 315.44452999999885
63, 315.44952999999987
64, 315.45452999999907
65, 315.4595300000001
66, 315.4645299999993
67, 315.4695300000003
68, 315.4745299999995
69, 315.4795299999987
70, 315.4845299999997
71, 315.4895299999989
72, 315.49452999999994
73, 315.49952999999914
74, 315.50453000000016
75, 315.50952999999936
76, 315.5145300000004
77, 315.5195299999996
78, 315.5245299999988
79, 315.5295299999998
80, 315.534529999999
81, 315.53953
82, 315.5445299999992
83, 315.54953000000023
84, 315.55452999999943
85, 315.55953000000045
86, 315.56452999999965
87, 315.56952999999885
88, 315.57452999999987
89, 315.57952999999907
90, 315.5845300000001
91, 315.5895299999993
92, 315.5945300000003
93, 315.5995299999995
94, 315.6045299999987
95, 315.6095299999997
96, 315.6145299999989
97, 315.61952999999994
98, 315.62452999999914
99, 315.62953000000016
100, 315.63452999999936
101, 315.6395300000004
102, 315.6445299999996
103, 315.6495299999988
104, 315.6545299999998
105, 315.659529999999
106, 315.66453
107, 315.6695299999992
108, 315.67453000000023
109, 315.67952999999943
110, 315.68453000000045
111, 315.68952999999965
112, 315.69452999999885
113, 315.69952999999987
114, 315.70452999999907
115, 315.7095300000001
116, 315.7145299999993
117, 315.7195300000003
118, 315.7245299999995
119, 315.7295299999987
120, 315.7345299999997
121, 315.7395299999989
122, 315.74452999999994
123, 315.74952999999914
124, 315.75453000000016
125, 315.75952999999936
126, 315.7645300000004
127, 315.7695299999996
128, 315.7745299999988
129, 315.7795299999998
130, 315.784529999999
131, 315.78953
132, 315.7945299999992
133, 315.79953000000023
134, 315.80452999999943
135, 315.80953000000045
136, 315.81452999999965
137, 315.81952999999885
138, 315.82452999999987
139, 315.82952999999907
140, 315.8345300000001
141, 315.8395299999993
142, 315.8445300000003
143, 315.8495299999995
144, 315.8545299999987
145, 315.8595299999997
146, 315.8645299999989
147, 315.86952999999994
148, 315.87452999999914
149, 315.87953000000016
150, 315.88452999999936
151, 315.8895300000004
152, 315.8945299999996
153, 315.8995299999988
154, 315.9045299999998
155, 315.909529999999
156, 315.91453
157, 315.9195299999992
158, 315.92453000000023
159, 315.92952999999943
160, 315.93453000000045
161, 315.93952999999965
162, 315.94452999999885
163, 315.94952999999987
164, 315.95452999999907
165, 315.9595300000001
166, 315.9645299999993
167, 315.9695300000003
168, 315.9745299999995
169, 315.9795299999987
170, 315.9845299999997
171, 315.9895299999989
172, 315.99452999999994
173, 315.99952999999914
174, 316.00453000000016
175, 316.00952999999936
176, 316.0145300000004
177, 316.0195299999996
178, 316.0245299999988
179, 316.0295299999998
180, 316.034529999999
181, 316.03953
182, 316.0445299999992
183, 316.04953000000023
184, 316.05452999999943
185, 316.05953000000045
186, 316.06452999999965
187, 316.06952999999885
188, 316.07452999999987
189, 316.07952999999907
190, 316.0845300000001
191, 316.0895299999993
192, 316.0945300000003
193, 316.0995299999995
194, 316.1045299999987
195, 316.1095299999997
196, 316.1145299999989
197, 316.11952999999994
198, 316.12452999999914
199, 316.12953000000016
200, 316.13452999999936
201, 316.1395300000004
202, 316.1445299999996
203, 316.1495299999988
204, 316.1545299999998
205, 316.159529999999
206, 316.16453
207, 316.1695299999992
208, 316.17453000000023
209, 316.17952999999943
210, 316.18453000000045
211, 316.18952999999965
212, 316.19452999999885
213, 316.19952999999987
214, 316.20452999999907
215, 316.2095300000001
216, 316.2145299999993
217, 316.2195300000003
218, 316.2245299999995
219, 316.2295299999987
220, 316.2345299999997
221, 316.2395299999989
222, 316.24452999999994
223, 316.24952999999914
224, 316.25453000000016
225, 316.25952999999936
226, 316.2645300000004
227, 316.2695299999996
228, 316.2745299999988
229, 316.2795299999998
230, 316.284529999999
231, 316.28953
232, 316.2945299999992
233, 316.29953000000023
234, 316.30452999999943
235, 316.30953000000045
236, 316.31452999999965
237, 316.31952999999885
238, 316.32452999999987
239, 316.32952999999907
240, 316.3345300000001
241, 316.3395299999993
242, 316.3445300000003
243, 316.3495299999995
244, 316.3545299999987
245, 316.3595299999997
246, 316.3645299999989
247, 316.36952999999994
248, 316.37452999999914
249, 316.37953000000016
250, 316.38452999999936
251, 316.3895300000004
252, 316.3945299999996
253, 316.3995299999988
254, 316.4045299999998
255, 316.409529999999
256, 316.41453
257, 316.4195299999992
258, 316.42453000000023
259, 316.42952999999943
260, 316.43453000000045
261, 316.43952999999965
262, 316.44452999999885
263, 316.44952999999987
264, 316.45452999999907
265, 316.4595300000001
266, 316.4645299999993
267, 316.4695300000003
268, 316.4745299999995
269, 316.4795299999987
270, 316.4845299999997
271, 316.4895299999989
272, 316.49452999999994
273, 316.49952999999914
274, 316.50453000000016
275, 316.50952999999936
276, 316.5145300000004
277, 316.5195299999996
278, 316.5245299999988
279, 316.5295299999998
280, 316.534529999999
281, 316.53953
282, 316.5445299999992
283, 316.54953000000023
284, 316.55452999999943
285, 316.55953000000045
286, 316.56452999999965
287, 316.56952999999885
288, 316.57452999999987
289, 316.57952999999907
290, 316.5845300000001
291, 316.5895299999993
292, 316.5945300000003
293, 316.5995299999995
294, 316.6045299999987
295, 316.6095299999997
296, 316.6145299999989
297, 316.61952999999994
298, 316.62452999999914
299, 316.62953000000016
300, 316.63452999999936
301, 316.6395300000004
302, 316.6445299999996
303, 316.6495299999988
304, 316.6545299999998
305, 316.659529999999
306, 316.66453
307, 316.6695299999992
308, 316.67453000000023
309, 316.67952999999943
310, 316.68453000000045
311, 316.68952999999965
312, 316.69452999999885
313, 316.69952999999987
314, 316.70452999999907
315, 316.7095300000001
316, 316.7145299999993
317, 316.7195300000003
318, 316.7245299999995
319, 316.7295299999987
320, 316.7345299999997
321, 316.7395299999989
322, 316.74452999999994
323, 316.74952999999914
324, 316.75453000000016
325, 316.75952999999936
326, 316.7645300000004
327, 316.7695299999996
328, 316.7745299999988
329, 316.7795299999998
330, 316.784529999999
331, 316.78953
332, 316.7945299999992
333, 316.79953000000023
334, 316.80452999999943
335, 316.80953000000045
336, 316.81452999999965
337, 316.81952999999885
338, 316.82452999999987
339, 316.82952999999907
340, 316.8345300000001
341, 316.8395299999993
342, 316.8445300000003
343, 316.8495299999995
344, 316.8545299999987
345, 316.8595299999997
346, 316.8645299999989
347, 316.86952999999994
348, 316.87452999999914
349, 316.87953000000016
350, 316.88452999999936
351, 316.8895300000004
352, 316.8945299999996
353, 316.8995299999988
354, 316.9045299999998
355, 316.909529999999
356, 316.91453
357, 316.9195299999992
358, 316.92453000000023
359, 316.92952999999943
360, 316.93453000000045
361, 316.93952999999965
362, 316.94452999999885
363, 316.94952999999987
364, 316.95452999999907
365, 316.9595300000001
366, 316.9645299999993
367, 316.9695300000003
368, 316.9745299999995
369, 316.9795299999987
370, 316.9845299999997
371, 316.9895299999989
372, 316.99452999999994
373, 316.99952999999914
374, 317.00453000000016
375, 317.00952999999936
376, 317.0145300000004
377, 317.0195299999996
378, 317.0245299999988
379, 317.0295299999998
380, 317.034529999999
381, 317.03953
382, 317.0445299999992
383, 317.04953000000023
384, 317.05452999999943
385, 317.05953000000045
386, 317.06452999999965
387, 317.06952999999885
388, 317.07452999999987
389, 317.07952999999907
390, 317.0845300000001
391, 317.0895299999993
392, 317.0945300000003
393, 317.0995299999995
394, 317.1045299999987
395, 317.1095299999997
396, 317.1145299999989
397, 317.11952999999994
398, 317.12452999999914
399, 317.12953000000016
400, 317.13452999999936
401, 317.1395300000004
402, 317.1445299999996
403, 317.1495299999988
404, 317.1545299999998
405, 317.159529999999
406, 317.16453
407, 317.1695299999992
408, 317.17453000000023
409, 317.17952999999943
410, 317.18453000000045
411, 317.18952999999965
412, 317.19452999999885
413, 317.19952999999987
414, 317.20452999999907
415, 317.2095300000001
416, 317.2145299999993
417, 317.2195300000003
418, 317.2245299999995
419, 317.2295299999987
420, 317.2345299999997
421, 317.2395299999989
422, 317.24452999999994
423, 317.24952999999914
424, 317.25453000000016
425, 317.25952999999936
426, 317.2645300000004
427, 317.2695299999996
428, 317.2745299999988
429, 317.2795299999998
430, 317.284529999999
431, 317.28953
432, 317.2945299999992
433, 317.29953000000023
434, 317.30452999999943
435, 317.30953000000045
436, 317.31452999999965
437, 317.31952999999885
438, 317.32452999999987
439, 317.32952999999907
440, 317.3345300000001
441, 317.3395299999993
442, 317.3445300000003
443, 317.3495299999995
444, 317.3545299999987
445, 317.3595299999997
446, 317.3645299999989
447, 317.36952999999994
448, 317.37452999999914
449, 317.37953000000016
450, 317.38452999999936
451, 317.3895300000004
452, 317.3945299999996
453, 317.3995299999988
454, 317.4045299999998
455, 317.409529999999
456, 317.41453
457, 317.4195299999992
458, 317.42453000000023
459, 317.42952999999943
460, 317.43453000000045
461, 317.43952999999965
462, 317.44452999999885
463, 317.44952999999987
464, 317.45452999999907
465, 317.4595300000001
466, 317.4645299999993
467, 317.4695300000003
468, 317.4745299999995
469, 317.4795299999987
470, 317.4845299999997
471, 317.4895299999989
472, 317.49452999999994
473, 317.49952999999914
474, 317.50453000000016
475, 317.50952999999936
476, 317.5145300000004
477, 317.5195299999996
478, 317.5245299999988
479, 317.5295299999998
480, 317.534529999999
525, 317.75952999999936
526, 317.7645300000004
527, 317.7695299999996
528, 317.7745299999988
529, 317.7795299999998
530, 317.784529999999
531, 317.78953
532, 317.7945299999992
533, 317.79953000000023
534, 317.80452999999943
535, 317.80953000000045
536, 317.81452999999965
537, 317.81952999999885
538, 317.82452999999987
539, 317.82952999999907
540, 317.8345300000001
541, 317.8395299999993
542, 317.8445300000003
543, 317.8495299999995
544, 317.8545299999987
545, 317.8595299999997
546, 317.8645299999989
547, 317.86952999999994
548, 317.87452999999914
549, 317.87953000000016
550, 317.88452999999936
551, 317.8895300000004
552, 317.8945299999996
553, 317.8995299999988
554, 317.9045299999998
555, 317.909529999999
556, 317.91453
557, 317.9195299999992
558, 317.92453000000023
559, 317.92952999999943
560, 317.93453000000045
561, 317.93952999999965
562, 317.94452999999885
563, 317.94952999999987
564, 317.95452999999907
565, 317.9595300000001
566, 317.9645299999993
567, 317.9695300000003
568, 317.9745299999995
569, 317.9795299999987
570, 317.9845299999997
571, 317.9895299999989
572, 317.99452999999994
573, 317.99952999999914
574, 318.00453000000016
575, 318.00952999999936
576, 318.0145300000004
577, 318.0195299999996
578, 318.0245299999988
579, 318.0295299999998
580, 318.034529999999
581, 318.03953
582, 318.0445299999992
583, 318.04953000000023
584, 318.05452999999943
585, 318.05953000000045
586, 318.06452999999965
587, 318.06952999999885
588, 318.07452999999987
589, 318.07952999999907
590, 318.0845300000001
591, 318.0895299999993
592, 318.0945300000003
593, 318.0995299999995
594, 318.1045299999987
595, 318.1095299999997
596, 318.1145299999989
597, 318.11952999999994
598, 318.12452999999914
599, 318.12953000000016
600, 318.13452999999936
601, 318.1395300000004
602, 318.1445299999996
603, 318.1495299999988
604, 318.1545299999998
605, 318.159529999999
606, 318.16453
607, 318.1695299999992
608, 318.17453000000023
609, 318.17952999999943
610, 318.18453000000045
611, 318.18952999999965
612, 318.19452999999885
613, 318.19952999999987
614, 318.20452999999907
615, 318.2095300000001
616, 318.2145299999993
617, 318.2195300000003
618, 318.2245299999995
619, 318.2295299999987
620, 318.2345299999997
621, 318.2395299999989
622, 318.24452999999994
623, 318.24952999999914
624, 318.25453000000016
625, 318.25952999999936
626, 318.2645300000004
627, 318.2695299999996
628, 318.2745299999988
629, 318.2795299999998
630, 318.284529999999
631, 318.28953
632, 318.2945299999992
633, 318.29953000000023
634, 318.30452999999943
635, 318.30953000000045
636, 318.31452999999965
637, 318.31952999999885
638, 318.32452999999987
639, 318.32952999999907
640, 318.3345300000001
641, 318.3395299999993
642, 318.3445300000003
643, 318.3495299999995
644, 318.3545299999987
645, 318.3595299999997
646, 318.3645299999989
647, 318.36952999999994
648, 318.37452999999914
649, 318.37953000000016
650, 318.38452999999936
651, 318.3895300000004
652, 318.3945299999996
653, 318.3995299999988
654, 318.4045299999998
655, 318.409529999999
656, 318.41453
657, 318.4195299999992
658, 318.42453000000023
659, 318.42952999999943
660, 318.43453000000045
661, 318.43952999999965
662, 318.44452999999885
663, 318.44952999999987
664, 318.45452999999907
665, 318.4595300000001
666, 318.4645299999993
667, 318.4695300000003
668, 318.4745299999995
669, 318.4795299999987
670, 318.4845299999997
671, 318.4895299999989
672, 318.49452999999994
673, 318.49952999999914
674, 318.50453000000016
675, 318.50952999999936
676, 318.5145300000004
677, 318.5195299999996
678, 318.5245299999988
679, 318.5295299999998
680, 318.534529999999
681, 318.53953
682, 318.5445299999992
683, 318.54953000000023
684, 318.55452999999943
685, 318.55953000000045
686, 318.56452999999965
687, 318.56952999999885
688, 318.57452999999987
689, 318.57952999999907
690, 318.5845300000001
691, 318.5895299999993
692, 318.5945300000003
693, 318.5995299999995
694, 318.6045299999987
695, 318.6095299999997
696, 318.6145299999989
697, 318.61952999999994
698, 318.62452999999914
699, 318.62953000000016
700, 318.63452999999936
701, 318.6395300000004
702, 318.6445299999996
703, 318.6495299999988
704, 318.6545299999998
705, 318.659529999999
706, 318.66453
707, 318.6695299999992
708, 318.67453000000023
709, 318.67952999999943
710, 318.68453000000045
711, 318.68952999999965
712, 318.69452999999885
713, 318.69952999999987
714, 318.70452999999907
715, 318.7095300000001
716, 318.7145299999993
717, 318.7195300000003
718, 318.7245299999995
719, 318.7295299999987
720, 318.7345299999997
721, 318.7395299999989
722, 318.74452999999994
723, 318.74952999999914
724, 318.75453000000016
725, 318.75952999999936
726, 318.7645300000004
727, 318.7695299999996
728, 318.7745299999988
729, 318.7795299999998
730, 318.784529999999
731, 318.78953
732, 318.7945299999992
733, 318.79953000000023
734, 318.80452999999943
735, 318.80953000000045
736, 318.81452999999965
737, 318.81952999999885
738, 318.82452999999987
739, 318.82952999999907
740, 318.8345300000001
741, 318.8395299999993
742, 318.8445300000003
743, 318.8495299999995
744, 318.8545299999987
745, 318.8595299999997
746, 318.8645299999989
747, 318.86952999999994
748, 318.87452999999914
749, 318.87953000000016
750, 318.88452999999936
751, 318.8895300000004
752, 318.8945299999996
753, 318.8995299999988
754, 318.9045299999998
755, 318.909529999999
756, 318.91453
757, 318.9195299999992
758, 318.92453000000023
759, 318.92952999999943
760, 318.93453000000045
761, 318.93952999999965
762, 318.94452999999885
763, 318.94952999999987
764, 318.95452999999907
765, 318.9595300000001
766, 318.9645299999993
767, 318.9695300000003
768, 318.9745299999995
769, 318.9795299999987
770, 318.9845299999997
771, 318.9895299999989
772, 318.99452999999994
773, 318.99952999999914
774, 319.00453000000016
775, 319.00952999999936
776, 319.0145300000004
777, 319.0195299999996
778, 319.0245299999988
779, 319.0295299999998
780, 319.034529999999
781, 319.03953
782, 319.0445299999992
783, 319.04953000000023
784, 319.05452999999943
785, 319.05953000000045
786, 319.06452999999965
787, 319.06952999999885
788, 319.07452999999987
789, 319.07952999999907
790, 319.0845300000001
791, 319.0895299999993
792, 319.0945300000003
793, 319.0995299999995
794, 319.1045299999987
795, 319.1095299999997
796, 319.1145299999989
797, 319.11952999999994
798, 319.12452999999914
799, 319.12953000000016
800, 319.13452999999936
801, 319.1395300000004
802, 319.1445299999996
803, 319.1495299999988
804, 319.1545299999998
805, 319.159529999999
806, 319.16453
807, 319.1695299999992
808, 319.17453000000023
809, 319.17952999999943
810, 319.18453000000045
811, 319.18952999999965
812, 319.19452999999885
813, 319.19952999999987
814, 319.20452999999907
815, 319.2095300000001
816, 319.2145299999993
817, 319.2195300000003
818, 319.2245299999995
819, 319.2295299999987
820, 319.2345299999997
821, 319.2395299999989
822, 319.24452999999994
823, 319.24952999999914
824, 319.25453000000016
825, 319.25952999999936
826, 319.2645300000004
827, 319.2695299999996
828, 319.2745299999988
829, 319.2795299999998
830, 319.284529999999
831, 319.28953
832, 319.2945299999992
833, 319.29953000000023
834, 319.30452999999943
835, 319.30953000000045
836, 319.31452999999965
837, 319.31952999999885
838, 319.32452999999987
839, 319.32952999999907
840, 319.3345300000001
841, 319.3395299999993
842, 319.3445300000003
843, 319.3495299999995
844, 319.3545299999987
845, 319.3595299999997
846, 319.3645299999989
847, 319.36952999999994
848, 319.37452999999914
849, 319.37953000000016
850, 319.38452999999936
851, 319.3895300000004
852, 319.3945299999996
853, 319.3995299999988
854, 319.4045299999998
855, 319.409529999999
856, 319.41453
857, 319.4195299999992
858, 319.42453000000023
859, 319.42952999999943
860, 319.43453000000045
861, 319.43952999999965
862, 319.44452999999885
863, 319.44952999999987
864, 319.45452999999907
865, 319.4595300000001
866, 319.4645299999993
867, 319.4695300000003
868, 319.4745299999995
869, 319.4795299999987
870, 319.4845299999997
871, 319.4895299999989
872, 319.49452999999994
873, 319.49952999999914
874, 319.50453000000016
875, 319.50952999999936
876, 319.5145300000004
877, 319.5195299999996
878, 319.5245299999988
879, 319.5295299999998
880, 319.534529999999
881, 319.53953
882, 319.5445299999992
883, 319.54953000000023
884, 319.55452999999943
885, 319.55953000000045
886, 319.56452999999965
887, 319.56952999999885
888, 319.57452999999987
889, 319.57952999999907
890, 319.5845300000001
891, 319.5895299999993
892, 319.5945300000003
893, 319.5995299999995
894, 319.6045299999987
895, 319.6095299999997
896, 319.6145299999989
897, 319.61952999999994
898, 319.62452999999914
899, 319.62953000000016
900, 319.63452999999936
901, 319.6395300000004
902, 319.6445299999996
903, 319.6495299999988
904, 319.6545299999998
905, 319.659529999999
906, 319.66453
907, 319.6695299999992
908, 319.67453000000023
909, 319.67952999999943
910, 319.68453000000045
911, 319.68952999999965
912, 319.69452999999885
913, 319.69952999999987
914, 319.70452999999907
915, 319.7095300000001
916, 319.7145299999993
917, 319.7195300000003
918, 319.7245299999995
919, 319.7295299999987
920, 319.7345299999997
921, 319.7395299999989
922, 319.74452999999994
923, 319.74952999999914
924, 319.75453000000016
925, 319.75952999999936
926, 319.7645300000004
927, 319.7695299999996
928, 319.7745299999988
929, 319.7795299999998
930, 319.784529999999
931, 319.78953
932, 319.7945299999992
933, 319.79953000000023
934, 319.80452999999943
935, 319.80953000000045
936, 319.81452999999965
937, 319.81952999999885
938, 319.82452999999987
939, 319.82952999999907
940, 319.8345300000001
941, 319.8395299999993
942, 319.8445300000003
943, 319.8495299999995
944, 319.8545299999987
945, 319.8595299999997
946, 319.8645299999989
947, 319.86952999999994
948, 319.87452999999914
949, 319.87953000000016
950, 319.88452999999936
951, 319.8895300000004
952, 319.8945299999996
953, 319.8995299999988
954, 319.9045299999998
955, 319.909529999999
956, 319.91453
957, 319.9195299999992
958, 319.92453000000023
959, 319.92952999999943
960, 319.93453000000045
961, 319.93952999999965
962, 319.94452999999885
963, 319.94952999999987
964, 319.95452999999907
965, 319.9595300000001
966, 319.9645299999993
967, 319.9695300000003
968, 319.9745299999995
969, 319.9795299999987
970, 319.9845299999997
971, 319.9895299999989
972, 319.99452999999994
973, 319.99952999999914
974, 320.00453000000016
975, 320.00952999999936
976, 320.0145300000004
977, 320.0195299999996
978, 320.0245299999988
979, 320.0295299999998
980, 320.034529999999
981, 320.03953
982, 320.0445299999992
983, 320.04953000000023
984, 320.05452999999943
985, 320.05953000000045
986, 320.06452999999965
987, 320.06952999999885
988, 320.07452999999987
989, 320.07952999999907
990, 320.0845300000001
991, 320.0895299999993
992, 320.0945300000003
993, 320.0995299999995
994, 320.1045299999987
995, 320.1095299999997
996, 320.1145299999989
997, 320.11952999999994
998, 320.12452999999914
999, 320.12953000000016
1000, 320.13452999999936
1001, 320.1395300000004
1002, 320.1445299999996
1003, 320.1495299999988
1004, 320.1545299999998
1005, 320.159529999999
1006, 320.16453
1007, 320.1695299999992
1008, 320.17453000000023
1009, 320.17952999999943
1010, 320.18453000000045
1011, 320.18952999999965
1012, 320.19452999999885
1013, 320.19952999999987
1014, 320.20452999999907
1015, 320.2095300000001
1016, 320.2145299999993
1017, 320.2195300000003
1018, 320.2245299999995
1019, 320.2295299999987
1020, 320.2345299999997
1021, 320.2395299999989
1022, 320.24452999999994
1023, 320.24952999999914
1024, 320.25453000000016
1025, 320.25952999999936
1026, 320.2645300000004
1027, 320.2695299999996
1028, 320.2745299999988
1029, 320.2795299999998
1030, 320.284529999999
1031, 320.28953
1032, 320.2945299999992
1033, 320.29953000000023
1034, 320.30452999999943
1035, 320.30953000000045
1036, 320.31452999999965
1037, 320.31952999999885
1038, 320.32452999999987
1039, 320.32952999999907
1040, 320.3345300000001
1041, 320.3395299999993
1042, 320.3445300000003
1043, 320.3495299999995
1044, 320.3545299999987
1045, 320.3595299999997
1046, 320.3645299999989
1047, 320.36952999999994
1048, 320.37452999999914
1049, 320.37953000000016
1050, 320.38452999999936
1051, 320.3895300000004
1052, 320.3945299999996
1053, 320.3995299999988
1054, 320.4045299999998
1055, 320.409529999999
1056, 320.41453
1057, 320.4195299999992
1058, 320.42453000000023
1059, 320.42952999999943
1060, 320.43453000000045
1061, 320.43952999999965
1062, 320.44452999999885
1063, 320.44952999999987
1064, 320.45452999999907
1065, 320.4595300000001
1066, 320.4645299999993
1067, 320.4695300000003
1068, 320.4745299999995
1069, 320.4795299999987
1070, 320.4845299999997
1071, 320.4895299999989
1072, 320.49452999999994
1073, 320.49952999999914
1074, 320.50453000000016
1075, 320.50952999999936
1076, 320.5145300000004
1077, 320.5195299999996
1078, 320.5245299999988
1079, 320.5295299999998
1080, 320.534529999999
1081, 320.53953
1082, 320.5445299999992
1083, 320.54953000000023
1084, 320.55452999999943
1085, 320.55953000000045
1086, 320.56452999999965
1087, 320.56952999999885
1088, 320.57452999999987
1089, 320.57952999999907
1090, 320.5845300000001
1091, 320.5895299999993
1092, 320.5945300000003
1093, 320.5995299999995
1094, 320.6045299999987
1095, 320.6095299999997
1096, 320.6145299999989
1097, 320.61952999999994
1098, 320.62452999999914
1099, 320.62953000000016
1100, 320.63452999999936
1101, 320.6395300000004
1102, 320.6445299999996
1103, 320.6495299999988
1104, 320.6545299999998
1105, 320.659529999999
1106, 320.66453
1107, 320.6695299999992
1108, 320.67453000000023
1109, 320.67952999999943
1110, 320.68453000000045
1111, 320.68952999999965
1112, 320.69452999999885
1113, 320.69952999999987
1114, 320.70452999999907
1115, 320.7095300000001
1116, 320.7145299999993
1117, 320.7195300000003
1118, 320.7245299999995
1119, 320.7295299999987
1120, 320.7345299999997
1121, 320.7395299999989
1122, 320.74452999999994
1123, 320.74952999999914
1124, 320.75453000000016
1125, 320.75952999999936
1126, 320.7645300000004
1127, 320.7695299999996
1128, 320.7745299999988
1129, 320.7795299999998
1130, 320.784529999999
1131, 320.78953
1132, 320.7945299999992
1133, 320.79953000000023
1134, 320.80452999999943
1135, 320.80953000000045
1136, 320.81452999999965
1137, 320.81952999999885
1138, 320.82452999999987
1139, 320.82952999999907
1140, 320.8345300000001
1141, 320.8395299999993
1142, 320.8445300000003
1143, 320.8495299999995
1144, 320.8545299999987
1145, 320.8595299999997
1146, 320.8645299999989
1147, 320.86952999999994
1148, 320.87452999999914
1149, 320.87953000000016
1150, 320.88452999999936
1151, 320.8895300000004
1152, 320.8945299999996
1153, 320.8995299999988
1154, 320.9045299999998
1155, 320.909529999999
1156, 320.91453
1157, 320.9195299999992
1158, 320.92453000000023
1159, 320.92952999999943
1160, 320.93453000000045
1161, 320.93952999999965
1162, 320.94452999999885
1163, 320.94952999999987
1164, 320.95452999999907
1165, 320.9595300000001
1166, 320.9645299999993
1167, 320.9695300000003
1168, 320.9745299999995
1169, 320.9795299999987
1170, 320.9845299999997
1171, 320.9895299999989
1172, 320.99452999999994
1173, 320.99952999999914
1174, 321.00453000000016
1175, 321.00952999999936
1176, 321.0145300000004
1177, 321.0195299999996
1178, 321.0245299999988
1179, 321.0295299999998
1180, 321.034529999999
1181, 321.03953
1182, 321.0445299999992
1183, 321.04953000000023
1184, 321.05452999999943
1185, 321.05953000000045
1186, 321.06452999999965
1187, 321.06952999999885
1188, 321.07452999999987
1189, 321.07952999999907
1190, 321.0845300000001
1191, 321.0895299999993
1192, 321.0945300000003
1193, 321.0995299999995
1194, 321.1045299999987
1195, 321.1095299999997
1196, 321.1145299999989
1197, 321.11952999999994
1198, 321.12452999999914
1199, 321.12953000000016
1200, 321.13452999999936
1201, 321.1395300000004
1202, 321.1445299999996
1203, 321.1495299999988
1204, 321.1545299999998
1205, 321.159529999999
1206, 321.16453
1207, 321.1695299999992
1208, 321.17453000000023
1209, 321.17952999999943
1210, 321.18453000000045
1211, 321.18952999999965
1212, 321.19452999999885
1213, 321.19952999999987
1214, 321.20452999999907
1215, 321.2095300000001
1216, 321.2145299999993
1217, 321.2195300000003
1218, 321.2245299999995
1219, 321.2295299999987
1220, 321.2345299999997
1221, 321.2395299999989
1222, 321.24452999999994
1223, 321.24952999999914
1224, 321.25453000000016
1225, 321.25952999999936
1226, 321.2645300000004
1227, 321.2695299999996
1228, 321.2745299999988
1229, 321.2795299999998
1230, 321.284529999999
1231, 321.28953
1232, 321.2945299999992
1233, 321.29953000000023
1234, 321.30452999999943
1235, 321.30953000000045
1236, 321.31452999999965
1237, 321.31952999999885
1238, 321.32452999999987
1239, 321.32952999999907
1240, 321.3345300000001
1241, 321.3395299999993
1242, 321.3445300000003
1243, 321.3495299999995
1244, 321.3545299999987
1245, 321.3595299999997
1246, 321.3645299999989
1247, 321.36952999999994
1248, 321.37452999999914
1249, 321.37953000000016
1250, 321.38452999999936
1251, 321.3895300000004
1252, 321.3945299999996
1253, 321.3995299999988
1254, 321.4045299999998
1255, 321.409529999999
1256, 321.41453
1257, 321.4195299999992
1258, 321.42453000000023
1259, 321.42952999999943
1260, 321.43453000000045
1261, 321.43952999999965
1262, 321.44452999999885
1263, 321.44952999999987
1264, 321.45452999999907
1265, 321.4595300000001
1266, 321.4645299999993
1267, 321.4695300000003
1268, 321.4745299999995
1269, 321.4795299999987
1270, 321.4845299999997
1271, 321.4895299999989
1272, 321.49452999999994
1273, 321.49952999999914
1274, 321.50453000000016
1275, 321.50952999999936
1276, 321.5145300000004
1277, 321.5195299999996
1278, 321.5245299999988
1279, 321.5295299999998
1280, 321.534529999999
1281, 321.53953
1282, 321.5445299999992
1283, 321.54953000000023
1284, 321.55452999999943
1285, 321.55953000000045
1286, 321.56452999999965
1287, 321.56952999999885
1288, 321.57452999999987
1289, 321.57952999999907
1290, 321.5845300000001
1291, 321.5895299999993
1292, 321.5945300000003
1293, 321.5995299999995
1294, 321.6045299999987
1295, 321.6095299999997
1296, 321.6145299999989
1297, 321.61952999999994
1298, 321.62452999999914
1299, 321.62953000000016
1300, 321.63452999999936
1301, 321.6395300000004
1302, 321.6445299999996
1303, 321.6495299999988
1304, 321.6545299999998
1305, 321.659529999999
1306, 321.66453
1307, 321.6695299999992
1308, 321.67453000000023
1309, 321.67952999999943
1310, 321.68453000000045
1311, 321.68952999999965
1312, 321.69452999999885
1313, 321.69952999999987
1314, 321.70452999999907
1315, 321.7095300000001
1316, 321.7145299999993
1317, 321.7195300000003
1318, 321.7245299999995
1319, 321.7295299999987
1320, 321.7345299999997
1321, 321.7395299999989
1322, 321.74452999999994
1323, 321.74952999999914
1324, 321.75453000000016
1325, 321.75952999999936
1326, 321.7645300000004
1327, 321.7695299999996
1328, 321.7745299999988
1329, 321.7795299999998
1330, 321.784529999999
1331, 321.78953
1332, 321.7945299999992
1333, 321.79953000000023
1334, 321.80452999999943
1335, 321.80953000000045
1336, 321.81452999999965
1337, 321.81952999999885
1338, 321.82452999999987
1339, 321.82952999999907
1340, 321.8345300000001
1341, 321.8395299999993
1342, 321.8445300000003
1343, 321.8495299999995
1344, 321.8545299999987
1345, 321.8595299999997
1346, 321.8645299999989
1347, 321.86952999999994
1348, 321.87452999999914
1349, 321.87953000000016
1350, 321.88452999999936
1351, 321.8895300000004
1352, 321.8945299999996
1353, 321.8995299999988
1354, 321.9045299999998
1355, 321.909529999999
1356, 321.91453
1357, 321.9195299999992
1358, 321.92453000000023
1359, 321.92952999999943
1360, 321.93453000000045
1361, 321.93952999999965
1362, 321.94452999999885
1363, 321.94952999999987
1364, 321.95452999999907
1365, 321.9595300000001
1366, 321.9645299999993
1367, 321.9695300000003
1368, 321.9745299999995
1369, 321.9795299999987
1370, 321.9845299999997
1371, 321.9895299999989
1372, 321.99452999999994
1373, 321.99952999999914
1374, 322.00453000000016
1375, 322.00952999999936
1376, 322.0145300000004
1377, 322.0195299999996
1378, 322.0245299999988
1379, 322.0295299999998
1380, 322.034529999999
1381, 322.03953
1382, 322.0445299999992
1383, 322.04953000000023
1384, 322.05452999999943
1385, 322.05953000000045
1386, 322.06452999999965
1387, 322.06952999999885
1388, 322.07452999999987
1389, 322.07952999999907
1390, 322.0845300000001
1391, 322.0895299999993
1392, 322.0945300000003
1393, 322.0995299999995
1394, 322.1045299999987
1395, 322.1095299999997
1396, 322.1145299999989
1397, 322.11952999999994
1398, 322.12452999999914
1399, 322.12953000000016
1400, 322.13452999999936
1401, 322.1395300000004
1402, 322.1445299999996
1403, 322.1495299999988
1404, 322.1545299999998
1405, 322.159529999999
1406, 322.16453
1407, 322.1695299999992
1408, 322.17453000000023
1409, 322.17952999999943
1410, 322.18453000000045
1411, 322.18952999999965
1412, 322.19452999999885
1413, 322.19952999999987
1414, 322.20452999999907
1415, 322.2095300000001
1416, 322.2145299999993
1417, 322.2195300000003
1418, 322.2245299999995
1419, 322.2295299999987
1420, 322.2345299999997
1421, 322.2395299999989
1422, 322.24452999999994
1423, 322.24952999999914
1424, 322.25453000000016
1425, 322.25952999999936
1426, 322.2645300000004
1427, 322.2695299999996
1428, 322.2745299999988
1429, 322.2795299999998
1430, 322.284529999999
1431, 322.28953
1432, 322.2945299999992
1433, 322.29953000000023
1434, 322.30452999999943
1435, 322.30953000000045
1436, 322.31452999999965
1437, 322.31952999999885
1438, 322.32452999999987
1439, 322.32952999999907
1440, 322.3345300000001
1441, 322.3395299999993
1442, 322.3445300000003
1443, 322.3495299999995
1444, 322.3545299999987
1445, 322.3595299999997
1446, 322.3645299999989
1447, 322.36952999999994
1448, 322.37452999999914
1449, 322.37953000000016
1450, 322.38452999999936
1451, 322.3895300000004
1452, 322.3945299999996
1453, 322.3995299999988
1454, 322.4045299999998
1455, 322.409529999999
1456, 322.41453
1457, 322.4195299999992
1458, 322.42453000000023
1459, 322.42952999999943
1460, 322.43453000000045
1461, 322.43952999999965
1462, 322.44452999999885
1463, 322.44952999999987
1464, 322.45452999999907
1465, 322.4595300000001
1466, 322.4645299999993
1467, 322.4695300000003
1468, 322.4745299999995
1469, 322.4795299999987
1470, 322.4845299999997
1471, 322.4895299999989
1472, 322.49452999999994
1473, 322.49952999999914
1474, 322.50453000000016
1475, 322.50952999999936
1476, 322.5145300000004
1477, 322.5195299999996
1478, 322.5245299999988
1479, 322.5295299999998
1480, 322.534529999999
1481, 322.53953
1482, 322.5445299999992
1483, 322.54953000000023
1484, 322.55452999999943
1485, 322.55953000000045
1486, 322.56452999999965
1487, 322.56952999999885
1488, 322.57452999999987
1489, 322.57952999999907
1490, 322.5845300000001
1491, 322.5895299999993
1492, 322.5945300000003
1493, 322.5995299999995
1494, 322.6045299999987
1495, 322.6095299999997
1496, 322.6145299999989
1497, 322.61952999999994
1498, 322.62452999999914
1499, 322.62953000000016
1500, 322.63452999999936
1501, 322.6395300000004
1502, 322.6445299999996
1503, 322.6495299999988
1504, 322.6545299999998
1505, 322.659529999999
1506, 322.66453
1507, 322.6695299999992
1508, 322.67453000000023
1509, 322.67952999999943
1510, 322.68453000000045
1511, 322.68952999999965
1512, 322.69452999999885
1513, 322.69952999999987
1514, 322.70452999999907
1515, 322.7095300000001
1516, 322.7145299999993
1517, 322.7195300000003
1518, 322.7245299999995
1519, 322.7295299999987
1520, 322.7345299999997
1521, 322.7395299999989
1522, 322.74452999999994
1523, 322.74952999999914
1524, 322.75453000000016
1525, 322.75952999999936
1526, 322.7645300000004
1527, 322.7695299999996
1528, 322.7745299999988
1529, 322.7795299999998
1530, 322.784529999999
1531, 322.78953
1532, 322.7945299999992
1533, 322.79953000000023
1534, 322.80452999999943
1535, 322.80953000000045
1536, 322.81452999999965
1537, 322.81952999999885
1538, 322.82452999999987
1539, 322.82952999999907
1540, 322.8345300000001
1541, 322.8395299999993
1542, 322.8445300000003
1543, 322.8495299999995
1544, 322.8545299999987
1545, 322.8595299999997
1546, 322.8645299999989
1547, 322.86952999999994
1548, 322.87452999999914
1549, 322.87953000000016
1550, 322.88452999999936
1551, 322.8895300000004
1552, 322.8945299999996
1553, 322.8995299999988
1554, 322.9045299999998
1555, 322.909529999999
1556, 322.91453
1557, 322.9195299999992
1558, 322.92453000000023
1559, 322.92952999999943
1560, 322.93453000000045
1561, 322.93952999999965
1562, 322.94452999999885
1563, 322.94952999999987
1564, 322.95452999999907
1565, 322.9595300000001
1566, 322.9645299999993
1567, 322.9695300000003
1568, 322.9745299999995
1569, 322.9795299999987
1570, 322.9845299999997
1571, 322.9895299999989
1572, 322.99452999999994
1573, 322.99952999999914
1574, 323.00453000000016
1575, 323.00952999999936
1576, 323.0145300000004
1577, 323.0195299999996
1578, 323.0245299999988
1579, 323.0295299999998
1580, 323.034529999999
1581, 323.03953
1582, 323.0445299999992
1583, 323.04953000000023
1584, 323.05452999999943
1585, 323.05953000000045
1586, 323.06452999999965
1587, 323.06952999999885
1588, 323.07452999999987
1589, 323.07952999999907
1590, 323.0845300000001
1591, 323.0895299999993
1592, 323.0945300000003
1593, 323.0995299999995
1594, 323.1045299999987
1595, 323.1095299999997
1596, 323.1145299999989
1597, 323.11952999999994
1598, 323.12452999999914
1599, 323.12953000000016
1600, 323.13452999999936
1601, 323.1395300000004
1602, 323.1445299999996
1603, 323.1495299999988
1604, 323.1545299999998
1605, 323.159529999999
1606, 323.16453
1607, 323.1695299999992
1608, 323.17453000000023
1609, 323.17952999999943
1610, 323.18453000000045
1611, 323.18952999999965
1612, 323.19452999999885
1613, 323.19952999999987
1614, 323.20452999999907
1615, 323.2095300000001
1616, 323.2145299999993
1617, 323.2195300000003
1618, 323.2245299999995
1619, 323.2295299999987
1620, 323.2345299999997
1621, 323.2395299999989
1622, 323.24452999999994
1623, 323.24952999999914
1624, 323.25453000000016
1625, 323.25952999999936
1626, 323.2645300000004
1627, 323.2695299999996
1628, 323.2745299999988
1629, 323.2795299999998
1630, 323.284529999999
1631, 323.28953
1632, 323.2945299999992
1633, 323.29953000000023
1634, 323.30452999999943
1635, 323.30953000000045
1636, 323.31452999999965
1637, 323.31952999999885
1638, 323.32452999999987
1639, 323.32952999999907
1640, 323.3345300000001
1641, 323.3395299999993
1642, 323.3445300000003
1643, 323.3495299999995
1644, 323.3545299999987
1645, 323.3595299999997
1646, 323.3645299999989
1647, 323.36952999999994
1648, 323.37452999999914
1649, 323.37953000000016
1650, 323.38452999999936
1651, 323.3895300000004
1652, 323.3945299999996
1653, 323.3995299999988
1654, 323.4045299999998
1655, 323.409529999999
1656, 323.41453
1657, 323.4195299999992
1658, 323.42453000000023
1659, 323.42952999999943
1660, 323.43453000000045
1661, 323.43952999999965
1662, 323.44452999999885
1663, 323.44952999999987
1664, 323.45452999999907
1665, 323.4595300000001
1666, 323.4645299999993
1667, 323.4695300000003
1668, 323.4745299999995
1669, 323.4795299999987
1670, 323.4845299999997
1671, 323.4895299999989
1672, 323.49452999999994
1673, 323.49952999999914
1674, 323.50453000000016
1675, 323.50952999999936
1676, 323.5145300000004
1677, 323.5195299999996
1678, 323.5245299999988
1679, 323.5295299999998
1680, 323.534529999999
1681, 323.53953
1682, 323.5445299999992
1683, 323.54953000000023
1684, 323.55452999999943
1685, 323.55953000000045
1686, 323.56452999999965
1687, 323.56952999999885
1688, 323.57452999999987
1689, 323.57952999999907
1690, 323.5845300000001
1691, 323.5895299999993
1692, 323.5945300000003
1693, 323.5995299999995
1694, 323.6045299999987
1695, 323.6095299999997
1696, 323.6145299999989
1697, 323.61952999999994
1698, 323.62452999999914
1699, 323.62953000000016
1700, 323.63452999999936
1701, 323.6395300000004
1702, 323.6445299999996
1703, 323.6495299999988
1704, 323.6545299999998
1705, 323.659529999999
1706, 323.66453
1707, 323.6695299999992
1708, 323.67453000000023
1709, 323.67952999999943
1710, 323.68453000000045
1711, 323.68952999999965
1712, 323.69452999999885
1713, 323.69952999999987
1714, 323.70452999999907
1715, 323.7095300000001
1716, 323.7145299999993
1717, 323.7195300000003
1718, 323.7245299999995
1719, 323.7295299999987
1720, 323.7345299999997
1721, 323.7395299999989
1722, 323.74452999999994
1723, 323.74952999999914
1724, 323.75453000000016
1725, 323.75952999999936
1726, 323.7645300000004
1727, 323.7695299999996
1728, 323.7745299999988
1729, 323.7795299999998
1730, 323.784529999999
1731, 323.78953
1732, 323.7945299999992
1733, 323.79953000000023
1734, 323.80452999999943
1735, 323.80953000000045
1736, 323.81452999999965
1737, 323.81952999999885
1738, 323.82452999999987
1739, 323.82952999999907
1740, 323.8345300000001
1741, 323.8395299999993
1742, 323.8445300000003
1743, 323.8495299999995
1744, 323.8545299999987
1745, 323.8595299999997
1746, 323.8645299999989
1747, 323.86952999999994
1748, 323.87452999999914
1749, 323.87953000000016
1750, 323.88452999999936
1751, 323.8895300000004
1752, 323.8945299999996
1753, 323.8995299999988
1754, 323.9045299999998
1755, 323.909529999999
1756, 323.91453
1757, 323.9195299999992
1758, 323.92453000000023
1759, 323.92952999999943
1760, 323.93453000000045
1761, 323.93952999999965
1762, 323.94452999999885
1763, 323.94952999999987
1764, 323.95452999999907
1765, 323.9595300000001
1766, 323.9645299999993
1767, 323.9695300000003
1768, 323.9745299999995
1769, 323.9795299999987
1770, 323.9845299999997
1771, 323.9895299999989
1772, 323.99452999999994
1773, 323.99952999999914
1774, 324.00453000000016
1775, 324.00952999999936
1776, 324.0145300000004
1777, 324.0195299999996
1778, 324.0245299999988
1779, 324.0295299999998
1780, 324.034529999999
1781, 324.03953
1782, 324.0445299999992
1783, 324.04953000000023
1784, 324.05452999999943
1785, 324.05953000000045
1786, 324.06452999999965
1787, 324.06952999999885
1788, 324.07452999999987
1789, 324.07952999999907
1790, 324.0845300000001
1791, 324.0895299999993
1792, 324.0945300000003
1793, 324.0995299999995
1794, 324.1045299999987
1795, 324.1095299999997
1796, 324.1145299999989
1797, 324.11952999999994
1798, 324.12452999999914
1799, 324.12953000000016
1800, 324.13452999999936
1801, 324.1395300000004
1802, 324.1445299999996
1803, 324.1495299999988
1804, 324.1545299999998
1805, 324.159529999999
1806, 324.16453
1807, 324.1695299999992
1808, 324.17453000000023
1809, 324.17952999999943
1810, 324.18453000000045
1811, 324.18952999999965
1812, 324.19452999999885
1813, 324.19952999999987
1814, 324.20452999999907
1815, 324.2095300000001
1816, 324.2145299999993
1817, 324.2195300000003
1818, 324.2245299999995
1819, 324.2295299999987
1820, 324.2345299999997
1821, 324.2395299999989
1822, 324.24452999999994
1823, 324.24952999999914
1824, 324.25453000000016
1825, 324.25952999999936
1826, 324.2645300000004
1827, 324.2695299999996
1828, 324.2745299999988
1829, 324.2795299999998
1830, 324.284529999999
1831, 324.28953
1832, 324.2945299999992
1833, 324.29953000000023
1834, 324.30452999999943
1835, 324.30953000000045
1836, 324.31452999999965
1837, 324.31952999999885
1838, 324.32452999999987
1839, 324.32952999999907
1840, 324.3345300000001
1841, 324.3395299999993
1842, 324.3445300000003
1843, 324.3495299999995
1844, 324.3545299999987
1845, 324.3595299999997
1846, 324.3645299999989
1847, 324.36952999999994
1848, 324.37452999999914
1849, 324.37953000000016
1850, 324.38452999999936
1851, 324.3895300000004
1852, 324.3945299999996
1853, 324.3995299999988
1854, 324.4045299999998
1855, 324.409529999999
1856, 324.41453
1857, 324.4195299999992
1858, 324.42453000000023
1859, 324.42952999999943
1860, 324.43453000000045
1861, 324.43952999999965
1862, 324.44452999999885
1863, 324.44952999999987
1864, 324.45452999999907
1865, 324.4595300000001
1866, 324.4645299999993
1867, 324.4695300000003
1868, 324.4745299999995
1869, 324.4795299999987
1870, 324.4845299999997
1871, 324.4895299999989
1872, 324.49452999999994
1873, 324.49952999999914
1874, 324.50453000000016
1875, 324.50952999999936
1876, 324.5145300000004
1877, 324.5195299999996
1878, 324.5245299999988
1879, 324.5295299999998
1880, 324.534529999999
1881, 324.53953
1882, 324.5445299999992
1883, 324.54953000000023
1884, 324.55452999999943
1885, 324.55953000000045
1886, 324.56452999999965
1887, 324.56952999999885
1888, 324.57452999999987
1889, 324.57952999999907
1890, 324.5845300000001
1891, 324.5895299999993
1892, 324.5945300000003
1893, 324.5995299999995
1894, 324.6045299999987
1895, 324.6095299999997
1896, 324.6145299999989
1897, 324.61952999999994
1898, 324.62452999999914
1899, 324.62953000000016
1900, 324.63452999999936
1901, 324.6395300000004
1902, 324.6445299999996
1903, 324.6495299999988
1904, 324.6545299999998
1905, 324.659529999999
1906, 324.66453
1907, 324.6695299999992
1908, 324.67453000000023
1909, 324.67952999999943
1910, 324.68453000000045
1911, 324.68952999999965
1912, 324.69452999999885
1913, 324.69952999999987
1914, 324.70452999999907
1915, 324.7095300000001
1916, 324.7145299999993
1917, 324.7195300000003
1918, 324.7245299999995
1919, 324.7295299999987
1920, 324.7345299999997
1921, 324.7395299999989
1922, 324.74452999999994
1923, 324.74952999999914
1924, 324.75453000000016
1925, 324.75952999999936
1926, 324.7645300000004
1927, 324.7695299999996
1928, 324.7745299999988
1929, 324.7795299999998
1930, 324.784529999999
1931, 324.78953
1932, 324.7945299999992
1933, 324.79953000000023
1934, 324.80452999999943
1935, 324.80953000000045
1936, 324.81452999999965
1937, 324.81952999999885
1938, 324.82452999999987
1939, 324.82952999999907
1940, 324.8345300000001
1941, 324.8395299999993
1942, 324.8445300000003
1943, 324.8495299999995
1944, 324.8545299999987
1945, 324.8595299999997
1946, 324.8645299999989
1947, 324.86952999999994
1948, 324.87452999999914
1949, 324.87953000000016
1950, 324.88452999999936
1951, 324.8895300000004
1952, 324.8945299999996
1953, 324.8995299999988
1954, 324.9045299999998
1955, 324.909529999999
1956, 324.91453
1957, 324.9195299999992
1958, 324.92453000000023
1959, 324.92952999999943
1960, 324.93453000000045
1961, 324.93952999999965
1962, 324.94452999999885
1963, 324.94952999999987
1964, 324.95452999999907
1965, 324.9595300000001
1966, 324.9645299999993
1967, 324.9695300000003
1968, 324.9745299999995
1969, 324.9795299999987
1970, 324.9845299999997
1971, 324.9895299999989
1972, 324.99452999999994
1973, 324.99952999999914
1974, 325.00453000000016
1975, 325.00952999999936
1976, 325.0145300000004
1977, 325.0195299999996
1978, 325.0245299999988
1979, 325.0295299999998
1980, 325.034529999999
1981, 325.03953
1982, 325.0445299999992
1983, 325.04953000000023
1984, 325.05452999999943
1985, 325.05953000000045
1986, 325.06452999999965
1987, 325.06952999999885
1988, 325.07452999999987
1989, 325.07952999999907
1990, 325.0845300000001
1991, 325.0895299999993
1992, 325.0945300000003
1993, 325.0995299999995
1994, 325.1045299999987
1995, 325.1095299999997
1996, 325.1145299999989
1997, 325.11952999999994
1998, 325.12452999999914
1999, 325.12953000000016
2000, 325.13452999999936
2001, 325.1395300000004
2002, 325.1445299999996
2003, 325.1495299999988
2004, 325.1545299999998
2005, 325.159529999999
2006, 325.16453
2007, 325.1695299999992
2008, 325.17453000000023
2009, 325.17952999999943
2010, 325.18453000000045
2011, 325.18952999999965
2012, 325.19452999999885
2013, 325.19952999999987
2014, 325.20452999999907
2015, 325.2095300000001
2016, 325.2145299999993
2017, 325.2195300000003
2018, 325.2245299999995
2019, 325.2295299999987
2020, 325.2345299999997
2021, 325.2395299999989
2022, 325.24452999999994
2023, 325.24952999999914
2024, 325.25453000000016
2025, 325.25952999999936
2026, 325.2645300000004
2027, 325.2695299999996
2028, 325.2745299999988
2029, 325.2795299999998
2030, 325.284529999999
2031, 325.28953
2032, 325.2945299999992
2033, 325.29953000000023
2034, 325.30452999999943
2035, 325.30953000000045
2036, 325.31452999999965
2037, 325.31952999999885
2038, 325.32452999999987
2039, 325.32952999999907
2040, 325.3345300000001
2041, 325.3395299999993
2042, 325.3445300000003
2043, 325.3495299999995
2044, 325.3545299999987
2045, 325.3595299999997
2046, 325.3645299999989
2047, 325.36952999999994
2048, 325.37452999999914
2049, 325.37953000000016
2050, 325.38452999999936
2051, 325.3895300000004
2052, 325.3945299999996
2053, 325.3995299999988
2054, 325.4045299999998
2055, 325.409529999999
2056, 325.41453
2057, 325.4195299999992
2058, 325.42453000000023
2059, 325.42952999999943
2060, 325.43453000000045
2061, 325.43952999999965
2062, 325.44452999999885
2063, 325.44952999999987
2064, 325.45452999999907
2065, 325.4595300000001
2066, 325.4645299999993
2067, 325.4695300000003
2068, 325.4745299999995
2069, 325.4795299999987
2070, 325.4845299999997
2071, 325.4895299999989
2072, 325.49452999999994
2073, 325.49952999999914
2074, 325.50453000000016
2075, 325.50952999999936
2076, 325.5145300000004
2077, 325.5195299999996
2078, 325.5245299999988
2079, 325.5295299999998
2080, 325.534529999999
2081, 325.53953
2082, 325.5445299999992
2083, 325.54953000000023
2084, 325.55452999999943
2085, 325.55953000000045
2086, 325.56452999999965
2087, 325.56952999999885
2088, 325.57452999999987
2089, 325.57952999999907
2090, 325.5845300000001
2091, 325.5895299999993
2092, 325.5945300000003
2093, 325.5995299999995
2094, 325.6045299999987
2095, 325.6095299999997
2096, 325.6145299999989
2097, 325.61952999999994
2098, 325.62452999999914
2099, 325.62953000000016
2100, 325.63452999999936
2101, 325.6395300000004
2102, 325.6445299999996
2103, 325.6495299999988
2104, 325.6545299999998
2105, 325.659529999999
2106, 325.66453
2107, 325.6695299999992
2108, 325.67453000000023
2109, 325.67952999999943
2110, 325.68453000000045
2111, 325.68952999999965
2112, 325.69452999999885
2113, 325.69952999999987
2114, 325.70452999999907
2115, 325.7095300000001
2116, 325.7145299999993
2117, 325.7195300000003
2118, 325.7245299999995
2119, 325.7295299999987
2120, 325.7345299999997
2121, 325.7395299999989
2122, 325.74452999999994
2123, 325.74952999999914
2124, 325.75453000000016
2125, 325.75952999999936
2126, 325.7645300000004
2127, 325.7695299999996
2128, 325.7745299999988
2129, 325.7795299999998
2130, 325.784529999999
2131, 325.78953
2132, 325.7945299999992
2133, 325.79953000000023
2134, 325.80452999999943
2135, 325.80953000000045
2136, 325.81452999999965
2137, 325.81952999999885
2138, 325.82452999999987
2139, 325.82952999999907
2140, 325.8345300000001
2141, 325.8395299999993
2142, 325.8445300000003
2143, 325.8495299999995
2144, 325.8545299999987
2145, 325.8595299999997
2146, 325.8645299999989
2147, 325.86952999999994
2148, 325.87452999999914
2149, 325.87953000000016
2150, 325.88452999999936
2151, 325.8895300000004
2152, 325.8945299999996
2153, 325.8995299999988
2154, 325.9045299999998
2155, 325.909529999999
2156, 325.91453
2157, 325.9195299999992
2158, 325.92453000000023
2159, 325.92952999999943
2160, 325.93453000000045
2161, 325.93952999999965
2162, 325.94452999999885
2163, 325.94952999999987
2164, 325.95452999999907
2165, 325.9595300000001
2166, 325.9645299999993
2167, 325.9695300000003
2168, 325.9745299999995
2169, 325.9795299999987
2170, 325.9845299999997
2171, 325.9895299999989
2172, 325.99452999999994
2173, 325.99952999999914
2174, 326.00453000000016
2175, 326.00952999999936
2176, 326.0145300000004
2177, 326.0195299999996
2178, 326.0245299999988
2179, 326.0295299999998
2180, 326.034529999999
2181, 326.03953
2182, 326.0445299999992
2183, 326.04953000000023
2184, 326.05452999999943
2185, 326.05953000000045
2186, 326.06452999999965
2187, 326.06952999999885
2188, 326.07452999999987
2189, 326.07952999999907
2190, 326.0845300000001
2191, 326.0895299999993
2192, 326.0945300000003
2193, 326.0995299999995
2194, 326.1045299999987
2195, 326.1095299999997
2196, 326.1145299999989
2197, 326.11952999999994
2198, 326.12452999999914
2199, 326.12953000000016
2200, 326.13452999999936
2201, 326.1395300000004
2202, 326.1445299999996
2203, 326.1495299999988
2204, 326.1545299999998
2205, 326.159529999999
2206, 326.16453
2207, 326.1695299999992
2208, 326.17453000000023
2209, 326.17952999999943
2210, 326.18453000000045
2211, 326.18952999999965
2212, 326.19452999999885
2213, 326.19952999999987
2214, 326.20452999999907
2215, 326.2095300000001
2216, 326.2145299999993
2217, 326.2195300000003
2218, 326.2245299999995
2219, 326.2295299999987
2220, 326.2345299999997
2221, 326.2395299999989
2222, 326.24452999999994
2223, 326.24952999999914
2224, 326.25453000000016
2225, 326.25952999999936
2226, 326.2645300000004
2227, 326.2695299999996
2228, 326.2745299999988
2229, 326.2795299999998
2230, 326.284529999999
2231, 326.28953
2232, 326.2945299999992
2233, 326.29953000000023
2234, 326.30452999999943
2235, 326.30953000000045
2236, 326.31452999999965
2237, 326.31952999999885
2238, 326.32452999999987
2239, 326.32952999999907
2240, 326.3345300000001
2241, 326.3395299999993
2242, 326.3445300000003
2243, 326.3495299999995
2244, 326.3545299999987
2245, 326.3595299999997
2246, 326.3645299999989
2247, 326.36952999999994
2248, 326.37452999999914
2249, 326.37953000000016
2250, 326.38452999999936
2251, 326.3895300000004
2252, 326.3945299999996
2253, 326.3995299999988
2254, 326.4045299999998
2255, 326.409529999999
2256, 326.41453
2257, 326.4195299999992
2258, 326.42453000000023
2259, 326.42952999999943
2260, 326.43453000000045
2261, 326.43952999999965
2262, 326.44452999999885
2263, 326.44952999999987
2264, 326.45452999999907
2265, 326.4595300000001
2266, 326.4645299999993
2267, 326.4695300000003
2268, 326.4745299999995
2269, 326.4795299999987
2270, 326.4845299999997
2271, 326.4895299999989
2272, 326.49452999999994
2273, 326.49952999999914
2274, 326.50453000000016
2275, 326.50952999999936
2276, 326.5145300000004
2277, 326.5195299999996
2278, 326.5245299999988
2279, 326.5295299999998
2280, 326.534529999999
2281, 326.53953
2282, 326.5445299999992
2283, 326.54953000000023
2284, 326.55452999999943
2285, 326.55953000000045
2286, 326.56452999999965
2287, 326.56952999999885
2288, 326.57452999999987
2289, 326.57952999999907
2290, 326.5845300000001
2291, 326.5895299999993
2292, 326.5945300000003
2293, 326.5995299999995
2294, 326.6045299999987
2295, 326.6095299999997
2296, 326.6145299999989
2297, 326.61952999999994
2298, 326.62452999999914
2299, 326.62953000000016
2300, 326.63452999999936
2301, 326.6395300000004
2302, 326.6445299999996
2303, 326.6495299999988
2304, 326.6545299999998
2305, 326.659529999999
2306, 326.66453
2307, 326.6695299999992
2308, 326.67453000000023
2309, 326.67952999999943
2310, 326.68453000000045
2311, 326.68952999999965
2312, 326.69452999999885
2313, 326.69952999999987
2314, 326.70452999999907
2315, 326.7095300000001
2316, 326.7145299999993
2317, 326.7195300000003
2318, 326.7245299999995
2319, 326.7295299999987
2320, 326.7345299999997
2321, 326.7395299999989
2322, 326.74452999999994
2323, 326.74952999999914
2324, 326.75453000000016
2325, 326.75952999999936
2326, 326.7645300000004
2327, 326.7695299999996
2328, 326.7745299999988
2329, 326.7795299999998
2330, 326.784529999999
2331, 326.78953
2332, 326.7945299999992
2333, 326.79953000000023
2334, 326.80452999999943
2335, 326.80953000000045
2336, 326.81452999999965
2337, 326.81952999999885
2338, 326.82452999999987
2339, 326.82952999999907
2340, 326.8345300000001
2341, 326.8395299999993
2342, 326.8445300000003
2343, 326.8495299999995
2344, 326.8545299999987
2345, 326.8595299999997
2346, 326.8645299999989
2347, 326.86952999999994
2348, 326.87452999999914
2349, 326.87953000000016
2350, 326.88452999999936
2351, 326.8895300000004
2352, 326.8945299999996
2353, 326.8995299999988
2354, 326.9045299999998
2355, 326.909529999999
2356, 326.91453
2357, 326.9195299999992
2358, 326.92453000000023
2359, 326.92952999999943
2360, 326.93453000000045
2361, 326.93952999999965
2362, 326.94452999999885
2363, 326.94952999999987
2364, 326.95452999999907
2365, 326.9595300000001
2366, 326.9645299999993
2367, 326.9695300000003
2368, 326.9745299999995
2369, 326.9795299999987
2370, 326.9845299999997
2371, 326.9895299999989
2372, 326.99452999999994
2373, 326.99952999999914
2374, 327.00453000000016
2375, 327.00952999999936
2376, 327.0145300000004
2377, 327.0195299999996
2378, 327.0245299999988
2379, 327.0295299999998
2380, 327.034529999999
0, 378.1750069999998
1, 378.180006999999
2, 378.18500700000004
3, 378.19000699999924
4, 378.19500700000026
5, 378.20000699999946
6, 378.2050070000005
7, 378.2100069999997
8, 378.2150069999989
9, 378.2200069999999
10, 378.2250069999991
11, 378.2300070000001
12, 378.2350069999993
13, 378.24000700000033
14, 378.24500699999953
15, 378.25000699999873
16, 378.25500699999975
17, 378.26000699999895
18, 378.26500699999997
19, 378.27000699999917
20, 378.2750070000002
21, 378.2800069999994
22, 378.2850070000004
23, 378.2900069999996
24, 378.2950069999988
25, 378.3000069999998
26, 378.305006999999
27, 378.31000700000004
28, 378.31500699999924
29, 378.32000700000026
30, 378.32500699999946
31, 378.3300070000005
32, 378.3350069999997
33, 378.3400069999989
34, 378.3450069999999
35, 378.3500069999991
36, 378.3550070000001
37, 378.3600069999993
38, 378.36500700000033
39, 378.37000699999953
40, 378.37500699999873
41, 378.38000699999975
42, 378.38500699999895
43, 378.39000699999997
44, 378.39500699999917
45, 378.4000070000002
46, 378.4050069999994
47, 378.4100070000004
48, 378.4150069999996
49, 378.4200069999988
50, 378.4250069999998
51, 378.430006999999
52, 378.43500700000004
53, 378.44000699999924
54, 378.44500700000026
55, 378.45000699999946
56, 378.4550070000005
57, 378.4600069999997
58, 378.4650069999989
59, 378.4700069999999
60, 378.4750069999991
61, 378.4800070000001
62, 378.4850069999993
63, 378.49000700000033
64, 378.49500699999953
65, 378.50000699999873
66, 378.50500699999975
67, 378.51000699999895
68, 378.51500699999997
69, 378.52000699999917
70, 378.5250070000002
71, 378.5300069999994
72, 378.5350070000004
73, 378.5400069999996
74, 378.5450069999988
75, 378.5500069999998
76, 378.555006999999
77, 378.56000700000004
78, 378.56500699999924
79, 378.57000700000026
80, 378.57500699999946
81, 378.5800070000005
82, 378.5850069999997
83, 378.5900069999989
84, 378.5950069999999
85, 378.6000069999991
86, 378.6050070000001
87, 378.6100069999993
88, 378.61500700000033
89, 378.62000699999953
90, 378.62500699999873
91, 378.63000699999975
92, 378.63500699999895
93, 378.64000699999997
94, 378.64500699999917
95, 378.6500070000002
96, 378.6550069999994
97, 378.6600070000004
98, 378.6650069999996
99, 378.6700069999988
100, 378.6750069999998
101, 378.680006999999
102, 378.68500700000004
103, 378.69000699999924
104, 378.69500700000026
105, 378.70000699999946
106, 378.7050070000005
107, 378.7100069999997
108, 378.7150069999989
109, 378.7200069999999
110, 378.7250069999991
111, 378.7300070000001
112, 378.7350069999993
113, 378.74000700000033
114, 378.74500699999953
115, 378.75000699999873
116, 378.75500699999975
117, 378.76000699999895
118, 378.76500699999997
119, 378.77000699999917
120, 378.7750070000002
121, 378.7800069999994
122, 378.7850070000004
123, 378.7900069999996
124, 378.7950069999988
125, 378.8000069999998
126, 378.805006999999
127, 378.81000700000004
128, 378.81500699999924
129, 378.82000700000026
130, 378.82500699999946
131, 378.8300070000005
132, 378.8350069999997
133, 378.8400069999989
134, 378.8450069999999
135, 378.8500069999991
136, 378.8550070000001
137, 378.8600069999993
138, 378.86500700000033
139, 378.87000699999953
140, 378.87500699999873
141, 378.88000699999975
142, 378.88500699999895
143, 378.89000699999997
144, 378.89500699999917
145, 378.9000070000002
146, 378.9050069999994
147, 378.9100070000004
148, 378.9150069999996
149, 378.9200069999988
150, 378.9250069999998
151, 378.930006999999
152, 378.93500700000004
153, 378.94000699999924
154, 378.94500700000026
155, 378.95000699999946
156, 378.9550070000005
157, 378.9600069999997
158, 378.9650069999989
159, 378.9700069999999
160, 378.9750069999991
161, 378.9800070000001
162, 378.9850069999993
163, 378.99000700000033
164, 378.99500699999953
165, 379.00000699999873
166, 379.00500699999975
167, 379.01000699999895
168, 379.01500699999997
169, 379.02000699999917
170, 379.0250070000002
171, 379.0300069999994
172, 379.0350070000004
173, 379.0400069999996
174, 379.0450069999988
175, 379.0500069999998
176, 379.055006999999
177, 379.06000700000004
178, 379.06500699999924
179, 379.07000700000026
180, 379.07500699999946
181, 379.0800070000005
182, 379.0850069999997
183, 379.0900069999989
184, 379.0950069999999
185, 379.1000069999991
186, 379.1050070000001
187, 379.1100069999993
188, 379.11500700000033
189, 379.12000699999953
190, 379.12500699999873
191, 379.13000699999975
192, 379.13500699999895
193, 379.14000699999997
194, 379.14500699999917
195, 379.1500070000002
196, 379.1550069999994
197, 379.1600070000004
198, 379.1650069999996
199, 379.1700069999988
200, 379.1750069999998
201, 379.180006999999
202, 379.18500700000004
203, 379.19000699999924
204, 379.19500700000026
205, 379.20000699999946
206, 379.2050070000005
207, 379.2100069999997
208, 379.2150069999989
209, 379.2200069999999
210, 379.2250069999991
211, 379.2300070000001
212, 379.2350069999993
213, 379.24000700000033
214, 379.24500699999953
257, 379.4600069999997
258, 379.4650069999989
259, 379.4700069999999
260, 379.4750069999991
261, 379.4800070000001
262, 379.4850069999993
263, 379.49000700000033
264, 379.49500699999953
265, 379.50000699999873
266, 379.50500699999975
267, 379.51000699999895
268, 379.51500699999997
269, 379.52000699999917
270, 379.5250070000002
271, 379.5300069999994
272, 379.5350070000004
273, 379.5400069999996
274, 379.5450069999988
275, 379.5500069999998
276, 379.555006999999
277, 379.56000700000004
278, 379.56500699999924
279, 379.57000700000026
280, 379.57500699999946
281, 379.5800070000005
282, 379.5850069999997
283, 379.5900069999989
284, 379.5950069999999
285, 379.6000069999991
286, 379.6050070000001
287, 379.6100069999993
288, 379.61500700000033
289, 379.62000699999953
290, 379.62500699999873
291, 379.63000699999975
292, 379.63500699999895
293, 379.64000699999997
294, 379.64500699999917
295, 379.6500070000002
296, 379.6550069999994
297, 379.6600070000004
298, 379.6650069999996
299, 379.6700069999988
300, 379.6750069999998
301, 379.680006999999
302, 379.68500700000004
303, 379.69000699999924
304, 379.69500700000026
305, 379.70000699999946
306, 379.7050070000005
307, 379.7100069999997
308, 379.7150069999989
309, 379.7200069999999
310, 379.7250069999991
311, 379.7300070000001
312, 379.7350069999993
313, 379.74000700000033
314, 379.74500699999953
315, 379.75000699999873
316, 379.75500699999975
317, 379.76000699999895
318, 379.76500699999997
319, 379.77000699999917
320, 379.7750070000002
321, 379.7800069999994
322, 379.7850070000004
323, 379.7900069999996
324, 379.7950069999988
325, 379.8000069999998
326, 379.805006999999
327, 379.81000700000004
328, 379.81500699999924
329, 379.82000700000026
330, 379.82500699999946
331, 379.8300070000005
332, 379.8350069999997
333, 379.8400069999989
334, 379.8450069999999
335, 379.8500069999991
336, 379.8550070000001
337, 379.8600069999993
338, 379.86500700000033
339, 379.87000699999953
340, 379.87500699999873
341, 379.88000699999975
342, 379.88500699999895
343, 379.89000699999997
344, 379.89500699999917
345, 379.9000070000002
346, 379.9050069999994
347, 379.9100070000004
348, 379.9150069999996
349, 379.9200069999988
350, 379.9250069999998
351, 379.930006999999
352, 379.93500700000004
353, 379.94000699999924
354, 379.94500700000026
355, 379.95000699999946
356, 379.9550070000005
357, 379.9600069999997
358, 379.9650069999989
421, 380.2800069999994
422, 380.2850070000004
423, 380.2900069999996
424, 380.2950069999988
425, 380.3000069999998
426, 380.305006999999
427, 380.31000700000004
428, 380.31500699999924
429, 380.32000700000026
430, 380.32500699999946
431, 380.3300070000005
432, 380.3350069999997
433, 380.3400069999989
434, 380.3450069999999
435, 380.3500069999991
436, 380.3550070000001
437, 380.3600069999993
438, 380.36500700000033
439, 380.37000699999953
440, 380.37500699999873
441, 380.38000699999975
442, 380.38500699999895
443, 380.39000699999997
444, 380.39500699999917
445, 380.4000070000002
446, 380.4050069999994
447, 380.4100070000004
448, 380.4150069999996
449, 380.4200069999988
450, 380.4250069999998
451, 380.430006999999
452, 380.43500700000004
453, 380.44000699999924
454, 380.44500700000026
455, 380.45000699999946
456, 380.4550070000005
457, 380.4600069999997
458, 380.4650069999989
459, 380.4700069999999
460, 380.4750069999991
461, 380.4800070000001
462, 380.4850069999993
463, 380.49000700000033
464, 380.49500699999953
465, 380.50000699999873
466, 380.50500699999975
467, 380.51000699999895
468, 380.51500699999997
469, 380.52000699999917
470, 380.5250070000002
471, 380.5300069999994
472, 380.5350070000004
473, 380.5400069999996
474, 380.5450069999988
475, 380.5500069999998
476, 380.555006999999
477, 380.56000700000004
478, 380.56500699999924
479, 380.57000700000026
480, 380.57500699999946
481, 380.5800070000005
482, 380.5850069999997
483, 380.5900069999989
484, 380.5950069999999
485, 380.6000069999991
486, 380.6050070000001
487, 380.6100069999993
488, 380.61500700000033
489, 380.62000699999953
490, 380.62500699999873
491, 380.63000699999975
492, 380.63500699999895
493, 380.64000699999997
494, 380.64500699999917
495, 380.6500070000002
496, 380.6550069999994
497, 380.6600070000004
498, 380.6650069999996
499, 380.6700069999988
500, 380.6750069999998
501, 380.680006999999
502, 380.68500700000004
503, 380.69000699999924
504, 380.69500700000026
505, 380.70000699999946
506, 380.7050070000005
507, 380.7100069999997
508, 380.7150069999989
509, 380.7200069999999
510, 380.7250069999991
511, 380.7300070000001
512, 380.7350069999993
513, 380.74000700000033
514, 380.74500699999953
515, 380.75000699999873
516, 380.75500699999975
517, 380.76000699999895
518, 380.76500699999997
519, 380.77000699999917
520, 380.7750070000002
521, 380.7800069999994
522, 380.7850070000004
523, 380.7900069999996
524, 380.7950069999988
525, 380.8000069999998
526, 380.805006999999
527, 380.81000700000004
528, 380.81500699999924
529, 380.82000700000026
530, 380.82500699999946
531, 380.8300070000005
532, 380.8350069999997
533, 380.8400069999989
534, 380.8450069999999
535, 380.8500069999991
536, 380.8550070000001
537, 380.8600069999993
538, 380.86500700000033
539, 380.87000699999953
540, 380.87500699999873
541, 380.88000699999975
542, 380.88500699999895
543, 380.89000699999997
544, 380.89500699999917
545, 380.9000070000002
546, 380.9050069999994
547, 380.9100070000004
548, 380.9150069999996
549, 380.9200069999988
550, 380.9250069999998
551, 380.930006999999
552, 380.93500700000004
553, 380.94000699999924
554, 380.94500700000026
555, 380.95000699999946
556, 380.9550070000005
557, 380.9600069999997
558, 380.9650069999989
559, 380.9700069999999
560, 380.9750069999991
561, 380.9800070000001
562, 380.9850069999993
563, 380.99000700000033
564, 380.99500699999953
565, 381.00000699999873
566, 381.00500699999975
567, 381.01000699999895
568, 381.01500699999997
569, 381.02000699999917
570, 381.0250070000002
571, 381.0300069999994
572, 381.0350070000004
573, 381.0400069999996
574, 381.0450069999988
575, 381.0500069999998
576, 381.055006999999
577, 381.06000700000004
578, 381.06500699999924
579, 381.07000700000026
580, 381.07500699999946
581, 381.0800070000005
582, 381.0850069999997
583, 381.0900069999989
584, 381.0950069999999
585, 381.1000069999991
586, 381.1050070000001
587, 381.1100069999993
588, 381.11500700000033
589, 381.12000699999953
590, 381.12500699999873
591, 381.13000699999975
592, 381.13500699999895
593, 381.14000699999997
594, 381.14500699999917
595, 381.1500070000002
596, 381.1550069999994
597, 381.1600070000004
598, 381.1650069999996
599, 381.1700069999988
600, 381.1750069999998
601, 381.180006999999
602, 381.18500700000004
603, 381.19000699999924
604, 381.19500700000026
605, 381.20000699999946
606, 381.2050070000005
607, 381.2100069999997
608, 381.2150069999989
609, 381.2200069999999
610, 381.2250069999991
611, 381.2300070000001
612, 381.2350069999993
613, 381.24000700000033
614, 381.24500699999953
615, 381.25000699999873
616, 381.25500699999975
617, 381.26000699999895
618, 381.26500699999997
619, 381.27000699999917
620, 381.2750070000002
621, 381.2800069999994
622, 381.2850070000004
623, 381.2900069999996
624, 381.2950069999988
625, 381.3000069999998
626, 381.305006999999
627, 381.31000700000004
628, 381.31500699999924
629, 381.32000700000026
630, 381.32500699999946
631, 381.3300070000005
632, 381.3350069999997
633, 381.3400069999989
634, 381.3450069999999
635, 381.3500069999991
636, 381.3550070000001
637, 381.3600069999993
638, 381.36500700000033
639, 381.37000699999953
640, 381.37500699999873
641, 381.38000699999975
642, 381.38500699999895
643, 381.39000699999997
644, 381.39500699999917
645, 381.4000070000002
646, 381.4050069999994
647, 381.4100070000004
648, 381.4150069999996
649, 381.4200069999988
650, 381.4250069999998
651, 381.430006999999
652, 381.43500700000004
653, 381.44000699999924
654, 381.44500700000026
655, 381.45000699999946
656, 381.4550070000005
657, 381.4600069999997
658, 381.4650069999989
659, 381.4700069999999
660, 381.4750069999991
661, 381.4800070000001
662, 381.4850069999993
663, 381.49000700000033
664, 381.49500699999953
665, 381.50000699999873
666, 381.50500699999975
667, 381.51000699999895
668, 381.51500699999997
669, 381.52000699999917
670, 381.5250070000002
671, 381.5300069999994
672, 381.5350070000004
673, 381.5400069999996
674, 381.5450069999988
675, 381.5500069999998
676, 381.555006999999
677, 381.56000700000004
678, 381.56500699999924
679, 381.57000700000026
680, 381.57500699999946
681, 381.5800070000005
682, 381.5850069999997
683, 381.5900069999989
684, 381.5950069999999
685, 381.6000069999991
686, 381.6050070000001
687, 381.6100069999993
688, 381.61500700000033
689, 381.62000699999953
690, 381.62500699999873
691, 381.63000699999975
692, 381.63500699999895
693, 381.64000699999997
694, 381.64500699999917
695, 381.6500070000002
696, 381.6550069999994
697, 381.6600070000004
698, 381.6650069999996
699, 381.6700069999988
700, 381.6750069999998
701, 381.680006999999
702, 381.68500700000004
703, 381.69000699999924
704, 381.69500700000026
705, 381.70000699999946
706, 381.7050070000005
707, 381.7100069999997
708, 381.7150069999989
709, 381.7200069999999
710, 381.7250069999991
711, 381.7300070000001
712, 381.7350069999993
713, 381.74000700000033
714, 381.74500699999953
715, 381.75000699999873
716, 381.75500699999975
717, 381.76000699999895
718, 381.76500699999997
719, 381.77000699999917
720, 381.7750070000002
721, 381.7800069999994
722, 381.7850070000004
723, 381.7900069999996
724, 381.7950069999988
725, 381.8000069999998
726, 381.805006999999
727, 381.81000700000004
728, 381.81500699999924
729, 381.82000700000026
730, 381.82500699999946
731, 381.8300070000005
732, 381.8350069999997
733, 381.8400069999989
734, 381.8450069999999
735, 381.8500069999991
736, 381.8550070000001
737, 381.8600069999993
738, 381.86500700000033
739, 381.87000699999953
740, 381.87500699999873
741, 381.88000699999975
742, 381.88500699999895
743, 381.89000699999997
744, 381.89500699999917
745, 381.9000070000002
746, 381.9050069999994
747, 381.9100070000004
748, 381.9150069999996
749, 381.9200069999988
750, 381.9250069999998
751, 381.930006999999
752, 381.93500700000004
753, 381.94000699999924
754, 381.94500700000026
755, 381.95000699999946
756, 381.9550070000005
757, 381.9600069999997
758, 381.9650069999989
759, 381.9700069999999
760, 381.9750069999991
761, 381.9800070000001
762, 381.9850069999993
763, 381.99000700000033
764, 381.99500699999953
765, 382.00000699999873
766, 382.00500699999975
767, 382.01000699999895
768, 382.01500699999997
769, 382.02000699999917
770, 382.0250070000002
771, 382.0300069999994
772, 382.0350070000004
773, 382.0400069999996
774, 382.0450069999988
775, 382.0500069999998
776, 382.055006999999
777, 382.06000700000004
778, 382.06500699999924
779, 382.07000700000026
780, 382.07500699999946
781, 382.0800070000005
782, 382.0850069999997
783, 382.0900069999989
784, 382.0950069999999
785, 382.1000069999991
786, 382.1050070000001
787, 382.1100069999993
788, 382.11500700000033
789, 382.12000699999953
790, 382.12500699999873
791, 382.13000699999975
792, 382.13500699999895
793, 382.14000699999997
794, 382.14500699999917
795, 382.1500070000002
796, 382.1550069999994
797, 382.1600070000004
798, 382.1650069999996
799, 382.1700069999988
800, 382.1750069999998
801, 382.180006999999
802, 382.18500700000004
803, 382.19000699999924
804, 382.19500700000026
805, 382.20000699999946
806, 382.2050070000005
807, 382.2100069999997
808, 382.2150069999989
809, 382.2200069999999
810, 382.2250069999991
811, 382.2300070000001
812, 382.2350069999993
813, 382.24000700000033
814, 382.24500699999953
815, 382.25000699999873
816, 382.25500699999975
817, 382.26000699999895
818, 382.26500699999997
819, 382.27000699999917
820, 382.2750070000002
821, 382.2800069999994
822, 382.2850070000004
823, 382.2900069999996
824, 382.2950069999988
825, 382.3000069999998
826, 382.305006999999
827, 382.31000700000004
828, 382.31500699999924
829, 382.32000700000026
830, 382.32500699999946
831, 382.3300070000005
832, 382.3350069999997
833, 382.3400069999989
834, 382.3450069999999
835, 382.3500069999991
836, 382.3550070000001
837, 382.3600069999993
838, 382.36500700000033
839, 382.37000699999953
840, 382.37500699999873
841, 382.38000699999975
842, 382.38500699999895
843, 382.39000699999997
844, 382.39500699999917
845, 382.4000070000002
846, 382.4050069999994
847, 382.4100070000004
848, 382.4150069999996
849, 382.4200069999988
850, 382.4250069999998
851, 382.430006999999
852, 382.43500700000004
853, 382.44000699999924
854, 382.44500700000026
855, 382.45000699999946
856, 382.4550070000005
857, 382.4600069999997
858, 382.4650069999989
859, 382.4700069999999
860, 382.4750069999991
861, 382.4800070000001
862, 382.4850069999993
863, 382.49000700000033
864, 382.49500699999953
865, 382.50000699999873
866, 382.50500699999975
867, 382.51000699999895
868, 382.51500699999997
869, 382.52000699999917
870, 382.5250070000002
871, 382.5300069999994
872, 382.5350070000004
873, 382.5400069999996
874, 382.5450069999988
875, 382.5500069999998
876, 382.555006999999
877, 382.56000700000004
878, 382.56500699999924
879, 382.57000700000026
880, 382.57500699999946
881, 382.5800070000005
882, 382.5850069999997
883, 382.5900069999989
884, 382.5950069999999
885, 382.6000069999991
886, 382.6050070000001
887, 382.6100069999993
888, 382.61500700000033
889, 382.62000699999953
890, 382.62500699999873
891, 382.63000699999975
892, 382.63500699999895
893, 382.64000699999997
894, 382.64500699999917
895, 382.6500070000002
896, 382.6550069999994
897, 382.6600070000004
898, 382.6650069999996
899, 382.6700069999988
900, 382.6750069999998
901, 382.680006999999
902, 382.68500700000004
903, 382.69000699999924
904, 382.69500700000026
905, 382.70000699999946
906, 382.7050070000005
907, 382.7100069999997
908, 382.7150069999989
909, 382.7200069999999
910, 382.7250069999991
911, 382.7300070000001
912, 382.7350069999993
913, 382.74000700000033
914, 382.74500699999953
915, 382.75000699999873
916, 382.75500699999975
917, 382.76000699999895
918, 382.76500699999997
919, 382.77000699999917
920, 382.7750070000002
921, 382.7800069999994
922, 382.7850070000004
923, 382.7900069999996
924, 382.7950069999988
925, 382.8000069999998
926, 382.805006999999
927, 382.81000700000004
928, 382.81500699999924
929, 382.82000700000026
930, 382.82500699999946
931, 382.8300070000005
932, 382.8350069999997
933, 382.8400069999989
934, 382.8450069999999
935, 382.8500069999991
936, 382.8550070000001
937, 382.8600069999993
938, 382.86500700000033
939, 382.87000699999953
940, 382.87500699999873
941, 382.88000699999975
942, 382.88500699999895
943, 382.89000699999997
944, 382.89500699999917
945, 382.9000070000002
946, 382.9050069999994
947, 382.9100070000004
948, 382.9150069999996
949, 382.9200069999988
950, 382.9250069999998
951, 382.930006999999
952, 382.93500700000004
953, 382.94000699999924
954, 382.94500700000026
955, 382.95000699999946
956, 382.9550070000005
957, 382.9600069999997
958, 382.9650069999989
959, 382.9700069999999
960, 382.9750069999991
961, 382.9800070000001
962, 382.9850069999993
963, 382.99000700000033
964, 382.99500699999953
965, 383.00000699999873
966, 383.00500699999975
967, 383.01000699999895
968, 383.01500699999997
969, 383.02000699999917
970, 383.0250070000002
971, 383.0300069999994
972, 383.0350070000004
973, 383.0400069999996
974, 383.0450069999988
975, 383.0500069999998
976, 383.055006999999
977, 383.06000700000004
978, 383.06500699999924
979, 383.07000700000026
980, 383.07500699999946
981, 383.0800070000005
982, 383.0850069999997
983, 383.0900069999989
984, 383.0950069999999
985, 383.1000069999991
986, 383.1050070000001
987, 383.1100069999993
988, 383.11500700000033
989, 383.12000699999953
990, 383.12500699999873
991, 383.13000699999975
992, 383.13500699999895
993, 383.14000699999997
994, 383.14500699999917
995, 383.1500070000002
996, 383.1550069999994
997, 383.1600070000004
998, 383.1650069999996
999, 383.1700069999988
1000, 383.1750069999998
1001, 383.180006999999
1002, 383.18500700000004
1003, 383.19000699999924
1004, 383.19500700000026
1005, 383.20000699999946
1006, 383.2050070000005
1007, 383.2100069999997
1008, 383.2150069999989
1009, 383.2200069999999
1010, 383.2250069999991
1011, 383.2300070000001
1012, 383.2350069999993
1013, 383.24000700000033
1014, 383.24500699999953
1015, 383.25000699999873
1016, 383.25500699999975
1017, 383.26000699999895
1018, 383.26500699999997
1019, 383.27000699999917
1020, 383.2750070000002
1021, 383.2800069999994
1022, 383.2850070000004
1023, 383.2900069999996
1024, 383.2950069999988
1025, 383.3000069999998
1026, 383.305006999999
1027, 383.31000700000004
1028, 383.31500699999924
1029, 383.32000700000026
1030, 383.32500699999946
1031, 383.3300070000005
1032, 383.3350069999997
1033, 383.3400069999989
1034, 383.3450069999999
1035, 383.3500069999991
1036, 383.3550070000001
1037, 383.3600069999993
1038, 383.36500700000033
1039, 383.37000699999953
1040, 383.37500699999873
1041, 383.38000699999975
1042, 383.38500699999895
1043, 383.39000699999997
1044, 383.39500699999917
1045, 383.4000070000002
1046, 383.4050069999994
1047, 383.4100070000004
1048, 383.4150069999996
1049, 383.4200069999988
1050, 383.4250069999998
1051, 383.430006999999
1052, 383.43500700000004
1053, 383.44000699999924
1054, 383.44500700000026
1055, 383.45000699999946
1056, 383.4550070000005
1057, 383.4600069999997
1058, 383.4650069999989
1059, 383.4700069999999
1060, 383.4750069999991
1061, 383.4800070000001
1062, 383.4850069999993
1063, 383.49000700000033
1064, 383.49500699999953
1065, 383.50000699999873
1066, 383.50500699999975
1067, 383.51000699999895
1068, 383.51500699999997
1069, 383.52000699999917
1070, 383.5250070000002
1071, 383.5300069999994
1072, 383.5350070000004
1073, 383.5400069999996
1074, 383.5450069999988
1075, 383.5500069999998
1076, 383.555006999999
1077, 383.56000700000004
1078, 383.56500699999924
1079, 383.57000700000026
1080, 383.57500699999946
1081, 383.5800070000005
1082, 383.5850069999997
1083, 383.5900069999989
1084, 383.5950069999999
1085, 383.6000069999991
1086, 383.6050070000001
1087, 383.6100069999993
1088, 383.61500700000033
1089, 383.62000699999953
1090, 383.62500699999873
1091, 383.63000699999975
1092, 383.63500699999895
1093, 383.64000699999997
1094, 383.64500699999917
1095, 383.6500070000002
1096, 383.6550069999994
1097, 383.6600070000004
1098, 383.6650069999996
1099, 383.6700069999988
1100, 383.6750069999998
1101, 383.680006999999
1102, 383.68500700000004
1103, 383.69000699999924
1104, 383.69500700000026
1105, 383.70000699999946
1106, 383.7050070000005
1107, 383.7100069999997
1108, 383.7150069999989
1109, 383.7200069999999
1110, 383.7250069999991
1111, 383.7300070000001
1112, 383.7350069999993
1113, 383.74000700000033
1114, 383.74500699999953
1115, 383.75000699999873
1116, 383.75500699999975
1117, 383.76000699999895
1118, 383.76500699999997
1119, 383.77000699999917
1120, 383.7750070000002
1121, 383.7800069999994
1122, 383.7850070000004
1123, 383.7900069999996
1124, 383.7950069999988
1125, 383.8000069999998
1126, 383.805006999999
1127, 383.81000700000004
1128, 383.81500699999924
1129, 383.82000700000026
1130, 383.82500699999946
1131, 383.8300070000005
1132, 383.8350069999997
1133, 383.8400069999989
1134, 383.8450069999999
1135, 383.8500069999991
1136, 383.8550070000001
1137, 383.8600069999993
1138, 383.86500700000033
1139, 383.87000699999953
1140, 383.87500699999873
1141, 383.88000699999975
1142, 383.88500699999895
1143, 383.89000699999997
1144, 383.89500699999917
1145, 383.9000070000002
1146, 383.9050069999994
1147, 383.9100070000004
1148, 383.9150069999996
1149, 383.9200069999988
1150, 383.9250069999998
1151, 383.930006999999
1152, 383.93500700000004
1153, 383.94000699999924
1154, 383.94500700000026
1155, 383.95000699999946
1156, 383.9550070000005
1157, 383.9600069999997
1158, 383.9650069999989
1159, 383.9700069999999
1160, 383.9750069999991
1161, 383.9800070000001
1162, 383.9850069999993
1163, 383.99000700000033
1164, 383.99500699999953
1165, 384.00000699999873
1166, 384.00500699999975
1167, 384.01000699999895
1168, 384.01500699999997
1169, 384.02000699999917
1170, 384.0250070000002
1171, 384.0300069999994
1172, 384.0350070000004
1173, 384.0400069999996
1174, 384.0450069999988
1175, 384.0500069999998
1176, 384.055006999999
1177, 384.06000700000004
1178, 384.06500699999924
1179, 384.07000700000026
1180, 384.07500699999946
1181, 384.0800070000005
1182, 384.0850069999997
1183, 384.0900069999989
1184, 384.0950069999999
1185, 384.1000069999991
1186, 384.1050070000001
1187, 384.1100069999993
1188, 384.11500700000033
1189, 384.12000699999953
1190, 384.12500699999873
1191, 384.13000699999975
1192, 384.13500699999895
1193, 384.14000699999997
1194, 384.14500699999917
1195, 384.1500070000002
1196, 384.1550069999994
1197, 384.1600070000004
1198, 384.1650069999996
1199, 384.1700069999988
1200, 384.1750069999998
1201, 384.180006999999
1202, 384.18500700000004
1203, 384.19000699999924
1204, 384.19500700000026
1205, 384.20000699999946
1206, 384.2050070000005
1207, 384.2100069999997
1208, 384.2150069999989
1209, 384.2200069999999
1210, 384.2250069999991
1211, 384.2300070000001
1212, 384.2350069999993
1213, 384.24000700000033
1214, 384.24500699999953
1215, 384.25000699999873
1216, 384.25500699999975
1217, 384.26000699999895
1218, 384.26500699999997
1219, 384.27000699999917
1220, 384.2750070000002
1221, 384.2800069999994
1222, 384.2850070000004
1223, 384.2900069999996
1224, 384.2950069999988
1225, 384.3000069999998
1226, 384.305006999999
1227, 384.31000700000004
1228, 384.31500699999924
1229, 384.32000700000026
1230, 384.32500699999946
1231, 384.3300070000005
1232, 384.3350069999997
1233, 384.3400069999989
1234, 384.3450069999999
1235, 384.3500069999991
1236, 384.3550070000001
1237, 384.3600069999993
1238, 384.36500700000033
1239, 384.37000699999953
1240, 384.37500699999873
1241, 384.38000699999975
1242, 384.38500699999895
1243, 384.39000699999997
1244, 384.39500699999917
1245, 384.4000070000002
1246, 384.4050069999994
1247, 384.4100070000004
1248, 384.4150069999996
1249, 384.4200069999988
1250, 384.4250069999998
1251, 384.430006999999
1252, 384.43500700000004
1253, 384.44000699999924
1254, 384.44500700000026
1255, 384.45000699999946
1256, 384.4550070000005
1257, 384.4600069999997
1258, 384.4650069999989
1259, 384.4700069999999
1260, 384.4750069999991
1261, 384.4800070000001
1262, 384.4850069999993
1263, 384.49000700000033
1264, 384.49500699999953
1265, 384.50000699999873
1266, 384.50500699999975
1267, 384.51000699999895
1268, 384.51500699999997
1269, 384.52000699999917
1270, 384.5250070000002
1271, 384.5300069999994
1272, 384.5350070000004
1273, 384.5400069999996
1274, 384.5450069999988
1275, 384.5500069999998
1276, 384.555006999999
1277, 384.56000700000004
1278, 384.56500699999924
1279, 384.57000700000026
1280, 384.57500699999946
1281, 384.5800070000005
1282, 384.5850069999997
1283, 384.5900069999989
1284, 384.5950069999999
1285, 384.6000069999991
1286, 384.6050070000001
1287, 384.6100069999993
1288, 384.61500700000033
1289, 384.62000699999953
1290, 384.62500699999873
1291, 384.63000699999975
1292, 384.63500699999895
1293, 384.64000699999997
1294, 384.64500699999917
1295, 384.6500070000002
1296, 384.6550069999994
1297, 384.6600070000004
1298, 384.6650069999996
1299, 384.6700069999988
1300, 384.6750069999998
1301, 384.680006999999
1302, 384.68500700000004
1303, 384.69000699999924
1304, 384.69500700000026
1305, 384.70000699999946
1306, 384.7050070000005
1307, 384.7100069999997
1308, 384.7150069999989
1309, 384.7200069999999
1310, 384.7250069999991
1311, 384.7300070000001
1312, 384.7350069999993
1313, 384.74000700000033
1314, 384.74500699999953
1315, 384.75000699999873
1316, 384.75500699999975
1317, 384.76000699999895
1318, 384.76500699999997
1319, 384.77000699999917
1320, 384.7750070000002
1321, 384.7800069999994
1322, 384.7850070000004
1323, 384.7900069999996
1324, 384.7950069999988
1325, 384.8000069999998
1326, 384.805006999999
1327, 384.81000700000004
1328, 384.81500699999924
1329, 384.82000700000026
1330, 384.82500699999946
1331, 384.8300070000005
1332, 384.8350069999997
1333, 384.8400069999989
1334, 384.8450069999999
1335, 384.8500069999991
1336, 384.8550070000001
1337, 384.8600069999993
1338, 384.86500700000033
1339, 384.87000699999953
1340, 384.87500699999873
1341, 384.88000699999975
1342, 384.88500699999895
1343, 384.89000699999997
1344, 384.89500699999917
1345, 384.9000070000002
1346, 384.9050069999994
1347, 384.9100070000004
1348, 384.9150069999996
1349, 384.9200069999988
1350, 384.9250069999998
1351, 384.930006999999
1352, 384.93500700000004
1353, 384.94000699999924
1354, 384.94500700000026
1355, 384.95000699999946
1356, 384.9550070000005
1357, 384.9600069999997
1358, 384.9650069999989
1359, 384.9700069999999
1360, 384.9750069999991
1361, 384.9800070000001
1362, 384.9850069999993
1363, 384.99000700000033
1364, 384.99500699999953
1365, 385.00000699999873
1366, 385.00500699999975
1367, 385.01000699999895
1368, 385.01500699999997
1369, 385.02000699999917
1370, 385.0250070000002
1371, 385.0300069999994
1372, 385.0350070000004
1373, 385.0400069999996
1374, 385.0450069999988
1375, 385.0500069999998
1376, 385.055006999999
1377, 385.06000700000004
1378, 385.06500699999924
1379, 385.07000700000026
1380, 385.07500699999946
1381, 385.0800070000005
1382, 385.0850069999997
1383, 385.0900069999989
1384, 385.0950069999999
1385, 385.1000069999991
1386, 385.1050070000001
1387, 385.1100069999993
1388, 385.11500700000033
1389, 385.12000699999953
1390, 385.12500699999873
1391, 385.13000699999975
1392, 385.13500699999895
1393, 385.14000699999997
1394, 385.14500699999917
1395, 385.1500070000002
1396, 385.1550069999994
1397, 385.1600070000004
1398, 385.1650069999996
1399, 385.1700069999988
1400, 385.1750069999998
1401, 385.180006999999
1402, 385.18500700000004
1403, 385.19000699999924
1404, 385.19500700000026
1405, 385.20000699999946
1406, 385.2050070000005
1407, 385.2100069999997
1408, 385.2150069999989
1409, 385.2200069999999
1410, 385.2250069999991
1411, 385.2300070000001
1412, 385.2350069999993
1413, 385.24000700000033
1414, 385.24500699999953
1415, 385.25000699999873
1416, 385.25500699999975
1417, 385.26000699999895
1418, 385.26500699999997
1419, 385.27000699999917
1420, 385.2750070000002
1421, 385.2800069999994
1422, 385.2850070000004
1423, 385.2900069999996
1424, 385.2950069999988
1425, 385.3000069999998
1426, 385.305006999999
1427, 385.31000700000004
1428, 385.31500699999924
1429, 385.32000700000026
1430, 385.32500699999946
1431, 385.3300070000005
1432, 385.3350069999997
1433, 385.3400069999989
1434, 385.3450069999999
1435, 385.3500069999991
1436, 385.3550070000001
1437, 385.3600069999993
1438, 385.36500700000033
1439, 385.37000699999953
1440, 385.37500699999873
1441, 385.38000699999975
1442, 385.38500699999895
1443, 385.39000699999997
1444, 385.39500699999917
1445, 385.4000070000002
1446, 385.4050069999994
1447, 385.4100070000004
1448, 385.4150069999996
1449, 385.4200069999988
1450, 385.4250069999998
1451, 385.430006999999
1452, 385.43500700000004
1453, 385.44000699999924
1454, 385.44500700000026
1455, 385.45000699999946
1456, 385.4550070000005
1457, 385.4600069999997
1458, 385.4650069999989
1459, 385.4700069999999
1460, 385.4750069999991
1461, 385.4800070000001
1462, 385.4850069999993
1463, 385.49000700000033
1464, 385.49500699999953
1465, 385.50000699999873
1466, 385.50500699999975
1467, 385.51000699999895
1468, 385.51500699999997
1469, 385.52000699999917
1470, 385.5250070000002
1471, 385.5300069999994
1472, 385.5350070000004
1473, 385.5400069999996
1474, 385.5450069999988
1475, 385.5500069999998
1476, 385.555006999999
1477, 385.56000700000004
1478, 385.56500699999924
1479, 385.57000700000026
1480, 385.57500699999946
1481, 385.5800070000005
1482, 385.5850069999997
1483, 385.5900069999989
1484, 385.5950069999999
1485, 385.6000069999991
1486, 385.6050070000001
1487, 385.6100069999993
1488, 385.61500700000033
1489, 385.62000699999953
1490, 385.62500699999873
1491, 385.63000699999975
1492, 385.63500699999895
1493, 385.64000699999997
1494, 385.64500699999917
1495, 385.6500070000002
1496, 385.6550069999994
1497, 385.6600070000004
1498, 385.6650069999996
1499, 385.6700069999988
1500, 385.6750069999998
1501, 385.680006999999
1502, 385.68500700000004
1503, 385.69000699999924
1504, 385.69500700000026
1505, 385.70000699999946
1506, 385.7050070000005
1507, 385.7100069999997
1508, 385.7150069999989
1509, 385.7200069999999
1510, 385.7250069999991
1511, 385.7300070000001
1512, 385.7350069999993
1513, 385.74000700000033
1514, 385.74500699999953
1515, 385.75000699999873
1516, 385.75500699999975
1517, 385.76000699999895
1518, 385.76500699999997
1519, 385.77000699999917
1520, 385.7750070000002
1521, 385.7800069999994
1522, 385.7850070000004
1523, 385.7900069999996
1524, 385.7950069999988
1525, 385.8000069999998
1526, 385.805006999999
1527, 385.81000700000004
1528, 385.81500699999924
1529, 385.82000700000026
1530, 385.82500699999946
1531, 385.8300070000005
1532, 385.8350069999997
1533, 385.8400069999989
1534, 385.8450069999999
1535, 385.8500069999991
1536, 385.8550070000001
1537, 385.8600069999993
1538, 385.86500700000033
1539, 385.87000699999953
1540, 385.87500699999873
1541, 385.88000699999975
1542, 385.88500699999895
1543, 385.89000699999997
1544, 385.89500699999917
1545, 385.9000070000002
1546, 385.9050069999994
1547, 385.9100070000004
1548, 385.9150069999996
1549, 385.9200069999988
1550, 385.9250069999998
1551, 385.930006999999
1552, 385.93500700000004
1553, 385.94000699999924
1554, 385.94500700000026
1555, 385.95000699999946
1556, 385.9550070000005
1557, 385.9600069999997
1558, 385.9650069999989
1559, 385.9700069999999
1560, 385.9750069999991
1561, 385.9800070000001
1562, 385.9850069999993
1563, 385.99000700000033
1564, 385.99500699999953
1565, 386.00000699999873
1566, 386.00500699999975
1567, 386.01000699999895
1568, 386.01500699999997
1569, 386.02000699999917
1570, 386.0250070000002
1571, 386.0300069999994
1572, 386.0350070000004
1573, 386.0400069999996
1574, 386.0450069999988
1575, 386.0500069999998
1576, 386.055006999999
1577, 386.06000700000004
1578, 386.06500699999924
1579, 386.07000700000026
1580, 386.07500699999946
1581, 386.0800070000005
1582, 386.0850069999997
1583, 386.0900069999989
1584, 386.0950069999999
1585, 386.1000069999991
1586, 386.1050070000001
1587, 386.1100069999993
1588, 386.11500700000033
1589, 386.12000699999953
1590, 386.12500699999873
1591, 386.13000699999975
1592, 386.13500699999895
1593, 386.14000699999997
1594, 386.14500699999917
1595, 386.1500070000002
1596, 386.1550069999994
1597, 386.1600070000004
1598, 386.1650069999996
1599, 386.1700069999988
1600, 386.1750069999998
1601, 386.180006999999
1602, 386.18500700000004
1603, 386.19000699999924
1604, 386.19500700000026
1605, 386.20000699999946
1606, 386.2050070000005
1607, 386.2100069999997
1608, 386.2150069999989
1609, 386.2200069999999
1610, 386.2250069999991
1611, 386.2300070000001
1612, 386.2350069999993
1613, 386.24000700000033
1614, 386.24500699999953
1615, 386.25000699999873
1616, 386.25500699999975
1617, 386.26000699999895
1618, 386.26500699999997
1619, 386.27000699999917
1620, 386.2750070000002
1621, 386.2800069999994
1622, 386.2850070000004
1623, 386.2900069999996
1624, 386.2950069999988
1625, 386.3000069999998
1626, 386.305006999999
1627, 386.31000700000004
1628, 386.31500699999924
1629, 386.32000700000026
1630, 386.32500699999946
1631, 386.3300070000005
1632, 386.3350069999997
1633, 386.3400069999989
1634, 386.3450069999999
1635, 386.3500069999991
1636, 386.3550070000001
1637, 386.3600069999993
1638, 386.36500700000033
1639, 386.37000699999953
1640, 386.37500699999873
1641, 386.38000699999975
1642, 386.38500699999895
1643, 386.39000699999997
1644, 386.39500699999917
1645, 386.4000070000002
1646, 386.4050069999994
1647, 386.4100070000004
1648, 386.4150069999996
1649, 386.4200069999988
1650, 386.4250069999998
1651, 386.430006999999
1652, 386.43500700000004
1653, 386.44000699999924
1654, 386.44500700000026
1655, 386.45000699999946
1656, 386.4550070000005
1657, 386.4600069999997
1658, 386.4650069999989
1659, 386.4700069999999
1660, 386.4750069999991
1661, 386.4800070000001
1662, 386.4850069999993
1663, 386.49000700000033
1664, 386.49500699999953
1665, 386.50000699999873
1666, 386.50500699999975
1667, 386.51000699999895
1668, 386.51500699999997
1669, 386.52000699999917
1670, 386.5250070000002
1671, 386.5300069999994
1672, 386.5350070000004
1673, 386.5400069999996
1674, 386.5450069999988
1675, 386.5500069999998
1676, 386.555006999999
1677, 386.56000700000004
1678, 386.56500699999924
1679, 386.57000700000026
1680, 386.57500699999946
1681, 386.5800070000005
1682, 386.5850069999997
1683, 386.5900069999989
1684, 386.5950069999999
1685, 386.6000069999991
1686, 386.6050070000001
1687, 386.6100069999993
1688, 386.61500700000033
1689, 386.62000699999953
1690, 386.62500699999873
1691, 386.63000699999975
1692, 386.63500699999895
1693, 386.64000699999997
1694, 386.64500699999917
1695, 386.6500070000002
1696, 386.6550069999994
1697, 386.6600070000004
1698, 386.6650069999996
1699, 386.6700069999988
1700, 386.6750069999998
1701, 386.680006999999
1702, 386.68500700000004
1703, 386.69000699999924
1704, 386.69500700000026
1705, 386.70000699999946
1706, 386.7050070000005
1707, 386.7100069999997
1708, 386.7150069999989
1709, 386.7200069999999
1710, 386.7250069999991
1711, 386.7300070000001
1712, 386.7350069999993
1713, 386.74000700000033
1714, 386.74500699999953
1715, 386.75000699999873
1716, 386.75500699999975
1717, 386.76000699999895
1718, 386.76500699999997
1719, 386.77000699999917
1720, 386.7750070000002
1721, 386.7800069999994
1722, 386.7850070000004
1723, 386.7900069999996
1724, 386.7950069999988
1725, 386.8000069999998
1726, 386.805006999999
1727, 386.81000700000004
1728, 386.81500699999924
1729, 386.82000700000026
1730, 386.82500699999946
1731, 386.8300070000005
1732, 386.8350069999997
1733, 386.8400069999989
1734, 386.8450069999999
1735, 386.8500069999991
1736, 386.8550070000001
1737, 386.8600069999993
1738, 386.86500700000033
1739, 386.87000699999953
1740, 386.87500699999873
1741, 386.88000699999975
1742, 386.88500699999895
1743, 386.89000699999997
1744, 386.89500699999917
1745, 386.9000070000002
1746, 386.9050069999994
1747, 386.9100070000004
1748, 386.9150069999996
1749, 386.9200069999988
1750, 386.9250069999998
1751, 386.930006999999
1752, 386.93500700000004
1753, 386.94000699999924
1754, 386.94500700000026
1755, 386.95000699999946
1756, 386.9550070000005
1757, 386.9600069999997
1758, 386.9650069999989
1759, 386.9700069999999
1760, 386.9750069999991
1761, 386.9800070000001
1762, 386.9850069999993
1763, 386.99000700000033
1764, 386.99500699999953
1765, 387.00000699999873
1766, 387.00500699999975
1767, 387.01000699999895
1768, 387.01500699999997
1769, 387.02000699999917
1770, 387.0250070000002
1771, 387.0300069999994
1772, 387.0350070000004
1773, 387.0400069999996
1774, 387.0450069999988
1775, 387.0500069999998
1776, 387.055006999999
1777, 387.06000700000004
1778, 387.06500699999924
1779, 387.07000700000026
1780, 387.07500699999946
1781, 387.0800070000005
1782, 387.0850069999997
1783, 387.0900069999989
1784, 387.0950069999999
1785, 387.1000069999991
1786, 387.1050070000001
1787, 387.1100069999993
1788, 387.11500700000033
1789, 387.12000699999953
1790, 387.12500699999873
1791, 387.13000699999975
1792, 387.13500699999895
1793, 387.14000699999997
1794, 387.14500699999917
1795, 387.1500070000002
1796, 387.1550069999994
1797, 387.1600070000004
1798, 387.1650069999996
1799, 387.1700069999988
1800, 387.1750069999998
1801, 387.180006999999
1802, 387.18500700000004
1803, 387.19000699999924
1804, 387.19500700000026
1805, 387.20000699999946
1806, 387.2050070000005
1807, 387.2100069999997
1808, 387.2150069999989
1809, 387.2200069999999
1810, 387.2250069999991
1811, 387.2300070000001
1812, 387.2350069999993
1813, 387.24000700000033
1814, 387.24500699999953
1815, 387.25000699999873
1816, 387.25500699999975
1817, 387.26000699999895
1818, 387.26500699999997
1819, 387.27000699999917
1820, 387.2750070000002
1821, 387.2800069999994
1822, 387.2850070000004
1823, 387.2900069999996
1824, 387.2950069999988
1825, 387.3000069999998
1826, 387.305006999999
1827, 387.31000700000004
1828, 387.31500699999924
1829, 387.32000700000026
1830, 387.32500699999946
1831, 387.3300070000005
1832, 387.3350069999997
1833, 387.3400069999989
1834, 387.3450069999999
1835, 387.3500069999991
1836, 387.3550070000001
1837, 387.3600069999993
1838, 387.36500700000033
1839, 387.37000699999953
1840, 387.37500699999873
1841, 387.38000699999975
1842, 387.38500699999895
1843, 387.39000699999997
1844, 387.39500699999917
1845, 387.4000070000002
1846, 387.4050069999994
1847, 387.4100070000004
1848, 387.4150069999996
1849, 387.4200069999988
1850, 387.4250069999998
1851, 387.430006999999
1852, 387.43500700000004
1853, 387.44000699999924
1854, 387.44500700000026
1855, 387.45000699999946
1856, 387.4550070000005
1857, 387.4600069999997
1858, 387.4650069999989
1859, 387.4700069999999
1860, 387.4750069999991
1861, 387.4800070000001
1862, 387.4850069999993
1863, 387.49000700000033
1864, 387.49500699999953
1865, 387.50000699999873
1866, 387.50500699999975
1867, 387.51000699999895
1868, 387.51500699999997
1869, 387.52000699999917
1870, 387.5250070000002
1871, 387.5300069999994
1872, 387.5350070000004
1873, 387.5400069999996
1874, 387.5450069999988
1875, 387.5500069999998
1876, 387.555006999999
1877, 387.56000700000004
1878, 387.56500699999924
1879, 387.57000700000026
1880, 387.57500699999946
1881, 387.5800070000005
1882, 387.5850069999997
1883, 387.5900069999989
1884, 387.5950069999999
1885, 387.6000069999991
1886, 387.6050070000001
1887, 387.6100069999993
1888, 387.61500700000033
1889, 387.62000699999953
1890, 387.62500699999873
1891, 387.63000699999975
1892, 387.63500699999895
1893, 387.64000699999997
1894, 387.64500699999917
1895, 387.6500070000002
1896, 387.6550069999994
1897, 387.6600070000004
1898, 387.6650069999996
1899, 387.6700069999988
1900, 387.6750069999998
1901, 387.680006999999
1902, 387.68500700000004
1903, 387.69000699999924
1904, 387.69500700000026
1905, 387.70000699999946
1906, 387.7050070000005
1907, 387.7100069999997
1908, 387.7150069999989
1909, 387.7200069999999
1910, 387.7250069999991
1911, 387.7300070000001
1912, 387.7350069999993
1913, 387.74000700000033
1914, 387.74500699999953
1915, 387.75000699999873
1916, 387.75500699999975
1917, 387.76000699999895
1918, 387.76500699999997
1919, 387.77000699999917
1920, 387.7750070000002
1921, 387.7800069999994
1922, 387.7850070000004
1923, 387.7900069999996
1924, 387.7950069999988
1925, 387.8000069999998
1926, 387.805006999999
1927, 387.81000700000004
1928, 387.81500699999924
1929, 387.82000700000026
1930, 387.82500699999946
1931, 387.8300070000005
1932, 387.8350069999997
1933, 387.8400069999989
1934, 387.8450069999999
1935, 387.8500069999991
1936, 387.8550070000001
1937, 387.8600069999993
1938, 387.86500700000033
1939, 387.87000699999953
1940, 387.87500699999873
1941, 387.88000699999975
1942, 387.88500699999895
1943, 387.89000699999997
1944, 387.89500699999917
1945, 387.9000070000002
1946, 387.9050069999994
1947, 387.9100070000004
1948, 387.9150069999996
1949, 387.9200069999988
1950, 387.9250069999998
1951, 387.930006999999
1952, 387.93500700000004
1953, 387.94000699999924
